date,unitname,id_sim,variant,case_type,value,date_intro,lag,params_1,params_2,parval_1,parval_2,fig,parval_2_new,lag_median,value_median
2021-09-22,ZA,1,Omicron BA.1,Community,1.0056528349290308,2021-09-21,1,Traveler weight (all regions),Changing sequencing,0.1%,200%,fig_3d,2,1,1.0629
2021-09-24,ZA,1,Omicron BA.1,Community,1.1273031733748682,2021-09-21,3,Traveler weight (all regions),Changing sequencing,1%,200%,fig_3d,2,1,1.0584
2021-09-22,ZA,10,Omicron BA.1,Community,1.1355705822097755,2021-09-21,1,Traveler weight (all regions),Changing sequencing,0.1%,200%,fig_3d,2,1,1.0629
2021-09-22,ZA,10,Omicron BA.1,Community,1.125340216604282,2021-09-21,1,Traveler weight (all regions),Changing sequencing,1%,200%,fig_3d,2,1,1.0584
2021-09-22,ZA,100,Omicron BA.1,Community,1.0181252177358937,2021-09-21,1,Traveler weight (all regions),Changing sequencing,0.1%,200%,fig_3d,2,1,1.0629
2021-09-22,ZA,100,Omicron BA.1,Community,1.008952918477012,2021-09-21,1,Traveler weight (all regions),Changing sequencing,1%,200%,fig_3d,2,1,1.0584
2021-09-22,ZA,101,Omicron BA.1,Community,1.080786023062922,2021-09-21,1,Traveler weight (all regions),Changing sequencing,0.1%,200%,fig_3d,2,1,1.0629
2021-09-22,ZA,101,Omicron BA.1,Community,1.0710492120443376,2021-09-21,1,Traveler weight (all regions),Changing sequencing,1%,200%,fig_3d,2,1,1.0584
2021-09-22,ZA,102,Omicron BA.1,Community,1.0331323470208185,2021-09-21,1,Traveler weight (all regions),Changing sequencing,0.1%,200%,fig_3d,2,1,1.0629
2021-09-22,ZA,102,Omicron BA.1,Community,1.0238248483990091,2021-09-21,1,Traveler weight (all regions),Changing sequencing,1%,200%,fig_3d,2,1,1.0584
2021-09-22,ZA,103,Omicron BA.1,Community,1.0459026470940265,2021-09-21,1,Traveler weight (all regions),Changing sequencing,0.1%,200%,fig_3d,2,1,1.0629
2021-09-22,ZA,103,Omicron BA.1,Community,1.0364801007238105,2021-09-21,1,Traveler weight (all regions),Changing sequencing,1%,200%,fig_3d,2,1,1.0584
2021-09-24,ZA,104,Omicron BA.1,Community,1.1127469314229839,2021-09-21,3,Traveler weight (all regions),Changing sequencing,0.1%,200%,fig_3d,2,1,1.0629
2021-09-24,ZA,104,Omicron BA.1,Community,1.1027221842930466,2021-09-21,3,Traveler weight (all regions),Changing sequencing,1%,200%,fig_3d,2,1,1.0584
2021-09-22,ZA,105,Omicron BA.1,Community,1.0380626613523447,2021-09-21,1,Traveler weight (all regions),Changing sequencing,0.1%,200%,fig_3d,2,1,1.0629
2021-09-22,ZA,105,Omicron BA.1,Community,1.028710745484306,2021-09-21,1,Traveler weight (all regions),Changing sequencing,1%,200%,fig_3d,2,1,1.0584
2021-09-22,ZA,106,Omicron BA.1,Community,1.010875943026549,2021-09-21,1,Traveler weight (all regions),Changing sequencing,0.1%,200%,fig_3d,2,1,1.0629
2021-09-22,ZA,106,Omicron BA.1,Community,1.0017689525488327,2021-09-21,1,Traveler weight (all regions),Changing sequencing,1%,200%,fig_3d,2,1,1.0584
2021-09-22,ZA,107,Omicron BA.1,Community,1.0483687936295933,2021-09-21,1,Traveler weight (all regions),Changing sequencing,0.1%,200%,fig_3d,2,1,1.0629
2021-09-22,ZA,107,Omicron BA.1,Community,1.038924029723021,2021-09-21,1,Traveler weight (all regions),Changing sequencing,1%,200%,fig_3d,2,1,1.0584
2021-09-22,ZA,108,Omicron BA.1,Community,1.0629706335966087,2021-09-21,1,Traveler weight (all regions),Changing sequencing,0.1%,200%,fig_3d,2,1,1.0629
2021-09-22,ZA,108,Omicron BA.1,Community,1.0533943215822246,2021-09-21,1,Traveler weight (all regions),Changing sequencing,1%,200%,fig_3d,2,1,1.0584
2021-09-22,ZA,109,Omicron BA.1,Community,1.0858860929849605,2021-09-21,1,Traveler weight (all regions),Changing sequencing,0.1%,200%,fig_3d,2,1,1.0629
2021-09-22,ZA,109,Omicron BA.1,Community,1.0761033353905014,2021-09-21,1,Traveler weight (all regions),Changing sequencing,1%,200%,fig_3d,2,1,1.0584
2021-09-22,ZA,11,Omicron BA.1,Community,1.0806278664320903,2021-09-21,1,Traveler weight (all regions),Changing sequencing,0.1%,200%,fig_3d,2,1,1.0629
2021-09-22,ZA,11,Omicron BA.1,Community,1.0708924802480178,2021-09-21,1,Traveler weight (all regions),Changing sequencing,1%,200%,fig_3d,2,1,1.0584
2021-09-22,ZA,110,Omicron BA.1,Community,1.0605721742334075,2021-09-21,1,Traveler weight (all regions),Changing sequencing,0.1%,200%,fig_3d,2,1,1.0629
2021-09-22,ZA,110,Omicron BA.1,Community,1.0510174699610346,2021-09-21,1,Traveler weight (all regions),Changing sequencing,1%,200%,fig_3d,2,1,1.0584
2021-09-22,ZA,111,Omicron BA.1,Community,1.123225541762023,2021-09-21,1,Traveler weight (all regions),Changing sequencing,0.1%,200%,fig_3d,2,1,1.0629
2021-09-22,ZA,111,Omicron BA.1,Community,1.1131063927371396,2021-09-21,1,Traveler weight (all regions),Changing sequencing,1%,200%,fig_3d,2,1,1.0584
2021-09-22,ZA,112,Omicron BA.1,Community,1.068118194964109,2021-09-21,1,Traveler weight (all regions),Changing sequencing,0.1%,200%,fig_3d,2,1,1.0629
2021-09-22,ZA,112,Omicron BA.1,Community,1.0584955085229912,2021-09-21,1,Traveler weight (all regions),Changing sequencing,1%,200%,fig_3d,2,1,1.0584
2021-09-22,ZA,113,Omicron BA.1,Community,1.000656681762828,2021-09-21,1,Traveler weight (all regions),Changing sequencing,0.1%,200%,fig_3d,2,1,1.0629
2021-09-25,ZA,113,Omicron BA.1,Community,1.106009140501165,2021-09-21,4,Traveler weight (all regions),Changing sequencing,1%,200%,fig_3d,2,1,1.0584
2021-09-24,ZA,114,Omicron BA.1,Community,1.0719213559150336,2021-09-21,3,Traveler weight (all regions),Changing sequencing,0.1%,200%,fig_3d,2,1,1.0629
2021-09-24,ZA,114,Omicron BA.1,Community,1.062264406762646,2021-09-21,3,Traveler weight (all regions),Changing sequencing,1%,200%,fig_3d,2,1,1.0584
2021-09-22,ZA,115,Omicron BA.1,Community,1.065674937790893,2021-09-21,1,Traveler weight (all regions),Changing sequencing,0.1%,200%,fig_3d,2,1,1.0629
2021-09-22,ZA,115,Omicron BA.1,Community,1.0560742626756596,2021-09-21,1,Traveler weight (all regions),Changing sequencing,1%,200%,fig_3d,2,1,1.0584
2021-09-22,ZA,116,Omicron BA.1,Community,1.122774116761984,2021-09-21,1,Traveler weight (all regions),Changing sequencing,0.1%,200%,fig_3d,2,1,1.0629
2021-09-22,ZA,116,Omicron BA.1,Community,1.112659034628993,2021-09-21,1,Traveler weight (all regions),Changing sequencing,1%,200%,fig_3d,2,1,1.0584
2021-09-22,ZA,117,Omicron BA.1,Community,1.0582969336583814,2021-09-21,1,Traveler weight (all regions),Changing sequencing,0.1%,200%,fig_3d,2,1,1.0629
2021-09-22,ZA,117,Omicron BA.1,Community,1.0487627270488464,2021-09-21,1,Traveler weight (all regions),Changing sequencing,1%,200%,fig_3d,2,1,1.0584
2021-09-22,ZA,118,Omicron BA.1,Community,1.0507537049334468,2021-09-21,1,Traveler weight (all regions),Changing sequencing,0.1%,200%,fig_3d,2,1,1.0629
2021-09-22,ZA,118,Omicron BA.1,Community,1.0412874553394518,2021-09-21,1,Traveler weight (all regions),Changing sequencing,1%,200%,fig_3d,2,1,1.0584
2021-09-22,ZA,119,Omicron BA.1,Community,1.0934504824542322,2021-09-21,1,Traveler weight (all regions),Changing sequencing,0.1%,200%,fig_3d,2,1,1.0629
2021-09-22,ZA,119,Omicron BA.1,Community,1.0835995772068967,2021-09-21,1,Traveler weight (all regions),Changing sequencing,1%,200%,fig_3d,2,1,1.0584
2021-09-22,ZA,12,Omicron BA.1,Community,1.133237212803521,2021-09-21,1,Traveler weight (all regions),Changing sequencing,0.1%,200%,fig_3d,2,1,1.0629
2021-09-22,ZA,12,Omicron BA.1,Community,1.12302786854403,2021-09-21,1,Traveler weight (all regions),Changing sequencing,1%,200%,fig_3d,2,1,1.0584
2021-09-22,ZA,120,Omicron BA.1,Community,1.0783051132172823,2021-09-21,1,Traveler weight (all regions),Changing sequencing,0.1%,200%,fig_3d,2,1,1.0629
2021-09-22,ZA,120,Omicron BA.1,Community,1.068590652737847,2021-09-21,1,Traveler weight (all regions),Changing sequencing,1%,200%,fig_3d,2,1,1.0584
2021-09-24,ZA,121,Omicron BA.1,Community,1.1274280832132555,2021-09-21,3,Traveler weight (all regions),Changing sequencing,0.1%,200%,fig_3d,2,1,1.0629
2021-09-24,ZA,121,Omicron BA.1,Community,1.1172710734545777,2021-09-21,3,Traveler weight (all regions),Changing sequencing,1%,200%,fig_3d,2,1,1.0584
2021-09-22,ZA,122,Omicron BA.1,Community,1.0532570729245592,2021-09-21,1,Traveler weight (all regions),Changing sequencing,0.1%,200%,fig_3d,2,1,1.0629
2021-09-22,ZA,122,Omicron BA.1,Community,1.0437682704657794,2021-09-21,1,Traveler weight (all regions),Changing sequencing,1%,200%,fig_3d,2,1,1.0584
2021-09-22,ZA,123,Omicron BA.1,Community,1.0008316991469095,2021-09-21,1,Traveler weight (all regions),Changing sequencing,0.1%,200%,fig_3d,2,1,1.0629
2021-09-24,ZA,123,Omicron BA.1,Community,1.1398769917213674,2021-09-21,3,Traveler weight (all regions),Changing sequencing,1%,200%,fig_3d,2,1,1.0584
2021-09-22,ZA,124,Omicron BA.1,Community,1.081061117806775,2021-09-21,1,Traveler weight (all regions),Changing sequencing,0.1%,200%,fig_3d,2,1,1.0629
2021-09-22,ZA,124,Omicron BA.1,Community,1.0713218284571646,2021-09-21,1,Traveler weight (all regions),Changing sequencing,1%,200%,fig_3d,2,1,1.0584
2021-09-22,ZA,125,Omicron BA.1,Community,1.0731955253515508,2021-09-21,1,Traveler weight (all regions),Changing sequencing,0.1%,200%,fig_3d,2,1,1.0629
2021-09-22,ZA,125,Omicron BA.1,Community,1.0635270971952306,2021-09-21,1,Traveler weight (all regions),Changing sequencing,1%,200%,fig_3d,2,1,1.0584
2021-09-22,ZA,126,Omicron BA.1,Community,1.0281468092736423,2021-09-21,1,Traveler weight (all regions),Changing sequencing,0.1%,200%,fig_3d,2,1,1.0629
2021-09-22,ZA,126,Omicron BA.1,Community,1.0188842254063122,2021-09-21,1,Traveler weight (all regions),Changing sequencing,1%,200%,fig_3d,2,1,1.0584
2021-09-22,ZA,127,Omicron BA.1,Community,1.0531290474302735,2021-09-21,1,Traveler weight (all regions),Changing sequencing,0.1%,200%,fig_3d,2,1,1.0629
2021-09-22,ZA,127,Omicron BA.1,Community,1.043641398354325,2021-09-21,1,Traveler weight (all regions),Changing sequencing,1%,200%,fig_3d,2,1,1.0584
2021-09-22,ZA,128,Omicron BA.1,Community,1.0408842217334702,2021-09-21,1,Traveler weight (all regions),Changing sequencing,0.1%,200%,fig_3d,2,1,1.0629
2021-09-22,ZA,128,Omicron BA.1,Community,1.0315068864025383,2021-09-21,1,Traveler weight (all regions),Changing sequencing,1%,200%,fig_3d,2,1,1.0584
2021-09-22,ZA,129,Omicron BA.1,Community,1.0108276190089396,2021-09-21,1,Traveler weight (all regions),Changing sequencing,0.1%,200%,fig_3d,2,1,1.0629
2021-09-22,ZA,129,Omicron BA.1,Community,1.0017210638827325,2021-09-21,1,Traveler weight (all regions),Changing sequencing,1%,200%,fig_3d,2,1,1.0584
2021-09-24,ZA,13,Omicron BA.1,Community,1.1070291673693915,2021-09-21,3,Traveler weight (all regions),Changing sequencing,0.1%,200%,fig_3d,2,1,1.0629
2021-09-24,ZA,13,Omicron BA.1,Community,1.097055931627325,2021-09-21,3,Traveler weight (all regions),Changing sequencing,1%,200%,fig_3d,2,1,1.0584
2021-09-22,ZA,130,Omicron BA.1,Community,1.0407184520961428,2021-09-21,1,Traveler weight (all regions),Changing sequencing,0.1%,200%,fig_3d,2,1,1.0629
2021-09-22,ZA,130,Omicron BA.1,Community,1.0313426101853669,2021-09-21,1,Traveler weight (all regions),Changing sequencing,1%,200%,fig_3d,2,1,1.0584
2021-09-24,ZA,131,Omicron BA.1,Community,1.2085210752563809,2021-09-21,3,Traveler weight (all regions),Changing sequencing,0.1%,200%,fig_3d,2,1,1.0629
2021-09-24,ZA,131,Omicron BA.1,Community,1.1976334980018186,2021-09-21,3,Traveler weight (all regions),Changing sequencing,1%,200%,fig_3d,2,1,1.0584
2021-09-22,ZA,132,Omicron BA.1,Community,1.0404816636045515,2021-09-21,1,Traveler weight (all regions),Changing sequencing,0.1%,200%,fig_3d,2,1,1.0629
2021-09-22,ZA,132,Omicron BA.1,Community,1.0311079549234299,2021-09-21,1,Traveler weight (all regions),Changing sequencing,1%,200%,fig_3d,2,1,1.0584
2021-09-22,ZA,133,Omicron BA.1,Community,1.1007139470224236,2021-09-21,1,Traveler weight (all regions),Changing sequencing,0.1%,200%,fig_3d,2,1,1.0629
2021-09-22,ZA,133,Omicron BA.1,Community,1.0907976051573562,2021-09-21,1,Traveler weight (all regions),Changing sequencing,1%,200%,fig_3d,2,1,1.0584
2021-09-22,ZA,134,Omicron BA.1,Community,1.0507276724704737,2021-09-21,1,Traveler weight (all regions),Changing sequencing,0.1%,200%,fig_3d,2,1,1.0629
2021-09-22,ZA,134,Omicron BA.1,Community,1.0412616574031721,2021-09-21,1,Traveler weight (all regions),Changing sequencing,1%,200%,fig_3d,2,1,1.0584
2021-09-24,ZA,135,Omicron BA.1,Community,1.1427339770082234,2021-09-21,3,Traveler weight (all regions),Changing sequencing,0.1%,200%,fig_3d,2,1,1.0629
2021-09-24,ZA,135,Omicron BA.1,Community,1.1324390763144552,2021-09-21,3,Traveler weight (all regions),Changing sequencing,1%,200%,fig_3d,2,1,1.0584
2021-09-22,ZA,136,Omicron BA.1,Community,1.0110503908181985,2021-09-21,1,Traveler weight (all regions),Changing sequencing,0.1%,200%,fig_3d,2,1,1.0629
2021-09-22,ZA,136,Omicron BA.1,Community,1.0019418287387554,2021-09-21,1,Traveler weight (all regions),Changing sequencing,1%,200%,fig_3d,2,1,1.0584
2021-09-22,ZA,137,Omicron BA.1,Community,1.0629960193416903,2021-09-21,1,Traveler weight (all regions),Changing sequencing,0.1%,200%,fig_3d,2,1,1.0629
2021-09-22,ZA,137,Omicron BA.1,Community,1.0534194786269,2021-09-21,1,Traveler weight (all regions),Changing sequencing,1%,200%,fig_3d,2,1,1.0584
2021-09-24,ZA,138,Omicron BA.1,Community,1.0873952632820894,2021-09-21,3,Traveler weight (all regions),Changing sequencing,0.1%,200%,fig_3d,2,1,1.0629
2021-09-24,ZA,138,Omicron BA.1,Community,1.0775989095588272,2021-09-21,3,Traveler weight (all regions),Changing sequencing,1%,200%,fig_3d,2,1,1.0584
2021-09-22,ZA,139,Omicron BA.1,Community,1.0105559342062342,2021-09-21,1,Traveler weight (all regions),Changing sequencing,0.1%,200%,fig_3d,2,1,1.0629
2021-09-22,ZA,139,Omicron BA.1,Community,1.0014518266908623,2021-09-21,1,Traveler weight (all regions),Changing sequencing,1%,200%,fig_3d,2,1,1.0584
2021-09-24,ZA,14,Omicron BA.1,Community,1.0336705286740746,2021-09-21,3,Traveler weight (all regions),Changing sequencing,0.1%,200%,fig_3d,2,1,1.0629
2021-09-24,ZA,14,Omicron BA.1,Community,1.0243581815689022,2021-09-21,3,Traveler weight (all regions),Changing sequencing,1%,200%,fig_3d,2,1,1.0584
2021-09-22,ZA,140,Omicron BA.1,Community,1.0529854028765984,2021-09-21,1,Traveler weight (all regions),Changing sequencing,0.1%,200%,fig_3d,2,1,1.0629
2021-09-22,ZA,140,Omicron BA.1,Community,1.0434990478957278,2021-09-21,1,Traveler weight (all regions),Changing sequencing,1%,200%,fig_3d,2,1,1.0584
2021-09-22,ZA,141,Omicron BA.1,Community,1.0683111153594904,2021-09-21,1,Traveler weight (all regions),Changing sequencing,0.1%,200%,fig_3d,2,1,1.0629
2021-09-22,ZA,141,Omicron BA.1,Community,1.058686690896792,2021-09-21,1,Traveler weight (all regions),Changing sequencing,1%,200%,fig_3d,2,1,1.0584
2021-09-22,ZA,142,Omicron BA.1,Community,1.0834656188268545,2021-09-21,1,Traveler weight (all regions),Changing sequencing,0.1%,200%,fig_3d,2,1,1.0629
2021-09-22,ZA,142,Omicron BA.1,Community,1.0737046673058914,2021-09-21,1,Traveler weight (all regions),Changing sequencing,1%,200%,fig_3d,2,1,1.0584
2021-09-24,ZA,143,Omicron BA.1,Community,1.1504132989832876,2021-09-21,3,Traveler weight (all regions),Changing sequencing,0.1%,200%,fig_3d,2,1,1.0629
2021-09-24,ZA,143,Omicron BA.1,Community,1.1400492152086634,2021-09-21,3,Traveler weight (all regions),Changing sequencing,1%,200%,fig_3d,2,1,1.0584
2021-09-22,ZA,144,Omicron BA.1,Community,1.0307764206381873,2021-09-21,1,Traveler weight (all regions),Changing sequencing,0.1%,200%,fig_3d,2,1,1.0629
2021-09-22,ZA,144,Omicron BA.1,Community,1.0214901465783843,2021-09-21,1,Traveler weight (all regions),Changing sequencing,1%,200%,fig_3d,2,1,1.0584
2021-09-22,ZA,145,Omicron BA.1,Community,1.0480184227143285,2021-09-21,1,Traveler weight (all regions),Changing sequencing,0.1%,200%,fig_3d,2,1,1.0629
2021-09-22,ZA,145,Omicron BA.1,Community,1.038576815302488,2021-09-21,1,Traveler weight (all regions),Changing sequencing,1%,200%,fig_3d,2,1,1.0584
2021-09-22,ZA,146,Omicron BA.1,Community,1.0060197295739892,2021-09-21,1,Traveler weight (all regions),Changing sequencing,0.1%,200%,fig_3d,2,1,1.0629
2021-09-24,ZA,146,Omicron BA.1,Community,1.037649303300253,2021-09-21,3,Traveler weight (all regions),Changing sequencing,1%,200%,fig_3d,2,1,1.0584
2021-09-22,ZA,147,Omicron BA.1,Community,1.015852266374615,2021-09-21,1,Traveler weight (all regions),Changing sequencing,0.1%,200%,fig_3d,2,1,1.0629
2021-09-22,ZA,147,Omicron BA.1,Community,1.006700444155024,2021-09-21,1,Traveler weight (all regions),Changing sequencing,1%,200%,fig_3d,2,1,1.0584
2021-09-24,ZA,148,Omicron BA.1,Community,1.2233522224779185,2021-09-21,3,Traveler weight (all regions),Changing sequencing,0.1%,200%,fig_3d,2,1,1.0629
2021-09-24,ZA,148,Omicron BA.1,Community,1.2123310312844238,2021-09-21,3,Traveler weight (all regions),Changing sequencing,1%,200%,fig_3d,2,1,1.0584
2021-09-22,ZA,149,Omicron BA.1,Community,1.1285280700172238,2021-09-21,1,Traveler weight (all regions),Changing sequencing,0.1%,200%,fig_3d,2,1,1.0629
2021-09-22,ZA,149,Omicron BA.1,Community,1.1183611504675188,2021-09-21,1,Traveler weight (all regions),Changing sequencing,1%,200%,fig_3d,2,1,1.0584
2021-09-22,ZA,15,Omicron BA.1,Community,1.0555639064272528,2021-09-21,1,Traveler weight (all regions),Changing sequencing,0.1%,200%,fig_3d,2,1,1.0629
2021-09-22,ZA,15,Omicron BA.1,Community,1.0460543216846645,2021-09-21,1,Traveler weight (all regions),Changing sequencing,1%,200%,fig_3d,2,1,1.0584
2021-09-22,ZA,150,Omicron BA.1,Community,1.0181082337062384,2021-09-21,1,Traveler weight (all regions),Changing sequencing,0.1%,200%,fig_3d,2,1,1.0629
2021-09-22,ZA,150,Omicron BA.1,Community,1.0089360874566324,2021-09-21,1,Traveler weight (all regions),Changing sequencing,1%,200%,fig_3d,2,1,1.0584
2021-09-22,ZA,151,Omicron BA.1,Community,1.0629799943023384,2021-09-21,1,Traveler weight (all regions),Changing sequencing,0.1%,200%,fig_3d,2,1,1.0629
2021-09-22,ZA,151,Omicron BA.1,Community,1.0534035979572722,2021-09-21,1,Traveler weight (all regions),Changing sequencing,1%,200%,fig_3d,2,1,1.0584
2021-09-22,ZA,152,Omicron BA.1,Community,1.0730011855283803,2021-09-21,1,Traveler weight (all regions),Changing sequencing,0.1%,200%,fig_3d,2,1,1.0629
2021-09-22,ZA,152,Omicron BA.1,Community,1.063334508181278,2021-09-21,1,Traveler weight (all regions),Changing sequencing,1%,200%,fig_3d,2,1,1.0584
2021-09-22,ZA,153,Omicron BA.1,Community,1.0283802752875346,2021-09-21,1,Traveler weight (all regions),Changing sequencing,0.1%,200%,fig_3d,2,1,1.0629
2021-09-22,ZA,153,Omicron BA.1,Community,1.0191155881227818,2021-09-21,1,Traveler weight (all regions),Changing sequencing,1%,200%,fig_3d,2,1,1.0584
2021-09-22,ZA,154,Omicron BA.1,Community,1.125611828722012,2021-09-21,1,Traveler weight (all regions),Changing sequencing,0.1%,200%,fig_3d,2,1,1.0629
2021-09-22,ZA,154,Omicron BA.1,Community,1.1154711816164082,2021-09-21,1,Traveler weight (all regions),Changing sequencing,1%,200%,fig_3d,2,1,1.0584
2021-09-22,ZA,155,Omicron BA.1,Community,1.0333094378491903,2021-09-21,1,Traveler weight (all regions),Changing sequencing,0.1%,200%,fig_3d,2,1,1.0629
2021-09-22,ZA,155,Omicron BA.1,Community,1.024000343814513,2021-09-21,1,Traveler weight (all regions),Changing sequencing,1%,200%,fig_3d,2,1,1.0584
2021-09-22,ZA,156,Omicron BA.1,Community,1.0657569334644283,2021-09-21,1,Traveler weight (all regions),Changing sequencing,0.1%,200%,fig_3d,2,1,1.0629
2021-09-22,ZA,156,Omicron BA.1,Community,1.0561555196494337,2021-09-21,1,Traveler weight (all regions),Changing sequencing,1%,200%,fig_3d,2,1,1.0584
2021-09-22,ZA,157,Omicron BA.1,Community,1.0004927547545086,2021-09-21,1,Traveler weight (all regions),Changing sequencing,0.1%,200%,fig_3d,2,1,1.0629
2021-09-24,ZA,157,Omicron BA.1,Community,1.0323525651872263,2021-09-21,3,Traveler weight (all regions),Changing sequencing,1%,200%,fig_3d,2,1,1.0584
2021-09-22,ZA,158,Omicron BA.1,Community,1.0581765824527862,2021-09-21,1,Traveler weight (all regions),Changing sequencing,0.1%,200%,fig_3d,2,1,1.0629
2021-09-22,ZA,158,Omicron BA.1,Community,1.0486434600883467,2021-09-21,1,Traveler weight (all regions),Changing sequencing,1%,200%,fig_3d,2,1,1.0584
2021-09-22,ZA,159,Omicron BA.1,Community,1.0931077877890822,2021-09-21,1,Traveler weight (all regions),Changing sequencing,0.1%,200%,fig_3d,2,1,1.0629
2021-09-22,ZA,159,Omicron BA.1,Community,1.0832599698810725,2021-09-21,1,Traveler weight (all regions),Changing sequencing,1%,200%,fig_3d,2,1,1.0584
2021-09-22,ZA,16,Omicron BA.1,Community,1.0208754605339037,2021-09-21,1,Traveler weight (all regions),Changing sequencing,0.1%,200%,fig_3d,2,1,1.0629
2021-09-22,ZA,16,Omicron BA.1,Community,1.0116783843128774,2021-09-21,1,Traveler weight (all regions),Changing sequencing,1%,200%,fig_3d,2,1,1.0584
2021-09-22,ZA,160,Omicron BA.1,Community,1.0282242349106636,2021-09-21,1,Traveler weight (all regions),Changing sequencing,0.1%,200%,fig_3d,2,1,1.0629
2021-09-22,ZA,160,Omicron BA.1,Community,1.0189609535150719,2021-09-21,1,Traveler weight (all regions),Changing sequencing,1%,200%,fig_3d,2,1,1.0584
2021-09-22,ZA,161,Omicron BA.1,Community,1.1007658257737687,2021-09-21,1,Traveler weight (all regions),Changing sequencing,0.1%,200%,fig_3d,2,1,1.0629
2021-09-22,ZA,161,Omicron BA.1,Community,1.0908490165325637,2021-09-21,1,Traveler weight (all regions),Changing sequencing,1%,200%,fig_3d,2,1,1.0584
2021-09-22,ZA,162,Omicron BA.1,Community,1.0505552770316937,2021-09-21,1,Traveler weight (all regions),Changing sequencing,0.1%,200%,fig_3d,2,1,1.0629
2021-09-22,ZA,162,Omicron BA.1,Community,1.0410908150764533,2021-09-21,1,Traveler weight (all regions),Changing sequencing,1%,200%,fig_3d,2,1,1.0584
2021-09-22,ZA,163,Omicron BA.1,Community,1.005908030581826,2021-09-21,1,Traveler weight (all regions),Changing sequencing,0.1%,200%,fig_3d,2,1,1.0629
2021-09-25,ZA,163,Omicron BA.1,Community,1.0537110786549502,2021-09-21,4,Traveler weight (all regions),Changing sequencing,1%,200%,fig_3d,2,1,1.0584
2021-09-24,ZA,164,Omicron BA.1,Community,1.1627116760649845,2021-09-21,3,Traveler weight (all regions),Changing sequencing,0.1%,200%,fig_3d,2,1,1.0629
2021-09-24,ZA,164,Omicron BA.1,Community,1.1522367961004354,2021-09-21,3,Traveler weight (all regions),Changing sequencing,1%,200%,fig_3d,2,1,1.0584
2021-09-22,ZA,165,Omicron BA.1,Community,1.0378845258606855,2021-09-21,1,Traveler weight (all regions),Changing sequencing,0.1%,200%,fig_3d,2,1,1.0629
2021-09-22,ZA,165,Omicron BA.1,Community,1.0285342148168948,2021-09-21,1,Traveler weight (all regions),Changing sequencing,1%,200%,fig_3d,2,1,1.0584
2021-09-22,ZA,166,Omicron BA.1,Community,1.038118331621569,2021-09-21,1,Traveler weight (all regions),Changing sequencing,0.1%,200%,fig_3d,2,1,1.0629
2021-09-22,ZA,166,Omicron BA.1,Community,1.0287659142195729,2021-09-21,1,Traveler weight (all regions),Changing sequencing,1%,200%,fig_3d,2,1,1.0584
2021-09-22,ZA,167,Omicron BA.1,Community,1.0655742324239101,2021-09-21,1,Traveler weight (all regions),Changing sequencing,0.1%,200%,fig_3d,2,1,1.0629
2021-09-22,ZA,167,Omicron BA.1,Community,1.055974464564235,2021-09-21,1,Traveler weight (all regions),Changing sequencing,1%,200%,fig_3d,2,1,1.0584
2021-09-22,ZA,168,Omicron BA.1,Community,1.0007442857905064,2021-09-21,1,Traveler weight (all regions),Changing sequencing,0.1%,200%,fig_3d,2,1,1.0629
2021-09-24,ZA,168,Omicron BA.1,Community,1.1247057666285447,2021-09-21,3,Traveler weight (all regions),Changing sequencing,1%,200%,fig_3d,2,1,1.0584
2021-09-22,ZA,169,Omicron BA.1,Community,1.0431686574061005,2021-09-21,1,Traveler weight (all regions),Changing sequencing,0.1%,200%,fig_3d,2,1,1.0629
2021-09-22,ZA,169,Omicron BA.1,Community,1.033770741573613,2021-09-21,1,Traveler weight (all regions),Changing sequencing,1%,200%,fig_3d,2,1,1.0584
2021-09-24,ZA,17,Omicron BA.1,Community,1.1273490609443118,2021-09-21,3,Traveler weight (all regions),Changing sequencing,0.1%,200%,fig_3d,2,1,1.0629
2021-09-24,ZA,17,Omicron BA.1,Community,1.1171927630979668,2021-09-21,3,Traveler weight (all regions),Changing sequencing,1%,200%,fig_3d,2,1,1.0584
2021-09-22,ZA,170,Omicron BA.1,Community,1.055645700209882,2021-09-21,1,Traveler weight (all regions),Changing sequencing,0.1%,200%,fig_3d,2,1,1.0629
2021-09-22,ZA,170,Omicron BA.1,Community,1.0461353785863694,2021-09-21,1,Traveler weight (all regions),Changing sequencing,1%,200%,fig_3d,2,1,1.0584
2021-09-22,ZA,171,Omicron BA.1,Community,1.0357134226873723,2021-09-21,1,Traveler weight (all regions),Changing sequencing,0.1%,200%,fig_3d,2,1,1.0629
2021-09-22,ZA,171,Omicron BA.1,Community,1.02638267113163,2021-09-21,1,Traveler weight (all regions),Changing sequencing,1%,200%,fig_3d,2,1,1.0584
2021-09-22,ZA,172,Omicron BA.1,Community,1.0108180661389676,2021-09-21,1,Traveler weight (all regions),Changing sequencing,0.1%,200%,fig_3d,2,1,1.0629
2021-09-22,ZA,172,Omicron BA.1,Community,1.0017115970746524,2021-09-21,1,Traveler weight (all regions),Changing sequencing,1%,200%,fig_3d,2,1,1.0584
2021-09-22,ZA,173,Omicron BA.1,Community,1.0657753286701281,2021-09-21,1,Traveler weight (all regions),Changing sequencing,0.1%,200%,fig_3d,2,1,1.0629
2021-09-22,ZA,173,Omicron BA.1,Community,1.0561737491325593,2021-09-21,1,Traveler weight (all regions),Changing sequencing,1%,200%,fig_3d,2,1,1.0584
2021-09-22,ZA,174,Omicron BA.1,Community,1.0531136059543778,2021-09-21,1,Traveler weight (all regions),Changing sequencing,0.1%,200%,fig_3d,2,1,1.0629
2021-09-22,ZA,174,Omicron BA.1,Community,1.0436260959908243,2021-09-21,1,Traveler weight (all regions),Changing sequencing,1%,200%,fig_3d,2,1,1.0584
2021-09-22,ZA,175,Omicron BA.1,Community,1.0606280074365244,2021-09-21,1,Traveler weight (all regions),Changing sequencing,0.1%,200%,fig_3d,2,1,1.0629
2021-09-22,ZA,175,Omicron BA.1,Community,1.0510728001623215,2021-09-21,1,Traveler weight (all regions),Changing sequencing,1%,200%,fig_3d,2,1,1.0584
2021-09-22,ZA,176,Omicron BA.1,Community,1.053358365399046,2021-09-21,1,Traveler weight (all regions),Changing sequencing,0.1%,200%,fig_3d,2,1,1.0629
2021-09-22,ZA,176,Omicron BA.1,Community,1.0438686503954508,2021-09-21,1,Traveler weight (all regions),Changing sequencing,1%,200%,fig_3d,2,1,1.0584
2021-09-22,ZA,177,Omicron BA.1,Community,1.075936513326566,2021-09-21,1,Traveler weight (all regions),Changing sequencing,0.1%,200%,fig_3d,2,1,1.0629
2021-09-22,ZA,177,Omicron BA.1,Community,1.066243391584885,2021-09-21,1,Traveler weight (all regions),Changing sequencing,1%,200%,fig_3d,2,1,1.0584
2021-09-22,ZA,178,Omicron BA.1,Community,1.0455426161510206,2021-09-21,1,Traveler weight (all regions),Changing sequencing,0.1%,200%,fig_3d,2,1,1.0629
2021-09-22,ZA,178,Omicron BA.1,Community,1.036123313302813,2021-09-21,1,Traveler weight (all regions),Changing sequencing,1%,200%,fig_3d,2,1,1.0584
2021-09-22,ZA,179,Omicron BA.1,Community,1.0007592067102613,2021-09-21,1,Traveler weight (all regions),Changing sequencing,0.1%,200%,fig_3d,2,1,1.0629
2021-09-24,ZA,179,Omicron BA.1,Community,1.0873356638419982,2021-09-21,3,Traveler weight (all regions),Changing sequencing,1%,200%,fig_3d,2,1,1.0584
2021-09-24,ZA,18,Omicron BA.1,Community,1.1068728886880017,2021-09-21,3,Traveler weight (all regions),Changing sequencing,0.1%,200%,fig_3d,2,1,1.0629
2021-09-24,ZA,18,Omicron BA.1,Community,1.0969010608619836,2021-09-21,3,Traveler weight (all regions),Changing sequencing,1%,200%,fig_3d,2,1,1.0584
2021-09-22,ZA,180,Omicron BA.1,Community,1.133279840557289,2021-09-21,1,Traveler weight (all regions),Changing sequencing,0.1%,200%,fig_3d,2,1,1.0629
2021-09-22,ZA,180,Omicron BA.1,Community,1.1230701122639801,2021-09-21,1,Traveler weight (all regions),Changing sequencing,1%,200%,fig_3d,2,1,1.0584
2021-09-22,ZA,181,Omicron BA.1,Community,1.0809816352516037,2021-09-21,1,Traveler weight (all regions),Changing sequencing,0.1%,200%,fig_3d,2,1,1.0629
2021-09-22,ZA,181,Omicron BA.1,Community,1.0712430619610491,2021-09-21,1,Traveler weight (all regions),Changing sequencing,1%,200%,fig_3d,2,1,1.0584
2021-09-22,ZA,182,Omicron BA.1,Community,1.096227045446033,2021-09-21,1,Traveler weight (all regions),Changing sequencing,0.1%,200%,fig_3d,2,1,1.0629
2021-09-22,ZA,182,Omicron BA.1,Community,1.0863511261176908,2021-09-21,1,Traveler weight (all regions),Changing sequencing,1%,200%,fig_3d,2,1,1.0584
2021-09-22,ZA,183,Omicron BA.1,Community,1.0256189373091469,2021-09-21,1,Traveler weight (all regions),Changing sequencing,0.1%,200%,fig_3d,2,1,1.0629
2021-09-22,ZA,183,Omicron BA.1,Community,1.0163791270631188,2021-09-21,1,Traveler weight (all regions),Changing sequencing,1%,200%,fig_3d,2,1,1.0584
2021-09-24,ZA,184,Omicron BA.1,Community,1.0490213763111043,2021-09-21,3,Traveler weight (all regions),Changing sequencing,0.1%,200%,fig_3d,2,1,1.0629
2021-09-24,ZA,184,Omicron BA.1,Community,1.039570733281275,2021-09-21,3,Traveler weight (all regions),Changing sequencing,1%,200%,fig_3d,2,1,1.0584
2021-09-22,ZA,185,Omicron BA.1,Community,1.0930481364420803,2021-09-21,1,Traveler weight (all regions),Changing sequencing,0.1%,200%,fig_3d,2,1,1.0629
2021-09-22,ZA,185,Omicron BA.1,Community,1.083200855933593,2021-09-21,1,Traveler weight (all regions),Changing sequencing,1%,200%,fig_3d,2,1,1.0584
2021-09-22,ZA,186,Omicron BA.1,Community,1.013090136310691,2021-09-21,1,Traveler weight (all regions),Changing sequencing,0.1%,200%,fig_3d,2,1,1.0629
2021-09-22,ZA,186,Omicron BA.1,Community,1.0039631981457298,2021-09-21,1,Traveler weight (all regions),Changing sequencing,1%,200%,fig_3d,2,1,1.0584
2021-09-22,ZA,187,Omicron BA.1,Community,1.1204959605108722,2021-09-21,1,Traveler weight (all regions),Changing sequencing,0.1%,200%,fig_3d,2,1,1.0629
2021-09-22,ZA,187,Omicron BA.1,Community,1.1104014023080715,2021-09-21,1,Traveler weight (all regions),Changing sequencing,1%,200%,fig_3d,2,1,1.0584
2021-09-22,ZA,188,Omicron BA.1,Community,1.0607755122175573,2021-09-21,1,Traveler weight (all regions),Changing sequencing,0.1%,200%,fig_3d,2,1,1.0629
2021-09-22,ZA,188,Omicron BA.1,Community,1.0512189760714534,2021-09-21,1,Traveler weight (all regions),Changing sequencing,1%,200%,fig_3d,2,1,1.0584
2021-09-22,ZA,189,Omicron BA.1,Community,1.088040180668288,2021-09-21,1,Traveler weight (all regions),Changing sequencing,0.1%,200%,fig_3d,2,1,1.0629
2021-09-22,ZA,189,Omicron BA.1,Community,1.0782380168784838,2021-09-21,1,Traveler weight (all regions),Changing sequencing,1%,200%,fig_3d,2,1,1.0584
2021-09-24,ZA,19,Omicron BA.1,Community,1.1348453303007837,2021-09-21,3,Traveler weight (all regions),Changing sequencing,0.1%,200%,fig_3d,2,1,1.0629
2021-09-24,ZA,19,Omicron BA.1,Community,1.1246214984962726,2021-09-21,3,Traveler weight (all regions),Changing sequencing,1%,200%,fig_3d,2,1,1.0584
2021-09-22,ZA,190,Omicron BA.1,Community,1.0082224137992788,2021-09-21,1,Traveler weight (all regions),Changing sequencing,0.1%,200%,fig_3d,2,1,1.0629
2021-09-24,ZA,190,Omicron BA.1,Community,1.117281971789042,2021-09-21,3,Traveler weight (all regions),Changing sequencing,1%,200%,fig_3d,2,1,1.0584
2021-09-22,ZA,191,Omicron BA.1,Community,1.053018585027453,2021-09-21,1,Traveler weight (all regions),Changing sequencing,0.1%,200%,fig_3d,2,1,1.0629
2021-09-22,ZA,191,Omicron BA.1,Community,1.043531931108287,2021-09-21,1,Traveler weight (all regions),Changing sequencing,1%,200%,fig_3d,2,1,1.0584
2021-09-22,ZA,192,Omicron BA.1,Community,1.0006128796024307,2021-09-21,1,Traveler weight (all regions),Changing sequencing,0.1%,200%,fig_3d,2,1,1.0629
2021-09-24,ZA,192,Omicron BA.1,Community,1.0472438758362692,2021-09-21,3,Traveler weight (all regions),Changing sequencing,1%,200%,fig_3d,2,1,1.0584
2021-09-22,ZA,193,Omicron BA.1,Community,1.065504174288348,2021-09-21,1,Traveler weight (all regions),Changing sequencing,0.1%,200%,fig_3d,2,1,1.0629
2021-09-22,ZA,193,Omicron BA.1,Community,1.0559050375830477,2021-09-21,1,Traveler weight (all regions),Changing sequencing,1%,200%,fig_3d,2,1,1.0584
2021-09-22,ZA,194,Omicron BA.1,Community,1.0608251175247512,2021-09-21,1,Traveler weight (all regions),Changing sequencing,0.1%,200%,fig_3d,2,1,1.0629
2021-09-22,ZA,194,Omicron BA.1,Community,1.0512681344839871,2021-09-21,1,Traveler weight (all regions),Changing sequencing,1%,200%,fig_3d,2,1,1.0584
2021-09-22,ZA,195,Omicron BA.1,Community,1.070536874274849,2021-09-21,1,Traveler weight (all regions),Changing sequencing,0.1%,200%,fig_3d,2,1,1.0629
2021-09-22,ZA,195,Omicron BA.1,Community,1.0608923979300304,2021-09-21,1,Traveler weight (all regions),Changing sequencing,1%,200%,fig_3d,2,1,1.0584
2021-09-22,ZA,196,Omicron BA.1,Community,1.0557411023868037,2021-09-21,1,Traveler weight (all regions),Changing sequencing,0.1%,200%,fig_3d,2,1,1.0629
2021-09-22,ZA,196,Omicron BA.1,Community,1.04622992128422,2021-09-21,1,Traveler weight (all regions),Changing sequencing,1%,200%,fig_3d,2,1,1.0584
2021-09-22,ZA,197,Omicron BA.1,Community,1.0182304263568882,2021-09-21,1,Traveler weight (all regions),Changing sequencing,0.1%,200%,fig_3d,2,1,1.0629
2021-09-22,ZA,197,Omicron BA.1,Community,1.0090571792725922,2021-09-21,1,Traveler weight (all regions),Changing sequencing,1%,200%,fig_3d,2,1,1.0584
2021-09-22,ZA,198,Omicron BA.1,Community,1.0283639912768463,2021-09-21,1,Traveler weight (all regions),Changing sequencing,0.1%,200%,fig_3d,2,1,1.0629
2021-09-22,ZA,198,Omicron BA.1,Community,1.019099450814893,2021-09-21,1,Traveler weight (all regions),Changing sequencing,1%,200%,fig_3d,2,1,1.0584
2021-09-22,ZA,199,Omicron BA.1,Community,1.0760888324185613,2021-09-21,1,Traveler weight (all regions),Changing sequencing,0.1%,200%,fig_3d,2,1,1.0629
2021-09-22,ZA,199,Omicron BA.1,Community,1.066394338432808,2021-09-21,1,Traveler weight (all regions),Changing sequencing,1%,200%,fig_3d,2,1,1.0584
2021-09-22,ZA,2,Omicron BA.1,Community,1.0360600126305874,2021-09-21,1,Traveler weight (all regions),Changing sequencing,0.1%,200%,fig_3d,2,1,1.0629
2021-09-22,ZA,2,Omicron BA.1,Community,1.026726138642925,2021-09-21,1,Traveler weight (all regions),Changing sequencing,1%,200%,fig_3d,2,1,1.0584
2021-09-22,ZA,20,Omicron BA.1,Community,1.0783394593633413,2021-09-21,1,Traveler weight (all regions),Changing sequencing,0.1%,200%,fig_3d,2,1,1.0629
2021-09-22,ZA,20,Omicron BA.1,Community,1.0686246894591673,2021-09-21,1,Traveler weight (all regions),Changing sequencing,1%,200%,fig_3d,2,1,1.0584
2021-09-22,ZA,200,Omicron BA.1,Community,1.0657412997502564,2021-09-21,1,Traveler weight (all regions),Changing sequencing,0.1%,200%,fig_3d,2,1,1.0629
2021-09-22,ZA,200,Omicron BA.1,Community,1.0561400267795336,2021-09-21,1,Traveler weight (all regions),Changing sequencing,1%,200%,fig_3d,2,1,1.0584
2021-09-24,ZA,201,Omicron BA.1,Community,1.0744048998051778,2021-09-21,3,Traveler weight (all regions),Changing sequencing,0.1%,200%,fig_3d,2,1,1.0629
2021-09-24,ZA,201,Omicron BA.1,Community,1.0647255763835097,2021-09-21,3,Traveler weight (all regions),Changing sequencing,1%,200%,fig_3d,2,1,1.0584
2021-09-22,ZA,202,Omicron BA.1,Community,1.0235160623590556,2021-09-21,1,Traveler weight (all regions),Changing sequencing,0.1%,200%,fig_3d,2,1,1.0629
2021-09-22,ZA,202,Omicron BA.1,Community,1.0142951969323977,2021-09-21,1,Traveler weight (all regions),Changing sequencing,1%,200%,fig_3d,2,1,1.0584
2021-09-24,ZA,203,Omicron BA.1,Community,1.0263759073859624,2021-09-21,3,Traveler weight (all regions),Changing sequencing,0.1%,200%,fig_3d,2,1,1.0629
2021-09-24,ZA,203,Omicron BA.1,Community,1.0171292775896925,2021-09-21,3,Traveler weight (all regions),Changing sequencing,1%,200%,fig_3d,2,1,1.0584
2021-09-22,ZA,204,Omicron BA.1,Community,1.040604659023161,2021-09-21,1,Traveler weight (all regions),Changing sequencing,0.1%,200%,fig_3d,2,1,1.0629
2021-09-22,ZA,204,Omicron BA.1,Community,1.0312298422752044,2021-09-21,1,Traveler weight (all regions),Changing sequencing,1%,200%,fig_3d,2,1,1.0584
2021-09-22,ZA,205,Omicron BA.1,Community,1.0384431510430014,2021-09-21,1,Traveler weight (all regions),Changing sequencing,0.1%,200%,fig_3d,2,1,1.0629
2021-09-22,ZA,205,Omicron BA.1,Community,1.0290878073399115,2021-09-21,1,Traveler weight (all regions),Changing sequencing,1%,200%,fig_3d,2,1,1.0584
2021-09-22,ZA,206,Omicron BA.1,Community,1.003232731659184,2021-09-21,1,Traveler weight (all regions),Changing sequencing,0.1%,200%,fig_3d,2,1,1.0629
2021-09-24,ZA,206,Omicron BA.1,Community,1.1145913876177955,2021-09-21,3,Traveler weight (all regions),Changing sequencing,1%,200%,fig_3d,2,1,1.0584
2021-09-22,ZA,207,Omicron BA.1,Community,1.0630846255049038,2021-09-21,1,Traveler weight (all regions),Changing sequencing,0.1%,200%,fig_3d,2,1,1.0629
2021-09-22,ZA,207,Omicron BA.1,Community,1.0535072865363915,2021-09-21,1,Traveler weight (all regions),Changing sequencing,1%,200%,fig_3d,2,1,1.0584
2021-09-22,ZA,208,Omicron BA.1,Community,1.0006374313929256,2021-09-21,1,Traveler weight (all regions),Changing sequencing,0.1%,200%,fig_3d,2,1,1.0629
2021-09-24,ZA,208,Omicron BA.1,Community,1.127623574098916,2021-09-21,3,Traveler weight (all regions),Changing sequencing,1%,200%,fig_3d,2,1,1.0584
2021-09-22,ZA,209,Omicron BA.1,Community,1.0633609565585818,2021-09-21,1,Traveler weight (all regions),Changing sequencing,0.1%,200%,fig_3d,2,1,1.0629
2021-09-22,ZA,209,Omicron BA.1,Community,1.0537811281211171,2021-09-21,1,Traveler weight (all regions),Changing sequencing,1%,200%,fig_3d,2,1,1.0584
2021-09-22,ZA,21,Omicron BA.1,Community,1.0234218526212422,2021-09-21,1,Traveler weight (all regions),Changing sequencing,0.1%,200%,fig_3d,2,1,1.0629
2021-09-22,ZA,21,Omicron BA.1,Community,1.014201835930961,2021-09-21,1,Traveler weight (all regions),Changing sequencing,1%,200%,fig_3d,2,1,1.0584
2021-09-22,ZA,210,Omicron BA.1,Community,1.1005553767869893,2021-09-21,1,Traveler weight (all regions),Changing sequencing,0.1%,200%,fig_3d,2,1,1.0629
2021-09-22,ZA,210,Omicron BA.1,Community,1.0906404634826021,2021-09-21,1,Traveler weight (all regions),Changing sequencing,1%,200%,fig_3d,2,1,1.0584
2021-09-22,ZA,211,Omicron BA.1,Community,1.0456597064450455,2021-09-21,1,Traveler weight (all regions),Changing sequencing,0.1%,200%,fig_3d,2,1,1.0629
2021-09-22,ZA,211,Omicron BA.1,Community,1.0362393487293244,2021-09-21,1,Traveler weight (all regions),Changing sequencing,1%,200%,fig_3d,2,1,1.0584
2021-09-22,ZA,212,Omicron BA.1,Community,1.0631875178023042,2021-09-21,1,Traveler weight (all regions),Changing sequencing,0.1%,200%,fig_3d,2,1,1.0629
2021-09-22,ZA,212,Omicron BA.1,Community,1.0536092518761566,2021-09-21,1,Traveler weight (all regions),Changing sequencing,1%,200%,fig_3d,2,1,1.0584
2021-09-24,ZA,213,Omicron BA.1,Community,1.105021033469888,2021-09-21,3,Traveler weight (all regions),Changing sequencing,0.1%,200%,fig_3d,2,1,1.0629
2021-09-24,ZA,213,Omicron BA.1,Community,1.0950658890242129,2021-09-21,3,Traveler weight (all regions),Changing sequencing,1%,200%,fig_3d,2,1,1.0584
2021-09-22,ZA,214,Omicron BA.1,Community,1.040620527112502,2021-09-21,1,Traveler weight (all regions),Changing sequencing,0.1%,200%,fig_3d,2,1,1.0629
2021-09-22,ZA,214,Omicron BA.1,Community,1.0312455674087857,2021-09-21,1,Traveler weight (all regions),Changing sequencing,1%,200%,fig_3d,2,1,1.0584
2021-09-22,ZA,215,Omicron BA.1,Community,1.0905335963725238,2021-09-21,1,Traveler weight (all regions),Changing sequencing,0.1%,200%,fig_3d,2,1,1.0629
2021-09-22,ZA,215,Omicron BA.1,Community,1.080708969378177,2021-09-21,1,Traveler weight (all regions),Changing sequencing,1%,200%,fig_3d,2,1,1.0584
2021-09-22,ZA,216,Omicron BA.1,Community,1.108714305107909,2021-09-21,1,Traveler weight (all regions),Changing sequencing,0.1%,200%,fig_3d,2,1,1.0629
2021-09-22,ZA,216,Omicron BA.1,Community,1.0987258879447745,2021-09-21,1,Traveler weight (all regions),Changing sequencing,1%,200%,fig_3d,2,1,1.0584
2021-09-22,ZA,217,Omicron BA.1,Community,1.0731675096681863,2021-09-21,1,Traveler weight (all regions),Changing sequencing,0.1%,200%,fig_3d,2,1,1.0629
2021-09-22,ZA,217,Omicron BA.1,Community,1.0634993339054093,2021-09-21,1,Traveler weight (all regions),Changing sequencing,1%,200%,fig_3d,2,1,1.0584
2021-09-22,ZA,218,Omicron BA.1,Community,1.0606303159538073,2021-09-21,1,Traveler weight (all regions),Changing sequencing,0.1%,200%,fig_3d,2,1,1.0629
2021-09-22,ZA,218,Omicron BA.1,Community,1.0510750878821515,2021-09-21,1,Traveler weight (all regions),Changing sequencing,1%,200%,fig_3d,2,1,1.0584
2021-09-22,ZA,219,Omicron BA.1,Community,1.090636655549297,2021-09-21,1,Traveler weight (all regions),Changing sequencing,0.1%,200%,fig_3d,2,1,1.0629
2021-09-22,ZA,219,Omicron BA.1,Community,1.0808111000938976,2021-09-21,1,Traveler weight (all regions),Changing sequencing,1%,200%,fig_3d,2,1,1.0584
2021-09-22,ZA,22,Omicron BA.1,Community,1.080825881482645,2021-09-21,1,Traveler weight (all regions),Changing sequencing,0.1%,200%,fig_3d,2,1,1.0629
2021-09-22,ZA,22,Omicron BA.1,Community,1.0710887113791978,2021-09-21,1,Traveler weight (all regions),Changing sequencing,1%,200%,fig_3d,2,1,1.0584
2021-09-22,ZA,220,Omicron BA.1,Community,1.0581480179414826,2021-09-21,1,Traveler weight (all regions),Changing sequencing,0.1%,200%,fig_3d,2,1,1.0629
2021-09-22,ZA,220,Omicron BA.1,Community,1.0486151529149825,2021-09-21,1,Traveler weight (all regions),Changing sequencing,1%,200%,fig_3d,2,1,1.0584
2021-09-22,ZA,221,Omicron BA.1,Community,1.1055731160608022,2021-09-21,1,Traveler weight (all regions),Changing sequencing,0.1%,200%,fig_3d,2,1,1.0629
2021-09-22,ZA,221,Omicron BA.1,Community,1.0956129978980917,2021-09-21,1,Traveler weight (all regions),Changing sequencing,1%,200%,fig_3d,2,1,1.0584
2021-09-22,ZA,222,Omicron BA.1,Community,1.0459832546904326,2021-09-21,1,Traveler weight (all regions),Changing sequencing,0.1%,200%,fig_3d,2,1,1.0629
2021-09-22,ZA,222,Omicron BA.1,Community,1.0365599821256541,2021-09-21,1,Traveler weight (all regions),Changing sequencing,1%,200%,fig_3d,2,1,1.0584
2021-09-22,ZA,223,Omicron BA.1,Community,1.083208903426871,2021-09-21,1,Traveler weight (all regions),Changing sequencing,0.1%,200%,fig_3d,2,1,1.0629
2021-09-22,ZA,223,Omicron BA.1,Community,1.0734502646572597,2021-09-21,1,Traveler weight (all regions),Changing sequencing,1%,200%,fig_3d,2,1,1.0584
2021-09-22,ZA,224,Omicron BA.1,Community,1.0560631878725992,2021-09-21,1,Traveler weight (all regions),Changing sequencing,0.1%,200%,fig_3d,2,1,1.0629
2021-09-22,ZA,224,Omicron BA.1,Community,1.0465491050989724,2021-09-21,1,Traveler weight (all regions),Changing sequencing,1%,200%,fig_3d,2,1,1.0584
2021-09-22,ZA,225,Omicron BA.1,Community,1.0982226435445002,2021-09-21,1,Traveler weight (all regions),Changing sequencing,0.1%,200%,fig_3d,2,1,1.0629
2021-09-22,ZA,225,Omicron BA.1,Community,1.0883287458549094,2021-09-21,1,Traveler weight (all regions),Changing sequencing,1%,200%,fig_3d,2,1,1.0584
2021-09-22,ZA,226,Omicron BA.1,Community,1.1155097418511575,2021-09-21,1,Traveler weight (all regions),Changing sequencing,0.1%,200%,fig_3d,2,1,1.0629
2021-09-22,ZA,226,Omicron BA.1,Community,1.105460104537183,2021-09-21,1,Traveler weight (all regions),Changing sequencing,1%,200%,fig_3d,2,1,1.0584
2021-09-22,ZA,227,Omicron BA.1,Community,1.0754895413613472,2021-09-21,1,Traveler weight (all regions),Changing sequencing,0.1%,200%,fig_3d,2,1,1.0629
2021-09-22,ZA,227,Omicron BA.1,Community,1.0658004463941286,2021-09-21,1,Traveler weight (all regions),Changing sequencing,1%,200%,fig_3d,2,1,1.0584
2021-09-22,ZA,228,Omicron BA.1,Community,1.0234017454310247,2021-09-21,1,Traveler weight (all regions),Changing sequencing,0.1%,200%,fig_3d,2,1,1.0629
2021-09-22,ZA,228,Omicron BA.1,Community,1.0141819098866012,2021-09-21,1,Traveler weight (all regions),Changing sequencing,1%,200%,fig_3d,2,1,1.0584
2021-09-22,ZA,229,Omicron BA.1,Community,1.0958241963974897,2021-09-21,1,Traveler weight (all regions),Changing sequencing,0.1%,200%,fig_3d,2,1,1.0629
2021-09-22,ZA,229,Omicron BA.1,Community,1.0859519063398548,2021-09-21,1,Traveler weight (all regions),Changing sequencing,1%,200%,fig_3d,2,1,1.0584
2021-09-22,ZA,23,Omicron BA.1,Community,1.0607518663537328,2021-09-21,1,Traveler weight (all regions),Changing sequencing,0.1%,200%,fig_3d,2,1,1.0629
2021-09-22,ZA,23,Omicron BA.1,Community,1.051195543233429,2021-09-21,1,Traveler weight (all regions),Changing sequencing,1%,200%,fig_3d,2,1,1.0584
2021-09-22,ZA,230,Omicron BA.1,Community,1.135600122447115,2021-09-21,1,Traveler weight (all regions),Changing sequencing,0.1%,200%,fig_3d,2,1,1.0629
2021-09-22,ZA,230,Omicron BA.1,Community,1.1253694907133576,2021-09-21,1,Traveler weight (all regions),Changing sequencing,1%,200%,fig_3d,2,1,1.0584
2021-09-22,ZA,231,Omicron BA.1,Community,1.0604487857076714,2021-09-21,1,Traveler weight (all regions),Changing sequencing,0.1%,200%,fig_3d,2,1,1.0629
2021-09-22,ZA,231,Omicron BA.1,Community,1.050895193043639,2021-09-21,1,Traveler weight (all regions),Changing sequencing,1%,200%,fig_3d,2,1,1.0584
2021-09-24,ZA,232,Omicron BA.1,Community,1.0465531466639864,2021-09-21,3,Traveler weight (all regions),Changing sequencing,0.1%,200%,fig_3d,2,1,1.0629
2021-09-24,ZA,232,Omicron BA.1,Community,1.037124739937284,2021-09-21,3,Traveler weight (all regions),Changing sequencing,1%,200%,fig_3d,2,1,1.0584
2021-09-22,ZA,233,Omicron BA.1,Community,1.0156728743332952,2021-09-21,1,Traveler weight (all regions),Changing sequencing,0.1%,200%,fig_3d,2,1,1.0629
2021-09-22,ZA,233,Omicron BA.1,Community,1.0065226682582205,2021-09-21,1,Traveler weight (all regions),Changing sequencing,1%,200%,fig_3d,2,1,1.0584
2021-09-24,ZA,234,Omicron BA.1,Community,1.0214770268967985,2021-09-21,3,Traveler weight (all regions),Changing sequencing,0.1%,200%,fig_3d,2,1,1.0629
2021-09-24,ZA,234,Omicron BA.1,Community,1.0122745311589891,2021-09-21,3,Traveler weight (all regions),Changing sequencing,1%,200%,fig_3d,2,1,1.0584
2021-09-24,ZA,235,Omicron BA.1,Community,1.0902584831087798,2021-09-21,3,Traveler weight (all regions),Changing sequencing,0.1%,200%,fig_3d,2,1,1.0629
2021-09-24,ZA,235,Omicron BA.1,Community,1.0804363346123047,2021-09-21,3,Traveler weight (all regions),Changing sequencing,1%,200%,fig_3d,2,1,1.0584
2021-09-22,ZA,236,Omicron BA.1,Community,1.080716164326694,2021-09-21,1,Traveler weight (all regions),Changing sequencing,0.1%,200%,fig_3d,2,1,1.0629
2021-09-22,ZA,236,Omicron BA.1,Community,1.0709799826660935,2021-09-21,1,Traveler weight (all regions),Changing sequencing,1%,200%,fig_3d,2,1,1.0584
2021-09-22,ZA,237,Omicron BA.1,Community,1.0729600553457372,2021-09-21,1,Traveler weight (all regions),Changing sequencing,0.1%,200%,fig_3d,2,1,1.0629
2021-09-22,ZA,237,Omicron BA.1,Community,1.0632937485408207,2021-09-21,1,Traveler weight (all regions),Changing sequencing,1%,200%,fig_3d,2,1,1.0584
2021-09-22,ZA,238,Omicron BA.1,Community,1.0204950291936663,2021-09-21,1,Traveler weight (all regions),Changing sequencing,0.1%,200%,fig_3d,2,1,1.0629
2021-09-22,ZA,238,Omicron BA.1,Community,1.0113013802820114,2021-09-21,1,Traveler weight (all regions),Changing sequencing,1%,200%,fig_3d,2,1,1.0584
2021-09-22,ZA,239,Omicron BA.1,Community,1.0780447279245058,2021-09-21,1,Traveler weight (all regions),Changing sequencing,0.1%,200%,fig_3d,2,1,1.0629
2021-09-22,ZA,239,Omicron BA.1,Community,1.0683326132585194,2021-09-21,1,Traveler weight (all regions),Changing sequencing,1%,200%,fig_3d,2,1,1.0584
2021-09-22,ZA,24,Omicron BA.1,Community,1.0183764073269588,2021-09-21,1,Traveler weight (all regions),Changing sequencing,0.1%,200%,fig_3d,2,1,1.0629
2021-09-22,ZA,24,Omicron BA.1,Community,1.0092018450987879,2021-09-21,1,Traveler weight (all regions),Changing sequencing,1%,200%,fig_3d,2,1,1.0584
2021-09-22,ZA,240,Omicron BA.1,Community,1.0380891199669033,2021-09-21,1,Traveler weight (all regions),Changing sequencing,0.1%,200%,fig_3d,2,1,1.0629
2021-09-22,ZA,240,Omicron BA.1,Community,1.0287369657329672,2021-09-21,1,Traveler weight (all regions),Changing sequencing,1%,200%,fig_3d,2,1,1.0584
2021-09-22,ZA,241,Omicron BA.1,Community,1.0530816237558929,2021-09-21,1,Traveler weight (all regions),Changing sequencing,0.1%,200%,fig_3d,2,1,1.0629
2021-09-22,ZA,241,Omicron BA.1,Community,1.043594401920254,2021-09-21,1,Traveler weight (all regions),Changing sequencing,1%,200%,fig_3d,2,1,1.0584
2021-09-22,ZA,242,Omicron BA.1,Community,1.0807079672383253,2021-09-21,1,Traveler weight (all regions),Changing sequencing,0.1%,200%,fig_3d,2,1,1.0629
2021-09-22,ZA,242,Omicron BA.1,Community,1.070971859425367,2021-09-21,1,Traveler weight (all regions),Changing sequencing,1%,200%,fig_3d,2,1,1.0584
2021-09-22,ZA,243,Omicron BA.1,Community,1.0032560015411207,2021-09-21,1,Traveler weight (all regions),Changing sequencing,0.1%,200%,fig_3d,2,1,1.0629
2021-09-24,ZA,243,Omicron BA.1,Community,1.13999788123446,2021-09-21,3,Traveler weight (all regions),Changing sequencing,1%,200%,fig_3d,2,1,1.0584
2021-09-22,ZA,244,Omicron BA.1,Community,1.0882304585166744,2021-09-21,1,Traveler weight (all regions),Changing sequencing,0.1%,200%,fig_3d,2,1,1.0629
2021-09-22,ZA,244,Omicron BA.1,Community,1.07842658051202,2021-09-21,1,Traveler weight (all regions),Changing sequencing,1%,200%,fig_3d,2,1,1.0584
2021-09-22,ZA,245,Omicron BA.1,Community,1.0157147966225546,2021-09-21,1,Traveler weight (all regions),Changing sequencing,0.1%,200%,fig_3d,2,1,1.0629
2021-09-22,ZA,245,Omicron BA.1,Community,1.0065642128691983,2021-09-21,1,Traveler weight (all regions),Changing sequencing,1%,200%,fig_3d,2,1,1.0584
2021-09-22,ZA,246,Omicron BA.1,Community,1.0530838145964325,2021-09-21,1,Traveler weight (all regions),Changing sequencing,0.1%,200%,fig_3d,2,1,1.0629
2021-09-22,ZA,246,Omicron BA.1,Community,1.0435965730234915,2021-09-21,1,Traveler weight (all regions),Changing sequencing,1%,200%,fig_3d,2,1,1.0584
2021-09-22,ZA,247,Omicron BA.1,Community,1.0081581764123067,2021-09-21,1,Traveler weight (all regions),Changing sequencing,0.1%,200%,fig_3d,2,1,1.0629
2021-09-24,ZA,247,Omicron BA.1,Community,1.1072522195926489,2021-09-21,3,Traveler weight (all regions),Changing sequencing,1%,200%,fig_3d,2,1,1.0584
2021-09-22,ZA,248,Omicron BA.1,Community,1.053500778943845,2021-09-21,1,Traveler weight (all regions),Changing sequencing,0.1%,200%,fig_3d,2,1,1.0629
2021-09-22,ZA,248,Omicron BA.1,Community,1.044009780935342,2021-09-21,1,Traveler weight (all regions),Changing sequencing,1%,200%,fig_3d,2,1,1.0584
2021-09-22,ZA,249,Omicron BA.1,Community,1.0030536549782643,2021-09-21,1,Traveler weight (all regions),Changing sequencing,0.1%,200%,fig_3d,2,1,1.0629
2021-09-24,ZA,249,Omicron BA.1,Community,1.082399160631294,2021-09-21,3,Traveler weight (all regions),Changing sequencing,1%,200%,fig_3d,2,1,1.0584
2021-09-22,ZA,25,Omicron BA.1,Community,1.0455075186989817,2021-09-21,1,Traveler weight (all regions),Changing sequencing,0.1%,200%,fig_3d,2,1,1.0629
2021-09-22,ZA,25,Omicron BA.1,Community,1.0360885320440363,2021-09-21,1,Traveler weight (all regions),Changing sequencing,1%,200%,fig_3d,2,1,1.0584
2021-09-22,ZA,250,Omicron BA.1,Community,1.0757634040649808,2021-09-21,1,Traveler weight (all regions),Changing sequencing,0.1%,200%,fig_3d,2,1,1.0629
2021-09-22,ZA,250,Omicron BA.1,Community,1.066071841866197,2021-09-21,1,Traveler weight (all regions),Changing sequencing,1%,200%,fig_3d,2,1,1.0584
2021-09-22,ZA,251,Omicron BA.1,Community,1.015630409243521,2021-09-21,1,Traveler weight (all regions),Changing sequencing,0.1%,200%,fig_3d,2,1,1.0629
2021-09-22,ZA,251,Omicron BA.1,Community,1.0064805857368229,2021-09-21,1,Traveler weight (all regions),Changing sequencing,1%,200%,fig_3d,2,1,1.0584
2021-09-22,ZA,252,Omicron BA.1,Community,1.1606938012603976,2021-09-21,1,Traveler weight (all regions),Changing sequencing,0.1%,200%,fig_3d,2,1,1.0629
2021-09-22,ZA,252,Omicron BA.1,Community,1.150237100348141,2021-09-21,1,Traveler weight (all regions),Changing sequencing,1%,200%,fig_3d,2,1,1.0584
2021-09-22,ZA,253,Omicron BA.1,Community,1.0856082944694452,2021-09-21,1,Traveler weight (all regions),Changing sequencing,0.1%,200%,fig_3d,2,1,1.0629
2021-09-22,ZA,253,Omicron BA.1,Community,1.0758280395643147,2021-09-21,1,Traveler weight (all regions),Changing sequencing,1%,200%,fig_3d,2,1,1.0584
2021-09-22,ZA,254,Omicron BA.1,Community,1.0356598045630732,2021-09-21,1,Traveler weight (all regions),Changing sequencing,0.1%,200%,fig_3d,2,1,1.0629
2021-09-22,ZA,254,Omicron BA.1,Community,1.0263295360534965,2021-09-21,1,Traveler weight (all regions),Changing sequencing,1%,200%,fig_3d,2,1,1.0584
2021-09-22,ZA,255,Omicron BA.1,Community,1.0581788019573726,2021-09-21,1,Traveler weight (all regions),Changing sequencing,0.1%,200%,fig_3d,2,1,1.0629
2021-09-22,ZA,255,Omicron BA.1,Community,1.0486456595973963,2021-09-21,1,Traveler weight (all regions),Changing sequencing,1%,200%,fig_3d,2,1,1.0584
2021-09-24,ZA,256,Omicron BA.1,Community,1.0824389481311985,2021-09-21,3,Traveler weight (all regions),Changing sequencing,0.1%,200%,fig_3d,2,1,1.0629
2021-09-24,ZA,256,Omicron BA.1,Community,1.0726872458957826,2021-09-21,3,Traveler weight (all regions),Changing sequencing,1%,200%,fig_3d,2,1,1.0584
2021-09-22,ZA,257,Omicron BA.1,Community,1.0732915215039105,2021-09-21,1,Traveler weight (all regions),Changing sequencing,0.1%,200%,fig_3d,2,1,1.0629
2021-09-22,ZA,257,Omicron BA.1,Community,1.0636222285173886,2021-09-21,1,Traveler weight (all regions),Changing sequencing,1%,200%,fig_3d,2,1,1.0584
2021-09-22,ZA,258,Omicron BA.1,Community,1.0357700192614958,2021-09-21,1,Traveler weight (all regions),Changing sequencing,0.1%,200%,fig_3d,2,1,1.0629
2021-09-22,ZA,258,Omicron BA.1,Community,1.0264387578267076,2021-09-21,1,Traveler weight (all regions),Changing sequencing,1%,200%,fig_3d,2,1,1.0584
2021-09-22,ZA,259,Omicron BA.1,Community,1.0958946654451087,2021-09-21,1,Traveler weight (all regions),Changing sequencing,0.1%,200%,fig_3d,2,1,1.0629
2021-09-22,ZA,259,Omicron BA.1,Community,1.0860217405311885,2021-09-21,1,Traveler weight (all regions),Changing sequencing,1%,200%,fig_3d,2,1,1.0584
2021-09-22,ZA,26,Omicron BA.1,Community,1.0508664098838414,2021-09-21,1,Traveler weight (all regions),Changing sequencing,0.1%,200%,fig_3d,2,1,1.0629
2021-09-22,ZA,26,Omicron BA.1,Community,1.0413991449299334,2021-09-21,1,Traveler weight (all regions),Changing sequencing,1%,200%,fig_3d,2,1,1.0584
2021-09-22,ZA,260,Omicron BA.1,Community,1.06292288950909,2021-09-21,1,Traveler weight (all regions),Changing sequencing,0.1%,200%,fig_3d,2,1,1.0629
2021-09-22,ZA,260,Omicron BA.1,Community,1.0533470076216205,2021-09-21,1,Traveler weight (all regions),Changing sequencing,1%,200%,fig_3d,2,1,1.0584
2021-09-22,ZA,261,Omicron BA.1,Community,1.0479642852568147,2021-09-21,1,Traveler weight (all regions),Changing sequencing,0.1%,200%,fig_3d,2,1,1.0629
2021-09-22,ZA,261,Omicron BA.1,Community,1.0385231655698168,2021-09-21,1,Traveler weight (all regions),Changing sequencing,1%,200%,fig_3d,2,1,1.0584
2021-09-22,ZA,262,Omicron BA.1,Community,1.003254980524079,2021-09-21,1,Traveler weight (all regions),Changing sequencing,0.1%,200%,fig_3d,2,1,1.0629
2021-09-24,ZA,262,Omicron BA.1,Community,1.1027905485638834,2021-09-21,3,Traveler weight (all regions),Changing sequencing,1%,200%,fig_3d,2,1,1.0584
2021-09-22,ZA,263,Omicron BA.1,Community,1.048079023568116,2021-09-21,1,Traveler weight (all regions),Changing sequencing,0.1%,200%,fig_3d,2,1,1.0629
2021-09-22,ZA,263,Omicron BA.1,Community,1.0386368702026374,2021-09-21,1,Traveler weight (all regions),Changing sequencing,1%,200%,fig_3d,2,1,1.0584
2021-09-22,ZA,264,Omicron BA.1,Community,1.076030429982451,2021-09-21,1,Traveler weight (all regions),Changing sequencing,0.1%,200%,fig_3d,2,1,1.0629
2021-09-22,ZA,264,Omicron BA.1,Community,1.0663364621447717,2021-09-21,1,Traveler weight (all regions),Changing sequencing,1%,200%,fig_3d,2,1,1.0584
2021-09-22,ZA,265,Omicron BA.1,Community,1.0682729546390375,2021-09-21,1,Traveler weight (all regions),Changing sequencing,0.1%,200%,fig_3d,2,1,1.0629
2021-09-22,ZA,265,Omicron BA.1,Community,1.0586488739666133,2021-09-21,1,Traveler weight (all regions),Changing sequencing,1%,200%,fig_3d,2,1,1.0584
2021-09-22,ZA,266,Omicron BA.1,Community,1.1058497758460077,2021-09-21,1,Traveler weight (all regions),Changing sequencing,0.1%,200%,fig_3d,2,1,1.0629
2021-09-22,ZA,266,Omicron BA.1,Community,1.0958871652528006,2021-09-21,1,Traveler weight (all regions),Changing sequencing,1%,200%,fig_3d,2,1,1.0584
2021-09-22,ZA,267,Omicron BA.1,Community,1.0481949510345279,2021-09-21,1,Traveler weight (all regions),Changing sequencing,0.1%,200%,fig_3d,2,1,1.0629
2021-09-22,ZA,267,Omicron BA.1,Community,1.03875175327746,2021-09-21,1,Traveler weight (all regions),Changing sequencing,1%,200%,fig_3d,2,1,1.0584
2021-09-22,ZA,268,Omicron BA.1,Community,1.0633892786885466,2021-09-21,1,Traveler weight (all regions),Changing sequencing,0.1%,200%,fig_3d,2,1,1.0629
2021-09-22,ZA,268,Omicron BA.1,Community,1.0538091950967579,2021-09-21,1,Traveler weight (all regions),Changing sequencing,1%,200%,fig_3d,2,1,1.0584
2021-09-24,ZA,269,Omicron BA.1,Community,1.1123989090069437,2021-09-21,3,Traveler weight (all regions),Changing sequencing,0.1%,200%,fig_3d,2,1,1.0629
2021-09-24,ZA,269,Omicron BA.1,Community,1.1023772972140884,2021-09-21,3,Traveler weight (all regions),Changing sequencing,1%,200%,fig_3d,2,1,1.0584
2021-09-22,ZA,27,Omicron BA.1,Community,1.000772924226031,2021-09-21,1,Traveler weight (all regions),Changing sequencing,0.1%,200%,fig_3d,2,1,1.0629
2021-09-24,ZA,27,Omicron BA.1,Community,1.0978923466121209,2021-09-21,3,Traveler weight (all regions),Changing sequencing,1%,200%,fig_3d,2,1,1.0584
2021-09-24,ZA,270,Omicron BA.1,Community,1.1203238765696637,2021-09-21,3,Traveler weight (all regions),Changing sequencing,0.1%,200%,fig_3d,2,1,1.0629
2021-09-24,ZA,270,Omicron BA.1,Community,1.11023086867264,2021-09-21,3,Traveler weight (all regions),Changing sequencing,1%,200%,fig_3d,2,1,1.0584
2021-09-22,ZA,271,Omicron BA.1,Community,1.0356796441296072,2021-09-21,1,Traveler weight (all regions),Changing sequencing,0.1%,200%,fig_3d,2,1,1.0629
2021-09-22,ZA,271,Omicron BA.1,Community,1.0263491968851965,2021-09-21,1,Traveler weight (all regions),Changing sequencing,1%,200%,fig_3d,2,1,1.0584
2021-09-22,ZA,272,Omicron BA.1,Community,1.0231891855303912,2021-09-21,1,Traveler weight (all regions),Changing sequencing,0.1%,200%,fig_3d,2,1,1.0629
2021-09-22,ZA,272,Omicron BA.1,Community,1.0139712649400272,2021-09-21,1,Traveler weight (all regions),Changing sequencing,1%,200%,fig_3d,2,1,1.0584
2021-09-22,ZA,273,Omicron BA.1,Community,1.033222115465788,2021-09-21,1,Traveler weight (all regions),Changing sequencing,0.1%,200%,fig_3d,2,1,1.0629
2021-09-22,ZA,273,Omicron BA.1,Community,1.0239138081192494,2021-09-21,1,Traveler weight (all regions),Changing sequencing,1%,200%,fig_3d,2,1,1.0584
2021-09-22,ZA,274,Omicron BA.1,Community,1.0808917116020522,2021-09-21,1,Traveler weight (all regions),Changing sequencing,0.1%,200%,fig_3d,2,1,1.0629
2021-09-22,ZA,274,Omicron BA.1,Community,1.0711539484344663,2021-09-21,1,Traveler weight (all regions),Changing sequencing,1%,200%,fig_3d,2,1,1.0584
2021-09-22,ZA,275,Omicron BA.1,Community,1.0980350930349283,2021-09-21,1,Traveler weight (all regions),Changing sequencing,0.1%,200%,fig_3d,2,1,1.0629
2021-09-22,ZA,275,Omicron BA.1,Community,1.0881428849895687,2021-09-21,1,Traveler weight (all regions),Changing sequencing,1%,200%,fig_3d,2,1,1.0584
2021-09-22,ZA,276,Omicron BA.1,Community,1.1033920927552479,2021-09-21,1,Traveler weight (all regions),Changing sequencing,0.1%,200%,fig_3d,2,1,1.0629
2021-09-22,ZA,276,Omicron BA.1,Community,1.0934516234511469,2021-09-21,1,Traveler weight (all regions),Changing sequencing,1%,200%,fig_3d,2,1,1.0584
2021-09-22,ZA,277,Omicron BA.1,Community,1.0981235840364825,2021-09-21,1,Traveler weight (all regions),Changing sequencing,0.1%,200%,fig_3d,2,1,1.0629
2021-09-22,ZA,277,Omicron BA.1,Community,1.0882305787748927,2021-09-21,1,Traveler weight (all regions),Changing sequencing,1%,200%,fig_3d,2,1,1.0584
2021-09-22,ZA,278,Omicron BA.1,Community,1.056314427338652,2021-09-21,1,Traveler weight (all regions),Changing sequencing,0.1%,200%,fig_3d,2,1,1.0629
2021-09-22,ZA,278,Omicron BA.1,Community,1.0467980811464117,2021-09-21,1,Traveler weight (all regions),Changing sequencing,1%,200%,fig_3d,2,1,1.0584
2021-09-22,ZA,279,Omicron BA.1,Community,1.0658785902237216,2021-09-21,1,Traveler weight (all regions),Changing sequencing,0.1%,200%,fig_3d,2,1,1.0629
2021-09-22,ZA,279,Omicron BA.1,Community,1.0562760804018865,2021-09-21,1,Traveler weight (all regions),Changing sequencing,1%,200%,fig_3d,2,1,1.0584
2021-09-22,ZA,28,Omicron BA.1,Community,1.048112068995768,2021-09-21,1,Traveler weight (all regions),Changing sequencing,0.1%,200%,fig_3d,2,1,1.0629
2021-09-22,ZA,28,Omicron BA.1,Community,1.038669617923734,2021-09-21,1,Traveler weight (all regions),Changing sequencing,1%,200%,fig_3d,2,1,1.0584
2021-09-22,ZA,280,Omicron BA.1,Community,1.0457225133864725,2021-09-21,1,Traveler weight (all regions),Changing sequencing,0.1%,200%,fig_3d,2,1,1.0629
2021-09-22,ZA,280,Omicron BA.1,Community,1.0363015898424501,2021-09-21,1,Traveler weight (all regions),Changing sequencing,1%,200%,fig_3d,2,1,1.0584
2021-09-22,ZA,281,Omicron BA.1,Community,1.0484252669147602,2021-09-21,1,Traveler weight (all regions),Changing sequencing,0.1%,200%,fig_3d,2,1,1.0629
2021-09-22,ZA,281,Omicron BA.1,Community,1.0389799942398525,2021-09-21,1,Traveler weight (all regions),Changing sequencing,1%,200%,fig_3d,2,1,1.0584
2021-09-22,ZA,282,Omicron BA.1,Community,1.0756139602640822,2021-09-21,1,Traveler weight (all regions),Changing sequencing,0.1%,200%,fig_3d,2,1,1.0629
2021-09-22,ZA,282,Omicron BA.1,Community,1.0659237444058471,2021-09-21,1,Traveler weight (all regions),Changing sequencing,1%,200%,fig_3d,2,1,1.0584
2021-09-22,ZA,283,Omicron BA.1,Community,1.0410081565038969,2021-09-21,1,Traveler weight (all regions),Changing sequencing,0.1%,200%,fig_3d,2,1,1.0629
2021-09-22,ZA,283,Omicron BA.1,Community,1.0316297046435015,2021-09-21,1,Traveler weight (all regions),Changing sequencing,1%,200%,fig_3d,2,1,1.0584
2021-09-24,ZA,284,Omicron BA.1,Community,1.1170752639736736,2021-09-21,3,Traveler weight (all regions),Changing sequencing,0.1%,200%,fig_3d,2,1,1.0629
2021-09-24,ZA,284,Omicron BA.1,Community,1.1070115228567936,2021-09-21,3,Traveler weight (all regions),Changing sequencing,1%,200%,fig_3d,2,1,1.0584
2021-09-22,ZA,285,Omicron BA.1,Community,1.0280974137113545,2021-09-21,1,Traveler weight (all regions),Changing sequencing,0.1%,200%,fig_3d,2,1,1.0629
2021-09-22,ZA,285,Omicron BA.1,Community,1.0188352748490903,2021-09-21,1,Traveler weight (all regions),Changing sequencing,1%,200%,fig_3d,2,1,1.0584
2021-09-22,ZA,286,Omicron BA.1,Community,1.0957077776799171,2021-09-21,1,Traveler weight (all regions),Changing sequencing,0.1%,200%,fig_3d,2,1,1.0629
2021-09-22,ZA,286,Omicron BA.1,Community,1.0858365364395572,2021-09-21,1,Traveler weight (all regions),Changing sequencing,1%,200%,fig_3d,2,1,1.0584
2021-09-22,ZA,287,Omicron BA.1,Community,1.0182047699336978,2021-09-21,1,Traveler weight (all regions),Changing sequencing,0.1%,200%,fig_3d,2,1,1.0629
2021-09-22,ZA,287,Omicron BA.1,Community,1.009031753988349,2021-09-21,1,Traveler weight (all regions),Changing sequencing,1%,200%,fig_3d,2,1,1.0584
2021-09-22,ZA,288,Omicron BA.1,Community,1.0080753959710627,2021-09-21,1,Traveler weight (all regions),Changing sequencing,0.1%,200%,fig_3d,2,1,1.0629
2021-09-24,ZA,288,Omicron BA.1,Community,1.1525806778125103,2021-09-21,3,Traveler weight (all regions),Changing sequencing,1%,200%,fig_3d,2,1,1.0584
2021-09-22,ZA,289,Omicron BA.1,Community,1.1108536294345825,2021-09-21,1,Traveler weight (all regions),Changing sequencing,0.1%,200%,fig_3d,2,1,1.0629
2021-09-22,ZA,289,Omicron BA.1,Community,1.1008459390793162,2021-09-21,1,Traveler weight (all regions),Changing sequencing,1%,200%,fig_3d,2,1,1.0584
2021-09-22,ZA,29,Omicron BA.1,Community,1.1008076470685182,2021-09-21,1,Traveler weight (all regions),Changing sequencing,0.1%,200%,fig_3d,2,1,1.0629
2021-09-22,ZA,29,Omicron BA.1,Community,1.090890461058892,2021-09-21,1,Traveler weight (all regions),Changing sequencing,1%,200%,fig_3d,2,1,1.0584
2021-09-22,ZA,290,Omicron BA.1,Community,1.0858931280480226,2021-09-21,1,Traveler weight (all regions),Changing sequencing,0.1%,200%,fig_3d,2,1,1.0629
2021-09-22,ZA,290,Omicron BA.1,Community,1.0761103070746165,2021-09-21,1,Traveler weight (all regions),Changing sequencing,1%,200%,fig_3d,2,1,1.0584
2021-09-22,ZA,291,Omicron BA.1,Community,1.0406592237693404,2021-09-21,1,Traveler weight (all regions),Changing sequencing,0.1%,200%,fig_3d,2,1,1.0629
2021-09-22,ZA,291,Omicron BA.1,Community,1.031283915447094,2021-09-21,1,Traveler weight (all regions),Changing sequencing,1%,200%,fig_3d,2,1,1.0584
2021-09-22,ZA,292,Omicron BA.1,Community,1.090398919416206,2021-09-21,1,Traveler weight (all regions),Changing sequencing,0.1%,200%,fig_3d,2,1,1.0629
2021-09-22,ZA,292,Omicron BA.1,Community,1.0805755057277713,2021-09-21,1,Traveler weight (all regions),Changing sequencing,1%,200%,fig_3d,2,1,1.0584
2021-09-22,ZA,293,Omicron BA.1,Community,1.0530134999213663,2021-09-21,1,Traveler weight (all regions),Changing sequencing,0.1%,200%,fig_3d,2,1,1.0629
2021-09-22,ZA,293,Omicron BA.1,Community,1.0435268918139666,2021-09-21,1,Traveler weight (all regions),Changing sequencing,1%,200%,fig_3d,2,1,1.0584
2021-09-24,ZA,294,Omicron BA.1,Community,1.0993347709827743,2021-09-21,3,Traveler weight (all regions),Changing sequencing,0.1%,200%,fig_3d,2,1,1.0629
2021-09-24,ZA,294,Omicron BA.1,Community,1.0894308541270739,2021-09-21,3,Traveler weight (all regions),Changing sequencing,1%,200%,fig_3d,2,1,1.0584
2021-09-22,ZA,295,Omicron BA.1,Community,1.0031307759803623,2021-09-21,1,Traveler weight (all regions),Changing sequencing,0.1%,200%,fig_3d,2,1,1.0629
2021-09-24,ZA,295,Omicron BA.1,Community,1.0674008562322426,2021-09-21,3,Traveler weight (all regions),Changing sequencing,1%,200%,fig_3d,2,1,1.0584
2021-09-22,ZA,296,Omicron BA.1,Community,1.0180017103913266,2021-09-21,1,Traveler weight (all regions),Changing sequencing,0.1%,200%,fig_3d,2,1,1.0629
2021-09-22,ZA,296,Omicron BA.1,Community,1.0088305238112243,2021-09-21,1,Traveler weight (all regions),Changing sequencing,1%,200%,fig_3d,2,1,1.0584
2021-09-24,ZA,297,Omicron BA.1,Community,1.16523049903945,2021-09-21,3,Traveler weight (all regions),Changing sequencing,0.1%,200%,fig_3d,2,1,1.0629
2021-09-24,ZA,297,Omicron BA.1,Community,1.154732926976032,2021-09-21,3,Traveler weight (all regions),Changing sequencing,1%,200%,fig_3d,2,1,1.0584
2021-09-22,ZA,298,Omicron BA.1,Community,1.1084039974869826,2021-09-21,1,Traveler weight (all regions),Changing sequencing,0.1%,200%,fig_3d,2,1,1.0629
2021-09-22,ZA,298,Omicron BA.1,Community,1.0984183758880004,2021-09-21,1,Traveler weight (all regions),Changing sequencing,1%,200%,fig_3d,2,1,1.0584
2021-09-22,ZA,299,Omicron BA.1,Community,1.0029501767329436,2021-09-21,1,Traveler weight (all regions),Changing sequencing,0.1%,200%,fig_3d,2,1,1.0629
2021-09-24,ZA,299,Omicron BA.1,Community,1.0620540551229534,2021-09-21,3,Traveler weight (all regions),Changing sequencing,1%,200%,fig_3d,2,1,1.0584
2021-09-22,ZA,3,Omicron BA.1,Community,1.1133800568019991,2021-09-21,1,Traveler weight (all regions),Changing sequencing,0.1%,200%,fig_3d,2,1,1.0629
2021-09-22,ZA,3,Omicron BA.1,Community,1.1033496058398191,2021-09-21,1,Traveler weight (all regions),Changing sequencing,1%,200%,fig_3d,2,1,1.0584
2021-09-22,ZA,30,Omicron BA.1,Community,1.0234412343356045,2021-09-21,1,Traveler weight (all regions),Changing sequencing,0.1%,200%,fig_3d,2,1,1.0629
2021-09-22,ZA,30,Omicron BA.1,Community,1.0142210430352838,2021-09-21,1,Traveler weight (all regions),Changing sequencing,1%,200%,fig_3d,2,1,1.0584
2021-09-22,ZA,300,Omicron BA.1,Community,1.0180756310373813,2021-09-21,1,Traveler weight (all regions),Changing sequencing,0.1%,200%,fig_3d,2,1,1.0629
2021-09-22,ZA,300,Omicron BA.1,Community,1.0089037785055133,2021-09-21,1,Traveler weight (all regions),Changing sequencing,1%,200%,fig_3d,2,1,1.0584
2021-09-24,ZA,301,Omicron BA.1,Community,1.1983379156016696,2021-09-21,3,Traveler weight (all regions),Changing sequencing,0.1%,200%,fig_3d,2,1,1.0629
2021-09-24,ZA,301,Omicron BA.1,Community,1.187542078524177,2021-09-21,3,Traveler weight (all regions),Changing sequencing,1%,200%,fig_3d,2,1,1.0584
2021-09-22,ZA,302,Omicron BA.1,Community,1.1504554195573187,2021-09-21,1,Traveler weight (all regions),Changing sequencing,0.1%,200%,fig_3d,2,1,1.0629
2021-09-22,ZA,302,Omicron BA.1,Community,1.1400909563180632,2021-09-21,1,Traveler weight (all regions),Changing sequencing,1%,200%,fig_3d,2,1,1.0584
2021-09-22,ZA,303,Omicron BA.1,Community,1.128247864624074,2021-09-21,1,Traveler weight (all regions),Changing sequencing,0.1%,200%,fig_3d,2,1,1.0629
2021-09-22,ZA,303,Omicron BA.1,Community,1.11808346944728,2021-09-21,1,Traveler weight (all regions),Changing sequencing,1%,200%,fig_3d,2,1,1.0584
2021-09-22,ZA,304,Omicron BA.1,Community,1.0931147652251045,2021-09-21,1,Traveler weight (all regions),Changing sequencing,0.1%,200%,fig_3d,2,1,1.0629
2021-09-22,ZA,304,Omicron BA.1,Community,1.0832668844573106,2021-09-21,1,Traveler weight (all regions),Changing sequencing,1%,200%,fig_3d,2,1,1.0584
2021-09-22,ZA,305,Omicron BA.1,Community,1.0405267006727095,2021-09-21,1,Traveler weight (all regions),Changing sequencing,0.1%,200%,fig_3d,2,1,1.0629
2021-09-22,ZA,305,Omicron BA.1,Community,1.0311525862522346,2021-09-21,1,Traveler weight (all regions),Changing sequencing,1%,200%,fig_3d,2,1,1.0584
2021-09-22,ZA,306,Omicron BA.1,Community,1.0780373973053643,2021-09-21,1,Traveler weight (all regions),Changing sequencing,0.1%,200%,fig_3d,2,1,1.0629
2021-09-22,ZA,306,Omicron BA.1,Community,1.0683253486809916,2021-09-21,1,Traveler weight (all regions),Changing sequencing,1%,200%,fig_3d,2,1,1.0584
2021-09-22,ZA,307,Omicron BA.1,Community,1.0255112634823103,2021-09-21,1,Traveler weight (all regions),Changing sequencing,0.1%,200%,fig_3d,2,1,1.0629
2021-09-22,ZA,307,Omicron BA.1,Community,1.016272423270758,2021-09-21,1,Traveler weight (all regions),Changing sequencing,1%,200%,fig_3d,2,1,1.0584
2021-09-22,ZA,308,Omicron BA.1,Community,1.0255683006886118,2021-09-21,1,Traveler weight (all regions),Changing sequencing,0.1%,200%,fig_3d,2,1,1.0629
2021-09-22,ZA,308,Omicron BA.1,Community,1.016328946628354,2021-09-21,1,Traveler weight (all regions),Changing sequencing,1%,200%,fig_3d,2,1,1.0584
2021-09-22,ZA,309,Omicron BA.1,Community,1.0007517512392279,2021-09-21,1,Traveler weight (all regions),Changing sequencing,0.1%,200%,fig_3d,2,1,1.0629
2021-09-24,ZA,309,Omicron BA.1,Community,1.0698890438971456,2021-09-21,3,Traveler weight (all regions),Changing sequencing,1%,200%,fig_3d,2,1,1.0584
2021-09-22,ZA,31,Omicron BA.1,Community,1.0255939082154573,2021-09-21,1,Traveler weight (all regions),Changing sequencing,0.1%,200%,fig_3d,2,1,1.0629
2021-09-22,ZA,31,Omicron BA.1,Community,1.0163543234567594,2021-09-21,1,Traveler weight (all regions),Changing sequencing,1%,200%,fig_3d,2,1,1.0584
2021-09-24,ZA,310,Omicron BA.1,Community,1.1732479504223599,2021-09-21,3,Traveler weight (all regions),Changing sequencing,0.1%,200%,fig_3d,2,1,1.0629
2021-09-24,ZA,310,Omicron BA.1,Community,1.1626781490672033,2021-09-21,3,Traveler weight (all regions),Changing sequencing,1%,200%,fig_3d,2,1,1.0584
2021-09-22,ZA,311,Omicron BA.1,Community,1.0007982355369647,2021-09-21,1,Traveler weight (all regions),Changing sequencing,0.1%,200%,fig_3d,2,1,1.0629
2021-09-24,ZA,311,Omicron BA.1,Community,1.0975025754866077,2021-09-21,3,Traveler weight (all regions),Changing sequencing,1%,200%,fig_3d,2,1,1.0584
2021-09-22,ZA,312,Omicron BA.1,Community,1.1459777217270073,2021-09-21,1,Traveler weight (all regions),Changing sequencing,0.1%,200%,fig_3d,2,1,1.0629
2021-09-22,ZA,312,Omicron BA.1,Community,1.1356535981078448,2021-09-21,1,Traveler weight (all regions),Changing sequencing,1%,200%,fig_3d,2,1,1.0584
2021-09-24,ZA,313,Omicron BA.1,Community,1.1982952152744593,2021-09-21,3,Traveler weight (all regions),Changing sequencing,0.1%,200%,fig_3d,2,1,1.0629
2021-09-24,ZA,313,Omicron BA.1,Community,1.1874997628845998,2021-09-21,3,Traveler weight (all regions),Changing sequencing,1%,200%,fig_3d,2,1,1.0584
2021-09-22,ZA,314,Omicron BA.1,Community,1.0455789336094132,2021-09-21,1,Traveler weight (all regions),Changing sequencing,0.1%,200%,fig_3d,2,1,1.0629
2021-09-22,ZA,314,Omicron BA.1,Community,1.036159303576896,2021-09-21,1,Traveler weight (all regions),Changing sequencing,1%,200%,fig_3d,2,1,1.0584
2021-09-24,ZA,315,Omicron BA.1,Community,1.0994779339185443,2021-09-21,3,Traveler weight (all regions),Changing sequencing,0.1%,200%,fig_3d,2,1,1.0629
2021-09-24,ZA,315,Omicron BA.1,Community,1.089572727306665,2021-09-21,3,Traveler weight (all regions),Changing sequencing,1%,200%,fig_3d,2,1,1.0584
2021-09-22,ZA,316,Omicron BA.1,Community,1.038503720128546,2021-09-21,1,Traveler weight (all regions),Changing sequencing,0.1%,200%,fig_3d,2,1,1.0629
2021-09-22,ZA,316,Omicron BA.1,Community,1.0291478307580186,2021-09-21,1,Traveler weight (all regions),Changing sequencing,1%,200%,fig_3d,2,1,1.0584
2021-09-22,ZA,317,Omicron BA.1,Community,1.0681654629403337,2021-09-21,1,Traveler weight (all regions),Changing sequencing,0.1%,200%,fig_3d,2,1,1.0629
2021-09-22,ZA,317,Omicron BA.1,Community,1.058542350661592,2021-09-21,1,Traveler weight (all regions),Changing sequencing,1%,200%,fig_3d,2,1,1.0584
2021-09-24,ZA,318,Omicron BA.1,Community,1.0868842710825024,2021-09-21,3,Traveler weight (all regions),Changing sequencing,0.1%,200%,fig_3d,2,1,1.0629
2021-09-24,ZA,318,Omicron BA.1,Community,1.07709252089257,2021-09-21,3,Traveler weight (all regions),Changing sequencing,1%,200%,fig_3d,2,1,1.0584
2021-09-24,ZA,319,Omicron BA.1,Community,1.0970679637378769,2021-09-21,3,Traveler weight (all regions),Changing sequencing,0.1%,200%,fig_3d,2,1,1.0629
2021-09-24,ZA,319,Omicron BA.1,Community,1.0871844685690668,2021-09-21,3,Traveler weight (all regions),Changing sequencing,1%,200%,fig_3d,2,1,1.0584
2021-09-24,ZA,32,Omicron BA.1,Community,1.0566258648644753,2021-09-21,3,Traveler weight (all regions),Changing sequencing,0.1%,200%,fig_3d,2,1,1.0629
2021-09-24,ZA,32,Omicron BA.1,Community,1.0471067129287592,2021-09-21,3,Traveler weight (all regions),Changing sequencing,1%,200%,fig_3d,2,1,1.0584
2021-09-22,ZA,320,Omicron BA.1,Community,1.1284253811436233,2021-09-21,1,Traveler weight (all regions),Changing sequencing,0.1%,200%,fig_3d,2,1,1.0629
2021-09-22,ZA,320,Omicron BA.1,Community,1.1182593867189061,2021-09-21,1,Traveler weight (all regions),Changing sequencing,1%,200%,fig_3d,2,1,1.0584
2021-09-22,ZA,321,Omicron BA.1,Community,1.030722176782491,2021-09-21,1,Traveler weight (all regions),Changing sequencing,0.1%,200%,fig_3d,2,1,1.0629
2021-09-22,ZA,321,Omicron BA.1,Community,1.021436391406072,2021-09-21,1,Traveler weight (all regions),Changing sequencing,1%,200%,fig_3d,2,1,1.0584
2021-09-22,ZA,322,Omicron BA.1,Community,1.080992748027233,2021-09-21,1,Traveler weight (all regions),Changing sequencing,0.1%,200%,fig_3d,2,1,1.0629
2021-09-22,ZA,322,Omicron BA.1,Community,1.0712540746215824,2021-09-21,1,Traveler weight (all regions),Changing sequencing,1%,200%,fig_3d,2,1,1.0584
2021-09-22,ZA,323,Omicron BA.1,Community,1.0907001649604344,2021-09-21,1,Traveler weight (all regions),Changing sequencing,0.1%,200%,fig_3d,2,1,1.0629
2021-09-22,ZA,323,Omicron BA.1,Community,1.0808740373481784,2021-09-21,1,Traveler weight (all regions),Changing sequencing,1%,200%,fig_3d,2,1,1.0584
2021-09-22,ZA,324,Omicron BA.1,Community,1.035650331507936,2021-09-21,1,Traveler weight (all regions),Changing sequencing,0.1%,200%,fig_3d,2,1,1.0629
2021-09-22,ZA,324,Omicron BA.1,Community,1.0263201483411974,2021-09-21,1,Traveler weight (all regions),Changing sequencing,1%,200%,fig_3d,2,1,1.0584
2021-09-22,ZA,325,Omicron BA.1,Community,1.1185346273624106,2021-09-21,1,Traveler weight (all regions),Changing sequencing,0.1%,200%,fig_3d,2,1,1.0629
2021-09-22,ZA,325,Omicron BA.1,Community,1.1084577388276142,2021-09-21,1,Traveler weight (all regions),Changing sequencing,1%,200%,fig_3d,2,1,1.0584
2021-09-22,ZA,326,Omicron BA.1,Community,1.0483454085839121,2021-09-21,1,Traveler weight (all regions),Changing sequencing,0.1%,200%,fig_3d,2,1,1.0629
2021-09-22,ZA,326,Omicron BA.1,Community,1.038900855353426,2021-09-21,1,Traveler weight (all regions),Changing sequencing,1%,200%,fig_3d,2,1,1.0584
2021-09-24,ZA,327,Omicron BA.1,Community,1.1302603630159305,2021-09-21,3,Traveler weight (all regions),Changing sequencing,0.1%,200%,fig_3d,2,1,1.0629
2021-09-24,ZA,327,Omicron BA.1,Community,1.1200778372229943,2021-09-21,3,Traveler weight (all regions),Changing sequencing,1%,200%,fig_3d,2,1,1.0584
2021-09-22,ZA,328,Omicron BA.1,Community,1.0256914619802502,2021-09-21,1,Traveler weight (all regions),Changing sequencing,0.1%,200%,fig_3d,2,1,1.0629
2021-09-22,ZA,328,Omicron BA.1,Community,1.0164509983588066,2021-09-21,1,Traveler weight (all regions),Changing sequencing,1%,200%,fig_3d,2,1,1.0584
2021-09-22,ZA,329,Omicron BA.1,Community,1.030684536198387,2021-09-21,1,Traveler weight (all regions),Changing sequencing,0.1%,200%,fig_3d,2,1,1.0629
2021-09-22,ZA,329,Omicron BA.1,Community,1.021399089926329,2021-09-21,1,Traveler weight (all regions),Changing sequencing,1%,200%,fig_3d,2,1,1.0584
2021-09-22,ZA,33,Omicron BA.1,Community,1.045819431963687,2021-09-21,1,Traveler weight (all regions),Changing sequencing,0.1%,200%,fig_3d,2,1,1.0629
2021-09-22,ZA,33,Omicron BA.1,Community,1.0363976352793294,2021-09-21,1,Traveler weight (all regions),Changing sequencing,1%,200%,fig_3d,2,1,1.0584
2021-09-22,ZA,330,Omicron BA.1,Community,1.0680346555751692,2021-09-21,1,Traveler weight (all regions),Changing sequencing,0.1%,200%,fig_3d,2,1,1.0629
2021-09-22,ZA,330,Omicron BA.1,Community,1.058412721741159,2021-09-21,1,Traveler weight (all regions),Changing sequencing,1%,200%,fig_3d,2,1,1.0584
2021-09-22,ZA,331,Omicron BA.1,Community,1.0684967865063681,2021-09-21,1,Traveler weight (all regions),Changing sequencing,0.1%,200%,fig_3d,2,1,1.0629
2021-09-22,ZA,331,Omicron BA.1,Community,1.058870689330635,2021-09-21,1,Traveler weight (all regions),Changing sequencing,1%,200%,fig_3d,2,1,1.0584
2021-09-22,ZA,332,Omicron BA.1,Community,1.0904167228777497,2021-09-21,1,Traveler weight (all regions),Changing sequencing,0.1%,200%,fig_3d,2,1,1.0629
2021-09-22,ZA,332,Omicron BA.1,Community,1.0805931487977691,2021-09-21,1,Traveler weight (all regions),Changing sequencing,1%,200%,fig_3d,2,1,1.0584
2021-09-22,ZA,333,Omicron BA.1,Community,1.1230542242811956,2021-09-21,1,Traveler weight (all regions),Changing sequencing,0.1%,200%,fig_3d,2,1,1.0629
2021-09-22,ZA,333,Omicron BA.1,Community,1.1129366186570413,2021-09-21,1,Traveler weight (all regions),Changing sequencing,1%,200%,fig_3d,2,1,1.0584
2021-09-22,ZA,334,Omicron BA.1,Community,1.072990671247148,2021-09-21,1,Traveler weight (all regions),Changing sequencing,0.1%,200%,fig_3d,2,1,1.0629
2021-09-22,ZA,334,Omicron BA.1,Community,1.0633240886232993,2021-09-21,1,Traveler weight (all regions),Changing sequencing,1%,200%,fig_3d,2,1,1.0584
2021-09-22,ZA,335,Omicron BA.1,Community,1.0610282698869584,2021-09-21,1,Traveler weight (all regions),Changing sequencing,0.1%,200%,fig_3d,2,1,1.0629
2021-09-22,ZA,335,Omicron BA.1,Community,1.0514694566447336,2021-09-21,1,Traveler weight (all regions),Changing sequencing,1%,200%,fig_3d,2,1,1.0584
2021-09-24,ZA,336,Omicron BA.1,Community,1.1145699527137203,2021-09-21,3,Traveler weight (all regions),Changing sequencing,0.1%,200%,fig_3d,2,1,1.0629
2021-09-24,ZA,336,Omicron BA.1,Community,1.1045287819685516,2021-09-21,3,Traveler weight (all regions),Changing sequencing,1%,200%,fig_3d,2,1,1.0584
2021-09-22,ZA,337,Omicron BA.1,Community,1.060780813764672,2021-09-21,1,Traveler weight (all regions),Changing sequencing,0.1%,200%,fig_3d,2,1,1.0629
2021-09-22,ZA,337,Omicron BA.1,Community,1.0512242298568824,2021-09-21,1,Traveler weight (all regions),Changing sequencing,1%,200%,fig_3d,2,1,1.0584
2021-09-22,ZA,338,Omicron BA.1,Community,1.040862069101662,2021-09-21,1,Traveler weight (all regions),Changing sequencing,0.1%,200%,fig_3d,2,1,1.0629
2021-09-22,ZA,338,Omicron BA.1,Community,1.0314849333439893,2021-09-21,1,Traveler weight (all regions),Changing sequencing,1%,200%,fig_3d,2,1,1.0584
2021-09-22,ZA,339,Omicron BA.1,Community,1.078267183298287,2021-09-21,1,Traveler weight (all regions),Changing sequencing,0.1%,200%,fig_3d,2,1,1.0629
2021-09-22,ZA,339,Omicron BA.1,Community,1.068553064529834,2021-09-21,1,Traveler weight (all regions),Changing sequencing,1%,200%,fig_3d,2,1,1.0584
2021-09-22,ZA,34,Omicron BA.1,Community,1.1059356472040955,2021-09-21,1,Traveler weight (all regions),Changing sequencing,0.1%,200%,fig_3d,2,1,1.0629
2021-09-22,ZA,34,Omicron BA.1,Community,1.0959722629950497,2021-09-21,1,Traveler weight (all regions),Changing sequencing,1%,200%,fig_3d,2,1,1.0584
2021-09-22,ZA,340,Omicron BA.1,Community,1.070490087184195,2021-09-21,1,Traveler weight (all regions),Changing sequencing,0.1%,200%,fig_3d,2,1,1.0629
2021-09-22,ZA,340,Omicron BA.1,Community,1.060846032344698,2021-09-21,1,Traveler weight (all regions),Changing sequencing,1%,200%,fig_3d,2,1,1.0584
2021-09-24,ZA,341,Omicron BA.1,Community,1.1098734639471384,2021-09-21,3,Traveler weight (all regions),Changing sequencing,0.1%,200%,fig_3d,2,1,1.0629
2021-09-24,ZA,341,Omicron BA.1,Community,1.0998746039115785,2021-09-21,3,Traveler weight (all regions),Changing sequencing,1%,200%,fig_3d,2,1,1.0584
2021-09-22,ZA,342,Omicron BA.1,Community,1.076147354958257,2021-09-21,1,Traveler weight (all regions),Changing sequencing,0.1%,200%,fig_3d,2,1,1.0629
2021-09-22,ZA,342,Omicron BA.1,Community,1.0664523337424168,2021-09-21,1,Traveler weight (all regions),Changing sequencing,1%,200%,fig_3d,2,1,1.0584
2021-09-22,ZA,343,Omicron BA.1,Community,1.0486119599971822,2021-09-21,1,Traveler weight (all regions),Changing sequencing,0.1%,200%,fig_3d,2,1,1.0629
2021-09-22,ZA,343,Omicron BA.1,Community,1.039165005402613,2021-09-21,1,Traveler weight (all regions),Changing sequencing,1%,200%,fig_3d,2,1,1.0584
2021-09-22,ZA,344,Omicron BA.1,Community,1.0335067134670712,2021-09-21,1,Traveler weight (all regions),Changing sequencing,0.1%,200%,fig_3d,2,1,1.0629
2021-09-22,ZA,344,Omicron BA.1,Community,1.024195842174575,2021-09-21,1,Traveler weight (all regions),Changing sequencing,1%,200%,fig_3d,2,1,1.0584
2021-09-22,ZA,345,Omicron BA.1,Community,1.020606096031134,2021-09-21,1,Traveler weight (all regions),Changing sequencing,0.1%,200%,fig_3d,2,1,1.0629
2021-09-22,ZA,345,Omicron BA.1,Community,1.01141144651734,2021-09-21,1,Traveler weight (all regions),Changing sequencing,1%,200%,fig_3d,2,1,1.0584
2021-09-22,ZA,346,Omicron BA.1,Community,1.0883388886493102,2021-09-21,1,Traveler weight (all regions),Changing sequencing,0.1%,200%,fig_3d,2,1,1.0629
2021-09-22,ZA,346,Omicron BA.1,Community,1.0785340337966138,2021-09-21,1,Traveler weight (all regions),Changing sequencing,1%,200%,fig_3d,2,1,1.0584
2021-09-22,ZA,347,Omicron BA.1,Community,1.0760130619842017,2021-09-21,1,Traveler weight (all regions),Changing sequencing,0.1%,200%,fig_3d,2,1,1.0629
2021-09-22,ZA,347,Omicron BA.1,Community,1.066319250614975,2021-09-21,1,Traveler weight (all regions),Changing sequencing,1%,200%,fig_3d,2,1,1.0584
2021-09-24,ZA,348,Omicron BA.1,Community,1.1068817819162726,2021-09-21,3,Traveler weight (all regions),Changing sequencing,0.1%,200%,fig_3d,2,1,1.0629
2021-09-24,ZA,348,Omicron BA.1,Community,1.0969098739710814,2021-09-21,3,Traveler weight (all regions),Changing sequencing,1%,200%,fig_3d,2,1,1.0584
2021-09-22,ZA,349,Omicron BA.1,Community,1.083556624233694,2021-09-21,1,Traveler weight (all regions),Changing sequencing,0.1%,200%,fig_3d,2,1,1.0629
2021-09-22,ZA,349,Omicron BA.1,Community,1.0737948528442016,2021-09-21,1,Traveler weight (all regions),Changing sequencing,1%,200%,fig_3d,2,1,1.0584
2021-09-22,ZA,35,Omicron BA.1,Community,1.1007492163539214,2021-09-21,1,Traveler weight (all regions),Changing sequencing,0.1%,200%,fig_3d,2,1,1.0629
2021-09-22,ZA,35,Omicron BA.1,Community,1.090832556747129,2021-09-21,1,Traveler weight (all regions),Changing sequencing,1%,200%,fig_3d,2,1,1.0584
2021-09-22,ZA,350,Omicron BA.1,Community,1.0432138898176462,2021-09-21,1,Traveler weight (all regions),Changing sequencing,0.1%,200%,fig_3d,2,1,1.0629
2021-09-22,ZA,350,Omicron BA.1,Community,1.0338155664859552,2021-09-21,1,Traveler weight (all regions),Changing sequencing,1%,200%,fig_3d,2,1,1.0584
2021-09-22,ZA,351,Omicron BA.1,Community,1.0131838385749266,2021-09-21,1,Traveler weight (all regions),Changing sequencing,0.1%,200%,fig_3d,2,1,1.0629
2021-09-22,ZA,351,Omicron BA.1,Community,1.0040560562454226,2021-09-21,1,Traveler weight (all regions),Changing sequencing,1%,200%,fig_3d,2,1,1.0584
2021-09-24,ZA,352,Omicron BA.1,Community,1.1626145630140792,2021-09-21,3,Traveler weight (all regions),Changing sequencing,0.1%,200%,fig_3d,2,1,1.0629
2021-09-24,ZA,352,Omicron BA.1,Community,1.1521405579418798,2021-09-21,3,Traveler weight (all regions),Changing sequencing,1%,200%,fig_3d,2,1,1.0584
2021-09-22,ZA,353,Omicron BA.1,Community,1.0508626212381709,2021-09-21,1,Traveler weight (all regions),Changing sequencing,0.1%,200%,fig_3d,2,1,1.0629
2021-09-22,ZA,353,Omicron BA.1,Community,1.041395390416205,2021-09-21,1,Traveler weight (all regions),Changing sequencing,1%,200%,fig_3d,2,1,1.0584
2021-09-24,ZA,354,Omicron BA.1,Community,1.0917867937714933,2021-09-21,3,Traveler weight (all regions),Changing sequencing,0.1%,200%,fig_3d,2,1,1.0629
2021-09-24,ZA,354,Omicron BA.1,Community,1.0819508767104886,2021-09-21,3,Traveler weight (all regions),Changing sequencing,1%,200%,fig_3d,2,1,1.0584
2021-09-22,ZA,355,Omicron BA.1,Community,1.055589322269054,2021-09-21,1,Traveler weight (all regions),Changing sequencing,0.1%,200%,fig_3d,2,1,1.0629
2021-09-22,ZA,355,Omicron BA.1,Community,1.0460795085549193,2021-09-21,1,Traveler weight (all regions),Changing sequencing,1%,200%,fig_3d,2,1,1.0584
2021-09-22,ZA,356,Omicron BA.1,Community,1.0253074180966504,2021-09-21,1,Traveler weight (all regions),Changing sequencing,0.1%,200%,fig_3d,2,1,1.0629
2021-09-22,ZA,356,Omicron BA.1,Community,1.016070414330014,2021-09-21,1,Traveler weight (all regions),Changing sequencing,1%,200%,fig_3d,2,1,1.0584
2021-09-22,ZA,357,Omicron BA.1,Community,1.0234963810203332,2021-09-21,1,Traveler weight (all regions),Changing sequencing,0.1%,200%,fig_3d,2,1,1.0629
2021-09-22,ZA,357,Omicron BA.1,Community,1.0142756929030325,2021-09-21,1,Traveler weight (all regions),Changing sequencing,1%,200%,fig_3d,2,1,1.0584
2021-09-24,ZA,358,Omicron BA.1,Community,1.1300642494470325,2021-09-21,3,Traveler weight (all regions),Changing sequencing,0.1%,200%,fig_3d,2,1,1.0629
2021-09-24,ZA,358,Omicron BA.1,Community,1.1198834904430048,2021-09-21,3,Traveler weight (all regions),Changing sequencing,1%,200%,fig_3d,2,1,1.0584
2021-09-22,ZA,359,Omicron BA.1,Community,1.0156908100643651,2021-09-21,1,Traveler weight (all regions),Changing sequencing,0.1%,200%,fig_3d,2,1,1.0629
2021-09-22,ZA,359,Omicron BA.1,Community,1.0065404424061275,2021-09-21,1,Traveler weight (all regions),Changing sequencing,1%,200%,fig_3d,2,1,1.0584
2021-09-22,ZA,36,Omicron BA.1,Community,1.1358138009492795,2021-09-21,1,Traveler weight (all regions),Changing sequencing,0.1%,200%,fig_3d,2,1,1.0629
2021-09-22,ZA,36,Omicron BA.1,Community,1.1255812441839705,2021-09-21,1,Traveler weight (all regions),Changing sequencing,1%,200%,fig_3d,2,1,1.0584
2021-09-22,ZA,360,Omicron BA.1,Community,1.0380351265558574,2021-09-21,1,Traveler weight (all regions),Changing sequencing,0.1%,200%,fig_3d,2,1,1.0629
2021-09-22,ZA,360,Omicron BA.1,Community,1.028683458749048,2021-09-21,1,Traveler weight (all regions),Changing sequencing,1%,200%,fig_3d,2,1,1.0584
2021-09-24,ZA,361,Omicron BA.1,Community,1.2112878780816212,2021-09-21,3,Traveler weight (all regions),Changing sequencing,0.1%,200%,fig_3d,2,1,1.0629
2021-09-24,ZA,361,Omicron BA.1,Community,1.2003753746754802,2021-09-21,3,Traveler weight (all regions),Changing sequencing,1%,200%,fig_3d,2,1,1.0584
2021-09-22,ZA,362,Omicron BA.1,Community,1.0783032786401758,2021-09-21,1,Traveler weight (all regions),Changing sequencing,0.1%,200%,fig_3d,2,1,1.0629
2021-09-22,ZA,362,Omicron BA.1,Community,1.068588834688463,2021-09-21,1,Traveler weight (all regions),Changing sequencing,1%,200%,fig_3d,2,1,1.0584
2021-09-22,ZA,363,Omicron BA.1,Community,1.0785580242876103,2021-09-21,1,Traveler weight (all regions),Changing sequencing,0.1%,200%,fig_3d,2,1,1.0629
2021-09-22,ZA,363,Omicron BA.1,Community,1.0688412853300644,2021-09-21,1,Traveler weight (all regions),Changing sequencing,1%,200%,fig_3d,2,1,1.0584
2021-09-22,ZA,364,Omicron BA.1,Community,1.1006103494202848,2021-09-21,1,Traveler weight (all regions),Changing sequencing,0.1%,200%,fig_3d,2,1,1.0629
2021-09-22,ZA,364,Omicron BA.1,Community,1.0906949408669488,2021-09-21,1,Traveler weight (all regions),Changing sequencing,1%,200%,fig_3d,2,1,1.0584
2021-09-22,ZA,365,Omicron BA.1,Community,1.010700737439889,2021-09-21,1,Traveler weight (all regions),Changing sequencing,0.1%,200%,fig_3d,2,1,1.0629
2021-09-22,ZA,365,Omicron BA.1,Community,1.001595325390881,2021-09-21,1,Traveler weight (all regions),Changing sequencing,1%,200%,fig_3d,2,1,1.0584
2021-09-22,ZA,366,Omicron BA.1,Community,1.0085466190707015,2021-09-21,1,Traveler weight (all regions),Changing sequencing,0.1%,200%,fig_3d,2,1,1.0629
2021-09-24,ZA,366,Omicron BA.1,Community,1.1927109862163014,2021-09-21,3,Traveler weight (all regions),Changing sequencing,1%,200%,fig_3d,2,1,1.0584
2021-09-22,ZA,367,Omicron BA.1,Community,1.0056157007669144,2021-09-21,1,Traveler weight (all regions),Changing sequencing,0.1%,200%,fig_3d,2,1,1.0629
2021-09-24,ZA,367,Omicron BA.1,Community,1.0548845026308182,2021-09-21,3,Traveler weight (all regions),Changing sequencing,1%,200%,fig_3d,2,1,1.0584
2021-09-24,ZA,368,Omicron BA.1,Community,1.033830372982602,2021-09-21,3,Traveler weight (all regions),Changing sequencing,0.1%,200%,fig_3d,2,1,1.0629
2021-09-24,ZA,368,Omicron BA.1,Community,1.0245165858386145,2021-09-21,3,Traveler weight (all regions),Changing sequencing,1%,200%,fig_3d,2,1,1.0584
2021-09-22,ZA,369,Omicron BA.1,Community,1.1331367732793332,2021-09-21,1,Traveler weight (all regions),Changing sequencing,0.1%,200%,fig_3d,2,1,1.0629
2021-09-22,ZA,369,Omicron BA.1,Community,1.1229283338804203,2021-09-21,1,Traveler weight (all regions),Changing sequencing,1%,200%,fig_3d,2,1,1.0584
2021-09-22,ZA,37,Omicron BA.1,Community,1.0057539472089343,2021-09-21,1,Traveler weight (all regions),Changing sequencing,0.1%,200%,fig_3d,2,1,1.0629
2021-09-24,ZA,37,Omicron BA.1,Community,1.1123183230702416,2021-09-21,3,Traveler weight (all regions),Changing sequencing,1%,200%,fig_3d,2,1,1.0584
2021-09-22,ZA,370,Omicron BA.1,Community,1.0279986155896963,2021-09-21,1,Traveler weight (all regions),Changing sequencing,0.1%,200%,fig_3d,2,1,1.0629
2021-09-22,ZA,370,Omicron BA.1,Community,1.0187373668006001,2021-09-21,1,Traveler weight (all regions),Changing sequencing,1%,200%,fig_3d,2,1,1.0584
2021-09-22,ZA,371,Omicron BA.1,Community,1.0655569952587072,2021-09-21,1,Traveler weight (all regions),Changing sequencing,0.1%,200%,fig_3d,2,1,1.0629
2021-09-22,ZA,371,Omicron BA.1,Community,1.0559573826888093,2021-09-21,1,Traveler weight (all regions),Changing sequencing,1%,200%,fig_3d,2,1,1.0584
2021-09-24,ZA,372,Omicron BA.1,Community,1.17804087975464,2021-09-21,3,Traveler weight (all regions),Changing sequencing,0.1%,200%,fig_3d,2,1,1.0629
2021-09-24,ZA,372,Omicron BA.1,Community,1.1674278988559494,2021-09-21,3,Traveler weight (all regions),Changing sequencing,1%,200%,fig_3d,2,1,1.0584
2021-09-22,ZA,373,Omicron BA.1,Community,1.0931881751867865,2021-09-21,1,Traveler weight (all regions),Changing sequencing,0.1%,200%,fig_3d,2,1,1.0629
2021-09-22,ZA,373,Omicron BA.1,Community,1.0833396330679872,2021-09-21,1,Traveler weight (all regions),Changing sequencing,1%,200%,fig_3d,2,1,1.0584
2021-09-22,ZA,374,Omicron BA.1,Community,1.0854682721648519,2021-09-21,1,Traveler weight (all regions),Changing sequencing,0.1%,200%,fig_3d,2,1,1.0629
2021-09-22,ZA,374,Omicron BA.1,Community,1.075689278721925,2021-09-21,1,Traveler weight (all regions),Changing sequencing,1%,200%,fig_3d,2,1,1.0584
2021-09-22,ZA,375,Omicron BA.1,Community,1.0359345996989884,2021-09-21,1,Traveler weight (all regions),Changing sequencing,0.1%,200%,fig_3d,2,1,1.0629
2021-09-22,ZA,375,Omicron BA.1,Community,1.026601855557556,2021-09-21,1,Traveler weight (all regions),Changing sequencing,1%,200%,fig_3d,2,1,1.0584
2021-09-24,ZA,376,Omicron BA.1,Community,1.1550587968545354,2021-09-21,3,Traveler weight (all regions),Changing sequencing,0.1%,200%,fig_3d,2,1,1.0629
2021-09-24,ZA,376,Omicron BA.1,Community,1.1446528617477376,2021-09-21,3,Traveler weight (all regions),Changing sequencing,1%,200%,fig_3d,2,1,1.0584
2021-09-24,ZA,377,Omicron BA.1,Community,1.1148670951696016,2021-09-21,3,Traveler weight (all regions),Changing sequencing,0.1%,200%,fig_3d,2,1,1.0629
2021-09-24,ZA,377,Omicron BA.1,Community,1.1048232474653716,2021-09-21,3,Traveler weight (all regions),Changing sequencing,1%,200%,fig_3d,2,1,1.0584
2021-09-22,ZA,378,Omicron BA.1,Community,1.0230093153080293,2021-09-21,1,Traveler weight (all regions),Changing sequencing,0.1%,200%,fig_3d,2,1,1.0629
2021-09-22,ZA,378,Omicron BA.1,Community,1.0137930151701193,2021-09-21,1,Traveler weight (all regions),Changing sequencing,1%,200%,fig_3d,2,1,1.0584
2021-09-22,ZA,379,Omicron BA.1,Community,1.0783127200789957,2021-09-21,1,Traveler weight (all regions),Changing sequencing,0.1%,200%,fig_3d,2,1,1.0629
2021-09-22,ZA,379,Omicron BA.1,Community,1.068598191069275,2021-09-21,1,Traveler weight (all regions),Changing sequencing,1%,200%,fig_3d,2,1,1.0584
2021-09-24,ZA,38,Omicron BA.1,Community,1.145301637692982,2021-09-21,3,Traveler weight (all regions),Changing sequencing,0.1%,200%,fig_3d,2,1,1.0629
2021-09-24,ZA,38,Omicron BA.1,Community,1.1349836049209734,2021-09-21,3,Traveler weight (all regions),Changing sequencing,1%,200%,fig_3d,2,1,1.0584
2021-09-22,ZA,380,Omicron BA.1,Community,1.103179293362459,2021-09-21,1,Traveler weight (all regions),Changing sequencing,0.1%,200%,fig_3d,2,1,1.0629
2021-09-22,ZA,380,Omicron BA.1,Community,1.0932407411700042,2021-09-21,1,Traveler weight (all regions),Changing sequencing,1%,200%,fig_3d,2,1,1.0584
2021-09-22,ZA,381,Omicron BA.1,Community,1.031165158626222,2021-09-21,1,Traveler weight (all regions),Changing sequencing,0.1%,200%,fig_3d,2,1,1.0629
2021-09-22,ZA,381,Omicron BA.1,Community,1.021875382422382,2021-09-21,1,Traveler weight (all regions),Changing sequencing,1%,200%,fig_3d,2,1,1.0584
2021-09-24,ZA,382,Omicron BA.1,Community,1.0296091612483593,2021-09-21,3,Traveler weight (all regions),Changing sequencing,0.1%,200%,fig_3d,2,1,1.0629
2021-09-24,ZA,382,Omicron BA.1,Community,1.020333403038915,2021-09-21,3,Traveler weight (all regions),Changing sequencing,1%,200%,fig_3d,2,1,1.0584
2021-09-24,ZA,383,Omicron BA.1,Community,1.0826222620691135,2021-09-21,3,Traveler weight (all regions),Changing sequencing,0.1%,200%,fig_3d,2,1,1.0629
2021-09-24,ZA,383,Omicron BA.1,Community,1.0728689083567788,2021-09-21,3,Traveler weight (all regions),Changing sequencing,1%,200%,fig_3d,2,1,1.0584
2021-09-22,ZA,384,Omicron BA.1,Community,1.0881310191364761,2021-09-21,1,Traveler weight (all regions),Changing sequencing,0.1%,200%,fig_3d,2,1,1.0629
2021-09-22,ZA,384,Omicron BA.1,Community,1.0783280369820938,2021-09-21,1,Traveler weight (all regions),Changing sequencing,1%,200%,fig_3d,2,1,1.0584
2021-09-22,ZA,385,Omicron BA.1,Community,1.013270124264868,2021-09-21,1,Traveler weight (all regions),Changing sequencing,0.1%,200%,fig_3d,2,1,1.0629
2021-09-22,ZA,385,Omicron BA.1,Community,1.0041415645868061,2021-09-21,1,Traveler weight (all regions),Changing sequencing,1%,200%,fig_3d,2,1,1.0584
2021-09-22,ZA,386,Omicron BA.1,Community,1.0607107644106153,2021-09-21,1,Traveler weight (all regions),Changing sequencing,0.1%,200%,fig_3d,2,1,1.0629
2021-09-22,ZA,386,Omicron BA.1,Community,1.0511548115780873,2021-09-21,1,Traveler weight (all regions),Changing sequencing,1%,200%,fig_3d,2,1,1.0584
2021-09-22,ZA,387,Omicron BA.1,Community,1.0207611321230956,2021-09-21,1,Traveler weight (all regions),Changing sequencing,0.1%,200%,fig_3d,2,1,1.0629
2021-09-22,ZA,387,Omicron BA.1,Community,1.0115650858877525,2021-09-21,1,Traveler weight (all regions),Changing sequencing,1%,200%,fig_3d,2,1,1.0584
2021-09-22,ZA,388,Omicron BA.1,Community,1.0378942874882584,2021-09-21,1,Traveler weight (all regions),Changing sequencing,0.1%,200%,fig_3d,2,1,1.0629
2021-09-22,ZA,388,Omicron BA.1,Community,1.028543888501878,2021-09-21,1,Traveler weight (all regions),Changing sequencing,1%,200%,fig_3d,2,1,1.0584
2021-09-22,ZA,389,Omicron BA.1,Community,1.0781648529162966,2021-09-21,1,Traveler weight (all regions),Changing sequencing,0.1%,200%,fig_3d,2,1,1.0629
2021-09-22,ZA,389,Omicron BA.1,Community,1.0684516560431765,2021-09-21,1,Traveler weight (all regions),Changing sequencing,1%,200%,fig_3d,2,1,1.0584
2021-09-22,ZA,39,Omicron BA.1,Community,1.0582025962090198,2021-09-21,1,Traveler weight (all regions),Changing sequencing,0.1%,200%,fig_3d,2,1,1.0629
2021-09-22,ZA,39,Omicron BA.1,Community,1.048669239486416,2021-09-21,1,Traveler weight (all regions),Changing sequencing,1%,200%,fig_3d,2,1,1.0584
2021-09-22,ZA,390,Omicron BA.1,Community,1.0782002738915515,2021-09-21,1,Traveler weight (all regions),Changing sequencing,0.1%,200%,fig_3d,2,1,1.0629
2021-09-22,ZA,390,Omicron BA.1,Community,1.0684867579105461,2021-09-21,1,Traveler weight (all regions),Changing sequencing,1%,200%,fig_3d,2,1,1.0584
2021-09-22,ZA,391,Omicron BA.1,Community,1.0057734704976347,2021-09-21,1,Traveler weight (all regions),Changing sequencing,0.1%,200%,fig_3d,2,1,1.0629
2021-09-24,ZA,391,Omicron BA.1,Community,1.1772539410018592,2021-09-21,3,Traveler weight (all regions),Changing sequencing,1%,200%,fig_3d,2,1,1.0584
2021-09-22,ZA,392,Omicron BA.1,Community,1.1406040448930235,2021-09-21,1,Traveler weight (all regions),Changing sequencing,0.1%,200%,fig_3d,2,1,1.0629
2021-09-22,ZA,392,Omicron BA.1,Community,1.1303283327768698,2021-09-21,1,Traveler weight (all regions),Changing sequencing,1%,200%,fig_3d,2,1,1.0584
2021-09-22,ZA,393,Omicron BA.1,Community,1.1058525875661565,2021-09-21,1,Traveler weight (all regions),Changing sequencing,0.1%,200%,fig_3d,2,1,1.0629
2021-09-22,ZA,393,Omicron BA.1,Community,1.0958899516421365,2021-09-21,1,Traveler weight (all regions),Changing sequencing,1%,200%,fig_3d,2,1,1.0584
2021-09-22,ZA,394,Omicron BA.1,Community,1.0557952359890004,2021-09-21,1,Traveler weight (all regions),Changing sequencing,0.1%,200%,fig_3d,2,1,1.0629
2021-09-22,ZA,394,Omicron BA.1,Community,1.0462835671963069,2021-09-21,1,Traveler weight (all regions),Changing sequencing,1%,200%,fig_3d,2,1,1.0584
2021-09-22,ZA,395,Omicron BA.1,Community,1.0808222891486603,2021-09-21,1,Traveler weight (all regions),Changing sequencing,0.1%,200%,fig_3d,2,1,1.0629
2021-09-22,ZA,395,Omicron BA.1,Community,1.0710851514085824,2021-09-21,1,Traveler weight (all regions),Changing sequencing,1%,200%,fig_3d,2,1,1.0584
2021-09-22,ZA,396,Omicron BA.1,Community,1.0760955062539728,2021-09-21,1,Traveler weight (all regions),Changing sequencing,0.1%,200%,fig_3d,2,1,1.0629
2021-09-22,ZA,396,Omicron BA.1,Community,1.0664009521435767,2021-09-21,1,Traveler weight (all regions),Changing sequencing,1%,200%,fig_3d,2,1,1.0584
2021-09-22,ZA,397,Omicron BA.1,Community,1.0960258300529873,2021-09-21,1,Traveler weight (all regions),Changing sequencing,0.1%,200%,fig_3d,2,1,1.0629
2021-09-22,ZA,397,Omicron BA.1,Community,1.086151723475933,2021-09-21,1,Traveler weight (all regions),Changing sequencing,1%,200%,fig_3d,2,1,1.0584
2021-09-24,ZA,398,Omicron BA.1,Community,1.1454074155488907,2021-09-21,3,Traveler weight (all regions),Changing sequencing,0.1%,200%,fig_3d,2,1,1.0629
2021-09-24,ZA,398,Omicron BA.1,Community,1.1350884298232249,2021-09-21,3,Traveler weight (all regions),Changing sequencing,1%,200%,fig_3d,2,1,1.0584
2021-09-22,ZA,399,Omicron BA.1,Community,1.0604905820817996,2021-09-21,1,Traveler weight (all regions),Changing sequencing,0.1%,200%,fig_3d,2,1,1.0629
2021-09-22,ZA,399,Omicron BA.1,Community,1.0509366128738553,2021-09-21,1,Traveler weight (all regions),Changing sequencing,1%,200%,fig_3d,2,1,1.0584
2021-09-24,ZA,4,Omicron BA.1,Community,1.1322604059420585,2021-09-21,3,Traveler weight (all regions),Changing sequencing,0.1%,200%,fig_3d,2,1,1.0629
2021-09-24,ZA,4,Omicron BA.1,Community,1.1220598617443818,2021-09-21,3,Traveler weight (all regions),Changing sequencing,1%,200%,fig_3d,2,1,1.0584
2021-09-22,ZA,40,Omicron BA.1,Community,1.1210227364436314,2021-09-21,1,Traveler weight (all regions),Changing sequencing,0.1%,200%,fig_3d,2,1,1.0629
2021-09-22,ZA,40,Omicron BA.1,Community,1.1109234325117068,2021-09-21,1,Traveler weight (all regions),Changing sequencing,1%,200%,fig_3d,2,1,1.0584
2021-09-22,ZA,400,Omicron BA.1,Community,1.013160698149456,2021-09-21,1,Traveler weight (all regions),Changing sequencing,0.1%,200%,fig_3d,2,1,1.0629
2021-09-22,ZA,400,Omicron BA.1,Community,1.0040331242922538,2021-09-21,1,Traveler weight (all regions),Changing sequencing,1%,200%,fig_3d,2,1,1.0584
2021-09-22,ZA,401,Omicron BA.1,Community,1.055549855254054,2021-09-21,1,Traveler weight (all regions),Changing sequencing,0.1%,200%,fig_3d,2,1,1.0629
2021-09-22,ZA,401,Omicron BA.1,Community,1.0460403970986125,2021-09-21,1,Traveler weight (all regions),Changing sequencing,1%,200%,fig_3d,2,1,1.0584
2021-09-22,ZA,402,Omicron BA.1,Community,1.0131851323977872,2021-09-21,1,Traveler weight (all regions),Changing sequencing,0.1%,200%,fig_3d,2,1,1.0629
2021-09-22,ZA,402,Omicron BA.1,Community,1.0040573384122211,2021-09-21,1,Traveler weight (all regions),Changing sequencing,1%,200%,fig_3d,2,1,1.0584
2021-09-22,ZA,403,Omicron BA.1,Community,1.008367872152272,2021-09-21,1,Traveler weight (all regions),Changing sequencing,0.1%,200%,fig_3d,2,1,1.0629
2021-09-24,ZA,403,Omicron BA.1,Community,1.095043228781042,2021-09-21,3,Traveler weight (all regions),Changing sequencing,1%,200%,fig_3d,2,1,1.0584
2021-09-22,ZA,404,Omicron BA.1,Community,1.0932382539937564,2021-09-21,1,Traveler weight (all regions),Changing sequencing,0.1%,200%,fig_3d,2,1,1.0629
2021-09-22,ZA,404,Omicron BA.1,Community,1.083389260714533,2021-09-21,1,Traveler weight (all regions),Changing sequencing,1%,200%,fig_3d,2,1,1.0584
2021-09-22,ZA,405,Omicron BA.1,Community,1.1205056474308737,2021-09-21,1,Traveler weight (all regions),Changing sequencing,0.1%,200%,fig_3d,2,1,1.0629
2021-09-22,ZA,405,Omicron BA.1,Community,1.1104110019585243,2021-09-21,1,Traveler weight (all regions),Changing sequencing,1%,200%,fig_3d,2,1,1.0584
2021-09-22,ZA,406,Omicron BA.1,Community,1.1056879127248114,2021-09-21,1,Traveler weight (all regions),Changing sequencing,0.1%,200%,fig_3d,2,1,1.0629
2021-09-22,ZA,406,Omicron BA.1,Community,1.0957267603579217,2021-09-21,1,Traveler weight (all regions),Changing sequencing,1%,200%,fig_3d,2,1,1.0584
2021-09-22,ZA,407,Omicron BA.1,Community,1.0682904746378434,2021-09-21,1,Traveler weight (all regions),Changing sequencing,0.1%,200%,fig_3d,2,1,1.0629
2021-09-22,ZA,407,Omicron BA.1,Community,1.0586662361275927,2021-09-21,1,Traveler weight (all regions),Changing sequencing,1%,200%,fig_3d,2,1,1.0584
2021-09-22,ZA,408,Omicron BA.1,Community,1.020829544924253,2021-09-21,1,Traveler weight (all regions),Changing sequencing,0.1%,200%,fig_3d,2,1,1.0629
2021-09-22,ZA,408,Omicron BA.1,Community,1.0116328823573677,2021-09-21,1,Traveler weight (all regions),Changing sequencing,1%,200%,fig_3d,2,1,1.0584
2021-09-22,ZA,409,Omicron BA.1,Community,1.1060334254337185,2021-09-21,1,Traveler weight (all regions),Changing sequencing,0.1%,200%,fig_3d,2,1,1.0629
2021-09-22,ZA,409,Omicron BA.1,Community,1.0960691603397206,2021-09-21,1,Traveler weight (all regions),Changing sequencing,1%,200%,fig_3d,2,1,1.0584
2021-09-22,ZA,41,Omicron BA.1,Community,1.023437279900495,2021-09-21,1,Traveler weight (all regions),Changing sequencing,0.1%,200%,fig_3d,2,1,1.0629
2021-09-22,ZA,41,Omicron BA.1,Community,1.0142171242257154,2021-09-21,1,Traveler weight (all regions),Changing sequencing,1%,200%,fig_3d,2,1,1.0584
2021-09-22,ZA,410,Omicron BA.1,Community,1.0906087707270542,2021-09-21,1,Traveler weight (all regions),Changing sequencing,0.1%,200%,fig_3d,2,1,1.0629
2021-09-22,ZA,410,Omicron BA.1,Community,1.08078346648627,2021-09-21,1,Traveler weight (all regions),Changing sequencing,1%,200%,fig_3d,2,1,1.0584
2021-09-22,ZA,411,Omicron BA.1,Community,1.0832034431340374,2021-09-21,1,Traveler weight (all regions),Changing sequencing,0.1%,200%,fig_3d,2,1,1.0629
2021-09-22,ZA,411,Omicron BA.1,Community,1.073444853556253,2021-09-21,1,Traveler weight (all regions),Changing sequencing,1%,200%,fig_3d,2,1,1.0584
2021-09-22,ZA,412,Omicron BA.1,Community,1.0355450736898537,2021-09-21,1,Traveler weight (all regions),Changing sequencing,0.1%,200%,fig_3d,2,1,1.0629
2021-09-22,ZA,412,Omicron BA.1,Community,1.0262158387917464,2021-09-21,1,Traveler weight (all regions),Changing sequencing,1%,200%,fig_3d,2,1,1.0584
2021-09-22,ZA,413,Omicron BA.1,Community,1.0083269622532554,2021-09-21,1,Traveler weight (all regions),Changing sequencing,0.1%,200%,fig_3d,2,1,1.0629
2021-09-24,ZA,413,Omicron BA.1,Community,1.0949043054741956,2021-09-21,3,Traveler weight (all regions),Changing sequencing,1%,200%,fig_3d,2,1,1.0584
2021-09-24,ZA,414,Omicron BA.1,Community,1.1651440714405101,2021-09-21,3,Traveler weight (all regions),Changing sequencing,0.1%,200%,fig_3d,2,1,1.0629
2021-09-24,ZA,414,Omicron BA.1,Community,1.1546472780041095,2021-09-21,3,Traveler weight (all regions),Changing sequencing,1%,200%,fig_3d,2,1,1.0584
2021-09-22,ZA,415,Omicron BA.1,Community,1.0354594506407466,2021-09-21,1,Traveler weight (all regions),Changing sequencing,0.1%,200%,fig_3d,2,1,1.0629
2021-09-22,ZA,415,Omicron BA.1,Community,1.0261309871214608,2021-09-21,1,Traveler weight (all regions),Changing sequencing,1%,200%,fig_3d,2,1,1.0584
2021-09-22,ZA,416,Omicron BA.1,Community,1.0057817610910218,2021-09-21,1,Traveler weight (all regions),Changing sequencing,0.1%,200%,fig_3d,2,1,1.0629
2021-09-25,ZA,416,Omicron BA.1,Community,1.0534883189041346,2021-09-21,4,Traveler weight (all regions),Changing sequencing,1%,200%,fig_3d,2,1,1.0584
2021-09-22,ZA,417,Omicron BA.1,Community,1.020933526116996,2021-09-21,1,Traveler weight (all regions),Changing sequencing,0.1%,200%,fig_3d,2,1,1.0629
2021-09-22,ZA,417,Omicron BA.1,Community,1.0117359267826085,2021-09-21,1,Traveler weight (all regions),Changing sequencing,1%,200%,fig_3d,2,1,1.0584
2021-09-22,ZA,418,Omicron BA.1,Community,1.0180665182303934,2021-09-21,1,Traveler weight (all regions),Changing sequencing,0.1%,200%,fig_3d,2,1,1.0629
2021-09-22,ZA,418,Omicron BA.1,Community,1.0088947477958856,2021-09-21,1,Traveler weight (all regions),Changing sequencing,1%,200%,fig_3d,2,1,1.0584
2021-09-24,ZA,419,Omicron BA.1,Community,1.0919703845047148,2021-09-21,3,Traveler weight (all regions),Changing sequencing,0.1%,200%,fig_3d,2,1,1.0629
2021-09-24,ZA,419,Omicron BA.1,Community,1.082132813473141,2021-09-21,3,Traveler weight (all regions),Changing sequencing,1%,200%,fig_3d,2,1,1.0584
2021-09-22,ZA,42,Omicron BA.1,Community,1.090518508841963,2021-09-21,1,Traveler weight (all regions),Changing sequencing,0.1%,200%,fig_3d,2,1,1.0629
2021-09-22,ZA,42,Omicron BA.1,Community,1.0806940177713142,2021-09-21,1,Traveler weight (all regions),Changing sequencing,1%,200%,fig_3d,2,1,1.0584
2021-09-22,ZA,420,Omicron BA.1,Community,1.0133947059433543,2021-09-21,1,Traveler weight (all regions),Changing sequencing,0.1%,200%,fig_3d,2,1,1.0629
2021-09-22,ZA,420,Omicron BA.1,Community,1.0042650239078286,2021-09-21,1,Traveler weight (all regions),Changing sequencing,1%,200%,fig_3d,2,1,1.0584
2021-09-22,ZA,421,Omicron BA.1,Community,1.000712739501753,2021-09-21,1,Traveler weight (all regions),Changing sequencing,0.1%,200%,fig_3d,2,1,1.0629
2021-09-24,ZA,421,Omicron BA.1,Community,1.0776601412298725,2021-09-21,3,Traveler weight (all regions),Changing sequencing,1%,200%,fig_3d,2,1,1.0584
2021-09-22,ZA,422,Omicron BA.1,Community,1.025825054835094,2021-09-21,1,Traveler weight (all regions),Changing sequencing,0.1%,200%,fig_3d,2,1,1.0629
2021-09-22,ZA,422,Omicron BA.1,Community,1.0165833876744177,2021-09-21,1,Traveler weight (all regions),Changing sequencing,1%,200%,fig_3d,2,1,1.0584
2021-09-22,ZA,423,Omicron BA.1,Community,1.10084187091559,2021-09-21,1,Traveler weight (all regions),Changing sequencing,0.1%,200%,fig_3d,2,1,1.0629
2021-09-22,ZA,423,Omicron BA.1,Community,1.0909243765830172,2021-09-21,1,Traveler weight (all regions),Changing sequencing,1%,200%,fig_3d,2,1,1.0584
2021-09-22,ZA,424,Omicron BA.1,Community,1.075644701291244,2021-09-21,1,Traveler weight (all regions),Changing sequencing,0.1%,200%,fig_3d,2,1,1.0629
2021-09-22,ZA,424,Omicron BA.1,Community,1.0659542084868183,2021-09-21,1,Traveler weight (all regions),Changing sequencing,1%,200%,fig_3d,2,1,1.0584
2021-09-24,ZA,425,Omicron BA.1,Community,1.0673741152157292,2021-09-21,3,Traveler weight (all regions),Changing sequencing,0.1%,200%,fig_3d,2,1,1.0629
2021-09-24,ZA,425,Omicron BA.1,Community,1.0577581321957676,2021-09-21,3,Traveler weight (all regions),Changing sequencing,1%,200%,fig_3d,2,1,1.0584
2021-09-22,ZA,426,Omicron BA.1,Community,1.0055064589280232,2021-09-21,1,Traveler weight (all regions),Changing sequencing,0.1%,200%,fig_3d,2,1,1.0629
2021-09-24,ZA,426,Omicron BA.1,Community,1.1372346084542813,2021-09-21,3,Traveler weight (all regions),Changing sequencing,1%,200%,fig_3d,2,1,1.0584
2021-09-22,ZA,427,Omicron BA.1,Community,1.0859956909416724,2021-09-21,1,Traveler weight (all regions),Changing sequencing,0.1%,200%,fig_3d,2,1,1.0629
2021-09-22,ZA,427,Omicron BA.1,Community,1.0762119459782333,2021-09-21,1,Traveler weight (all regions),Changing sequencing,1%,200%,fig_3d,2,1,1.0584
2021-09-22,ZA,428,Omicron BA.1,Community,1.1231500526939926,2021-09-21,1,Traveler weight (all regions),Changing sequencing,0.1%,200%,fig_3d,2,1,1.0629
2021-09-22,ZA,428,Omicron BA.1,Community,1.1130315837508038,2021-09-21,1,Traveler weight (all regions),Changing sequencing,1%,200%,fig_3d,2,1,1.0584
2021-09-22,ZA,429,Omicron BA.1,Community,1.0284470890428346,2021-09-21,1,Traveler weight (all regions),Changing sequencing,0.1%,200%,fig_3d,2,1,1.0629
2021-09-22,ZA,429,Omicron BA.1,Community,1.0191817999523587,2021-09-21,1,Traveler weight (all regions),Changing sequencing,1%,200%,fig_3d,2,1,1.0584
2021-09-22,ZA,43,Omicron BA.1,Community,1.01828421450306,2021-09-21,1,Traveler weight (all regions),Changing sequencing,0.1%,200%,fig_3d,2,1,1.0629
2021-09-22,ZA,43,Omicron BA.1,Community,1.0091104828408703,2021-09-21,1,Traveler weight (all regions),Changing sequencing,1%,200%,fig_3d,2,1,1.0584
2021-09-24,ZA,430,Omicron BA.1,Community,1.2016255672865461,2021-09-21,3,Traveler weight (all regions),Changing sequencing,0.1%,200%,fig_3d,2,1,1.0629
2021-09-24,ZA,430,Omicron BA.1,Community,1.190800111725406,2021-09-21,3,Traveler weight (all regions),Changing sequencing,1%,200%,fig_3d,2,1,1.0584
2021-09-24,ZA,431,Omicron BA.1,Community,1.1126137098576567,2021-09-21,3,Traveler weight (all regions),Changing sequencing,0.1%,200%,fig_3d,2,1,1.0629
2021-09-24,ZA,431,Omicron BA.1,Community,1.1025901629220027,2021-09-21,3,Traveler weight (all regions),Changing sequencing,1%,200%,fig_3d,2,1,1.0584
2021-09-22,ZA,432,Omicron BA.1,Community,1.0034135769265355,2021-09-21,1,Traveler weight (all regions),Changing sequencing,0.1%,200%,fig_3d,2,1,1.0629
2021-09-24,ZA,432,Omicron BA.1,Community,1.0449786238399654,2021-09-21,3,Traveler weight (all regions),Changing sequencing,1%,200%,fig_3d,2,1,1.0584
2021-09-22,ZA,433,Omicron BA.1,Community,1.050352778183771,2021-09-21,1,Traveler weight (all regions),Changing sequencing,0.1%,200%,fig_3d,2,1,1.0629
2021-09-22,ZA,433,Omicron BA.1,Community,1.040890140542476,2021-09-21,1,Traveler weight (all regions),Changing sequencing,1%,200%,fig_3d,2,1,1.0584
2021-09-22,ZA,434,Omicron BA.1,Community,1.068314448186273,2021-09-21,1,Traveler weight (all regions),Changing sequencing,0.1%,200%,fig_3d,2,1,1.0629
2021-09-22,ZA,434,Omicron BA.1,Community,1.0586899936981082,2021-09-21,1,Traveler weight (all regions),Changing sequencing,1%,200%,fig_3d,2,1,1.0584
2021-09-22,ZA,435,Omicron BA.1,Community,1.0155264091547767,2021-09-21,1,Traveler weight (all regions),Changing sequencing,0.1%,200%,fig_3d,2,1,1.0629
2021-09-22,ZA,435,Omicron BA.1,Community,1.0063775225858145,2021-09-21,1,Traveler weight (all regions),Changing sequencing,1%,200%,fig_3d,2,1,1.0584
2021-09-22,ZA,436,Omicron BA.1,Community,1.090683406976006,2021-09-21,1,Traveler weight (all regions),Changing sequencing,0.1%,200%,fig_3d,2,1,1.0629
2021-09-22,ZA,436,Omicron BA.1,Community,1.0808574303365825,2021-09-21,1,Traveler weight (all regions),Changing sequencing,1%,200%,fig_3d,2,1,1.0584
2021-09-22,ZA,437,Omicron BA.1,Community,1.0634985181144034,2021-09-21,1,Traveler weight (all regions),Changing sequencing,0.1%,200%,fig_3d,2,1,1.0629
2021-09-22,ZA,437,Omicron BA.1,Community,1.0539174503836433,2021-09-21,1,Traveler weight (all regions),Changing sequencing,1%,200%,fig_3d,2,1,1.0584
2021-09-24,ZA,438,Omicron BA.1,Community,1.1603852452636612,2021-09-21,3,Traveler weight (all regions),Changing sequencing,0.1%,200%,fig_3d,2,1,1.0629
2021-09-24,ZA,438,Omicron BA.1,Community,1.1499313241351599,2021-09-21,3,Traveler weight (all regions),Changing sequencing,1%,200%,fig_3d,2,1,1.0584
2021-09-24,ZA,439,Omicron BA.1,Community,1.127483827601639,2021-09-21,3,Traveler weight (all regions),Changing sequencing,0.1%,200%,fig_3d,2,1,1.0629
2021-09-24,ZA,439,Omicron BA.1,Community,1.117326315641264,2021-09-21,3,Traveler weight (all regions),Changing sequencing,1%,200%,fig_3d,2,1,1.0584
2021-09-22,ZA,44,Omicron BA.1,Community,1.0308433310190523,2021-09-21,1,Traveler weight (all regions),Changing sequencing,0.1%,200%,fig_3d,2,1,1.0629
2021-09-22,ZA,44,Omicron BA.1,Community,1.0215564541630249,2021-09-21,1,Traveler weight (all regions),Changing sequencing,1%,200%,fig_3d,2,1,1.0584
2021-09-22,ZA,440,Omicron BA.1,Community,1.1056247436693236,2021-09-21,1,Traveler weight (all regions),Changing sequencing,0.1%,200%,fig_3d,2,1,1.0629
2021-09-22,ZA,440,Omicron BA.1,Community,1.095664160393023,2021-09-21,1,Traveler weight (all regions),Changing sequencing,1%,200%,fig_3d,2,1,1.0584
2021-09-22,ZA,441,Omicron BA.1,Community,1.0804614361451539,2021-09-21,1,Traveler weight (all regions),Changing sequencing,0.1%,200%,fig_3d,2,1,1.0629
2021-09-22,ZA,441,Omicron BA.1,Community,1.0707275493330353,2021-09-21,1,Traveler weight (all regions),Changing sequencing,1%,200%,fig_3d,2,1,1.0584
2021-09-22,ZA,442,Omicron BA.1,Community,1.0207083261079777,2021-09-21,1,Traveler weight (all regions),Changing sequencing,0.1%,200%,fig_3d,2,1,1.0629
2021-09-22,ZA,442,Omicron BA.1,Community,1.0115127556025003,2021-09-21,1,Traveler weight (all regions),Changing sequencing,1%,200%,fig_3d,2,1,1.0584
2021-09-22,ZA,443,Omicron BA.1,Community,1.0556770199878303,2021-09-21,1,Traveler weight (all regions),Changing sequencing,0.1%,200%,fig_3d,2,1,1.0629
2021-09-22,ZA,443,Omicron BA.1,Community,1.046166416204156,2021-09-21,1,Traveler weight (all regions),Changing sequencing,1%,200%,fig_3d,2,1,1.0584
2021-09-22,ZA,444,Omicron BA.1,Community,1.0130435217603841,2021-09-21,1,Traveler weight (all regions),Changing sequencing,0.1%,200%,fig_3d,2,1,1.0629
2021-09-22,ZA,444,Omicron BA.1,Community,1.003917003546326,2021-09-21,1,Traveler weight (all regions),Changing sequencing,1%,200%,fig_3d,2,1,1.0584
2021-09-22,ZA,445,Omicron BA.1,Community,1.0634700195215245,2021-09-21,1,Traveler weight (all regions),Changing sequencing,0.1%,200%,fig_3d,2,1,1.0629
2021-09-22,ZA,445,Omicron BA.1,Community,1.053889208534844,2021-09-21,1,Traveler weight (all regions),Changing sequencing,1%,200%,fig_3d,2,1,1.0584
2021-09-22,ZA,446,Omicron BA.1,Community,1.0133629973593772,2021-09-21,1,Traveler weight (all regions),Changing sequencing,0.1%,200%,fig_3d,2,1,1.0629
2021-09-22,ZA,446,Omicron BA.1,Community,1.0042336009867698,2021-09-21,1,Traveler weight (all regions),Changing sequencing,1%,200%,fig_3d,2,1,1.0584
2021-09-22,ZA,447,Omicron BA.1,Community,1.0230728846438486,2021-09-21,1,Traveler weight (all regions),Changing sequencing,0.1%,200%,fig_3d,2,1,1.0629
2021-09-22,ZA,447,Omicron BA.1,Community,1.0138560118092188,2021-09-21,1,Traveler weight (all regions),Changing sequencing,1%,200%,fig_3d,2,1,1.0584
2021-09-22,ZA,448,Omicron BA.1,Community,1.0434612654662128,2021-09-21,1,Traveler weight (all regions),Changing sequencing,0.1%,200%,fig_3d,2,1,1.0629
2021-09-22,ZA,448,Omicron BA.1,Community,1.034060713525076,2021-09-21,1,Traveler weight (all regions),Changing sequencing,1%,200%,fig_3d,2,1,1.0584
2021-09-22,ZA,449,Omicron BA.1,Community,1.0958095592693298,2021-09-21,1,Traveler weight (all regions),Changing sequencing,0.1%,200%,fig_3d,2,1,1.0629
2021-09-22,ZA,449,Omicron BA.1,Community,1.085937401077714,2021-09-21,1,Traveler weight (all regions),Changing sequencing,1%,200%,fig_3d,2,1,1.0584
2021-09-22,ZA,45,Omicron BA.1,Community,1.1232424011802602,2021-09-21,1,Traveler weight (all regions),Changing sequencing,0.1%,200%,fig_3d,2,1,1.0629
2021-09-22,ZA,45,Omicron BA.1,Community,1.1131231002687263,2021-09-21,1,Traveler weight (all regions),Changing sequencing,1%,200%,fig_3d,2,1,1.0584
2021-09-22,ZA,450,Omicron BA.1,Community,1.0833888770084623,2021-09-21,1,Traveler weight (all regions),Changing sequencing,0.1%,200%,fig_3d,2,1,1.0629
2021-09-22,ZA,450,Omicron BA.1,Community,1.0736286168552327,2021-09-21,1,Traveler weight (all regions),Changing sequencing,1%,200%,fig_3d,2,1,1.0584
2021-09-22,ZA,451,Omicron BA.1,Community,1.043231149525743,2021-09-21,1,Traveler weight (all regions),Changing sequencing,0.1%,200%,fig_3d,2,1,1.0629
2021-09-22,ZA,451,Omicron BA.1,Community,1.0338326707011865,2021-09-21,1,Traveler weight (all regions),Changing sequencing,1%,200%,fig_3d,2,1,1.0584
2021-09-24,ZA,452,Omicron BA.1,Community,1.0997559265463015,2021-09-21,3,Traveler weight (all regions),Changing sequencing,0.1%,200%,fig_3d,2,1,1.0629
2021-09-24,ZA,452,Omicron BA.1,Community,1.0898482154963343,2021-09-21,3,Traveler weight (all regions),Changing sequencing,1%,200%,fig_3d,2,1,1.0584
2021-09-22,ZA,453,Omicron BA.1,Community,1.0631317735229049,2021-09-21,1,Traveler weight (all regions),Changing sequencing,0.1%,200%,fig_3d,2,1,1.0629
2021-09-22,ZA,453,Omicron BA.1,Community,1.0535540097974734,2021-09-21,1,Traveler weight (all regions),Changing sequencing,1%,200%,fig_3d,2,1,1.0584
2021-09-22,ZA,454,Omicron BA.1,Community,1.118368645881287,2021-09-21,1,Traveler weight (all regions),Changing sequencing,0.1%,200%,fig_3d,2,1,1.0629
2021-09-22,ZA,454,Omicron BA.1,Community,1.1082932526751494,2021-09-21,1,Traveler weight (all regions),Changing sequencing,1%,200%,fig_3d,2,1,1.0584
2021-09-22,ZA,455,Omicron BA.1,Community,1.050759895839146,2021-09-21,1,Traveler weight (all regions),Changing sequencing,0.1%,200%,fig_3d,2,1,1.0629
2021-09-22,ZA,455,Omicron BA.1,Community,1.041293590471226,2021-09-21,1,Traveler weight (all regions),Changing sequencing,1%,200%,fig_3d,2,1,1.0584
2021-09-22,ZA,456,Omicron BA.1,Community,1.045517367519569,2021-09-21,1,Traveler weight (all regions),Changing sequencing,0.1%,200%,fig_3d,2,1,1.0629
2021-09-22,ZA,456,Omicron BA.1,Community,1.0360982921365098,2021-09-21,1,Traveler weight (all regions),Changing sequencing,1%,200%,fig_3d,2,1,1.0584
2021-09-22,ZA,457,Omicron BA.1,Community,1.0457479557847862,2021-09-21,1,Traveler weight (all regions),Changing sequencing,0.1%,200%,fig_3d,2,1,1.0629
2021-09-22,ZA,457,Omicron BA.1,Community,1.0363268030299686,2021-09-21,1,Traveler weight (all regions),Changing sequencing,1%,200%,fig_3d,2,1,1.0584
2021-09-22,ZA,458,Omicron BA.1,Community,1.0007887439180334,2021-09-21,1,Traveler weight (all regions),Changing sequencing,0.1%,200%,fig_3d,2,1,1.0629
2021-09-24,ZA,458,Omicron BA.1,Community,1.0423372122715253,2021-09-21,3,Traveler weight (all regions),Changing sequencing,1%,200%,fig_3d,2,1,1.0584
2021-09-24,ZA,459,Omicron BA.1,Community,1.0464673048384625,2021-09-21,3,Traveler weight (all regions),Changing sequencing,0.1%,200%,fig_3d,2,1,1.0629
2021-09-24,ZA,459,Omicron BA.1,Community,1.0370396714615393,2021-09-21,3,Traveler weight (all regions),Changing sequencing,1%,200%,fig_3d,2,1,1.0584
2021-09-22,ZA,46,Omicron BA.1,Community,1.0931616845161776,2021-09-21,1,Traveler weight (all regions),Changing sequencing,0.1%,200%,fig_3d,2,1,1.0629
2021-09-22,ZA,46,Omicron BA.1,Community,1.083313381052068,2021-09-21,1,Traveler weight (all regions),Changing sequencing,1%,200%,fig_3d,2,1,1.0584
2021-09-22,ZA,460,Omicron BA.1,Community,1.0857171814101572,2021-09-21,1,Traveler weight (all regions),Changing sequencing,0.1%,200%,fig_3d,2,1,1.0629
2021-09-22,ZA,460,Omicron BA.1,Community,1.0759359455415969,2021-09-21,1,Traveler weight (all regions),Changing sequencing,1%,200%,fig_3d,2,1,1.0584
2021-09-22,ZA,461,Omicron BA.1,Community,1.028414994264028,2021-09-21,1,Traveler weight (all regions),Changing sequencing,0.1%,200%,fig_3d,2,1,1.0629
2021-09-22,ZA,461,Omicron BA.1,Community,1.0191499943157036,2021-09-21,1,Traveler weight (all regions),Changing sequencing,1%,200%,fig_3d,2,1,1.0584
2021-09-22,ZA,462,Omicron BA.1,Community,1.0507808223175192,2021-09-21,1,Traveler weight (all regions),Changing sequencing,0.1%,200%,fig_3d,2,1,1.0629
2021-09-22,ZA,462,Omicron BA.1,Community,1.0413143284227668,2021-09-21,1,Traveler weight (all regions),Changing sequencing,1%,200%,fig_3d,2,1,1.0584
2021-09-22,ZA,463,Omicron BA.1,Community,1.0734969660223619,2021-09-21,1,Traveler weight (all regions),Changing sequencing,0.1%,200%,fig_3d,2,1,1.0629
2021-09-22,ZA,463,Omicron BA.1,Community,1.0638258221843229,2021-09-21,1,Traveler weight (all regions),Changing sequencing,1%,200%,fig_3d,2,1,1.0584
2021-09-22,ZA,464,Omicron BA.1,Community,1.030729046545699,2021-09-21,1,Traveler weight (all regions),Changing sequencing,0.1%,200%,fig_3d,2,1,1.0629
2021-09-22,ZA,464,Omicron BA.1,Community,1.0214431992795212,2021-09-21,1,Traveler weight (all regions),Changing sequencing,1%,200%,fig_3d,2,1,1.0584
2021-09-22,ZA,465,Omicron BA.1,Community,1.0332687580183346,2021-09-21,1,Traveler weight (all regions),Changing sequencing,0.1%,200%,fig_3d,2,1,1.0629
2021-09-22,ZA,465,Omicron BA.1,Community,1.0239600304686196,2021-09-21,1,Traveler weight (all regions),Changing sequencing,1%,200%,fig_3d,2,1,1.0584
2021-09-22,ZA,466,Omicron BA.1,Community,1.0184955979685353,2021-09-21,1,Traveler weight (all regions),Changing sequencing,0.1%,200%,fig_3d,2,1,1.0629
2021-09-22,ZA,466,Omicron BA.1,Community,1.0093199619508006,2021-09-21,1,Traveler weight (all regions),Changing sequencing,1%,200%,fig_3d,2,1,1.0584
2021-09-22,ZA,467,Omicron BA.1,Community,1.0630087699166502,2021-09-21,1,Traveler weight (all regions),Changing sequencing,0.1%,200%,fig_3d,2,1,1.0629
2021-09-22,ZA,467,Omicron BA.1,Community,1.0534321143318153,2021-09-21,1,Traveler weight (all regions),Changing sequencing,1%,200%,fig_3d,2,1,1.0584
2021-09-24,ZA,468,Omicron BA.1,Community,1.112326507569974,2021-09-21,3,Traveler weight (all regions),Changing sequencing,0.1%,200%,fig_3d,2,1,1.0629
2021-09-24,ZA,468,Omicron BA.1,Community,1.1023055480423165,2021-09-21,3,Traveler weight (all regions),Changing sequencing,1%,200%,fig_3d,2,1,1.0584
2021-09-24,ZA,469,Omicron BA.1,Community,1.066945134019059,2021-09-21,3,Traveler weight (all regions),Changing sequencing,0.1%,200%,fig_3d,2,1,1.0629
2021-09-24,ZA,469,Omicron BA.1,Community,1.057333015694563,2021-09-21,3,Traveler weight (all regions),Changing sequencing,1%,200%,fig_3d,2,1,1.0584
2021-09-22,ZA,47,Omicron BA.1,Community,1.0907323159984774,2021-09-21,1,Traveler weight (all regions),Changing sequencing,0.1%,200%,fig_3d,2,1,1.0629
2021-09-22,ZA,47,Omicron BA.1,Community,1.0809058987372295,2021-09-21,1,Traveler weight (all regions),Changing sequencing,1%,200%,fig_3d,2,1,1.0584
2021-09-22,ZA,470,Omicron BA.1,Community,1.037981430033307,2021-09-21,1,Traveler weight (all regions),Changing sequencing,0.1%,200%,fig_3d,2,1,1.0629
2021-09-22,ZA,470,Omicron BA.1,Community,1.028630245978953,2021-09-21,1,Traveler weight (all regions),Changing sequencing,1%,200%,fig_3d,2,1,1.0584
2021-09-22,ZA,471,Omicron BA.1,Community,1.0561483965313594,2021-09-21,1,Traveler weight (all regions),Changing sequencing,0.1%,200%,fig_3d,2,1,1.0629
2021-09-22,ZA,471,Omicron BA.1,Community,1.0466335461121583,2021-09-21,1,Traveler weight (all regions),Changing sequencing,1%,200%,fig_3d,2,1,1.0584
2021-09-22,ZA,472,Omicron BA.1,Community,1.0733270780939124,2021-09-21,1,Traveler weight (all regions),Changing sequencing,0.1%,200%,fig_3d,2,1,1.0629
2021-09-22,ZA,472,Omicron BA.1,Community,1.0636574647777508,2021-09-21,1,Traveler weight (all regions),Changing sequencing,1%,200%,fig_3d,2,1,1.0584
2021-09-22,ZA,473,Omicron BA.1,Community,1.0133501828010631,2021-09-21,1,Traveler weight (all regions),Changing sequencing,0.1%,200%,fig_3d,2,1,1.0629
2021-09-22,ZA,473,Omicron BA.1,Community,1.0042209018749275,2021-09-21,1,Traveler weight (all regions),Changing sequencing,1%,200%,fig_3d,2,1,1.0584
2021-09-22,ZA,474,Omicron BA.1,Community,1.0757415070972862,2021-09-21,1,Traveler weight (all regions),Changing sequencing,0.1%,200%,fig_3d,2,1,1.0629
2021-09-22,ZA,474,Omicron BA.1,Community,1.0660501421684818,2021-09-21,1,Traveler weight (all regions),Changing sequencing,1%,200%,fig_3d,2,1,1.0584
2021-09-22,ZA,475,Omicron BA.1,Community,1.073398356636465,2021-09-21,1,Traveler weight (all regions),Changing sequencing,0.1%,200%,fig_3d,2,1,1.0629
2021-09-22,ZA,475,Omicron BA.1,Community,1.0637281011712718,2021-09-21,1,Traveler weight (all regions),Changing sequencing,1%,200%,fig_3d,2,1,1.0584
2021-09-22,ZA,476,Omicron BA.1,Community,1.1080449850496785,2021-09-21,1,Traveler weight (all regions),Changing sequencing,0.1%,200%,fig_3d,2,1,1.0629
2021-09-22,ZA,476,Omicron BA.1,Community,1.098062597796979,2021-09-21,1,Traveler weight (all regions),Changing sequencing,1%,200%,fig_3d,2,1,1.0584
2021-09-22,ZA,477,Omicron BA.1,Community,1.0006271817517811,2021-09-21,1,Traveler weight (all regions),Changing sequencing,0.1%,200%,fig_3d,2,1,1.0629
2021-09-24,ZA,477,Omicron BA.1,Community,1.175393263830103,2021-09-21,3,Traveler weight (all regions),Changing sequencing,1%,200%,fig_3d,2,1,1.0584
2021-09-22,ZA,478,Omicron BA.1,Community,1.0753995199454056,2021-09-21,1,Traveler weight (all regions),Changing sequencing,0.1%,200%,fig_3d,2,1,1.0629
2021-09-22,ZA,478,Omicron BA.1,Community,1.0657112359819334,2021-09-21,1,Traveler weight (all regions),Changing sequencing,1%,200%,fig_3d,2,1,1.0584
2021-09-22,ZA,479,Omicron BA.1,Community,1.0282840472053534,2021-09-21,1,Traveler weight (all regions),Changing sequencing,0.1%,200%,fig_3d,2,1,1.0629
2021-09-22,ZA,479,Omicron BA.1,Community,1.0190202269602595,2021-09-21,1,Traveler weight (all regions),Changing sequencing,1%,200%,fig_3d,2,1,1.0584
2021-09-24,ZA,48,Omicron BA.1,Community,1.0875267807348599,2021-09-21,3,Traveler weight (all regions),Changing sequencing,0.1%,200%,fig_3d,2,1,1.0629
2021-09-24,ZA,48,Omicron BA.1,Community,1.077729242169681,2021-09-21,3,Traveler weight (all regions),Changing sequencing,1%,200%,fig_3d,2,1,1.0584
2021-09-24,ZA,480,Omicron BA.1,Community,1.039030521888821,2021-09-21,3,Traveler weight (all regions),Changing sequencing,0.1%,200%,fig_3d,2,1,1.0629
2021-09-24,ZA,480,Omicron BA.1,Community,1.029669886556489,2021-09-21,3,Traveler weight (all regions),Changing sequencing,1%,200%,fig_3d,2,1,1.0584
2021-09-22,ZA,481,Omicron BA.1,Community,1.1332960568713217,2021-09-21,1,Traveler weight (all regions),Changing sequencing,0.1%,200%,fig_3d,2,1,1.0629
2021-09-22,ZA,481,Omicron BA.1,Community,1.123086182485094,2021-09-21,1,Traveler weight (all regions),Changing sequencing,1%,200%,fig_3d,2,1,1.0584
2021-09-22,ZA,482,Omicron BA.1,Community,1.063129475374029,2021-09-21,1,Traveler weight (all regions),Changing sequencing,0.1%,200%,fig_3d,2,1,1.0629
2021-09-22,ZA,482,Omicron BA.1,Community,1.053551732352641,2021-09-21,1,Traveler weight (all regions),Changing sequencing,1%,200%,fig_3d,2,1,1.0584
2021-09-22,ZA,483,Omicron BA.1,Community,1.0208871214413557,2021-09-21,1,Traveler weight (all regions),Changing sequencing,0.1%,200%,fig_3d,2,1,1.0629
2021-09-22,ZA,483,Omicron BA.1,Community,1.011689940167109,2021-09-21,1,Traveler weight (all regions),Changing sequencing,1%,200%,fig_3d,2,1,1.0584
2021-09-22,ZA,484,Omicron BA.1,Community,1.0855197400216614,2021-09-21,1,Traveler weight (all regions),Changing sequencing,0.1%,200%,fig_3d,2,1,1.0629
2021-09-22,ZA,484,Omicron BA.1,Community,1.075740282904349,2021-09-21,1,Traveler weight (all regions),Changing sequencing,1%,200%,fig_3d,2,1,1.0584
2021-09-22,ZA,485,Omicron BA.1,Community,1.0906852725188956,2021-09-21,1,Traveler weight (all regions),Changing sequencing,0.1%,200%,fig_3d,2,1,1.0629
2021-09-22,ZA,485,Omicron BA.1,Community,1.0808592790727796,2021-09-21,1,Traveler weight (all regions),Changing sequencing,1%,200%,fig_3d,2,1,1.0584
2021-09-22,ZA,486,Omicron BA.1,Community,1.058434601767118,2021-09-21,1,Traveler weight (all regions),Changing sequencing,0.1%,200%,fig_3d,2,1,1.0629
2021-09-22,ZA,486,Omicron BA.1,Community,1.048899154904351,2021-09-21,1,Traveler weight (all regions),Changing sequencing,1%,200%,fig_3d,2,1,1.0584
2021-09-22,ZA,487,Omicron BA.1,Community,1.0384085452954657,2021-09-21,1,Traveler weight (all regions),Changing sequencing,0.1%,200%,fig_3d,2,1,1.0629
2021-09-22,ZA,487,Omicron BA.1,Community,1.0290535133558667,2021-09-21,1,Traveler weight (all regions),Changing sequencing,1%,200%,fig_3d,2,1,1.0584
2021-09-22,ZA,488,Omicron BA.1,Community,1.0581291595025692,2021-09-21,1,Traveler weight (all regions),Changing sequencing,0.1%,200%,fig_3d,2,1,1.0629
2021-09-22,ZA,488,Omicron BA.1,Community,1.048596464371916,2021-09-21,1,Traveler weight (all regions),Changing sequencing,1%,200%,fig_3d,2,1,1.0584
2021-09-22,ZA,489,Omicron BA.1,Community,1.015847254728388,2021-09-21,1,Traveler weight (all regions),Changing sequencing,0.1%,200%,fig_3d,2,1,1.0629
2021-09-22,ZA,489,Omicron BA.1,Community,1.0066954776587635,2021-09-21,1,Traveler weight (all regions),Changing sequencing,1%,200%,fig_3d,2,1,1.0584
2021-09-22,ZA,49,Omicron BA.1,Community,1.0983509998847267,2021-09-21,1,Traveler weight (all regions),Changing sequencing,0.1%,200%,fig_3d,2,1,1.0629
2021-09-22,ZA,49,Omicron BA.1,Community,1.0884559458317111,2021-09-21,1,Traveler weight (all regions),Changing sequencing,1%,200%,fig_3d,2,1,1.0584
2021-09-22,ZA,490,Omicron BA.1,Community,1.0406538723532555,2021-09-21,1,Traveler weight (all regions),Changing sequencing,0.1%,200%,fig_3d,2,1,1.0629
2021-09-22,ZA,490,Omicron BA.1,Community,1.0312786122419644,2021-09-21,1,Traveler weight (all regions),Changing sequencing,1%,200%,fig_3d,2,1,1.0584
2021-09-22,ZA,491,Omicron BA.1,Community,1.0179849686007654,2021-09-21,1,Traveler weight (all regions),Changing sequencing,0.1%,200%,fig_3d,2,1,1.0629
2021-09-22,ZA,491,Omicron BA.1,Community,1.008813932847605,2021-09-21,1,Traveler weight (all regions),Changing sequencing,1%,200%,fig_3d,2,1,1.0584
2021-09-22,ZA,492,Omicron BA.1,Community,1.0958433862928039,2021-09-21,1,Traveler weight (all regions),Changing sequencing,0.1%,200%,fig_3d,2,1,1.0629
2021-09-22,ZA,492,Omicron BA.1,Community,1.0859709233532289,2021-09-21,1,Traveler weight (all regions),Changing sequencing,1%,200%,fig_3d,2,1,1.0584
2021-09-22,ZA,493,Omicron BA.1,Community,1.0380828120352588,2021-09-21,1,Traveler weight (all regions),Changing sequencing,0.1%,200%,fig_3d,2,1,1.0629
2021-09-22,ZA,493,Omicron BA.1,Community,1.0287307146295357,2021-09-21,1,Traveler weight (all regions),Changing sequencing,1%,200%,fig_3d,2,1,1.0584
2021-09-22,ZA,494,Omicron BA.1,Community,1.0657813346847016,2021-09-21,1,Traveler weight (all regions),Changing sequencing,0.1%,200%,fig_3d,2,1,1.0629
2021-09-22,ZA,494,Omicron BA.1,Community,1.0561797010388934,2021-09-21,1,Traveler weight (all regions),Changing sequencing,1%,200%,fig_3d,2,1,1.0584
2021-09-24,ZA,495,Omicron BA.1,Community,1.1278929638585808,2021-09-21,3,Traveler weight (all regions),Changing sequencing,0.1%,200%,fig_3d,2,1,1.0629
2021-09-24,ZA,495,Omicron BA.1,Community,1.1177317659859807,2021-09-21,3,Traveler weight (all regions),Changing sequencing,1%,200%,fig_3d,2,1,1.0584
2021-09-22,ZA,496,Omicron BA.1,Community,1.0079344020404895,2021-09-21,1,Traveler weight (all regions),Changing sequencing,0.1%,200%,fig_3d,2,1,1.0629
2021-09-24,ZA,496,Omicron BA.1,Community,1.0247029610496443,2021-09-21,3,Traveler weight (all regions),Changing sequencing,1%,200%,fig_3d,2,1,1.0584
2021-09-22,ZA,497,Omicron BA.1,Community,1.09299801966859,2021-09-21,1,Traveler weight (all regions),Changing sequencing,0.1%,200%,fig_3d,2,1,1.0629
2021-09-22,ZA,497,Omicron BA.1,Community,1.0831511906625662,2021-09-21,1,Traveler weight (all regions),Changing sequencing,1%,200%,fig_3d,2,1,1.0584
2021-09-22,ZA,498,Omicron BA.1,Community,1.1282764822588975,2021-09-21,1,Traveler weight (all regions),Changing sequencing,0.1%,200%,fig_3d,2,1,1.0629
2021-09-22,ZA,498,Omicron BA.1,Community,1.1181118292655738,2021-09-21,1,Traveler weight (all regions),Changing sequencing,1%,200%,fig_3d,2,1,1.0584
2021-09-22,ZA,499,Omicron BA.1,Community,1.0883006989942994,2021-09-21,1,Traveler weight (all regions),Changing sequencing,0.1%,200%,fig_3d,2,1,1.0629
2021-09-22,ZA,499,Omicron BA.1,Community,1.0784961881925486,2021-09-21,1,Traveler weight (all regions),Changing sequencing,1%,200%,fig_3d,2,1,1.0584
2021-09-22,ZA,5,Omicron BA.1,Community,1.1057280477689082,2021-09-21,1,Traveler weight (all regions),Changing sequencing,0.1%,200%,fig_3d,2,1,1.0629
2021-09-22,ZA,5,Omicron BA.1,Community,1.0957665338250444,2021-09-21,1,Traveler weight (all regions),Changing sequencing,1%,200%,fig_3d,2,1,1.0584
2021-09-22,ZA,50,Omicron BA.1,Community,1.0281400012849713,2021-09-21,1,Traveler weight (all regions),Changing sequencing,0.1%,200%,fig_3d,2,1,1.0629
2021-09-22,ZA,50,Omicron BA.1,Community,1.018877478750872,2021-09-21,1,Traveler weight (all regions),Changing sequencing,1%,200%,fig_3d,2,1,1.0584
2021-09-22,ZA,500,Omicron BA.1,Community,1.0582727258038664,2021-09-21,1,Traveler weight (all regions),Changing sequencing,0.1%,200%,fig_3d,2,1,1.0629
2021-09-22,ZA,500,Omicron BA.1,Community,1.0487387372831107,2021-09-21,1,Traveler weight (all regions),Changing sequencing,1%,200%,fig_3d,2,1,1.0584
2021-09-22,ZA,501,Omicron BA.1,Community,1.095707881145268,2021-09-21,1,Traveler weight (all regions),Changing sequencing,0.1%,200%,fig_3d,2,1,1.0629
2021-09-22,ZA,501,Omicron BA.1,Community,1.085836638972788,2021-09-21,1,Traveler weight (all regions),Changing sequencing,1%,200%,fig_3d,2,1,1.0584
2021-09-22,ZA,502,Omicron BA.1,Community,1.0710698433781443,2021-09-21,1,Traveler weight (all regions),Changing sequencing,0.1%,200%,fig_3d,2,1,1.0629
2021-09-22,ZA,502,Omicron BA.1,Community,1.0614205655098725,2021-09-21,1,Traveler weight (all regions),Changing sequencing,1%,200%,fig_3d,2,1,1.0584
2021-09-24,ZA,503,Omicron BA.1,Community,1.0671695484888144,2021-09-21,3,Traveler weight (all regions),Changing sequencing,0.1%,200%,fig_3d,2,1,1.0629
2021-09-24,ZA,503,Omicron BA.1,Community,1.0575554084123384,2021-09-21,3,Traveler weight (all regions),Changing sequencing,1%,200%,fig_3d,2,1,1.0584
2021-09-22,ZA,504,Omicron BA.1,Community,1.1432771337120218,2021-09-21,1,Traveler weight (all regions),Changing sequencing,0.1%,200%,fig_3d,2,1,1.0629
2021-09-22,ZA,504,Omicron BA.1,Community,1.1329773397146157,2021-09-21,1,Traveler weight (all regions),Changing sequencing,1%,200%,fig_3d,2,1,1.0584
2021-09-22,ZA,505,Omicron BA.1,Community,1.1180327056283152,2021-09-21,1,Traveler weight (all regions),Changing sequencing,0.1%,200%,fig_3d,2,1,1.0629
2021-09-22,ZA,505,Omicron BA.1,Community,1.107960338910943,2021-09-21,1,Traveler weight (all regions),Changing sequencing,1%,200%,fig_3d,2,1,1.0584
2021-09-22,ZA,506,Omicron BA.1,Community,1.050549414457875,2021-09-21,1,Traveler weight (all regions),Changing sequencing,0.1%,200%,fig_3d,2,1,1.0629
2021-09-22,ZA,506,Omicron BA.1,Community,1.0410850053186154,2021-09-21,1,Traveler weight (all regions),Changing sequencing,1%,200%,fig_3d,2,1,1.0584
2021-09-22,ZA,507,Omicron BA.1,Community,1.0933670687894823,2021-09-21,1,Traveler weight (all regions),Changing sequencing,0.1%,200%,fig_3d,2,1,1.0629
2021-09-22,ZA,507,Omicron BA.1,Community,1.083516915016604,2021-09-21,1,Traveler weight (all regions),Changing sequencing,1%,200%,fig_3d,2,1,1.0584
2021-09-24,ZA,508,Omicron BA.1,Community,1.15543307478524,2021-09-21,3,Traveler weight (all regions),Changing sequencing,0.1%,200%,fig_3d,2,1,1.0629
2021-09-24,ZA,508,Omicron BA.1,Community,1.1450237678051929,2021-09-21,3,Traveler weight (all regions),Changing sequencing,1%,200%,fig_3d,2,1,1.0584
2021-09-22,ZA,509,Omicron BA.1,Community,1.0329253101233062,2021-09-21,1,Traveler weight (all regions),Changing sequencing,0.1%,200%,fig_3d,2,1,1.0629
2021-09-22,ZA,509,Omicron BA.1,Community,1.0236196766987717,2021-09-21,1,Traveler weight (all regions),Changing sequencing,1%,200%,fig_3d,2,1,1.0584
2021-09-22,ZA,51,Omicron BA.1,Community,1.065774630213353,2021-09-21,1,Traveler weight (all regions),Changing sequencing,0.1%,200%,fig_3d,2,1,1.0629
2021-09-22,ZA,51,Omicron BA.1,Community,1.0561730569681875,2021-09-21,1,Traveler weight (all regions),Changing sequencing,1%,200%,fig_3d,2,1,1.0584
2021-09-22,ZA,510,Omicron BA.1,Community,1.1030092709116706,2021-09-21,1,Traveler weight (all regions),Changing sequencing,0.1%,200%,fig_3d,2,1,1.0629
2021-09-22,ZA,510,Omicron BA.1,Community,1.0930722504530073,2021-09-21,1,Traveler weight (all regions),Changing sequencing,1%,200%,fig_3d,2,1,1.0584
2021-09-22,ZA,511,Omicron BA.1,Community,1.1205886554111328,2021-09-21,1,Traveler weight (all regions),Changing sequencing,0.1%,200%,fig_3d,2,1,1.0629
2021-09-22,ZA,511,Omicron BA.1,Community,1.1104932621191401,2021-09-21,1,Traveler weight (all regions),Changing sequencing,1%,200%,fig_3d,2,1,1.0584
2021-09-22,ZA,512,Omicron BA.1,Community,1.0032592446106467,2021-09-21,1,Traveler weight (all regions),Changing sequencing,0.1%,200%,fig_3d,2,1,1.0629
2021-09-24,ZA,512,Omicron BA.1,Community,1.145209972203941,2021-09-21,3,Traveler weight (all regions),Changing sequencing,1%,200%,fig_3d,2,1,1.0584
2021-09-22,ZA,52,Omicron BA.1,Community,1.0085226200494681,2021-09-21,1,Traveler weight (all regions),Changing sequencing,0.1%,200%,fig_3d,2,1,1.0629
2021-09-24,ZA,52,Omicron BA.1,Community,1.059958855682272,2021-09-21,3,Traveler weight (all regions),Changing sequencing,1%,200%,fig_3d,2,1,1.0584
2021-09-22,ZA,53,Omicron BA.1,Community,1.05312797096097,2021-09-21,1,Traveler weight (all regions),Changing sequencing,0.1%,200%,fig_3d,2,1,1.0629
2021-09-22,ZA,53,Omicron BA.1,Community,1.043640331582943,2021-09-21,1,Traveler weight (all regions),Changing sequencing,1%,200%,fig_3d,2,1,1.0584
2021-09-22,ZA,54,Omicron BA.1,Community,1.0233414011303255,2021-09-21,1,Traveler weight (all regions),Changing sequencing,0.1%,200%,fig_3d,2,1,1.0629
2021-09-22,ZA,54,Omicron BA.1,Community,1.0141221092282509,2021-09-21,1,Traveler weight (all regions),Changing sequencing,1%,200%,fig_3d,2,1,1.0584
2021-09-22,ZA,55,Omicron BA.1,Community,1.0505843765695564,2021-09-21,1,Traveler weight (all regions),Changing sequencing,0.1%,200%,fig_3d,2,1,1.0629
2021-09-22,ZA,55,Omicron BA.1,Community,1.0411196524563173,2021-09-21,1,Traveler weight (all regions),Changing sequencing,1%,200%,fig_3d,2,1,1.0584
2021-09-22,ZA,56,Omicron BA.1,Community,1.0458041778032197,2021-09-21,1,Traveler weight (all regions),Changing sequencing,0.1%,200%,fig_3d,2,1,1.0629
2021-09-22,ZA,56,Omicron BA.1,Community,1.036382518543731,2021-09-21,1,Traveler weight (all regions),Changing sequencing,1%,200%,fig_3d,2,1,1.0584
2021-09-22,ZA,57,Omicron BA.1,Community,1.0533799001616664,2021-09-21,1,Traveler weight (all regions),Changing sequencing,0.1%,200%,fig_3d,2,1,1.0629
2021-09-22,ZA,57,Omicron BA.1,Community,1.043889991151201,2021-09-21,1,Traveler weight (all regions),Changing sequencing,1%,200%,fig_3d,2,1,1.0584
2021-09-22,ZA,58,Omicron BA.1,Community,1.113263538727343,2021-09-21,1,Traveler weight (all regions),Changing sequencing,0.1%,200%,fig_3d,2,1,1.0629
2021-09-22,ZA,58,Omicron BA.1,Community,1.103234137477547,2021-09-21,1,Traveler weight (all regions),Changing sequencing,1%,200%,fig_3d,2,1,1.0584
2021-09-22,ZA,59,Omicron BA.1,Community,1.070575264475055,2021-09-21,1,Traveler weight (all regions),Changing sequencing,0.1%,200%,fig_3d,2,1,1.0629
2021-09-22,ZA,59,Omicron BA.1,Community,1.0609304422725767,2021-09-21,1,Traveler weight (all regions),Changing sequencing,1%,200%,fig_3d,2,1,1.0584
2021-09-22,ZA,6,Omicron BA.1,Community,1.0959109884311173,2021-09-21,1,Traveler weight (all regions),Changing sequencing,0.1%,200%,fig_3d,2,1,1.0629
2021-09-22,ZA,6,Omicron BA.1,Community,1.0860379164632694,2021-09-21,1,Traveler weight (all regions),Changing sequencing,1%,200%,fig_3d,2,1,1.0584
2021-09-22,ZA,60,Omicron BA.1,Community,1.0234647455322405,2021-09-21,1,Traveler weight (all regions),Changing sequencing,0.1%,200%,fig_3d,2,1,1.0629
2021-09-22,ZA,60,Omicron BA.1,Community,1.0142443424193373,2021-09-21,1,Traveler weight (all regions),Changing sequencing,1%,200%,fig_3d,2,1,1.0584
2021-09-22,ZA,61,Omicron BA.1,Community,1.095782829416244,2021-09-21,1,Traveler weight (all regions),Changing sequencing,0.1%,200%,fig_3d,2,1,1.0629
2021-09-22,ZA,61,Omicron BA.1,Community,1.0859109120341157,2021-09-21,1,Traveler weight (all regions),Changing sequencing,1%,200%,fig_3d,2,1,1.0584
2021-09-22,ZA,62,Omicron BA.1,Community,1.0657508380041107,2021-09-21,1,Traveler weight (all regions),Changing sequencing,0.1%,200%,fig_3d,2,1,1.0629
2021-09-22,ZA,62,Omicron BA.1,Community,1.056149479103173,2021-09-21,1,Traveler weight (all regions),Changing sequencing,1%,200%,fig_3d,2,1,1.0584
2021-09-24,ZA,63,Omicron BA.1,Community,1.1026143504392034,2021-09-21,3,Traveler weight (all regions),Changing sequencing,0.1%,200%,fig_3d,2,1,1.0629
2021-09-24,ZA,63,Omicron BA.1,Community,1.0926808878226342,2021-09-21,3,Traveler weight (all regions),Changing sequencing,1%,200%,fig_3d,2,1,1.0584
2021-09-22,ZA,64,Omicron BA.1,Community,1.068023074411308,2021-09-21,1,Traveler weight (all regions),Changing sequencing,0.1%,200%,fig_3d,2,1,1.0629
2021-09-22,ZA,64,Omicron BA.1,Community,1.0584012449121063,2021-09-21,1,Traveler weight (all regions),Changing sequencing,1%,200%,fig_3d,2,1,1.0584
2021-09-22,ZA,65,Omicron BA.1,Community,1.0506874709117549,2021-09-21,1,Traveler weight (all regions),Changing sequencing,0.1%,200%,fig_3d,2,1,1.0629
2021-09-22,ZA,65,Omicron BA.1,Community,1.0412218180206585,2021-09-21,1,Traveler weight (all regions),Changing sequencing,1%,200%,fig_3d,2,1,1.0584
2021-09-22,ZA,66,Omicron BA.1,Community,1.0258869061759373,2021-09-21,1,Traveler weight (all regions),Changing sequencing,0.1%,200%,fig_3d,2,1,1.0629
2021-09-22,ZA,66,Omicron BA.1,Community,1.016644681795974,2021-09-21,1,Traveler weight (all regions),Changing sequencing,1%,200%,fig_3d,2,1,1.0584
2021-09-22,ZA,67,Omicron BA.1,Community,1.048322366678453,2021-09-21,1,Traveler weight (all regions),Changing sequencing,0.1%,200%,fig_3d,2,1,1.0629
2021-09-22,ZA,67,Omicron BA.1,Community,1.0388780210327013,2021-09-21,1,Traveler weight (all regions),Changing sequencing,1%,200%,fig_3d,2,1,1.0584
2021-09-22,ZA,68,Omicron BA.1,Community,1.0807651230726474,2021-09-21,1,Traveler weight (all regions),Changing sequencing,0.1%,200%,fig_3d,2,1,1.0629
2021-09-22,ZA,68,Omicron BA.1,Community,1.0710285003422635,2021-09-21,1,Traveler weight (all regions),Changing sequencing,1%,200%,fig_3d,2,1,1.0584
2021-09-24,ZA,69,Omicron BA.1,Community,1.1603517514352235,2021-09-21,3,Traveler weight (all regions),Changing sequencing,0.1%,200%,fig_3d,2,1,1.0629
2021-09-24,ZA,69,Omicron BA.1,Community,1.1498981320529245,2021-09-21,3,Traveler weight (all regions),Changing sequencing,1%,200%,fig_3d,2,1,1.0584
2021-09-22,ZA,7,Omicron BA.1,Community,1.0934846990874345,2021-09-21,1,Traveler weight (all regions),Changing sequencing,0.1%,200%,fig_3d,2,1,1.0629
2021-09-22,ZA,7,Omicron BA.1,Community,1.083633485582142,2021-09-21,1,Traveler weight (all regions),Changing sequencing,1%,200%,fig_3d,2,1,1.0584
2021-09-22,ZA,70,Omicron BA.1,Community,1.0608188396842964,2021-09-21,1,Traveler weight (all regions),Changing sequencing,0.1%,200%,fig_3d,2,1,1.0629
2021-09-22,ZA,70,Omicron BA.1,Community,1.051261913200654,2021-09-21,1,Traveler weight (all regions),Changing sequencing,1%,200%,fig_3d,2,1,1.0584
2021-09-22,ZA,71,Omicron BA.1,Community,1.0457062461683442,2021-09-21,1,Traveler weight (all regions),Changing sequencing,0.1%,200%,fig_3d,2,1,1.0629
2021-09-22,ZA,71,Omicron BA.1,Community,1.0362854691758363,2021-09-21,1,Traveler weight (all regions),Changing sequencing,1%,200%,fig_3d,2,1,1.0584
2021-09-22,ZA,72,Omicron BA.1,Community,1.0782507673866932,2021-09-21,1,Traveler weight (all regions),Changing sequencing,0.1%,200%,fig_3d,2,1,1.0629
2021-09-22,ZA,72,Omicron BA.1,Community,1.0685367965093355,2021-09-21,1,Traveler weight (all regions),Changing sequencing,1%,200%,fig_3d,2,1,1.0584
2021-09-22,ZA,73,Omicron BA.1,Community,1.0655864850482781,2021-09-21,1,Traveler weight (all regions),Changing sequencing,0.1%,200%,fig_3d,2,1,1.0629
2021-09-22,ZA,73,Omicron BA.1,Community,1.0559866068046002,2021-09-21,1,Traveler weight (all regions),Changing sequencing,1%,200%,fig_3d,2,1,1.0584
2021-09-22,ZA,74,Omicron BA.1,Community,1.030806173695861,2021-09-21,1,Traveler weight (all regions),Changing sequencing,0.1%,200%,fig_3d,2,1,1.0629
2021-09-22,ZA,74,Omicron BA.1,Community,1.0215196315904929,2021-09-21,1,Traveler weight (all regions),Changing sequencing,1%,200%,fig_3d,2,1,1.0584
2021-09-22,ZA,75,Omicron BA.1,Community,1.0332876522642298,2021-09-21,1,Traveler weight (all regions),Changing sequencing,0.1%,200%,fig_3d,2,1,1.0629
2021-09-22,ZA,75,Omicron BA.1,Community,1.023978754496084,2021-09-21,1,Traveler weight (all regions),Changing sequencing,1%,200%,fig_3d,2,1,1.0584
2021-09-24,ZA,76,Omicron BA.1,Community,1.0621054879561178,2021-09-21,3,Traveler weight (all regions),Changing sequencing,0.1%,200%,fig_3d,2,1,1.0629
2021-09-24,ZA,76,Omicron BA.1,Community,1.0525369700466036,2021-09-21,3,Traveler weight (all regions),Changing sequencing,1%,200%,fig_3d,2,1,1.0584
2021-09-24,ZA,77,Omicron BA.1,Community,1.1448353510716867,2021-09-21,3,Traveler weight (all regions),Changing sequencing,0.1%,200%,fig_3d,2,1,1.0629
2021-09-24,ZA,77,Omicron BA.1,Community,1.13452151908005,2021-09-21,3,Traveler weight (all regions),Changing sequencing,1%,200%,fig_3d,2,1,1.0584
2021-09-22,ZA,78,Omicron BA.1,Community,1.0508107202171793,2021-09-21,1,Traveler weight (all regions),Changing sequencing,0.1%,200%,fig_3d,2,1,1.0629
2021-09-22,ZA,78,Omicron BA.1,Community,1.0413439569719791,2021-09-21,1,Traveler weight (all regions),Changing sequencing,1%,200%,fig_3d,2,1,1.0584
2021-09-24,ZA,79,Omicron BA.1,Community,1.1403827210983863,2021-09-21,3,Traveler weight (all regions),Changing sequencing,0.1%,200%,fig_3d,2,1,1.0629
2021-09-24,ZA,79,Omicron BA.1,Community,1.1301090028902927,2021-09-21,3,Traveler weight (all regions),Changing sequencing,1%,200%,fig_3d,2,1,1.0584
2021-09-22,ZA,8,Omicron BA.1,Community,1.0204914369853262,2021-09-21,1,Traveler weight (all regions),Changing sequencing,0.1%,200%,fig_3d,2,1,1.0629
2021-09-22,ZA,8,Omicron BA.1,Community,1.0112978204359087,2021-09-21,1,Traveler weight (all regions),Changing sequencing,1%,200%,fig_3d,2,1,1.0584
2021-09-22,ZA,80,Omicron BA.1,Community,1.0456059959823227,2021-09-21,1,Traveler weight (all regions),Changing sequencing,0.1%,200%,fig_3d,2,1,1.0629
2021-09-22,ZA,80,Omicron BA.1,Community,1.036186122144644,2021-09-21,1,Traveler weight (all regions),Changing sequencing,1%,200%,fig_3d,2,1,1.0584
2021-09-22,ZA,81,Omicron BA.1,Community,1.0355942177777437,2021-09-21,1,Traveler weight (all regions),Changing sequencing,0.1%,200%,fig_3d,2,1,1.0629
2021-09-22,ZA,81,Omicron BA.1,Community,1.0262645401401067,2021-09-21,1,Traveler weight (all regions),Changing sequencing,1%,200%,fig_3d,2,1,1.0584
2021-09-22,ZA,82,Omicron BA.1,Community,1.1107256437023951,2021-09-21,1,Traveler weight (all regions),Changing sequencing,0.1%,200%,fig_3d,2,1,1.0629
2021-09-22,ZA,82,Omicron BA.1,Community,1.1007191063717428,2021-09-21,1,Traveler weight (all regions),Changing sequencing,1%,200%,fig_3d,2,1,1.0584
2021-09-22,ZA,83,Omicron BA.1,Community,1.0535402778275202,2021-09-21,1,Traveler weight (all regions),Changing sequencing,0.1%,200%,fig_3d,2,1,1.0629
2021-09-22,ZA,83,Omicron BA.1,Community,1.0440489239732178,2021-09-21,1,Traveler weight (all regions),Changing sequencing,1%,200%,fig_3d,2,1,1.0584
2021-09-22,ZA,84,Omicron BA.1,Community,1.0904656964711779,2021-09-21,1,Traveler weight (all regions),Changing sequencing,0.1%,200%,fig_3d,2,1,1.0629
2021-09-22,ZA,84,Omicron BA.1,Community,1.0806416811876536,2021-09-21,1,Traveler weight (all regions),Changing sequencing,1%,200%,fig_3d,2,1,1.0584
2021-09-22,ZA,85,Omicron BA.1,Community,1.0106787430951696,2021-09-21,1,Traveler weight (all regions),Changing sequencing,0.1%,200%,fig_3d,2,1,1.0629
2021-09-22,ZA,85,Omicron BA.1,Community,1.0015735291934111,2021-09-21,1,Traveler weight (all regions),Changing sequencing,1%,200%,fig_3d,2,1,1.0584
2021-09-22,ZA,86,Omicron BA.1,Community,1.0412780999874343,2021-09-21,1,Traveler weight (all regions),Changing sequencing,0.1%,200%,fig_3d,2,1,1.0629
2021-09-22,ZA,86,Omicron BA.1,Community,1.0318972162037638,2021-09-21,1,Traveler weight (all regions),Changing sequencing,1%,200%,fig_3d,2,1,1.0584
2021-09-22,ZA,87,Omicron BA.1,Community,1.0931153038169548,2021-09-21,1,Traveler weight (all regions),Changing sequencing,0.1%,200%,fig_3d,2,1,1.0629
2021-09-22,ZA,87,Omicron BA.1,Community,1.0832674181969824,2021-09-21,1,Traveler weight (all regions),Changing sequencing,1%,200%,fig_3d,2,1,1.0584
2021-09-22,ZA,88,Omicron BA.1,Community,1.1055450541260956,2021-09-21,1,Traveler weight (all regions),Changing sequencing,0.1%,200%,fig_3d,2,1,1.0629
2021-09-22,ZA,88,Omicron BA.1,Community,1.0955851887736079,2021-09-21,1,Traveler weight (all regions),Changing sequencing,1%,200%,fig_3d,2,1,1.0584
2021-09-22,ZA,89,Omicron BA.1,Community,1.013239760720193,2021-09-21,1,Traveler weight (all regions),Changing sequencing,0.1%,200%,fig_3d,2,1,1.0629
2021-09-22,ZA,89,Omicron BA.1,Community,1.0041114745875788,2021-09-21,1,Traveler weight (all regions),Changing sequencing,1%,200%,fig_3d,2,1,1.0584
2021-09-22,ZA,9,Omicron BA.1,Community,1.0881771989290676,2021-09-21,1,Traveler weight (all regions),Changing sequencing,0.1%,200%,fig_3d,2,1,1.0629
2021-09-22,ZA,9,Omicron BA.1,Community,1.078373800740517,2021-09-21,1,Traveler weight (all regions),Changing sequencing,1%,200%,fig_3d,2,1,1.0584
2021-09-22,ZA,90,Omicron BA.1,Community,1.123361555999719,2021-09-21,1,Traveler weight (all regions),Changing sequencing,0.1%,200%,fig_3d,2,1,1.0629
2021-09-22,ZA,90,Omicron BA.1,Community,1.113241181621343,2021-09-21,1,Traveler weight (all regions),Changing sequencing,1%,200%,fig_3d,2,1,1.0584
2021-09-24,ZA,91,Omicron BA.1,Community,1.0489986237995559,2021-09-21,3,Traveler weight (all regions),Changing sequencing,0.1%,200%,fig_3d,2,1,1.0629
2021-09-24,ZA,91,Omicron BA.1,Community,1.0395481857473077,2021-09-21,3,Traveler weight (all regions),Changing sequencing,1%,200%,fig_3d,2,1,1.0584
2021-09-22,ZA,92,Omicron BA.1,Community,1.0658971707690785,2021-09-21,1,Traveler weight (all regions),Changing sequencing,0.1%,200%,fig_3d,2,1,1.0629
2021-09-22,ZA,92,Omicron BA.1,Community,1.0562944935549428,2021-09-21,1,Traveler weight (all regions),Changing sequencing,1%,200%,fig_3d,2,1,1.0584
2021-09-22,ZA,93,Omicron BA.1,Community,1.0281647161171272,2021-09-21,1,Traveler weight (all regions),Changing sequencing,0.1%,200%,fig_3d,2,1,1.0629
2021-09-22,ZA,93,Omicron BA.1,Community,1.018901970926883,2021-09-21,1,Traveler weight (all regions),Changing sequencing,1%,200%,fig_3d,2,1,1.0584
2021-09-22,ZA,94,Omicron BA.1,Community,1.080808167733378,2021-09-21,1,Traveler weight (all regions),Changing sequencing,0.1%,200%,fig_3d,2,1,1.0629
2021-09-22,ZA,94,Omicron BA.1,Community,1.0710711572132576,2021-09-21,1,Traveler weight (all regions),Changing sequencing,1%,200%,fig_3d,2,1,1.0584
2021-09-22,ZA,95,Omicron BA.1,Community,1.0306426916857663,2021-09-21,1,Traveler weight (all regions),Changing sequencing,0.1%,200%,fig_3d,2,1,1.0629
2021-09-22,ZA,95,Omicron BA.1,Community,1.0213576223912997,2021-09-21,1,Traveler weight (all regions),Changing sequencing,1%,200%,fig_3d,2,1,1.0584
2021-09-22,ZA,96,Omicron BA.1,Community,1.1382531725776468,2021-09-21,1,Traveler weight (all regions),Changing sequencing,0.1%,200%,fig_3d,2,1,1.0629
2021-09-22,ZA,96,Omicron BA.1,Community,1.127998639491361,2021-09-21,1,Traveler weight (all regions),Changing sequencing,1%,200%,fig_3d,2,1,1.0584
2021-09-22,ZA,97,Omicron BA.1,Community,1.0286485472571718,2021-09-21,1,Traveler weight (all regions),Changing sequencing,0.1%,200%,fig_3d,2,1,1.0629
2021-09-22,ZA,97,Omicron BA.1,Community,1.0193814432278279,2021-09-21,1,Traveler weight (all regions),Changing sequencing,1%,200%,fig_3d,2,1,1.0584
2021-09-22,ZA,98,Omicron BA.1,Community,1.0156547495255257,2021-09-21,1,Traveler weight (all regions),Changing sequencing,0.1%,200%,fig_3d,2,1,1.0629
2021-09-22,ZA,98,Omicron BA.1,Community,1.0065047067370079,2021-09-21,1,Traveler weight (all regions),Changing sequencing,1%,200%,fig_3d,2,1,1.0584
2021-09-22,ZA,99,Omicron BA.1,Community,1.0057788412224975,2021-09-21,1,Traveler weight (all regions),Changing sequencing,0.1%,200%,fig_3d,2,1,1.0629
2021-09-24,ZA,99,Omicron BA.1,Community,1.0700228508752136,2021-09-21,3,Traveler weight (all regions),Changing sequencing,1%,200%,fig_3d,2,1,1.0584
