date,unitname,id_sim,variant,case_type,value,date_intro,lag,params_1,params_2,parval_1,parval_2,fig,parval_2_new,lag_median,value_median
2021-12-01,ZA,1,Omicron BA.2,Community,1.113461352138998,2021-11-08,23,Traveler weight (travel hubs),Strategies (total),50%,T11-R,fig_3f,T11-R^0,17,1.0547
2021-12-01,ZA,1,Omicron BA.2,Community,1.113461352138998,2021-11-08,23,Traveler weight (travel hubs),Strategies (total),70%,T3-R,fig_3f,T3-R^0,17,1.0872
2021-12-01,ZA,1,Omicron BA.2,Community,1.113461352138998,2021-11-08,23,Traveler weight (travel hubs),Strategies (total),70%,T7-R,fig_3f,T7-R^0,17,1.0872
2021-12-01,ZA,1,Omicron BA.2,Community,1.113461352138998,2021-11-08,23,Traveler weight (travel hubs),Strategies (total),70%,T11-R,fig_3f,T11-R^0,17,1.0367
2021-12-01,ZA,1,Omicron BA.2,Community,1.113461352138998,2021-11-08,23,Traveler weight (travel hubs),Strategies (total),90%,T3-R,fig_3f,T3-R^0,17,1.083
2021-12-01,ZA,1,Omicron BA.2,Community,1.113461352138998,2021-11-08,23,Traveler weight (travel hubs),Strategies (total),90%,T7-R,fig_3f,T7-R^0,17,1.083
2021-12-01,ZA,1,Omicron BA.2,Community,1.113461352138998,2021-11-08,23,Traveler weight (travel hubs),Strategies (total),90%,T11-R,fig_3f,T11-R^0,17,1.0329
2021-12-01,ZA,1,Omicron BA.2,Community,1.113461352138998,2021-11-08,23,Traveler weight (travel hubs),Strategies (total),100%,T3-R,fig_3f,T3-R^0,17,1.081
2021-12-01,ZA,1,Omicron BA.2,Community,1.113461352138998,2021-11-08,23,Traveler weight (travel hubs),Strategies (total),100%,T7-R,fig_3f,T7-R^0,17,1.081
2021-12-01,ZA,1,Omicron BA.2,Community,1.113461352138998,2021-11-08,23,Traveler weight (travel hubs),Strategies (total),100%,T11-R,fig_3f,T11-R^0,17,1.0298
2021-12-03,US,1,Omicron BA.2,Imported,1,2021-11-08,25,Traveler weight (travel hubs),Strategies (total),100%,T11-M,fig_3f,T11-R^90,17,1
2021-11-28,US,10,Omicron BA.2,Imported,1,2021-11-08,20,Traveler weight (travel hubs),Strategies (total),50%,T11-R,fig_3f,T11-R^0,17,1.0547
2021-11-28,US,10,Omicron BA.2,Imported,1,2021-11-08,20,Traveler weight (travel hubs),Strategies (total),70%,T3-R,fig_3f,T3-R^0,17,1.0872
2021-11-28,US,10,Omicron BA.2,Imported,1,2021-11-08,20,Traveler weight (travel hubs),Strategies (total),70%,T7-R,fig_3f,T7-R^0,17,1.0872
2021-11-28,US,10,Omicron BA.2,Imported,1,2021-11-08,20,Traveler weight (travel hubs),Strategies (total),70%,T11-R,fig_3f,T11-R^0,17,1.0367
2021-11-28,US,10,Omicron BA.2,Imported,1,2021-11-08,20,Traveler weight (travel hubs),Strategies (total),90%,T3-R,fig_3f,T3-R^0,17,1.083
2021-11-28,US,10,Omicron BA.2,Imported,1,2021-11-08,20,Traveler weight (travel hubs),Strategies (total),90%,T7-R,fig_3f,T7-R^0,17,1.083
2021-11-28,US,10,Omicron BA.2,Imported,1,2021-11-08,20,Traveler weight (travel hubs),Strategies (total),90%,T11-R,fig_3f,T11-R^0,17,1.0329
2021-11-28,US,10,Omicron BA.2,Imported,1,2021-11-08,20,Traveler weight (travel hubs),Strategies (total),100%,T3-R,fig_3f,T3-R^0,17,1.081
2021-11-28,US,10,Omicron BA.2,Imported,1,2021-11-08,20,Traveler weight (travel hubs),Strategies (total),100%,T7-R,fig_3f,T7-R^0,17,1.081
2021-11-28,US,10,Omicron BA.2,Imported,1,2021-11-08,20,Traveler weight (travel hubs),Strategies (total),100%,T11-R,fig_3f,T11-R^0,17,1.0298
2021-11-28,US,10,Omicron BA.2,Imported,1,2021-11-08,20,Traveler weight (travel hubs),Strategies (total),100%,T11-M,fig_3f,T11-R^90,17,1
2021-11-17,US,100,Omicron BA.2,Imported,1,2021-11-08,9,Traveler weight (travel hubs),Strategies (total),50%,T11-R,fig_3f,T11-R^0,17,1.0547
2021-11-17,US,100,Omicron BA.2,Imported,1,2021-11-08,9,Traveler weight (travel hubs),Strategies (total),70%,T3-R,fig_3f,T3-R^0,17,1.0872
2021-11-17,US,100,Omicron BA.2,Imported,1,2021-11-08,9,Traveler weight (travel hubs),Strategies (total),70%,T7-R,fig_3f,T7-R^0,17,1.0872
2021-11-17,US,100,Omicron BA.2,Imported,1,2021-11-08,9,Traveler weight (travel hubs),Strategies (total),70%,T11-R,fig_3f,T11-R^0,17,1.0367
2021-11-17,US,100,Omicron BA.2,Imported,1,2021-11-08,9,Traveler weight (travel hubs),Strategies (total),90%,T3-R,fig_3f,T3-R^0,17,1.083
2021-11-17,US,100,Omicron BA.2,Imported,1,2021-11-08,9,Traveler weight (travel hubs),Strategies (total),90%,T7-R,fig_3f,T7-R^0,17,1.083
2021-11-17,US,100,Omicron BA.2,Imported,1,2021-11-08,9,Traveler weight (travel hubs),Strategies (total),90%,T11-R,fig_3f,T11-R^0,17,1.0329
2021-11-17,US,100,Omicron BA.2,Imported,1,2021-11-08,9,Traveler weight (travel hubs),Strategies (total),100%,T3-R,fig_3f,T3-R^0,17,1.081
2021-11-17,US,100,Omicron BA.2,Imported,1,2021-11-08,9,Traveler weight (travel hubs),Strategies (total),100%,T7-R,fig_3f,T7-R^0,17,1.081
2021-11-17,US,100,Omicron BA.2,Imported,1,2021-11-08,9,Traveler weight (travel hubs),Strategies (total),100%,T11-R,fig_3f,T11-R^0,17,1.0298
2021-11-17,US,100,Omicron BA.2,Imported,1,2021-11-08,9,Traveler weight (travel hubs),Strategies (total),100%,T11-M,fig_3f,T11-R^90,17,1
2021-11-22,ZA,101,Omicron BA.2,Community,1.0067151555975236,2021-11-08,14,Traveler weight (travel hubs),Strategies (total),50%,T11-R,fig_3f,T11-R^0,17,1.0547
2021-11-22,ZA,101,Omicron BA.2,Community,1.0067151555975236,2021-11-08,14,Traveler weight (travel hubs),Strategies (total),70%,T3-R,fig_3f,T3-R^0,17,1.0872
2021-11-22,ZA,101,Omicron BA.2,Community,1.0067151555975236,2021-11-08,14,Traveler weight (travel hubs),Strategies (total),70%,T7-R,fig_3f,T7-R^0,17,1.0872
2021-11-22,ZA,101,Omicron BA.2,Community,1.0067151555975236,2021-11-08,14,Traveler weight (travel hubs),Strategies (total),70%,T11-R,fig_3f,T11-R^0,17,1.0367
2021-11-22,ZA,101,Omicron BA.2,Community,1.0067151555975236,2021-11-08,14,Traveler weight (travel hubs),Strategies (total),90%,T3-R,fig_3f,T3-R^0,17,1.083
2021-11-22,ZA,101,Omicron BA.2,Community,1.0067151555975236,2021-11-08,14,Traveler weight (travel hubs),Strategies (total),90%,T7-R,fig_3f,T7-R^0,17,1.083
2021-11-22,ZA,101,Omicron BA.2,Community,1.0067151555975236,2021-11-08,14,Traveler weight (travel hubs),Strategies (total),90%,T11-R,fig_3f,T11-R^0,17,1.0329
2021-11-22,ZA,101,Omicron BA.2,Community,1.0067151555975236,2021-11-08,14,Traveler weight (travel hubs),Strategies (total),100%,T3-R,fig_3f,T3-R^0,17,1.081
2021-11-22,ZA,101,Omicron BA.2,Community,1.0067151555975236,2021-11-08,14,Traveler weight (travel hubs),Strategies (total),100%,T7-R,fig_3f,T7-R^0,17,1.081
2021-11-22,ZA,101,Omicron BA.2,Community,1.0067151555975236,2021-11-08,14,Traveler weight (travel hubs),Strategies (total),100%,T11-R,fig_3f,T11-R^0,17,1.0298
2021-11-22,TR,101,Omicron BA.2,Imported,1.1379133721960772,2021-11-08,14,Traveler weight (travel hubs),Strategies (total),100%,T11-M,fig_3f,T11-R^90,17,1
2021-11-25,IN,102,Omicron BA.2,Imported,1,2021-11-08,17,Traveler weight (travel hubs),Strategies (total),50%,T11-R,fig_3f,T11-R^0,17,1.0547
2021-11-26,ZA,102,Omicron BA.2,Community,1.4915209635156885,2021-11-08,18,Traveler weight (travel hubs),Strategies (total),70%,T3-R,fig_3f,T3-R^0,17,1.0872
2021-11-26,ZA,102,Omicron BA.2,Community,1.4915209635156885,2021-11-08,18,Traveler weight (travel hubs),Strategies (total),70%,T7-R,fig_3f,T7-R^0,17,1.0872
2021-11-25,IN,102,Omicron BA.2,Imported,1,2021-11-08,17,Traveler weight (travel hubs),Strategies (total),70%,T11-R,fig_3f,T11-R^0,17,1.0367
2021-11-26,ZA,102,Omicron BA.2,Community,1.4915209635156885,2021-11-08,18,Traveler weight (travel hubs),Strategies (total),90%,T3-R,fig_3f,T3-R^0,17,1.083
2021-11-26,ZA,102,Omicron BA.2,Community,1.4915209635156885,2021-11-08,18,Traveler weight (travel hubs),Strategies (total),90%,T7-R,fig_3f,T7-R^0,17,1.083
2021-11-25,IN,102,Omicron BA.2,Imported,1,2021-11-08,17,Traveler weight (travel hubs),Strategies (total),90%,T11-R,fig_3f,T11-R^0,17,1.0329
2021-11-26,ZA,102,Omicron BA.2,Community,1.4915209635156885,2021-11-08,18,Traveler weight (travel hubs),Strategies (total),100%,T3-R,fig_3f,T3-R^0,17,1.081
2021-11-26,ZA,102,Omicron BA.2,Community,1.4915209635156885,2021-11-08,18,Traveler weight (travel hubs),Strategies (total),100%,T7-R,fig_3f,T7-R^0,17,1.081
2021-11-25,IN,102,Omicron BA.2,Imported,1,2021-11-08,17,Traveler weight (travel hubs),Strategies (total),100%,T11-R,fig_3f,T11-R^0,17,1.0298
2021-11-25,IN,102,Omicron BA.2,Imported,1,2021-11-08,17,Traveler weight (travel hubs),Strategies (total),100%,T11-M,fig_3f,T11-R^90,17,1
2021-11-18,US,103,Omicron BA.2,Imported,1,2021-11-08,10,Traveler weight (travel hubs),Strategies (total),50%,T11-R,fig_3f,T11-R^0,17,1.0547
2021-11-18,US,103,Omicron BA.2,Imported,1,2021-11-08,10,Traveler weight (travel hubs),Strategies (total),70%,T3-R,fig_3f,T3-R^0,17,1.0872
2021-11-18,US,103,Omicron BA.2,Imported,1,2021-11-08,10,Traveler weight (travel hubs),Strategies (total),70%,T7-R,fig_3f,T7-R^0,17,1.0872
2021-11-18,US,103,Omicron BA.2,Imported,1,2021-11-08,10,Traveler weight (travel hubs),Strategies (total),70%,T11-R,fig_3f,T11-R^0,17,1.0367
2021-11-18,US,103,Omicron BA.2,Imported,1,2021-11-08,10,Traveler weight (travel hubs),Strategies (total),90%,T3-R,fig_3f,T3-R^0,17,1.083
2021-11-18,US,103,Omicron BA.2,Imported,1,2021-11-08,10,Traveler weight (travel hubs),Strategies (total),90%,T7-R,fig_3f,T7-R^0,17,1.083
2021-11-18,US,103,Omicron BA.2,Imported,1,2021-11-08,10,Traveler weight (travel hubs),Strategies (total),90%,T11-R,fig_3f,T11-R^0,17,1.0329
2021-11-18,US,103,Omicron BA.2,Imported,1,2021-11-08,10,Traveler weight (travel hubs),Strategies (total),100%,T3-R,fig_3f,T3-R^0,17,1.081
2021-11-18,US,103,Omicron BA.2,Imported,1,2021-11-08,10,Traveler weight (travel hubs),Strategies (total),100%,T7-R,fig_3f,T7-R^0,17,1.081
2021-11-18,US,103,Omicron BA.2,Imported,1,2021-11-08,10,Traveler weight (travel hubs),Strategies (total),100%,T11-R,fig_3f,T11-R^0,17,1.0298
2021-11-18,US,103,Omicron BA.2,Imported,1,2021-11-08,10,Traveler weight (travel hubs),Strategies (total),100%,T11-M,fig_3f,T11-R^90,17,1
2021-11-25,ZA,104,Omicron BA.2,Community,1.0520562574365433,2021-11-08,17,Traveler weight (travel hubs),Strategies (total),50%,T11-R,fig_3f,T11-R^0,17,1.0547
2021-11-25,ZA,104,Omicron BA.2,Community,1.0520562574365433,2021-11-08,17,Traveler weight (travel hubs),Strategies (total),70%,T3-R,fig_3f,T3-R^0,17,1.0872
2021-11-25,ZA,104,Omicron BA.2,Community,1.0520562574365433,2021-11-08,17,Traveler weight (travel hubs),Strategies (total),70%,T7-R,fig_3f,T7-R^0,17,1.0872
2021-11-25,ZA,104,Omicron BA.2,Community,1.0520562574365433,2021-11-08,17,Traveler weight (travel hubs),Strategies (total),70%,T11-R,fig_3f,T11-R^0,17,1.0367
2021-11-25,ZA,104,Omicron BA.2,Community,1.0520562574365433,2021-11-08,17,Traveler weight (travel hubs),Strategies (total),90%,T3-R,fig_3f,T3-R^0,17,1.083
2021-11-25,ZA,104,Omicron BA.2,Community,1.0520562574365433,2021-11-08,17,Traveler weight (travel hubs),Strategies (total),90%,T7-R,fig_3f,T7-R^0,17,1.083
2021-11-25,ZA,104,Omicron BA.2,Community,1.0520562574365433,2021-11-08,17,Traveler weight (travel hubs),Strategies (total),90%,T11-R,fig_3f,T11-R^0,17,1.0329
2021-11-25,ZA,104,Omicron BA.2,Community,1.0520562574365433,2021-11-08,17,Traveler weight (travel hubs),Strategies (total),100%,T3-R,fig_3f,T3-R^0,17,1.081
2021-11-25,ZA,104,Omicron BA.2,Community,1.0520562574365433,2021-11-08,17,Traveler weight (travel hubs),Strategies (total),100%,T7-R,fig_3f,T7-R^0,17,1.081
2021-11-25,ZA,104,Omicron BA.2,Community,1.0520562574365433,2021-11-08,17,Traveler weight (travel hubs),Strategies (total),100%,T11-R,fig_3f,T11-R^0,17,1.0298
2021-12-08,IN,104,Omicron BA.2,Imported,1,2021-11-08,30,Traveler weight (travel hubs),Strategies (total),100%,T11-M,fig_3f,T11-R^90,17,1
2021-11-25,US,105,Omicron BA.2,Imported,1,2021-11-08,17,Traveler weight (travel hubs),Strategies (total),50%,T11-R,fig_3f,T11-R^0,17,1.0547
2021-11-25,US,105,Omicron BA.2,Imported,1,2021-11-08,17,Traveler weight (travel hubs),Strategies (total),70%,T3-R,fig_3f,T3-R^0,17,1.0872
2021-11-25,US,105,Omicron BA.2,Imported,1,2021-11-08,17,Traveler weight (travel hubs),Strategies (total),70%,T7-R,fig_3f,T7-R^0,17,1.0872
2021-11-25,US,105,Omicron BA.2,Imported,1,2021-11-08,17,Traveler weight (travel hubs),Strategies (total),70%,T11-R,fig_3f,T11-R^0,17,1.0367
2021-11-25,US,105,Omicron BA.2,Imported,1,2021-11-08,17,Traveler weight (travel hubs),Strategies (total),90%,T3-R,fig_3f,T3-R^0,17,1.083
2021-11-25,US,105,Omicron BA.2,Imported,1,2021-11-08,17,Traveler weight (travel hubs),Strategies (total),90%,T7-R,fig_3f,T7-R^0,17,1.083
2021-11-25,US,105,Omicron BA.2,Imported,1,2021-11-08,17,Traveler weight (travel hubs),Strategies (total),90%,T11-R,fig_3f,T11-R^0,17,1.0329
2021-11-25,US,105,Omicron BA.2,Imported,1,2021-11-08,17,Traveler weight (travel hubs),Strategies (total),100%,T3-R,fig_3f,T3-R^0,17,1.081
2021-11-25,US,105,Omicron BA.2,Imported,1,2021-11-08,17,Traveler weight (travel hubs),Strategies (total),100%,T7-R,fig_3f,T7-R^0,17,1.081
2021-11-25,US,105,Omicron BA.2,Imported,1,2021-11-08,17,Traveler weight (travel hubs),Strategies (total),100%,T11-R,fig_3f,T11-R^0,17,1.0298
2021-11-25,US,105,Omicron BA.2,Imported,1,2021-11-08,17,Traveler weight (travel hubs),Strategies (total),100%,T11-M,fig_3f,T11-R^90,17,1
2021-11-21,IN,106,Omicron BA.2,Imported,1,2021-11-08,13,Traveler weight (travel hubs),Strategies (total),50%,T11-R,fig_3f,T11-R^0,17,1.0547
2021-11-28,ZA,106,Omicron BA.2,Community,1.033875326385426,2021-11-08,20,Traveler weight (travel hubs),Strategies (total),70%,T3-R,fig_3f,T3-R^0,17,1.0872
2021-11-28,ZA,106,Omicron BA.2,Community,1.033875326385426,2021-11-08,20,Traveler weight (travel hubs),Strategies (total),70%,T7-R,fig_3f,T7-R^0,17,1.0872
2021-11-21,IN,106,Omicron BA.2,Imported,1,2021-11-08,13,Traveler weight (travel hubs),Strategies (total),70%,T11-R,fig_3f,T11-R^0,17,1.0367
2021-11-28,ZA,106,Omicron BA.2,Community,1.033875326385426,2021-11-08,20,Traveler weight (travel hubs),Strategies (total),90%,T3-R,fig_3f,T3-R^0,17,1.083
2021-11-28,ZA,106,Omicron BA.2,Community,1.033875326385426,2021-11-08,20,Traveler weight (travel hubs),Strategies (total),90%,T7-R,fig_3f,T7-R^0,17,1.083
2021-11-21,IN,106,Omicron BA.2,Imported,1,2021-11-08,13,Traveler weight (travel hubs),Strategies (total),90%,T11-R,fig_3f,T11-R^0,17,1.0329
2021-11-28,ZA,106,Omicron BA.2,Community,1.033875326385426,2021-11-08,20,Traveler weight (travel hubs),Strategies (total),100%,T3-R,fig_3f,T3-R^0,17,1.081
2021-11-28,ZA,106,Omicron BA.2,Community,1.033875326385426,2021-11-08,20,Traveler weight (travel hubs),Strategies (total),100%,T7-R,fig_3f,T7-R^0,17,1.081
2021-11-21,IN,106,Omicron BA.2,Imported,1,2021-11-08,13,Traveler weight (travel hubs),Strategies (total),100%,T11-R,fig_3f,T11-R^0,17,1.0298
2021-11-21,IN,106,Omicron BA.2,Imported,1,2021-11-08,13,Traveler weight (travel hubs),Strategies (total),100%,T11-M,fig_3f,T11-R^90,17,1
2021-11-17,US,107,Omicron BA.2,Imported,1,2021-11-08,9,Traveler weight (travel hubs),Strategies (total),50%,T11-R,fig_3f,T11-R^0,17,1.0547
2021-11-17,US,107,Omicron BA.2,Imported,1,2021-11-08,9,Traveler weight (travel hubs),Strategies (total),70%,T3-R,fig_3f,T3-R^0,17,1.0872
2021-11-17,US,107,Omicron BA.2,Imported,1,2021-11-08,9,Traveler weight (travel hubs),Strategies (total),70%,T7-R,fig_3f,T7-R^0,17,1.0872
2021-11-17,US,107,Omicron BA.2,Imported,1,2021-11-08,9,Traveler weight (travel hubs),Strategies (total),70%,T11-R,fig_3f,T11-R^0,17,1.0367
2021-11-17,US,107,Omicron BA.2,Imported,1,2021-11-08,9,Traveler weight (travel hubs),Strategies (total),90%,T3-R,fig_3f,T3-R^0,17,1.083
2021-11-17,US,107,Omicron BA.2,Imported,1,2021-11-08,9,Traveler weight (travel hubs),Strategies (total),90%,T7-R,fig_3f,T7-R^0,17,1.083
2021-11-17,US,107,Omicron BA.2,Imported,1,2021-11-08,9,Traveler weight (travel hubs),Strategies (total),90%,T11-R,fig_3f,T11-R^0,17,1.0329
2021-11-17,US,107,Omicron BA.2,Imported,1,2021-11-08,9,Traveler weight (travel hubs),Strategies (total),100%,T3-R,fig_3f,T3-R^0,17,1.081
2021-11-17,US,107,Omicron BA.2,Imported,1,2021-11-08,9,Traveler weight (travel hubs),Strategies (total),100%,T7-R,fig_3f,T7-R^0,17,1.081
2021-11-17,US,107,Omicron BA.2,Imported,1,2021-11-08,9,Traveler weight (travel hubs),Strategies (total),100%,T11-R,fig_3f,T11-R^0,17,1.0298
2021-11-17,US,107,Omicron BA.2,Imported,1,2021-11-08,9,Traveler weight (travel hubs),Strategies (total),100%,T11-M,fig_3f,T11-R^90,17,1
2021-11-20,IN,108,Omicron BA.2,Imported,1,2021-11-08,12,Traveler weight (travel hubs),Strategies (total),50%,T11-R,fig_3f,T11-R^0,17,1.0547
2021-11-23,ZA,108,Omicron BA.2,Community,1.1045822736594462,2021-11-08,15,Traveler weight (travel hubs),Strategies (total),70%,T3-R,fig_3f,T3-R^0,17,1.0872
2021-11-23,ZA,108,Omicron BA.2,Community,1.1045822736594462,2021-11-08,15,Traveler weight (travel hubs),Strategies (total),70%,T7-R,fig_3f,T7-R^0,17,1.0872
2021-11-20,IN,108,Omicron BA.2,Imported,1,2021-11-08,12,Traveler weight (travel hubs),Strategies (total),70%,T11-R,fig_3f,T11-R^0,17,1.0367
2021-11-23,ZA,108,Omicron BA.2,Community,1.1045822736594462,2021-11-08,15,Traveler weight (travel hubs),Strategies (total),90%,T3-R,fig_3f,T3-R^0,17,1.083
2021-11-23,ZA,108,Omicron BA.2,Community,1.1045822736594462,2021-11-08,15,Traveler weight (travel hubs),Strategies (total),90%,T7-R,fig_3f,T7-R^0,17,1.083
2021-11-20,IN,108,Omicron BA.2,Imported,1,2021-11-08,12,Traveler weight (travel hubs),Strategies (total),90%,T11-R,fig_3f,T11-R^0,17,1.0329
2021-11-23,ZA,108,Omicron BA.2,Community,1.1045822736594462,2021-11-08,15,Traveler weight (travel hubs),Strategies (total),100%,T3-R,fig_3f,T3-R^0,17,1.081
2021-11-23,ZA,108,Omicron BA.2,Community,1.1045822736594462,2021-11-08,15,Traveler weight (travel hubs),Strategies (total),100%,T7-R,fig_3f,T7-R^0,17,1.081
2021-11-20,IN,108,Omicron BA.2,Imported,1,2021-11-08,12,Traveler weight (travel hubs),Strategies (total),100%,T11-R,fig_3f,T11-R^0,17,1.0298
2021-11-17,TR,108,Omicron BA.2,Imported,1,2021-11-08,9,Traveler weight (travel hubs),Strategies (total),100%,T11-M,fig_3f,T11-R^90,17,1
2021-11-28,ZA,109,Omicron BA.2,Community,1.1490527910402528,2021-11-08,20,Traveler weight (travel hubs),Strategies (total),50%,T11-R,fig_3f,T11-R^0,17,1.0547
2021-11-28,ZA,109,Omicron BA.2,Community,1.1490527910402528,2021-11-08,20,Traveler weight (travel hubs),Strategies (total),70%,T3-R,fig_3f,T3-R^0,17,1.0872
2021-11-28,ZA,109,Omicron BA.2,Community,1.1490527910402528,2021-11-08,20,Traveler weight (travel hubs),Strategies (total),70%,T7-R,fig_3f,T7-R^0,17,1.0872
2021-11-28,ZA,109,Omicron BA.2,Community,1.1490527910402528,2021-11-08,20,Traveler weight (travel hubs),Strategies (total),70%,T11-R,fig_3f,T11-R^0,17,1.0367
2021-11-28,ZA,109,Omicron BA.2,Community,1.1490527910402528,2021-11-08,20,Traveler weight (travel hubs),Strategies (total),90%,T3-R,fig_3f,T3-R^0,17,1.083
2021-11-28,ZA,109,Omicron BA.2,Community,1.1490527910402528,2021-11-08,20,Traveler weight (travel hubs),Strategies (total),90%,T7-R,fig_3f,T7-R^0,17,1.083
2021-11-28,ZA,109,Omicron BA.2,Community,1.1490527910402528,2021-11-08,20,Traveler weight (travel hubs),Strategies (total),90%,T11-R,fig_3f,T11-R^0,17,1.0329
2021-11-28,ZA,109,Omicron BA.2,Community,1.1490527910402528,2021-11-08,20,Traveler weight (travel hubs),Strategies (total),100%,T3-R,fig_3f,T3-R^0,17,1.081
2021-11-28,ZA,109,Omicron BA.2,Community,1.1490527910402528,2021-11-08,20,Traveler weight (travel hubs),Strategies (total),100%,T7-R,fig_3f,T7-R^0,17,1.081
2021-11-28,ZA,109,Omicron BA.2,Community,1.1490527910402528,2021-11-08,20,Traveler weight (travel hubs),Strategies (total),100%,T11-R,fig_3f,T11-R^0,17,1.0298
2021-12-08,GB,109,Omicron BA.2,Imported,1.415993363089553,2021-11-08,30,Traveler weight (travel hubs),Strategies (total),100%,T11-M,fig_3f,T11-R^90,17,1
2021-11-29,ZA,11,Omicron BA.2,Community,1.1866174525261477,2021-11-08,21,Traveler weight (travel hubs),Strategies (total),50%,T11-R,fig_3f,T11-R^0,17,1.0547
2021-11-29,ZA,11,Omicron BA.2,Community,1.1866174525261477,2021-11-08,21,Traveler weight (travel hubs),Strategies (total),70%,T3-R,fig_3f,T3-R^0,17,1.0872
2021-11-29,ZA,11,Omicron BA.2,Community,1.1866174525261477,2021-11-08,21,Traveler weight (travel hubs),Strategies (total),70%,T7-R,fig_3f,T7-R^0,17,1.0872
2021-11-29,ZA,11,Omicron BA.2,Community,1.1866174525261477,2021-11-08,21,Traveler weight (travel hubs),Strategies (total),70%,T11-R,fig_3f,T11-R^0,17,1.0367
2021-11-29,ZA,11,Omicron BA.2,Community,1.1866174525261477,2021-11-08,21,Traveler weight (travel hubs),Strategies (total),90%,T3-R,fig_3f,T3-R^0,17,1.083
2021-11-29,ZA,11,Omicron BA.2,Community,1.1866174525261477,2021-11-08,21,Traveler weight (travel hubs),Strategies (total),90%,T7-R,fig_3f,T7-R^0,17,1.083
2021-11-29,ZA,11,Omicron BA.2,Community,1.1866174525261477,2021-11-08,21,Traveler weight (travel hubs),Strategies (total),90%,T11-R,fig_3f,T11-R^0,17,1.0329
2021-11-29,ZA,11,Omicron BA.2,Community,1.1866174525261477,2021-11-08,21,Traveler weight (travel hubs),Strategies (total),100%,T3-R,fig_3f,T3-R^0,17,1.081
2021-11-29,ZA,11,Omicron BA.2,Community,1.1866174525261477,2021-11-08,21,Traveler weight (travel hubs),Strategies (total),100%,T7-R,fig_3f,T7-R^0,17,1.081
2021-11-29,ZA,11,Omicron BA.2,Community,1.1866174525261477,2021-11-08,21,Traveler weight (travel hubs),Strategies (total),100%,T11-R,fig_3f,T11-R^0,17,1.0298
2021-12-03,IN,11,Omicron BA.2,Imported,1,2021-11-08,25,Traveler weight (travel hubs),Strategies (total),100%,T11-M,fig_3f,T11-R^90,17,1
2021-11-25,ZA,110,Omicron BA.2,Community,1.1736186269117874,2021-11-08,17,Traveler weight (travel hubs),Strategies (total),50%,T11-R,fig_3f,T11-R^0,17,1.0547
2021-11-25,ZA,110,Omicron BA.2,Community,1.1736186269117874,2021-11-08,17,Traveler weight (travel hubs),Strategies (total),70%,T3-R,fig_3f,T3-R^0,17,1.0872
2021-11-25,ZA,110,Omicron BA.2,Community,1.1736186269117874,2021-11-08,17,Traveler weight (travel hubs),Strategies (total),70%,T7-R,fig_3f,T7-R^0,17,1.0872
2021-11-25,ZA,110,Omicron BA.2,Community,1.1736186269117874,2021-11-08,17,Traveler weight (travel hubs),Strategies (total),70%,T11-R,fig_3f,T11-R^0,17,1.0367
2021-11-25,ZA,110,Omicron BA.2,Community,1.1736186269117874,2021-11-08,17,Traveler weight (travel hubs),Strategies (total),90%,T3-R,fig_3f,T3-R^0,17,1.083
2021-11-25,ZA,110,Omicron BA.2,Community,1.1736186269117874,2021-11-08,17,Traveler weight (travel hubs),Strategies (total),90%,T7-R,fig_3f,T7-R^0,17,1.083
2021-11-25,ZA,110,Omicron BA.2,Community,1.1736186269117874,2021-11-08,17,Traveler weight (travel hubs),Strategies (total),90%,T11-R,fig_3f,T11-R^0,17,1.0329
2021-11-25,ZA,110,Omicron BA.2,Community,1.1736186269117874,2021-11-08,17,Traveler weight (travel hubs),Strategies (total),100%,T3-R,fig_3f,T3-R^0,17,1.081
2021-11-25,ZA,110,Omicron BA.2,Community,1.1736186269117874,2021-11-08,17,Traveler weight (travel hubs),Strategies (total),100%,T7-R,fig_3f,T7-R^0,17,1.081
2021-11-25,ZA,110,Omicron BA.2,Community,1.1736186269117874,2021-11-08,17,Traveler weight (travel hubs),Strategies (total),100%,T11-R,fig_3f,T11-R^0,17,1.0298
2021-11-27,US,110,Omicron BA.2,Imported,1,2021-11-08,19,Traveler weight (travel hubs),Strategies (total),100%,T11-M,fig_3f,T11-R^90,17,1
2021-12-09,ZA,111,Omicron BA.2,Community,1.190428441302962,2021-11-08,31,Traveler weight (travel hubs),Strategies (total),50%,T11-R,fig_3f,T11-R^0,17,1.0547
2021-12-09,ZA,111,Omicron BA.2,Community,1.190428441302962,2021-11-08,31,Traveler weight (travel hubs),Strategies (total),70%,T3-R,fig_3f,T3-R^0,17,1.0872
2021-12-09,ZA,111,Omicron BA.2,Community,1.190428441302962,2021-11-08,31,Traveler weight (travel hubs),Strategies (total),70%,T7-R,fig_3f,T7-R^0,17,1.0872
2021-11-23,IN,111,Omicron BA.2,Imported,1,2021-11-08,15,Traveler weight (travel hubs),Strategies (total),70%,T11-R,fig_3f,T11-R^0,17,1.0367
2021-12-09,ZA,111,Omicron BA.2,Community,1.190428441302962,2021-11-08,31,Traveler weight (travel hubs),Strategies (total),90%,T3-R,fig_3f,T3-R^0,17,1.083
2021-12-09,ZA,111,Omicron BA.2,Community,1.190428441302962,2021-11-08,31,Traveler weight (travel hubs),Strategies (total),90%,T7-R,fig_3f,T7-R^0,17,1.083
2021-11-23,IN,111,Omicron BA.2,Imported,1,2021-11-08,15,Traveler weight (travel hubs),Strategies (total),90%,T11-R,fig_3f,T11-R^0,17,1.0329
2021-11-28,US,111,Omicron BA.2,Imported,1,2021-11-08,20,Traveler weight (travel hubs),Strategies (total),100%,T3-R,fig_3f,T3-R^0,17,1.081
2021-11-28,US,111,Omicron BA.2,Imported,1,2021-11-08,20,Traveler weight (travel hubs),Strategies (total),100%,T7-R,fig_3f,T7-R^0,17,1.081
2021-11-23,IN,111,Omicron BA.2,Imported,1,2021-11-08,15,Traveler weight (travel hubs),Strategies (total),100%,T11-R,fig_3f,T11-R^0,17,1.0298
2021-11-23,IN,111,Omicron BA.2,Imported,1,2021-11-08,15,Traveler weight (travel hubs),Strategies (total),100%,T11-M,fig_3f,T11-R^90,17,1
2021-11-26,ZA,112,Omicron BA.2,Community,1.1353618096716955,2021-11-08,18,Traveler weight (travel hubs),Strategies (total),50%,T11-R,fig_3f,T11-R^0,17,1.0547
2021-11-26,ZA,112,Omicron BA.2,Community,1.1353618096716955,2021-11-08,18,Traveler weight (travel hubs),Strategies (total),70%,T3-R,fig_3f,T3-R^0,17,1.0872
2021-11-26,ZA,112,Omicron BA.2,Community,1.1353618096716955,2021-11-08,18,Traveler weight (travel hubs),Strategies (total),70%,T7-R,fig_3f,T7-R^0,17,1.0872
2021-11-26,ZA,112,Omicron BA.2,Community,1.1353618096716955,2021-11-08,18,Traveler weight (travel hubs),Strategies (total),70%,T11-R,fig_3f,T11-R^0,17,1.0367
2021-11-26,ZA,112,Omicron BA.2,Community,1.1353618096716955,2021-11-08,18,Traveler weight (travel hubs),Strategies (total),90%,T3-R,fig_3f,T3-R^0,17,1.083
2021-11-26,ZA,112,Omicron BA.2,Community,1.1353618096716955,2021-11-08,18,Traveler weight (travel hubs),Strategies (total),90%,T7-R,fig_3f,T7-R^0,17,1.083
2021-11-26,ZA,112,Omicron BA.2,Community,1.1353618096716955,2021-11-08,18,Traveler weight (travel hubs),Strategies (total),90%,T11-R,fig_3f,T11-R^0,17,1.0329
2021-11-26,ZA,112,Omicron BA.2,Community,1.1353618096716955,2021-11-08,18,Traveler weight (travel hubs),Strategies (total),100%,T3-R,fig_3f,T3-R^0,17,1.081
2021-11-26,ZA,112,Omicron BA.2,Community,1.1353618096716955,2021-11-08,18,Traveler weight (travel hubs),Strategies (total),100%,T7-R,fig_3f,T7-R^0,17,1.081
2021-11-26,ZA,112,Omicron BA.2,Community,1.1353618096716955,2021-11-08,18,Traveler weight (travel hubs),Strategies (total),100%,T11-R,fig_3f,T11-R^0,17,1.0298
2021-11-27,US,112,Omicron BA.2,Imported,1,2021-11-08,19,Traveler weight (travel hubs),Strategies (total),100%,T11-M,fig_3f,T11-R^90,17,1
2021-11-29,ZA,113,Omicron BA.2,Community,1.069873164332527,2021-11-08,21,Traveler weight (travel hubs),Strategies (total),50%,T11-R,fig_3f,T11-R^0,17,1.0547
2021-11-29,ZA,113,Omicron BA.2,Community,1.069873164332527,2021-11-08,21,Traveler weight (travel hubs),Strategies (total),70%,T3-R,fig_3f,T3-R^0,17,1.0872
2021-11-29,ZA,113,Omicron BA.2,Community,1.069873164332527,2021-11-08,21,Traveler weight (travel hubs),Strategies (total),70%,T7-R,fig_3f,T7-R^0,17,1.0872
2021-11-29,ZA,113,Omicron BA.2,Community,1.069873164332527,2021-11-08,21,Traveler weight (travel hubs),Strategies (total),70%,T11-R,fig_3f,T11-R^0,17,1.0367
2021-11-29,ZA,113,Omicron BA.2,Community,1.069873164332527,2021-11-08,21,Traveler weight (travel hubs),Strategies (total),90%,T3-R,fig_3f,T3-R^0,17,1.083
2021-11-29,ZA,113,Omicron BA.2,Community,1.069873164332527,2021-11-08,21,Traveler weight (travel hubs),Strategies (total),90%,T7-R,fig_3f,T7-R^0,17,1.083
2021-11-29,ZA,113,Omicron BA.2,Community,1.069873164332527,2021-11-08,21,Traveler weight (travel hubs),Strategies (total),90%,T11-R,fig_3f,T11-R^0,17,1.0329
2021-11-29,ZA,113,Omicron BA.2,Community,1.069873164332527,2021-11-08,21,Traveler weight (travel hubs),Strategies (total),100%,T3-R,fig_3f,T3-R^0,17,1.081
2021-11-29,ZA,113,Omicron BA.2,Community,1.069873164332527,2021-11-08,21,Traveler weight (travel hubs),Strategies (total),100%,T7-R,fig_3f,T7-R^0,17,1.081
2021-11-29,ZA,113,Omicron BA.2,Community,1.069873164332527,2021-11-08,21,Traveler weight (travel hubs),Strategies (total),100%,T11-R,fig_3f,T11-R^0,17,1.0298
2021-11-29,IN,113,Omicron BA.2,Imported,1,2021-11-08,21,Traveler weight (travel hubs),Strategies (total),100%,T11-M,fig_3f,T11-R^90,17,1
2021-11-25,ZA,114,Omicron BA.2,Community,1.2280916300832339,2021-11-08,17,Traveler weight (travel hubs),Strategies (total),50%,T11-R,fig_3f,T11-R^0,17,1.0547
2021-11-25,ZA,114,Omicron BA.2,Community,1.2280916300832339,2021-11-08,17,Traveler weight (travel hubs),Strategies (total),70%,T3-R,fig_3f,T3-R^0,17,1.0872
2021-11-25,ZA,114,Omicron BA.2,Community,1.2280916300832339,2021-11-08,17,Traveler weight (travel hubs),Strategies (total),70%,T7-R,fig_3f,T7-R^0,17,1.0872
2021-11-25,ZA,114,Omicron BA.2,Community,1.2280916300832339,2021-11-08,17,Traveler weight (travel hubs),Strategies (total),70%,T11-R,fig_3f,T11-R^0,17,1.0367
2021-11-25,ZA,114,Omicron BA.2,Community,1.2280916300832339,2021-11-08,17,Traveler weight (travel hubs),Strategies (total),90%,T3-R,fig_3f,T3-R^0,17,1.083
2021-11-25,ZA,114,Omicron BA.2,Community,1.2280916300832339,2021-11-08,17,Traveler weight (travel hubs),Strategies (total),90%,T7-R,fig_3f,T7-R^0,17,1.083
2021-11-25,ZA,114,Omicron BA.2,Community,1.2280916300832339,2021-11-08,17,Traveler weight (travel hubs),Strategies (total),90%,T11-R,fig_3f,T11-R^0,17,1.0329
2021-11-25,ZA,114,Omicron BA.2,Community,1.2280916300832339,2021-11-08,17,Traveler weight (travel hubs),Strategies (total),100%,T3-R,fig_3f,T3-R^0,17,1.081
2021-11-25,ZA,114,Omicron BA.2,Community,1.2280916300832339,2021-11-08,17,Traveler weight (travel hubs),Strategies (total),100%,T7-R,fig_3f,T7-R^0,17,1.081
2021-11-25,ZA,114,Omicron BA.2,Community,1.2280916300832339,2021-11-08,17,Traveler weight (travel hubs),Strategies (total),100%,T11-R,fig_3f,T11-R^0,17,1.0298
2021-11-21,TR,114,Omicron BA.2,Imported,1,2021-11-08,13,Traveler weight (travel hubs),Strategies (total),100%,T11-M,fig_3f,T11-R^90,17,1
2021-11-28,ZA,115,Omicron BA.2,Community,1.0142493156171288,2021-11-08,20,Traveler weight (travel hubs),Strategies (total),50%,T11-R,fig_3f,T11-R^0,17,1.0547
2021-11-28,ZA,115,Omicron BA.2,Community,1.0142493156171288,2021-11-08,20,Traveler weight (travel hubs),Strategies (total),70%,T3-R,fig_3f,T3-R^0,17,1.0872
2021-11-28,ZA,115,Omicron BA.2,Community,1.0142493156171288,2021-11-08,20,Traveler weight (travel hubs),Strategies (total),70%,T7-R,fig_3f,T7-R^0,17,1.0872
2021-11-28,ZA,115,Omicron BA.2,Community,1.0142493156171288,2021-11-08,20,Traveler weight (travel hubs),Strategies (total),70%,T11-R,fig_3f,T11-R^0,17,1.0367
2021-11-28,ZA,115,Omicron BA.2,Community,1.0142493156171288,2021-11-08,20,Traveler weight (travel hubs),Strategies (total),90%,T3-R,fig_3f,T3-R^0,17,1.083
2021-11-28,ZA,115,Omicron BA.2,Community,1.0142493156171288,2021-11-08,20,Traveler weight (travel hubs),Strategies (total),90%,T7-R,fig_3f,T7-R^0,17,1.083
2021-11-28,ZA,115,Omicron BA.2,Community,1.0142493156171288,2021-11-08,20,Traveler weight (travel hubs),Strategies (total),90%,T11-R,fig_3f,T11-R^0,17,1.0329
2021-11-28,ZA,115,Omicron BA.2,Community,1.0142493156171288,2021-11-08,20,Traveler weight (travel hubs),Strategies (total),100%,T3-R,fig_3f,T3-R^0,17,1.081
2021-11-28,ZA,115,Omicron BA.2,Community,1.0142493156171288,2021-11-08,20,Traveler weight (travel hubs),Strategies (total),100%,T7-R,fig_3f,T7-R^0,17,1.081
2021-11-28,ZA,115,Omicron BA.2,Community,1.0142493156171288,2021-11-08,20,Traveler weight (travel hubs),Strategies (total),100%,T11-R,fig_3f,T11-R^0,17,1.0298
2021-12-03,TR,115,Omicron BA.2,Imported,3,2021-11-08,25,Traveler weight (travel hubs),Strategies (total),100%,T11-M,fig_3f,T11-R^90,17,1
2021-11-26,ZA,116,Omicron BA.2,Community,1.238424509759714,2021-11-08,18,Traveler weight (travel hubs),Strategies (total),50%,T11-R,fig_3f,T11-R^0,17,1.0547
2021-11-26,ZA,116,Omicron BA.2,Community,1.238424509759714,2021-11-08,18,Traveler weight (travel hubs),Strategies (total),70%,T3-R,fig_3f,T3-R^0,17,1.0872
2021-11-26,ZA,116,Omicron BA.2,Community,1.238424509759714,2021-11-08,18,Traveler weight (travel hubs),Strategies (total),70%,T7-R,fig_3f,T7-R^0,17,1.0872
2021-11-26,ZA,116,Omicron BA.2,Community,1.238424509759714,2021-11-08,18,Traveler weight (travel hubs),Strategies (total),70%,T11-R,fig_3f,T11-R^0,17,1.0367
2021-11-25,US,116,Omicron BA.2,Imported,1,2021-11-08,17,Traveler weight (travel hubs),Strategies (total),90%,T3-R,fig_3f,T3-R^0,17,1.083
2021-11-25,US,116,Omicron BA.2,Imported,1,2021-11-08,17,Traveler weight (travel hubs),Strategies (total),90%,T7-R,fig_3f,T7-R^0,17,1.083
2021-11-25,US,116,Omicron BA.2,Imported,1,2021-11-08,17,Traveler weight (travel hubs),Strategies (total),90%,T11-R,fig_3f,T11-R^0,17,1.0329
2021-11-25,US,116,Omicron BA.2,Imported,1,2021-11-08,17,Traveler weight (travel hubs),Strategies (total),100%,T3-R,fig_3f,T3-R^0,17,1.081
2021-11-25,US,116,Omicron BA.2,Imported,1,2021-11-08,17,Traveler weight (travel hubs),Strategies (total),100%,T7-R,fig_3f,T7-R^0,17,1.081
2021-11-25,US,116,Omicron BA.2,Imported,1,2021-11-08,17,Traveler weight (travel hubs),Strategies (total),100%,T11-R,fig_3f,T11-R^0,17,1.0298
2021-11-25,US,116,Omicron BA.2,Imported,1,2021-11-08,17,Traveler weight (travel hubs),Strategies (total),100%,T11-M,fig_3f,T11-R^90,17,1
2021-11-27,IN,117,Omicron BA.2,Imported,1,2021-11-08,19,Traveler weight (travel hubs),Strategies (total),50%,T11-R,fig_3f,T11-R^0,17,1.0547
2021-11-29,ZA,117,Omicron BA.2,Community,1.330002515787208,2021-11-08,21,Traveler weight (travel hubs),Strategies (total),70%,T3-R,fig_3f,T3-R^0,17,1.0872
2021-11-29,ZA,117,Omicron BA.2,Community,1.330002515787208,2021-11-08,21,Traveler weight (travel hubs),Strategies (total),70%,T7-R,fig_3f,T7-R^0,17,1.0872
2021-11-27,IN,117,Omicron BA.2,Imported,1,2021-11-08,19,Traveler weight (travel hubs),Strategies (total),70%,T11-R,fig_3f,T11-R^0,17,1.0367
2021-11-29,ZA,117,Omicron BA.2,Community,1.330002515787208,2021-11-08,21,Traveler weight (travel hubs),Strategies (total),90%,T3-R,fig_3f,T3-R^0,17,1.083
2021-11-29,ZA,117,Omicron BA.2,Community,1.330002515787208,2021-11-08,21,Traveler weight (travel hubs),Strategies (total),90%,T7-R,fig_3f,T7-R^0,17,1.083
2021-11-27,IN,117,Omicron BA.2,Imported,1,2021-11-08,19,Traveler weight (travel hubs),Strategies (total),90%,T11-R,fig_3f,T11-R^0,17,1.0329
2021-11-29,ZA,117,Omicron BA.2,Community,1.330002515787208,2021-11-08,21,Traveler weight (travel hubs),Strategies (total),100%,T3-R,fig_3f,T3-R^0,17,1.081
2021-11-29,ZA,117,Omicron BA.2,Community,1.330002515787208,2021-11-08,21,Traveler weight (travel hubs),Strategies (total),100%,T7-R,fig_3f,T7-R^0,17,1.081
2021-11-27,IN,117,Omicron BA.2,Imported,1,2021-11-08,19,Traveler weight (travel hubs),Strategies (total),100%,T11-R,fig_3f,T11-R^0,17,1.0298
2021-11-27,IN,117,Omicron BA.2,Imported,1,2021-11-08,19,Traveler weight (travel hubs),Strategies (total),100%,T11-M,fig_3f,T11-R^90,17,1
2021-11-23,ZA,118,Omicron BA.2,Community,1.1693959136208427,2021-11-08,15,Traveler weight (travel hubs),Strategies (total),50%,T11-R,fig_3f,T11-R^0,17,1.0547
2021-11-23,ZA,118,Omicron BA.2,Community,1.1693959136208427,2021-11-08,15,Traveler weight (travel hubs),Strategies (total),70%,T3-R,fig_3f,T3-R^0,17,1.0872
2021-11-23,ZA,118,Omicron BA.2,Community,1.1693959136208427,2021-11-08,15,Traveler weight (travel hubs),Strategies (total),70%,T7-R,fig_3f,T7-R^0,17,1.0872
2021-11-23,ZA,118,Omicron BA.2,Community,1.1693959136208427,2021-11-08,15,Traveler weight (travel hubs),Strategies (total),70%,T11-R,fig_3f,T11-R^0,17,1.0367
2021-11-23,ZA,118,Omicron BA.2,Community,1.1693959136208427,2021-11-08,15,Traveler weight (travel hubs),Strategies (total),90%,T3-R,fig_3f,T3-R^0,17,1.083
2021-11-23,ZA,118,Omicron BA.2,Community,1.1693959136208427,2021-11-08,15,Traveler weight (travel hubs),Strategies (total),90%,T7-R,fig_3f,T7-R^0,17,1.083
2021-11-23,ZA,118,Omicron BA.2,Community,1.1693959136208427,2021-11-08,15,Traveler weight (travel hubs),Strategies (total),90%,T11-R,fig_3f,T11-R^0,17,1.0329
2021-11-23,ZA,118,Omicron BA.2,Community,1.1693959136208427,2021-11-08,15,Traveler weight (travel hubs),Strategies (total),100%,T3-R,fig_3f,T3-R^0,17,1.081
2021-11-23,ZA,118,Omicron BA.2,Community,1.1693959136208427,2021-11-08,15,Traveler weight (travel hubs),Strategies (total),100%,T7-R,fig_3f,T7-R^0,17,1.081
2021-11-23,ZA,118,Omicron BA.2,Community,1.1693959136208427,2021-11-08,15,Traveler weight (travel hubs),Strategies (total),100%,T11-R,fig_3f,T11-R^0,17,1.0298
2021-11-27,IN,118,Omicron BA.2,Imported,1,2021-11-08,19,Traveler weight (travel hubs),Strategies (total),100%,T11-M,fig_3f,T11-R^90,17,1
2021-11-22,IN,119,Omicron BA.2,Imported,1,2021-11-08,14,Traveler weight (travel hubs),Strategies (total),50%,T11-R,fig_3f,T11-R^0,17,1.0547
2021-11-26,ZA,119,Omicron BA.2,Community,1.1590753512848677,2021-11-08,18,Traveler weight (travel hubs),Strategies (total),70%,T3-R,fig_3f,T3-R^0,17,1.0872
2021-11-26,ZA,119,Omicron BA.2,Community,1.1590753512848677,2021-11-08,18,Traveler weight (travel hubs),Strategies (total),70%,T7-R,fig_3f,T7-R^0,17,1.0872
2021-11-22,IN,119,Omicron BA.2,Imported,1,2021-11-08,14,Traveler weight (travel hubs),Strategies (total),70%,T11-R,fig_3f,T11-R^0,17,1.0367
2021-11-26,ZA,119,Omicron BA.2,Community,1.1590753512848677,2021-11-08,18,Traveler weight (travel hubs),Strategies (total),90%,T3-R,fig_3f,T3-R^0,17,1.083
2021-11-26,ZA,119,Omicron BA.2,Community,1.1590753512848677,2021-11-08,18,Traveler weight (travel hubs),Strategies (total),90%,T7-R,fig_3f,T7-R^0,17,1.083
2021-11-22,IN,119,Omicron BA.2,Imported,1,2021-11-08,14,Traveler weight (travel hubs),Strategies (total),90%,T11-R,fig_3f,T11-R^0,17,1.0329
2021-11-26,ZA,119,Omicron BA.2,Community,1.1590753512848677,2021-11-08,18,Traveler weight (travel hubs),Strategies (total),100%,T3-R,fig_3f,T3-R^0,17,1.081
2021-11-26,ZA,119,Omicron BA.2,Community,1.1590753512848677,2021-11-08,18,Traveler weight (travel hubs),Strategies (total),100%,T7-R,fig_3f,T7-R^0,17,1.081
2021-11-22,IN,119,Omicron BA.2,Imported,1,2021-11-08,14,Traveler weight (travel hubs),Strategies (total),100%,T11-R,fig_3f,T11-R^0,17,1.0298
2021-11-22,IN,119,Omicron BA.2,Imported,1,2021-11-08,14,Traveler weight (travel hubs),Strategies (total),100%,T11-M,fig_3f,T11-R^90,17,1
2021-11-22,US,12,Omicron BA.2,Imported,1,2021-11-08,14,Traveler weight (travel hubs),Strategies (total),50%,T11-R,fig_3f,T11-R^0,17,1.0547
2021-11-22,US,12,Omicron BA.2,Imported,1,2021-11-08,14,Traveler weight (travel hubs),Strategies (total),70%,T3-R,fig_3f,T3-R^0,17,1.0872
2021-11-22,US,12,Omicron BA.2,Imported,1,2021-11-08,14,Traveler weight (travel hubs),Strategies (total),70%,T7-R,fig_3f,T7-R^0,17,1.0872
2021-11-22,US,12,Omicron BA.2,Imported,1,2021-11-08,14,Traveler weight (travel hubs),Strategies (total),70%,T11-R,fig_3f,T11-R^0,17,1.0367
2021-11-22,US,12,Omicron BA.2,Imported,1,2021-11-08,14,Traveler weight (travel hubs),Strategies (total),90%,T3-R,fig_3f,T3-R^0,17,1.083
2021-11-22,US,12,Omicron BA.2,Imported,1,2021-11-08,14,Traveler weight (travel hubs),Strategies (total),90%,T7-R,fig_3f,T7-R^0,17,1.083
2021-11-22,US,12,Omicron BA.2,Imported,1,2021-11-08,14,Traveler weight (travel hubs),Strategies (total),90%,T11-R,fig_3f,T11-R^0,17,1.0329
2021-11-22,US,12,Omicron BA.2,Imported,1,2021-11-08,14,Traveler weight (travel hubs),Strategies (total),100%,T3-R,fig_3f,T3-R^0,17,1.081
2021-11-22,US,12,Omicron BA.2,Imported,1,2021-11-08,14,Traveler weight (travel hubs),Strategies (total),100%,T7-R,fig_3f,T7-R^0,17,1.081
2021-11-22,US,12,Omicron BA.2,Imported,1,2021-11-08,14,Traveler weight (travel hubs),Strategies (total),100%,T11-R,fig_3f,T11-R^0,17,1.0298
2021-11-22,TR,12,Omicron BA.2,Imported,1,2021-11-08,14,Traveler weight (travel hubs),Strategies (total),100%,T11-M,fig_3f,T11-R^90,17,1
2021-11-26,ZA,120,Omicron BA.2,Community,1.0228744968912624,2021-11-08,18,Traveler weight (travel hubs),Strategies (total),50%,T11-R,fig_3f,T11-R^0,17,1.0547
2021-11-26,ZA,120,Omicron BA.2,Community,1.0228744968912624,2021-11-08,18,Traveler weight (travel hubs),Strategies (total),70%,T3-R,fig_3f,T3-R^0,17,1.0872
2021-11-26,ZA,120,Omicron BA.2,Community,1.0228744968912624,2021-11-08,18,Traveler weight (travel hubs),Strategies (total),70%,T7-R,fig_3f,T7-R^0,17,1.0872
2021-11-26,ZA,120,Omicron BA.2,Community,1.0228744968912624,2021-11-08,18,Traveler weight (travel hubs),Strategies (total),70%,T11-R,fig_3f,T11-R^0,17,1.0367
2021-11-26,ZA,120,Omicron BA.2,Community,1.0228744968912624,2021-11-08,18,Traveler weight (travel hubs),Strategies (total),90%,T3-R,fig_3f,T3-R^0,17,1.083
2021-11-26,ZA,120,Omicron BA.2,Community,1.0228744968912624,2021-11-08,18,Traveler weight (travel hubs),Strategies (total),90%,T7-R,fig_3f,T7-R^0,17,1.083
2021-11-26,ZA,120,Omicron BA.2,Community,1.0228744968912624,2021-11-08,18,Traveler weight (travel hubs),Strategies (total),90%,T11-R,fig_3f,T11-R^0,17,1.0329
2021-11-26,ZA,120,Omicron BA.2,Community,1.0228744968912624,2021-11-08,18,Traveler weight (travel hubs),Strategies (total),100%,T3-R,fig_3f,T3-R^0,17,1.081
2021-11-26,ZA,120,Omicron BA.2,Community,1.0228744968912624,2021-11-08,18,Traveler weight (travel hubs),Strategies (total),100%,T7-R,fig_3f,T7-R^0,17,1.081
2021-11-26,ZA,120,Omicron BA.2,Community,1.0228744968912624,2021-11-08,18,Traveler weight (travel hubs),Strategies (total),100%,T11-R,fig_3f,T11-R^0,17,1.0298
2021-11-26,US,120,Omicron BA.2,Imported,1,2021-11-08,18,Traveler weight (travel hubs),Strategies (total),100%,T11-M,fig_3f,T11-R^90,17,1
2021-11-25,ZA,121,Omicron BA.2,Community,1.2214123790131655,2021-11-08,17,Traveler weight (travel hubs),Strategies (total),50%,T11-R,fig_3f,T11-R^0,17,1.0547
2021-11-25,ZA,121,Omicron BA.2,Community,1.2214123790131655,2021-11-08,17,Traveler weight (travel hubs),Strategies (total),70%,T3-R,fig_3f,T3-R^0,17,1.0872
2021-11-25,ZA,121,Omicron BA.2,Community,1.2214123790131655,2021-11-08,17,Traveler weight (travel hubs),Strategies (total),70%,T7-R,fig_3f,T7-R^0,17,1.0872
2021-11-25,ZA,121,Omicron BA.2,Community,1.2214123790131655,2021-11-08,17,Traveler weight (travel hubs),Strategies (total),70%,T11-R,fig_3f,T11-R^0,17,1.0367
2021-11-25,ZA,121,Omicron BA.2,Community,1.2214123790131655,2021-11-08,17,Traveler weight (travel hubs),Strategies (total),90%,T3-R,fig_3f,T3-R^0,17,1.083
2021-11-25,ZA,121,Omicron BA.2,Community,1.2214123790131655,2021-11-08,17,Traveler weight (travel hubs),Strategies (total),90%,T7-R,fig_3f,T7-R^0,17,1.083
2021-11-25,ZA,121,Omicron BA.2,Community,1.2214123790131655,2021-11-08,17,Traveler weight (travel hubs),Strategies (total),90%,T11-R,fig_3f,T11-R^0,17,1.0329
2021-11-25,ZA,121,Omicron BA.2,Community,1.2214123790131655,2021-11-08,17,Traveler weight (travel hubs),Strategies (total),100%,T3-R,fig_3f,T3-R^0,17,1.081
2021-11-25,ZA,121,Omicron BA.2,Community,1.2214123790131655,2021-11-08,17,Traveler weight (travel hubs),Strategies (total),100%,T7-R,fig_3f,T7-R^0,17,1.081
2021-11-25,ZA,121,Omicron BA.2,Community,1.2214123790131655,2021-11-08,17,Traveler weight (travel hubs),Strategies (total),100%,T11-R,fig_3f,T11-R^0,17,1.0298
2021-12-04,TR,121,Omicron BA.2,Imported,1.9092036760759687,2021-11-08,26,Traveler weight (travel hubs),Strategies (total),100%,T11-M,fig_3f,T11-R^90,17,1
2021-11-25,ZA,122,Omicron BA.2,Community,1.2233419404334072,2021-11-08,17,Traveler weight (travel hubs),Strategies (total),50%,T11-R,fig_3f,T11-R^0,17,1.0547
2021-11-20,US,122,Omicron BA.2,Imported,1,2021-11-08,12,Traveler weight (travel hubs),Strategies (total),70%,T3-R,fig_3f,T3-R^0,17,1.0872
2021-11-20,US,122,Omicron BA.2,Imported,1,2021-11-08,12,Traveler weight (travel hubs),Strategies (total),70%,T7-R,fig_3f,T7-R^0,17,1.0872
2021-11-20,US,122,Omicron BA.2,Imported,1,2021-11-08,12,Traveler weight (travel hubs),Strategies (total),70%,T11-R,fig_3f,T11-R^0,17,1.0367
2021-11-20,US,122,Omicron BA.2,Imported,1,2021-11-08,12,Traveler weight (travel hubs),Strategies (total),90%,T3-R,fig_3f,T3-R^0,17,1.083
2021-11-20,US,122,Omicron BA.2,Imported,1,2021-11-08,12,Traveler weight (travel hubs),Strategies (total),90%,T7-R,fig_3f,T7-R^0,17,1.083
2021-11-20,US,122,Omicron BA.2,Imported,1,2021-11-08,12,Traveler weight (travel hubs),Strategies (total),90%,T11-R,fig_3f,T11-R^0,17,1.0329
2021-11-20,US,122,Omicron BA.2,Imported,1,2021-11-08,12,Traveler weight (travel hubs),Strategies (total),100%,T3-R,fig_3f,T3-R^0,17,1.081
2021-11-20,US,122,Omicron BA.2,Imported,1,2021-11-08,12,Traveler weight (travel hubs),Strategies (total),100%,T7-R,fig_3f,T7-R^0,17,1.081
2021-11-20,US,122,Omicron BA.2,Imported,1,2021-11-08,12,Traveler weight (travel hubs),Strategies (total),100%,T11-R,fig_3f,T11-R^0,17,1.0298
2021-11-20,US,122,Omicron BA.2,Imported,1,2021-11-08,12,Traveler weight (travel hubs),Strategies (total),100%,T11-M,fig_3f,T11-R^90,17,1
2021-11-26,US,123,Omicron BA.2,Imported,1,2021-11-08,18,Traveler weight (travel hubs),Strategies (total),50%,T11-R,fig_3f,T11-R^0,17,1.0547
2021-11-26,US,123,Omicron BA.2,Imported,1,2021-11-08,18,Traveler weight (travel hubs),Strategies (total),70%,T3-R,fig_3f,T3-R^0,17,1.0872
2021-11-26,US,123,Omicron BA.2,Imported,1,2021-11-08,18,Traveler weight (travel hubs),Strategies (total),70%,T7-R,fig_3f,T7-R^0,17,1.0872
2021-11-26,US,123,Omicron BA.2,Imported,1,2021-11-08,18,Traveler weight (travel hubs),Strategies (total),70%,T11-R,fig_3f,T11-R^0,17,1.0367
2021-11-26,US,123,Omicron BA.2,Imported,1,2021-11-08,18,Traveler weight (travel hubs),Strategies (total),90%,T3-R,fig_3f,T3-R^0,17,1.083
2021-11-26,US,123,Omicron BA.2,Imported,1,2021-11-08,18,Traveler weight (travel hubs),Strategies (total),90%,T7-R,fig_3f,T7-R^0,17,1.083
2021-11-26,US,123,Omicron BA.2,Imported,1,2021-11-08,18,Traveler weight (travel hubs),Strategies (total),90%,T11-R,fig_3f,T11-R^0,17,1.0329
2021-11-26,US,123,Omicron BA.2,Imported,1,2021-11-08,18,Traveler weight (travel hubs),Strategies (total),100%,T3-R,fig_3f,T3-R^0,17,1.081
2021-11-26,US,123,Omicron BA.2,Imported,1,2021-11-08,18,Traveler weight (travel hubs),Strategies (total),100%,T7-R,fig_3f,T7-R^0,17,1.081
2021-11-26,US,123,Omicron BA.2,Imported,1,2021-11-08,18,Traveler weight (travel hubs),Strategies (total),100%,T11-R,fig_3f,T11-R^0,17,1.0298
2021-11-26,US,123,Omicron BA.2,Imported,1,2021-11-08,18,Traveler weight (travel hubs),Strategies (total),100%,T11-M,fig_3f,T11-R^90,17,1
2021-11-25,ZA,124,Omicron BA.2,Community,1.0277140979811832,2021-11-08,17,Traveler weight (travel hubs),Strategies (total),50%,T11-R,fig_3f,T11-R^0,17,1.0547
2021-11-25,ZA,124,Omicron BA.2,Community,1.0277140979811832,2021-11-08,17,Traveler weight (travel hubs),Strategies (total),70%,T3-R,fig_3f,T3-R^0,17,1.0872
2021-11-25,ZA,124,Omicron BA.2,Community,1.0277140979811832,2021-11-08,17,Traveler weight (travel hubs),Strategies (total),70%,T7-R,fig_3f,T7-R^0,17,1.0872
2021-11-25,ZA,124,Omicron BA.2,Community,1.0277140979811832,2021-11-08,17,Traveler weight (travel hubs),Strategies (total),70%,T11-R,fig_3f,T11-R^0,17,1.0367
2021-11-25,ZA,124,Omicron BA.2,Community,1.0277140979811832,2021-11-08,17,Traveler weight (travel hubs),Strategies (total),90%,T3-R,fig_3f,T3-R^0,17,1.083
2021-11-25,ZA,124,Omicron BA.2,Community,1.0277140979811832,2021-11-08,17,Traveler weight (travel hubs),Strategies (total),90%,T7-R,fig_3f,T7-R^0,17,1.083
2021-11-25,ZA,124,Omicron BA.2,Community,1.0277140979811832,2021-11-08,17,Traveler weight (travel hubs),Strategies (total),90%,T11-R,fig_3f,T11-R^0,17,1.0329
2021-11-25,ZA,124,Omicron BA.2,Community,1.0277140979811832,2021-11-08,17,Traveler weight (travel hubs),Strategies (total),100%,T3-R,fig_3f,T3-R^0,17,1.081
2021-11-25,ZA,124,Omicron BA.2,Community,1.0277140979811832,2021-11-08,17,Traveler weight (travel hubs),Strategies (total),100%,T7-R,fig_3f,T7-R^0,17,1.081
2021-11-25,ZA,124,Omicron BA.2,Community,1.0277140979811832,2021-11-08,17,Traveler weight (travel hubs),Strategies (total),100%,T11-R,fig_3f,T11-R^0,17,1.0298
2021-11-27,TR,124,Omicron BA.2,Imported,1.657274581523646,2021-11-08,19,Traveler weight (travel hubs),Strategies (total),100%,T11-M,fig_3f,T11-R^90,17,1
2021-11-27,ZA,125,Omicron BA.2,Community,1.1161066355386258,2021-11-08,19,Traveler weight (travel hubs),Strategies (total),50%,T11-R,fig_3f,T11-R^0,17,1.0547
2021-11-27,ZA,125,Omicron BA.2,Community,1.1161066355386258,2021-11-08,19,Traveler weight (travel hubs),Strategies (total),70%,T3-R,fig_3f,T3-R^0,17,1.0872
2021-11-27,ZA,125,Omicron BA.2,Community,1.1161066355386258,2021-11-08,19,Traveler weight (travel hubs),Strategies (total),70%,T7-R,fig_3f,T7-R^0,17,1.0872
2021-11-27,ZA,125,Omicron BA.2,Community,1.1161066355386258,2021-11-08,19,Traveler weight (travel hubs),Strategies (total),70%,T11-R,fig_3f,T11-R^0,17,1.0367
2021-11-27,ZA,125,Omicron BA.2,Community,1.1161066355386258,2021-11-08,19,Traveler weight (travel hubs),Strategies (total),90%,T3-R,fig_3f,T3-R^0,17,1.083
2021-11-27,ZA,125,Omicron BA.2,Community,1.1161066355386258,2021-11-08,19,Traveler weight (travel hubs),Strategies (total),90%,T7-R,fig_3f,T7-R^0,17,1.083
2021-11-27,ZA,125,Omicron BA.2,Community,1.1161066355386258,2021-11-08,19,Traveler weight (travel hubs),Strategies (total),90%,T11-R,fig_3f,T11-R^0,17,1.0329
2021-11-27,ZA,125,Omicron BA.2,Community,1.1161066355386258,2021-11-08,19,Traveler weight (travel hubs),Strategies (total),100%,T3-R,fig_3f,T3-R^0,17,1.081
2021-11-27,ZA,125,Omicron BA.2,Community,1.1161066355386258,2021-11-08,19,Traveler weight (travel hubs),Strategies (total),100%,T7-R,fig_3f,T7-R^0,17,1.081
2021-11-27,ZA,125,Omicron BA.2,Community,1.1161066355386258,2021-11-08,19,Traveler weight (travel hubs),Strategies (total),100%,T11-R,fig_3f,T11-R^0,17,1.0298
2021-11-27,IN,125,Omicron BA.2,Imported,1,2021-11-08,19,Traveler weight (travel hubs),Strategies (total),100%,T11-M,fig_3f,T11-R^90,17,1
2021-11-21,IN,126,Omicron BA.2,Imported,1,2021-11-08,13,Traveler weight (travel hubs),Strategies (total),50%,T11-R,fig_3f,T11-R^0,17,1.0547
2021-11-27,ZA,126,Omicron BA.2,Community,1.0197531297671836,2021-11-08,19,Traveler weight (travel hubs),Strategies (total),70%,T3-R,fig_3f,T3-R^0,17,1.0872
2021-11-27,ZA,126,Omicron BA.2,Community,1.0197531297671836,2021-11-08,19,Traveler weight (travel hubs),Strategies (total),70%,T7-R,fig_3f,T7-R^0,17,1.0872
2021-11-21,IN,126,Omicron BA.2,Imported,1,2021-11-08,13,Traveler weight (travel hubs),Strategies (total),70%,T11-R,fig_3f,T11-R^0,17,1.0367
2021-11-27,ZA,126,Omicron BA.2,Community,1.0197531297671836,2021-11-08,19,Traveler weight (travel hubs),Strategies (total),90%,T3-R,fig_3f,T3-R^0,17,1.083
2021-11-27,ZA,126,Omicron BA.2,Community,1.0197531297671836,2021-11-08,19,Traveler weight (travel hubs),Strategies (total),90%,T7-R,fig_3f,T7-R^0,17,1.083
2021-11-21,IN,126,Omicron BA.2,Imported,1,2021-11-08,13,Traveler weight (travel hubs),Strategies (total),90%,T11-R,fig_3f,T11-R^0,17,1.0329
2021-11-27,ZA,126,Omicron BA.2,Community,1.0197531297671836,2021-11-08,19,Traveler weight (travel hubs),Strategies (total),100%,T3-R,fig_3f,T3-R^0,17,1.081
2021-11-27,ZA,126,Omicron BA.2,Community,1.0197531297671836,2021-11-08,19,Traveler weight (travel hubs),Strategies (total),100%,T7-R,fig_3f,T7-R^0,17,1.081
2021-11-21,IN,126,Omicron BA.2,Imported,1,2021-11-08,13,Traveler weight (travel hubs),Strategies (total),100%,T11-R,fig_3f,T11-R^0,17,1.0298
2021-11-21,IN,126,Omicron BA.2,Imported,1,2021-11-08,13,Traveler weight (travel hubs),Strategies (total),100%,T11-M,fig_3f,T11-R^90,17,1
2021-11-18,US,127,Omicron BA.2,Imported,1,2021-11-08,10,Traveler weight (travel hubs),Strategies (total),50%,T11-R,fig_3f,T11-R^0,17,1.0547
2021-11-18,US,127,Omicron BA.2,Imported,1,2021-11-08,10,Traveler weight (travel hubs),Strategies (total),70%,T3-R,fig_3f,T3-R^0,17,1.0872
2021-11-18,US,127,Omicron BA.2,Imported,1,2021-11-08,10,Traveler weight (travel hubs),Strategies (total),70%,T7-R,fig_3f,T7-R^0,17,1.0872
2021-11-18,US,127,Omicron BA.2,Imported,1,2021-11-08,10,Traveler weight (travel hubs),Strategies (total),70%,T11-R,fig_3f,T11-R^0,17,1.0367
2021-11-18,US,127,Omicron BA.2,Imported,1,2021-11-08,10,Traveler weight (travel hubs),Strategies (total),90%,T3-R,fig_3f,T3-R^0,17,1.083
2021-11-18,US,127,Omicron BA.2,Imported,1,2021-11-08,10,Traveler weight (travel hubs),Strategies (total),90%,T7-R,fig_3f,T7-R^0,17,1.083
2021-11-18,US,127,Omicron BA.2,Imported,1,2021-11-08,10,Traveler weight (travel hubs),Strategies (total),90%,T11-R,fig_3f,T11-R^0,17,1.0329
2021-11-18,US,127,Omicron BA.2,Imported,1,2021-11-08,10,Traveler weight (travel hubs),Strategies (total),100%,T3-R,fig_3f,T3-R^0,17,1.081
2021-11-18,US,127,Omicron BA.2,Imported,1,2021-11-08,10,Traveler weight (travel hubs),Strategies (total),100%,T7-R,fig_3f,T7-R^0,17,1.081
2021-11-18,US,127,Omicron BA.2,Imported,1,2021-11-08,10,Traveler weight (travel hubs),Strategies (total),100%,T11-R,fig_3f,T11-R^0,17,1.0298
2021-11-18,US,127,Omicron BA.2,Imported,1,2021-11-08,10,Traveler weight (travel hubs),Strategies (total),100%,T11-M,fig_3f,T11-R^90,17,1
2021-11-23,US,128,Omicron BA.2,Imported,1,2021-11-08,15,Traveler weight (travel hubs),Strategies (total),50%,T11-R,fig_3f,T11-R^0,17,1.0547
2021-11-23,US,128,Omicron BA.2,Imported,1,2021-11-08,15,Traveler weight (travel hubs),Strategies (total),70%,T3-R,fig_3f,T3-R^0,17,1.0872
2021-11-23,US,128,Omicron BA.2,Imported,1,2021-11-08,15,Traveler weight (travel hubs),Strategies (total),70%,T7-R,fig_3f,T7-R^0,17,1.0872
2021-11-23,US,128,Omicron BA.2,Imported,1,2021-11-08,15,Traveler weight (travel hubs),Strategies (total),70%,T11-R,fig_3f,T11-R^0,17,1.0367
2021-11-23,US,128,Omicron BA.2,Imported,1,2021-11-08,15,Traveler weight (travel hubs),Strategies (total),90%,T3-R,fig_3f,T3-R^0,17,1.083
2021-11-23,US,128,Omicron BA.2,Imported,1,2021-11-08,15,Traveler weight (travel hubs),Strategies (total),90%,T7-R,fig_3f,T7-R^0,17,1.083
2021-11-23,US,128,Omicron BA.2,Imported,1,2021-11-08,15,Traveler weight (travel hubs),Strategies (total),90%,T11-R,fig_3f,T11-R^0,17,1.0329
2021-11-23,US,128,Omicron BA.2,Imported,1,2021-11-08,15,Traveler weight (travel hubs),Strategies (total),100%,T3-R,fig_3f,T3-R^0,17,1.081
2021-11-23,US,128,Omicron BA.2,Imported,1,2021-11-08,15,Traveler weight (travel hubs),Strategies (total),100%,T7-R,fig_3f,T7-R^0,17,1.081
2021-11-23,US,128,Omicron BA.2,Imported,1,2021-11-08,15,Traveler weight (travel hubs),Strategies (total),100%,T11-R,fig_3f,T11-R^0,17,1.0298
2021-11-23,US,128,Omicron BA.2,Imported,1,2021-11-08,15,Traveler weight (travel hubs),Strategies (total),100%,T11-M,fig_3f,T11-R^90,17,1
2021-11-22,ZA,129,Omicron BA.2,Community,1.039175141947257,2021-11-08,14,Traveler weight (travel hubs),Strategies (total),50%,T11-R,fig_3f,T11-R^0,17,1.0547
2021-11-22,ZA,129,Omicron BA.2,Community,1.039175141947257,2021-11-08,14,Traveler weight (travel hubs),Strategies (total),70%,T3-R,fig_3f,T3-R^0,17,1.0872
2021-11-22,ZA,129,Omicron BA.2,Community,1.039175141947257,2021-11-08,14,Traveler weight (travel hubs),Strategies (total),70%,T7-R,fig_3f,T7-R^0,17,1.0872
2021-11-22,ZA,129,Omicron BA.2,Community,1.039175141947257,2021-11-08,14,Traveler weight (travel hubs),Strategies (total),70%,T11-R,fig_3f,T11-R^0,17,1.0367
2021-11-22,ZA,129,Omicron BA.2,Community,1.039175141947257,2021-11-08,14,Traveler weight (travel hubs),Strategies (total),90%,T3-R,fig_3f,T3-R^0,17,1.083
2021-11-22,ZA,129,Omicron BA.2,Community,1.039175141947257,2021-11-08,14,Traveler weight (travel hubs),Strategies (total),90%,T7-R,fig_3f,T7-R^0,17,1.083
2021-11-22,ZA,129,Omicron BA.2,Community,1.039175141947257,2021-11-08,14,Traveler weight (travel hubs),Strategies (total),90%,T11-R,fig_3f,T11-R^0,17,1.0329
2021-11-22,ZA,129,Omicron BA.2,Community,1.039175141947257,2021-11-08,14,Traveler weight (travel hubs),Strategies (total),100%,T3-R,fig_3f,T3-R^0,17,1.081
2021-11-22,ZA,129,Omicron BA.2,Community,1.039175141947257,2021-11-08,14,Traveler weight (travel hubs),Strategies (total),100%,T7-R,fig_3f,T7-R^0,17,1.081
2021-11-22,ZA,129,Omicron BA.2,Community,1.039175141947257,2021-11-08,14,Traveler weight (travel hubs),Strategies (total),100%,T11-R,fig_3f,T11-R^0,17,1.0298
2021-11-23,TR,129,Omicron BA.2,Imported,1,2021-11-08,15,Traveler weight (travel hubs),Strategies (total),100%,T11-M,fig_3f,T11-R^90,17,1
2021-11-27,ZA,13,Omicron BA.2,Community,1.03455485000386,2021-11-08,19,Traveler weight (travel hubs),Strategies (total),50%,T11-R,fig_3f,T11-R^0,17,1.0547
2021-11-27,ZA,13,Omicron BA.2,Community,1.03455485000386,2021-11-08,19,Traveler weight (travel hubs),Strategies (total),70%,T3-R,fig_3f,T3-R^0,17,1.0872
2021-11-27,ZA,13,Omicron BA.2,Community,1.03455485000386,2021-11-08,19,Traveler weight (travel hubs),Strategies (total),70%,T7-R,fig_3f,T7-R^0,17,1.0872
2021-11-27,ZA,13,Omicron BA.2,Community,1.03455485000386,2021-11-08,19,Traveler weight (travel hubs),Strategies (total),70%,T11-R,fig_3f,T11-R^0,17,1.0367
2021-11-27,ZA,13,Omicron BA.2,Community,1.03455485000386,2021-11-08,19,Traveler weight (travel hubs),Strategies (total),90%,T3-R,fig_3f,T3-R^0,17,1.083
2021-11-27,ZA,13,Omicron BA.2,Community,1.03455485000386,2021-11-08,19,Traveler weight (travel hubs),Strategies (total),90%,T7-R,fig_3f,T7-R^0,17,1.083
2021-11-27,ZA,13,Omicron BA.2,Community,1.03455485000386,2021-11-08,19,Traveler weight (travel hubs),Strategies (total),90%,T11-R,fig_3f,T11-R^0,17,1.0329
2021-11-27,ZA,13,Omicron BA.2,Community,1.03455485000386,2021-11-08,19,Traveler weight (travel hubs),Strategies (total),100%,T3-R,fig_3f,T3-R^0,17,1.081
2021-11-27,ZA,13,Omicron BA.2,Community,1.03455485000386,2021-11-08,19,Traveler weight (travel hubs),Strategies (total),100%,T7-R,fig_3f,T7-R^0,17,1.081
2021-11-27,ZA,13,Omicron BA.2,Community,1.03455485000386,2021-11-08,19,Traveler weight (travel hubs),Strategies (total),100%,T11-R,fig_3f,T11-R^0,17,1.0298
2021-12-08,IN,13,Omicron BA.2,Imported,1,2021-11-08,30,Traveler weight (travel hubs),Strategies (total),100%,T11-M,fig_3f,T11-R^90,17,1
2021-11-29,ZA,130,Omicron BA.2,Community,1.1728728488289337,2021-11-08,21,Traveler weight (travel hubs),Strategies (total),50%,T11-R,fig_3f,T11-R^0,17,1.0547
2021-11-29,ZA,130,Omicron BA.2,Community,1.1728728488289337,2021-11-08,21,Traveler weight (travel hubs),Strategies (total),70%,T3-R,fig_3f,T3-R^0,17,1.0872
2021-11-29,ZA,130,Omicron BA.2,Community,1.1728728488289337,2021-11-08,21,Traveler weight (travel hubs),Strategies (total),70%,T7-R,fig_3f,T7-R^0,17,1.0872
2021-11-29,ZA,130,Omicron BA.2,Community,1.1728728488289337,2021-11-08,21,Traveler weight (travel hubs),Strategies (total),70%,T11-R,fig_3f,T11-R^0,17,1.0367
2021-11-29,ZA,130,Omicron BA.2,Community,1.1728728488289337,2021-11-08,21,Traveler weight (travel hubs),Strategies (total),90%,T3-R,fig_3f,T3-R^0,17,1.083
2021-11-29,ZA,130,Omicron BA.2,Community,1.1728728488289337,2021-11-08,21,Traveler weight (travel hubs),Strategies (total),90%,T7-R,fig_3f,T7-R^0,17,1.083
2021-11-29,ZA,130,Omicron BA.2,Community,1.1728728488289337,2021-11-08,21,Traveler weight (travel hubs),Strategies (total),90%,T11-R,fig_3f,T11-R^0,17,1.0329
2021-11-29,ZA,130,Omicron BA.2,Community,1.1728728488289337,2021-11-08,21,Traveler weight (travel hubs),Strategies (total),100%,T3-R,fig_3f,T3-R^0,17,1.081
2021-11-29,ZA,130,Omicron BA.2,Community,1.1728728488289337,2021-11-08,21,Traveler weight (travel hubs),Strategies (total),100%,T7-R,fig_3f,T7-R^0,17,1.081
2021-11-29,ZA,130,Omicron BA.2,Community,1.1728728488289337,2021-11-08,21,Traveler weight (travel hubs),Strategies (total),100%,T11-R,fig_3f,T11-R^0,17,1.0298
2021-12-11,IN,130,Omicron BA.2,Imported,1.9520467938351642,2021-11-08,33,Traveler weight (travel hubs),Strategies (total),100%,T11-M,fig_3f,T11-R^90,17,1
2021-11-25,ZA,131,Omicron BA.2,Community,1.1145443618920716,2021-11-08,17,Traveler weight (travel hubs),Strategies (total),50%,T11-R,fig_3f,T11-R^0,17,1.0547
2021-11-25,ZA,131,Omicron BA.2,Community,1.1145443618920716,2021-11-08,17,Traveler weight (travel hubs),Strategies (total),70%,T3-R,fig_3f,T3-R^0,17,1.0872
2021-11-25,ZA,131,Omicron BA.2,Community,1.1145443618920716,2021-11-08,17,Traveler weight (travel hubs),Strategies (total),70%,T7-R,fig_3f,T7-R^0,17,1.0872
2021-11-25,ZA,131,Omicron BA.2,Community,1.1145443618920716,2021-11-08,17,Traveler weight (travel hubs),Strategies (total),70%,T11-R,fig_3f,T11-R^0,17,1.0367
2021-11-25,ZA,131,Omicron BA.2,Community,1.1145443618920716,2021-11-08,17,Traveler weight (travel hubs),Strategies (total),90%,T3-R,fig_3f,T3-R^0,17,1.083
2021-11-25,ZA,131,Omicron BA.2,Community,1.1145443618920716,2021-11-08,17,Traveler weight (travel hubs),Strategies (total),90%,T7-R,fig_3f,T7-R^0,17,1.083
2021-11-25,ZA,131,Omicron BA.2,Community,1.1145443618920716,2021-11-08,17,Traveler weight (travel hubs),Strategies (total),90%,T11-R,fig_3f,T11-R^0,17,1.0329
2021-11-25,ZA,131,Omicron BA.2,Community,1.1145443618920716,2021-11-08,17,Traveler weight (travel hubs),Strategies (total),100%,T3-R,fig_3f,T3-R^0,17,1.081
2021-11-25,ZA,131,Omicron BA.2,Community,1.1145443618920716,2021-11-08,17,Traveler weight (travel hubs),Strategies (total),100%,T7-R,fig_3f,T7-R^0,17,1.081
2021-11-25,ZA,131,Omicron BA.2,Community,1.1145443618920716,2021-11-08,17,Traveler weight (travel hubs),Strategies (total),100%,T11-R,fig_3f,T11-R^0,17,1.0298
2021-12-09,IN,131,Omicron BA.2,Imported,1,2021-11-08,31,Traveler weight (travel hubs),Strategies (total),100%,T11-M,fig_3f,T11-R^90,17,1
2021-11-27,US,132,Omicron BA.2,Imported,1,2021-11-08,19,Traveler weight (travel hubs),Strategies (total),50%,T11-R,fig_3f,T11-R^0,17,1.0547
2021-11-27,US,132,Omicron BA.2,Imported,1,2021-11-08,19,Traveler weight (travel hubs),Strategies (total),70%,T3-R,fig_3f,T3-R^0,17,1.0872
2021-11-27,US,132,Omicron BA.2,Imported,1,2021-11-08,19,Traveler weight (travel hubs),Strategies (total),70%,T7-R,fig_3f,T7-R^0,17,1.0872
2021-11-27,US,132,Omicron BA.2,Imported,1,2021-11-08,19,Traveler weight (travel hubs),Strategies (total),70%,T11-R,fig_3f,T11-R^0,17,1.0367
2021-11-27,US,132,Omicron BA.2,Imported,1,2021-11-08,19,Traveler weight (travel hubs),Strategies (total),90%,T3-R,fig_3f,T3-R^0,17,1.083
2021-11-27,US,132,Omicron BA.2,Imported,1,2021-11-08,19,Traveler weight (travel hubs),Strategies (total),90%,T7-R,fig_3f,T7-R^0,17,1.083
2021-11-27,US,132,Omicron BA.2,Imported,1,2021-11-08,19,Traveler weight (travel hubs),Strategies (total),90%,T11-R,fig_3f,T11-R^0,17,1.0329
2021-11-27,US,132,Omicron BA.2,Imported,1,2021-11-08,19,Traveler weight (travel hubs),Strategies (total),100%,T3-R,fig_3f,T3-R^0,17,1.081
2021-11-27,US,132,Omicron BA.2,Imported,1,2021-11-08,19,Traveler weight (travel hubs),Strategies (total),100%,T7-R,fig_3f,T7-R^0,17,1.081
2021-11-27,US,132,Omicron BA.2,Imported,1,2021-11-08,19,Traveler weight (travel hubs),Strategies (total),100%,T11-R,fig_3f,T11-R^0,17,1.0298
2021-11-27,US,132,Omicron BA.2,Imported,1,2021-11-08,19,Traveler weight (travel hubs),Strategies (total),100%,T11-M,fig_3f,T11-R^90,17,1
2021-11-22,US,133,Omicron BA.2,Imported,1,2021-11-08,14,Traveler weight (travel hubs),Strategies (total),50%,T11-R,fig_3f,T11-R^0,17,1.0547
2021-11-22,US,133,Omicron BA.2,Imported,1,2021-11-08,14,Traveler weight (travel hubs),Strategies (total),70%,T3-R,fig_3f,T3-R^0,17,1.0872
2021-11-22,US,133,Omicron BA.2,Imported,1,2021-11-08,14,Traveler weight (travel hubs),Strategies (total),70%,T7-R,fig_3f,T7-R^0,17,1.0872
2021-11-22,US,133,Omicron BA.2,Imported,1,2021-11-08,14,Traveler weight (travel hubs),Strategies (total),70%,T11-R,fig_3f,T11-R^0,17,1.0367
2021-11-22,US,133,Omicron BA.2,Imported,1,2021-11-08,14,Traveler weight (travel hubs),Strategies (total),90%,T3-R,fig_3f,T3-R^0,17,1.083
2021-11-22,US,133,Omicron BA.2,Imported,1,2021-11-08,14,Traveler weight (travel hubs),Strategies (total),90%,T7-R,fig_3f,T7-R^0,17,1.083
2021-11-22,US,133,Omicron BA.2,Imported,1,2021-11-08,14,Traveler weight (travel hubs),Strategies (total),90%,T11-R,fig_3f,T11-R^0,17,1.0329
2021-11-22,US,133,Omicron BA.2,Imported,1,2021-11-08,14,Traveler weight (travel hubs),Strategies (total),100%,T3-R,fig_3f,T3-R^0,17,1.081
2021-11-22,US,133,Omicron BA.2,Imported,1,2021-11-08,14,Traveler weight (travel hubs),Strategies (total),100%,T7-R,fig_3f,T7-R^0,17,1.081
2021-11-22,US,133,Omicron BA.2,Imported,1,2021-11-08,14,Traveler weight (travel hubs),Strategies (total),100%,T11-R,fig_3f,T11-R^0,17,1.0298
2021-11-22,US,133,Omicron BA.2,Imported,1,2021-11-08,14,Traveler weight (travel hubs),Strategies (total),100%,T11-M,fig_3f,T11-R^90,17,1
2021-11-26,ZA,134,Omicron BA.2,Community,1.0195302794842767,2021-11-08,18,Traveler weight (travel hubs),Strategies (total),50%,T11-R,fig_3f,T11-R^0,17,1.0547
2021-11-26,ZA,134,Omicron BA.2,Community,1.0195302794842767,2021-11-08,18,Traveler weight (travel hubs),Strategies (total),70%,T3-R,fig_3f,T3-R^0,17,1.0872
2021-11-26,ZA,134,Omicron BA.2,Community,1.0195302794842767,2021-11-08,18,Traveler weight (travel hubs),Strategies (total),70%,T7-R,fig_3f,T7-R^0,17,1.0872
2021-11-26,ZA,134,Omicron BA.2,Community,1.0195302794842767,2021-11-08,18,Traveler weight (travel hubs),Strategies (total),70%,T11-R,fig_3f,T11-R^0,17,1.0367
2021-11-26,ZA,134,Omicron BA.2,Community,1.0195302794842767,2021-11-08,18,Traveler weight (travel hubs),Strategies (total),90%,T3-R,fig_3f,T3-R^0,17,1.083
2021-11-26,ZA,134,Omicron BA.2,Community,1.0195302794842767,2021-11-08,18,Traveler weight (travel hubs),Strategies (total),90%,T7-R,fig_3f,T7-R^0,17,1.083
2021-11-26,ZA,134,Omicron BA.2,Community,1.0195302794842767,2021-11-08,18,Traveler weight (travel hubs),Strategies (total),90%,T11-R,fig_3f,T11-R^0,17,1.0329
2021-11-26,ZA,134,Omicron BA.2,Community,1.0195302794842767,2021-11-08,18,Traveler weight (travel hubs),Strategies (total),100%,T3-R,fig_3f,T3-R^0,17,1.081
2021-11-26,ZA,134,Omicron BA.2,Community,1.0195302794842767,2021-11-08,18,Traveler weight (travel hubs),Strategies (total),100%,T7-R,fig_3f,T7-R^0,17,1.081
2021-11-26,ZA,134,Omicron BA.2,Community,1.0195302794842767,2021-11-08,18,Traveler weight (travel hubs),Strategies (total),100%,T11-R,fig_3f,T11-R^0,17,1.0298
2021-11-27,US,134,Omicron BA.2,Imported,1,2021-11-08,19,Traveler weight (travel hubs),Strategies (total),100%,T11-M,fig_3f,T11-R^90,17,1
2021-11-14,IN,135,Omicron BA.2,Imported,1,2021-11-08,6,Traveler weight (travel hubs),Strategies (total),50%,T11-R,fig_3f,T11-R^0,17,1.0547
2021-11-27,ZA,135,Omicron BA.2,Community,1.187952802398253,2021-11-08,19,Traveler weight (travel hubs),Strategies (total),70%,T3-R,fig_3f,T3-R^0,17,1.0872
2021-11-27,ZA,135,Omicron BA.2,Community,1.187952802398253,2021-11-08,19,Traveler weight (travel hubs),Strategies (total),70%,T7-R,fig_3f,T7-R^0,17,1.0872
2021-11-14,IN,135,Omicron BA.2,Imported,1,2021-11-08,6,Traveler weight (travel hubs),Strategies (total),70%,T11-R,fig_3f,T11-R^0,17,1.0367
2021-11-27,ZA,135,Omicron BA.2,Community,1.187952802398253,2021-11-08,19,Traveler weight (travel hubs),Strategies (total),90%,T3-R,fig_3f,T3-R^0,17,1.083
2021-11-27,ZA,135,Omicron BA.2,Community,1.187952802398253,2021-11-08,19,Traveler weight (travel hubs),Strategies (total),90%,T7-R,fig_3f,T7-R^0,17,1.083
2021-11-14,IN,135,Omicron BA.2,Imported,1,2021-11-08,6,Traveler weight (travel hubs),Strategies (total),90%,T11-R,fig_3f,T11-R^0,17,1.0329
2021-11-27,ZA,135,Omicron BA.2,Community,1.187952802398253,2021-11-08,19,Traveler weight (travel hubs),Strategies (total),100%,T3-R,fig_3f,T3-R^0,17,1.081
2021-11-27,ZA,135,Omicron BA.2,Community,1.187952802398253,2021-11-08,19,Traveler weight (travel hubs),Strategies (total),100%,T7-R,fig_3f,T7-R^0,17,1.081
2021-11-14,IN,135,Omicron BA.2,Imported,1,2021-11-08,6,Traveler weight (travel hubs),Strategies (total),100%,T11-R,fig_3f,T11-R^0,17,1.0298
2021-11-14,IN,135,Omicron BA.2,Imported,1,2021-11-08,6,Traveler weight (travel hubs),Strategies (total),100%,T11-M,fig_3f,T11-R^90,17,1
2021-12-01,ZA,136,Omicron BA.2,Community,1.4301971317097715,2021-11-08,23,Traveler weight (travel hubs),Strategies (total),50%,T11-R,fig_3f,T11-R^0,17,1.0547
2021-12-01,ZA,136,Omicron BA.2,Community,1.4301971317097715,2021-11-08,23,Traveler weight (travel hubs),Strategies (total),70%,T3-R,fig_3f,T3-R^0,17,1.0872
2021-12-01,ZA,136,Omicron BA.2,Community,1.4301971317097715,2021-11-08,23,Traveler weight (travel hubs),Strategies (total),70%,T7-R,fig_3f,T7-R^0,17,1.0872
2021-12-01,ZA,136,Omicron BA.2,Community,1.4301971317097715,2021-11-08,23,Traveler weight (travel hubs),Strategies (total),70%,T11-R,fig_3f,T11-R^0,17,1.0367
2021-12-01,ZA,136,Omicron BA.2,Community,1.4301971317097715,2021-11-08,23,Traveler weight (travel hubs),Strategies (total),90%,T3-R,fig_3f,T3-R^0,17,1.083
2021-12-01,ZA,136,Omicron BA.2,Community,1.4301971317097715,2021-11-08,23,Traveler weight (travel hubs),Strategies (total),90%,T7-R,fig_3f,T7-R^0,17,1.083
2021-12-01,ZA,136,Omicron BA.2,Community,1.4301971317097715,2021-11-08,23,Traveler weight (travel hubs),Strategies (total),90%,T11-R,fig_3f,T11-R^0,17,1.0329
2021-12-01,ZA,136,Omicron BA.2,Community,1.4301971317097715,2021-11-08,23,Traveler weight (travel hubs),Strategies (total),100%,T3-R,fig_3f,T3-R^0,17,1.081
2021-12-01,ZA,136,Omicron BA.2,Community,1.4301971317097715,2021-11-08,23,Traveler weight (travel hubs),Strategies (total),100%,T7-R,fig_3f,T7-R^0,17,1.081
2021-12-01,ZA,136,Omicron BA.2,Community,1.4301971317097715,2021-11-08,23,Traveler weight (travel hubs),Strategies (total),100%,T11-R,fig_3f,T11-R^0,17,1.0298
2021-12-04,IN,136,Omicron BA.2,Imported,1,2021-11-08,26,Traveler weight (travel hubs),Strategies (total),100%,T11-M,fig_3f,T11-R^90,17,1
2021-12-02,ZA,137,Omicron BA.2,Community,1.4280030547202398,2021-11-08,24,Traveler weight (travel hubs),Strategies (total),50%,T11-R,fig_3f,T11-R^0,17,1.0547
2021-12-02,ZA,137,Omicron BA.2,Community,1.4280030547202398,2021-11-08,24,Traveler weight (travel hubs),Strategies (total),70%,T3-R,fig_3f,T3-R^0,17,1.0872
2021-12-02,ZA,137,Omicron BA.2,Community,1.4280030547202398,2021-11-08,24,Traveler weight (travel hubs),Strategies (total),70%,T7-R,fig_3f,T7-R^0,17,1.0872
2021-12-02,ZA,137,Omicron BA.2,Community,1.4280030547202398,2021-11-08,24,Traveler weight (travel hubs),Strategies (total),70%,T11-R,fig_3f,T11-R^0,17,1.0367
2021-12-02,ZA,137,Omicron BA.2,Community,1.4280030547202398,2021-11-08,24,Traveler weight (travel hubs),Strategies (total),90%,T3-R,fig_3f,T3-R^0,17,1.083
2021-12-02,ZA,137,Omicron BA.2,Community,1.4280030547202398,2021-11-08,24,Traveler weight (travel hubs),Strategies (total),90%,T7-R,fig_3f,T7-R^0,17,1.083
2021-12-02,ZA,137,Omicron BA.2,Community,1.4280030547202398,2021-11-08,24,Traveler weight (travel hubs),Strategies (total),90%,T11-R,fig_3f,T11-R^0,17,1.0329
2021-12-02,ZA,137,Omicron BA.2,Community,1.4280030547202398,2021-11-08,24,Traveler weight (travel hubs),Strategies (total),100%,T3-R,fig_3f,T3-R^0,17,1.081
2021-12-02,ZA,137,Omicron BA.2,Community,1.4280030547202398,2021-11-08,24,Traveler weight (travel hubs),Strategies (total),100%,T7-R,fig_3f,T7-R^0,17,1.081
2021-12-02,ZA,137,Omicron BA.2,Community,1.4280030547202398,2021-11-08,24,Traveler weight (travel hubs),Strategies (total),100%,T11-R,fig_3f,T11-R^0,17,1.0298
2021-12-08,IN,137,Omicron BA.2,Imported,1,2021-11-08,30,Traveler weight (travel hubs),Strategies (total),100%,T11-M,fig_3f,T11-R^90,17,1
2021-11-26,ZA,138,Omicron BA.2,Community,1.235688331881271,2021-11-08,18,Traveler weight (travel hubs),Strategies (total),50%,T11-R,fig_3f,T11-R^0,17,1.0547
2021-11-26,ZA,138,Omicron BA.2,Community,1.235688331881271,2021-11-08,18,Traveler weight (travel hubs),Strategies (total),70%,T3-R,fig_3f,T3-R^0,17,1.0872
2021-11-26,ZA,138,Omicron BA.2,Community,1.235688331881271,2021-11-08,18,Traveler weight (travel hubs),Strategies (total),70%,T7-R,fig_3f,T7-R^0,17,1.0872
2021-11-26,ZA,138,Omicron BA.2,Community,1.235688331881271,2021-11-08,18,Traveler weight (travel hubs),Strategies (total),70%,T11-R,fig_3f,T11-R^0,17,1.0367
2021-11-26,ZA,138,Omicron BA.2,Community,1.235688331881271,2021-11-08,18,Traveler weight (travel hubs),Strategies (total),90%,T3-R,fig_3f,T3-R^0,17,1.083
2021-11-26,ZA,138,Omicron BA.2,Community,1.235688331881271,2021-11-08,18,Traveler weight (travel hubs),Strategies (total),90%,T7-R,fig_3f,T7-R^0,17,1.083
2021-11-26,ZA,138,Omicron BA.2,Community,1.235688331881271,2021-11-08,18,Traveler weight (travel hubs),Strategies (total),90%,T11-R,fig_3f,T11-R^0,17,1.0329
2021-11-26,ZA,138,Omicron BA.2,Community,1.235688331881271,2021-11-08,18,Traveler weight (travel hubs),Strategies (total),100%,T3-R,fig_3f,T3-R^0,17,1.081
2021-11-26,ZA,138,Omicron BA.2,Community,1.235688331881271,2021-11-08,18,Traveler weight (travel hubs),Strategies (total),100%,T7-R,fig_3f,T7-R^0,17,1.081
2021-11-26,ZA,138,Omicron BA.2,Community,1.235688331881271,2021-11-08,18,Traveler weight (travel hubs),Strategies (total),100%,T11-R,fig_3f,T11-R^0,17,1.0298
2021-12-02,TR,138,Omicron BA.2,Imported,1.221057359828794,2021-11-08,24,Traveler weight (travel hubs),Strategies (total),100%,T11-M,fig_3f,T11-R^90,17,1
2021-11-17,US,139,Omicron BA.2,Imported,1,2021-11-08,9,Traveler weight (travel hubs),Strategies (total),50%,T11-R,fig_3f,T11-R^0,17,1.0547
2021-11-17,US,139,Omicron BA.2,Imported,1,2021-11-08,9,Traveler weight (travel hubs),Strategies (total),70%,T3-R,fig_3f,T3-R^0,17,1.0872
2021-11-17,US,139,Omicron BA.2,Imported,1,2021-11-08,9,Traveler weight (travel hubs),Strategies (total),70%,T7-R,fig_3f,T7-R^0,17,1.0872
2021-11-17,US,139,Omicron BA.2,Imported,1,2021-11-08,9,Traveler weight (travel hubs),Strategies (total),70%,T11-R,fig_3f,T11-R^0,17,1.0367
2021-11-17,US,139,Omicron BA.2,Imported,1,2021-11-08,9,Traveler weight (travel hubs),Strategies (total),90%,T3-R,fig_3f,T3-R^0,17,1.083
2021-11-17,US,139,Omicron BA.2,Imported,1,2021-11-08,9,Traveler weight (travel hubs),Strategies (total),90%,T7-R,fig_3f,T7-R^0,17,1.083
2021-11-17,US,139,Omicron BA.2,Imported,1,2021-11-08,9,Traveler weight (travel hubs),Strategies (total),90%,T11-R,fig_3f,T11-R^0,17,1.0329
2021-11-17,US,139,Omicron BA.2,Imported,1,2021-11-08,9,Traveler weight (travel hubs),Strategies (total),100%,T3-R,fig_3f,T3-R^0,17,1.081
2021-11-17,US,139,Omicron BA.2,Imported,1,2021-11-08,9,Traveler weight (travel hubs),Strategies (total),100%,T7-R,fig_3f,T7-R^0,17,1.081
2021-11-17,US,139,Omicron BA.2,Imported,1,2021-11-08,9,Traveler weight (travel hubs),Strategies (total),100%,T11-R,fig_3f,T11-R^0,17,1.0298
2021-11-17,US,139,Omicron BA.2,Imported,1,2021-11-08,9,Traveler weight (travel hubs),Strategies (total),100%,T11-M,fig_3f,T11-R^90,17,1
2021-11-28,ZA,14,Omicron BA.2,Community,1.1693950795738166,2021-11-08,20,Traveler weight (travel hubs),Strategies (total),50%,T11-R,fig_3f,T11-R^0,17,1.0547
2021-11-28,ZA,14,Omicron BA.2,Community,1.1693950795738166,2021-11-08,20,Traveler weight (travel hubs),Strategies (total),70%,T3-R,fig_3f,T3-R^0,17,1.0872
2021-11-28,ZA,14,Omicron BA.2,Community,1.1693950795738166,2021-11-08,20,Traveler weight (travel hubs),Strategies (total),70%,T7-R,fig_3f,T7-R^0,17,1.0872
2021-11-28,ZA,14,Omicron BA.2,Community,1.1693950795738166,2021-11-08,20,Traveler weight (travel hubs),Strategies (total),70%,T11-R,fig_3f,T11-R^0,17,1.0367
2021-11-28,ZA,14,Omicron BA.2,Community,1.1693950795738166,2021-11-08,20,Traveler weight (travel hubs),Strategies (total),90%,T3-R,fig_3f,T3-R^0,17,1.083
2021-11-28,ZA,14,Omicron BA.2,Community,1.1693950795738166,2021-11-08,20,Traveler weight (travel hubs),Strategies (total),90%,T7-R,fig_3f,T7-R^0,17,1.083
2021-11-28,ZA,14,Omicron BA.2,Community,1.1693950795738166,2021-11-08,20,Traveler weight (travel hubs),Strategies (total),90%,T11-R,fig_3f,T11-R^0,17,1.0329
2021-11-28,ZA,14,Omicron BA.2,Community,1.1693950795738166,2021-11-08,20,Traveler weight (travel hubs),Strategies (total),100%,T3-R,fig_3f,T3-R^0,17,1.081
2021-11-28,ZA,14,Omicron BA.2,Community,1.1693950795738166,2021-11-08,20,Traveler weight (travel hubs),Strategies (total),100%,T7-R,fig_3f,T7-R^0,17,1.081
2021-11-28,ZA,14,Omicron BA.2,Community,1.1693950795738166,2021-11-08,20,Traveler weight (travel hubs),Strategies (total),100%,T11-R,fig_3f,T11-R^0,17,1.0298
2021-12-02,IN,14,Omicron BA.2,Imported,1,2021-11-08,24,Traveler weight (travel hubs),Strategies (total),100%,T11-M,fig_3f,T11-R^90,17,1
2021-11-28,ZA,140,Omicron BA.2,Community,1.3394394210480445,2021-11-08,20,Traveler weight (travel hubs),Strategies (total),50%,T11-R,fig_3f,T11-R^0,17,1.0547
2021-11-28,ZA,140,Omicron BA.2,Community,1.3394394210480445,2021-11-08,20,Traveler weight (travel hubs),Strategies (total),70%,T3-R,fig_3f,T3-R^0,17,1.0872
2021-11-28,ZA,140,Omicron BA.2,Community,1.3394394210480445,2021-11-08,20,Traveler weight (travel hubs),Strategies (total),70%,T7-R,fig_3f,T7-R^0,17,1.0872
2021-11-28,ZA,140,Omicron BA.2,Community,1.3394394210480445,2021-11-08,20,Traveler weight (travel hubs),Strategies (total),70%,T11-R,fig_3f,T11-R^0,17,1.0367
2021-11-28,ZA,140,Omicron BA.2,Community,1.3394394210480445,2021-11-08,20,Traveler weight (travel hubs),Strategies (total),90%,T3-R,fig_3f,T3-R^0,17,1.083
2021-11-28,ZA,140,Omicron BA.2,Community,1.3394394210480445,2021-11-08,20,Traveler weight (travel hubs),Strategies (total),90%,T7-R,fig_3f,T7-R^0,17,1.083
2021-11-28,ZA,140,Omicron BA.2,Community,1.3394394210480445,2021-11-08,20,Traveler weight (travel hubs),Strategies (total),90%,T11-R,fig_3f,T11-R^0,17,1.0329
2021-11-28,ZA,140,Omicron BA.2,Community,1.3394394210480445,2021-11-08,20,Traveler weight (travel hubs),Strategies (total),100%,T3-R,fig_3f,T3-R^0,17,1.081
2021-11-28,ZA,140,Omicron BA.2,Community,1.3394394210480445,2021-11-08,20,Traveler weight (travel hubs),Strategies (total),100%,T7-R,fig_3f,T7-R^0,17,1.081
2021-11-28,ZA,140,Omicron BA.2,Community,1.3394394210480445,2021-11-08,20,Traveler weight (travel hubs),Strategies (total),100%,T11-R,fig_3f,T11-R^0,17,1.0298
2021-12-03,US,140,Omicron BA.2,Imported,1,2021-11-08,25,Traveler weight (travel hubs),Strategies (total),100%,T11-M,fig_3f,T11-R^90,17,1
2021-11-22,ZA,141,Omicron BA.2,Community,1.2670784145290697,2021-11-08,14,Traveler weight (travel hubs),Strategies (total),50%,T11-R,fig_3f,T11-R^0,17,1.0547
2021-11-22,ZA,141,Omicron BA.2,Community,1.2670784145290697,2021-11-08,14,Traveler weight (travel hubs),Strategies (total),70%,T3-R,fig_3f,T3-R^0,17,1.0872
2021-11-22,ZA,141,Omicron BA.2,Community,1.2670784145290697,2021-11-08,14,Traveler weight (travel hubs),Strategies (total),70%,T7-R,fig_3f,T7-R^0,17,1.0872
2021-11-17,IN,141,Omicron BA.2,Imported,1,2021-11-08,9,Traveler weight (travel hubs),Strategies (total),70%,T11-R,fig_3f,T11-R^0,17,1.0367
2021-11-22,ZA,141,Omicron BA.2,Community,1.2670784145290697,2021-11-08,14,Traveler weight (travel hubs),Strategies (total),90%,T3-R,fig_3f,T3-R^0,17,1.083
2021-11-22,ZA,141,Omicron BA.2,Community,1.2670784145290697,2021-11-08,14,Traveler weight (travel hubs),Strategies (total),90%,T7-R,fig_3f,T7-R^0,17,1.083
2021-11-17,IN,141,Omicron BA.2,Imported,1,2021-11-08,9,Traveler weight (travel hubs),Strategies (total),90%,T11-R,fig_3f,T11-R^0,17,1.0329
2021-11-22,ZA,141,Omicron BA.2,Community,1.2670784145290697,2021-11-08,14,Traveler weight (travel hubs),Strategies (total),100%,T3-R,fig_3f,T3-R^0,17,1.081
2021-11-22,ZA,141,Omicron BA.2,Community,1.2670784145290697,2021-11-08,14,Traveler weight (travel hubs),Strategies (total),100%,T7-R,fig_3f,T7-R^0,17,1.081
2021-11-17,IN,141,Omicron BA.2,Imported,1,2021-11-08,9,Traveler weight (travel hubs),Strategies (total),100%,T11-R,fig_3f,T11-R^0,17,1.0298
2021-11-17,IN,141,Omicron BA.2,Imported,1,2021-11-08,9,Traveler weight (travel hubs),Strategies (total),100%,T11-M,fig_3f,T11-R^90,17,1
2021-11-23,US,142,Omicron BA.2,Imported,1,2021-11-08,15,Traveler weight (travel hubs),Strategies (total),50%,T11-R,fig_3f,T11-R^0,17,1.0547
2021-11-23,US,142,Omicron BA.2,Imported,1,2021-11-08,15,Traveler weight (travel hubs),Strategies (total),70%,T3-R,fig_3f,T3-R^0,17,1.0872
2021-11-23,US,142,Omicron BA.2,Imported,1,2021-11-08,15,Traveler weight (travel hubs),Strategies (total),70%,T7-R,fig_3f,T7-R^0,17,1.0872
2021-11-23,US,142,Omicron BA.2,Imported,1,2021-11-08,15,Traveler weight (travel hubs),Strategies (total),70%,T11-R,fig_3f,T11-R^0,17,1.0367
2021-11-23,US,142,Omicron BA.2,Imported,1,2021-11-08,15,Traveler weight (travel hubs),Strategies (total),90%,T3-R,fig_3f,T3-R^0,17,1.083
2021-11-23,US,142,Omicron BA.2,Imported,1,2021-11-08,15,Traveler weight (travel hubs),Strategies (total),90%,T7-R,fig_3f,T7-R^0,17,1.083
2021-11-23,US,142,Omicron BA.2,Imported,1,2021-11-08,15,Traveler weight (travel hubs),Strategies (total),90%,T11-R,fig_3f,T11-R^0,17,1.0329
2021-11-23,US,142,Omicron BA.2,Imported,1,2021-11-08,15,Traveler weight (travel hubs),Strategies (total),100%,T3-R,fig_3f,T3-R^0,17,1.081
2021-11-23,US,142,Omicron BA.2,Imported,1,2021-11-08,15,Traveler weight (travel hubs),Strategies (total),100%,T7-R,fig_3f,T7-R^0,17,1.081
2021-11-23,US,142,Omicron BA.2,Imported,1,2021-11-08,15,Traveler weight (travel hubs),Strategies (total),100%,T11-R,fig_3f,T11-R^0,17,1.0298
2021-11-23,US,142,Omicron BA.2,Imported,1,2021-11-08,15,Traveler weight (travel hubs),Strategies (total),100%,T11-M,fig_3f,T11-R^90,17,1
2021-11-25,ZA,143,Omicron BA.2,Community,1.2516916505308084,2021-11-08,17,Traveler weight (travel hubs),Strategies (total),50%,T11-R,fig_3f,T11-R^0,17,1.0547
2021-11-25,ZA,143,Omicron BA.2,Community,1.2516916505308084,2021-11-08,17,Traveler weight (travel hubs),Strategies (total),70%,T3-R,fig_3f,T3-R^0,17,1.0872
2021-11-25,ZA,143,Omicron BA.2,Community,1.2516916505308084,2021-11-08,17,Traveler weight (travel hubs),Strategies (total),70%,T7-R,fig_3f,T7-R^0,17,1.0872
2021-11-25,ZA,143,Omicron BA.2,Community,1.2516916505308084,2021-11-08,17,Traveler weight (travel hubs),Strategies (total),70%,T11-R,fig_3f,T11-R^0,17,1.0367
2021-11-25,ZA,143,Omicron BA.2,Community,1.2516916505308084,2021-11-08,17,Traveler weight (travel hubs),Strategies (total),90%,T3-R,fig_3f,T3-R^0,17,1.083
2021-11-25,ZA,143,Omicron BA.2,Community,1.2516916505308084,2021-11-08,17,Traveler weight (travel hubs),Strategies (total),90%,T7-R,fig_3f,T7-R^0,17,1.083
2021-11-25,ZA,143,Omicron BA.2,Community,1.2516916505308084,2021-11-08,17,Traveler weight (travel hubs),Strategies (total),90%,T11-R,fig_3f,T11-R^0,17,1.0329
2021-11-25,ZA,143,Omicron BA.2,Community,1.2516916505308084,2021-11-08,17,Traveler weight (travel hubs),Strategies (total),100%,T3-R,fig_3f,T3-R^0,17,1.081
2021-11-25,ZA,143,Omicron BA.2,Community,1.2516916505308084,2021-11-08,17,Traveler weight (travel hubs),Strategies (total),100%,T7-R,fig_3f,T7-R^0,17,1.081
2021-11-25,ZA,143,Omicron BA.2,Community,1.2516916505308084,2021-11-08,17,Traveler weight (travel hubs),Strategies (total),100%,T11-R,fig_3f,T11-R^0,17,1.0298
2021-11-25,AE,143,Omicron BA.2,Imported,1,2021-11-08,17,Traveler weight (travel hubs),Strategies (total),100%,T11-M,fig_3f,T11-R^90,17,1
2021-11-27,ZA,144,Omicron BA.2,Community,1.220430298360586,2021-11-08,19,Traveler weight (travel hubs),Strategies (total),50%,T11-R,fig_3f,T11-R^0,17,1.0547
2021-11-27,ZA,144,Omicron BA.2,Community,1.220430298360586,2021-11-08,19,Traveler weight (travel hubs),Strategies (total),70%,T3-R,fig_3f,T3-R^0,17,1.0872
2021-11-27,ZA,144,Omicron BA.2,Community,1.220430298360586,2021-11-08,19,Traveler weight (travel hubs),Strategies (total),70%,T7-R,fig_3f,T7-R^0,17,1.0872
2021-11-27,ZA,144,Omicron BA.2,Community,1.220430298360586,2021-11-08,19,Traveler weight (travel hubs),Strategies (total),70%,T11-R,fig_3f,T11-R^0,17,1.0367
2021-11-27,ZA,144,Omicron BA.2,Community,1.220430298360586,2021-11-08,19,Traveler weight (travel hubs),Strategies (total),90%,T3-R,fig_3f,T3-R^0,17,1.083
2021-11-27,ZA,144,Omicron BA.2,Community,1.220430298360586,2021-11-08,19,Traveler weight (travel hubs),Strategies (total),90%,T7-R,fig_3f,T7-R^0,17,1.083
2021-11-27,ZA,144,Omicron BA.2,Community,1.220430298360586,2021-11-08,19,Traveler weight (travel hubs),Strategies (total),90%,T11-R,fig_3f,T11-R^0,17,1.0329
2021-11-27,ZA,144,Omicron BA.2,Community,1.220430298360586,2021-11-08,19,Traveler weight (travel hubs),Strategies (total),100%,T3-R,fig_3f,T3-R^0,17,1.081
2021-11-27,ZA,144,Omicron BA.2,Community,1.220430298360586,2021-11-08,19,Traveler weight (travel hubs),Strategies (total),100%,T7-R,fig_3f,T7-R^0,17,1.081
2021-11-27,ZA,144,Omicron BA.2,Community,1.220430298360586,2021-11-08,19,Traveler weight (travel hubs),Strategies (total),100%,T11-R,fig_3f,T11-R^0,17,1.0298
2021-12-03,IN,144,Omicron BA.2,Imported,2,2021-11-08,25,Traveler weight (travel hubs),Strategies (total),100%,T11-M,fig_3f,T11-R^90,17,1
2021-11-23,US,145,Omicron BA.2,Imported,1,2021-11-08,15,Traveler weight (travel hubs),Strategies (total),50%,T11-R,fig_3f,T11-R^0,17,1.0547
2021-11-23,US,145,Omicron BA.2,Imported,1,2021-11-08,15,Traveler weight (travel hubs),Strategies (total),70%,T3-R,fig_3f,T3-R^0,17,1.0872
2021-11-23,US,145,Omicron BA.2,Imported,1,2021-11-08,15,Traveler weight (travel hubs),Strategies (total),70%,T7-R,fig_3f,T7-R^0,17,1.0872
2021-11-17,IN,145,Omicron BA.2,Imported,1,2021-11-08,9,Traveler weight (travel hubs),Strategies (total),70%,T11-R,fig_3f,T11-R^0,17,1.0367
2021-11-23,US,145,Omicron BA.2,Imported,1,2021-11-08,15,Traveler weight (travel hubs),Strategies (total),90%,T3-R,fig_3f,T3-R^0,17,1.083
2021-11-23,US,145,Omicron BA.2,Imported,1,2021-11-08,15,Traveler weight (travel hubs),Strategies (total),90%,T7-R,fig_3f,T7-R^0,17,1.083
2021-11-17,IN,145,Omicron BA.2,Imported,1,2021-11-08,9,Traveler weight (travel hubs),Strategies (total),90%,T11-R,fig_3f,T11-R^0,17,1.0329
2021-11-23,US,145,Omicron BA.2,Imported,1,2021-11-08,15,Traveler weight (travel hubs),Strategies (total),100%,T3-R,fig_3f,T3-R^0,17,1.081
2021-11-23,US,145,Omicron BA.2,Imported,1,2021-11-08,15,Traveler weight (travel hubs),Strategies (total),100%,T7-R,fig_3f,T7-R^0,17,1.081
2021-11-17,IN,145,Omicron BA.2,Imported,1,2021-11-08,9,Traveler weight (travel hubs),Strategies (total),100%,T11-R,fig_3f,T11-R^0,17,1.0298
2021-11-17,IN,145,Omicron BA.2,Imported,1,2021-11-08,9,Traveler weight (travel hubs),Strategies (total),100%,T11-M,fig_3f,T11-R^90,17,1
2021-11-18,IN,146,Omicron BA.2,Imported,1,2021-11-08,10,Traveler weight (travel hubs),Strategies (total),50%,T11-R,fig_3f,T11-R^0,17,1.0547
2021-11-27,US,146,Omicron BA.2,Imported,1,2021-11-08,19,Traveler weight (travel hubs),Strategies (total),70%,T3-R,fig_3f,T3-R^0,17,1.0872
2021-11-27,US,146,Omicron BA.2,Imported,1,2021-11-08,19,Traveler weight (travel hubs),Strategies (total),70%,T7-R,fig_3f,T7-R^0,17,1.0872
2021-11-18,IN,146,Omicron BA.2,Imported,1,2021-11-08,10,Traveler weight (travel hubs),Strategies (total),70%,T11-R,fig_3f,T11-R^0,17,1.0367
2021-11-27,US,146,Omicron BA.2,Imported,1,2021-11-08,19,Traveler weight (travel hubs),Strategies (total),90%,T3-R,fig_3f,T3-R^0,17,1.083
2021-11-27,US,146,Omicron BA.2,Imported,1,2021-11-08,19,Traveler weight (travel hubs),Strategies (total),90%,T7-R,fig_3f,T7-R^0,17,1.083
2021-11-18,IN,146,Omicron BA.2,Imported,1,2021-11-08,10,Traveler weight (travel hubs),Strategies (total),90%,T11-R,fig_3f,T11-R^0,17,1.0329
2021-11-27,US,146,Omicron BA.2,Imported,1,2021-11-08,19,Traveler weight (travel hubs),Strategies (total),100%,T3-R,fig_3f,T3-R^0,17,1.081
2021-11-27,US,146,Omicron BA.2,Imported,1,2021-11-08,19,Traveler weight (travel hubs),Strategies (total),100%,T7-R,fig_3f,T7-R^0,17,1.081
2021-11-18,IN,146,Omicron BA.2,Imported,1,2021-11-08,10,Traveler weight (travel hubs),Strategies (total),100%,T11-R,fig_3f,T11-R^0,17,1.0298
2021-11-18,IN,146,Omicron BA.2,Imported,1,2021-11-08,10,Traveler weight (travel hubs),Strategies (total),100%,T11-M,fig_3f,T11-R^90,17,1
2021-11-18,US,147,Omicron BA.2,Imported,1,2021-11-08,10,Traveler weight (travel hubs),Strategies (total),50%,T11-R,fig_3f,T11-R^0,17,1.0547
2021-11-18,US,147,Omicron BA.2,Imported,1,2021-11-08,10,Traveler weight (travel hubs),Strategies (total),70%,T3-R,fig_3f,T3-R^0,17,1.0872
2021-11-18,US,147,Omicron BA.2,Imported,1,2021-11-08,10,Traveler weight (travel hubs),Strategies (total),70%,T7-R,fig_3f,T7-R^0,17,1.0872
2021-11-18,US,147,Omicron BA.2,Imported,1,2021-11-08,10,Traveler weight (travel hubs),Strategies (total),70%,T11-R,fig_3f,T11-R^0,17,1.0367
2021-11-18,US,147,Omicron BA.2,Imported,1,2021-11-08,10,Traveler weight (travel hubs),Strategies (total),90%,T3-R,fig_3f,T3-R^0,17,1.083
2021-11-18,US,147,Omicron BA.2,Imported,1,2021-11-08,10,Traveler weight (travel hubs),Strategies (total),90%,T7-R,fig_3f,T7-R^0,17,1.083
2021-11-18,US,147,Omicron BA.2,Imported,1,2021-11-08,10,Traveler weight (travel hubs),Strategies (total),90%,T11-R,fig_3f,T11-R^0,17,1.0329
2021-11-18,US,147,Omicron BA.2,Imported,1,2021-11-08,10,Traveler weight (travel hubs),Strategies (total),100%,T3-R,fig_3f,T3-R^0,17,1.081
2021-11-18,US,147,Omicron BA.2,Imported,1,2021-11-08,10,Traveler weight (travel hubs),Strategies (total),100%,T7-R,fig_3f,T7-R^0,17,1.081
2021-11-18,US,147,Omicron BA.2,Imported,1,2021-11-08,10,Traveler weight (travel hubs),Strategies (total),100%,T11-R,fig_3f,T11-R^0,17,1.0298
2021-11-18,US,147,Omicron BA.2,Imported,1,2021-11-08,10,Traveler weight (travel hubs),Strategies (total),100%,T11-M,fig_3f,T11-R^90,17,1
2021-11-26,ZA,148,Omicron BA.2,Community,1.0193782696021407,2021-11-08,18,Traveler weight (travel hubs),Strategies (total),50%,T11-R,fig_3f,T11-R^0,17,1.0547
2021-11-26,ZA,148,Omicron BA.2,Community,1.0193782696021407,2021-11-08,18,Traveler weight (travel hubs),Strategies (total),70%,T3-R,fig_3f,T3-R^0,17,1.0872
2021-11-26,ZA,148,Omicron BA.2,Community,1.0193782696021407,2021-11-08,18,Traveler weight (travel hubs),Strategies (total),70%,T7-R,fig_3f,T7-R^0,17,1.0872
2021-11-26,ZA,148,Omicron BA.2,Community,1.0193782696021407,2021-11-08,18,Traveler weight (travel hubs),Strategies (total),70%,T11-R,fig_3f,T11-R^0,17,1.0367
2021-11-26,ZA,148,Omicron BA.2,Community,1.0193782696021407,2021-11-08,18,Traveler weight (travel hubs),Strategies (total),90%,T3-R,fig_3f,T3-R^0,17,1.083
2021-11-26,ZA,148,Omicron BA.2,Community,1.0193782696021407,2021-11-08,18,Traveler weight (travel hubs),Strategies (total),90%,T7-R,fig_3f,T7-R^0,17,1.083
2021-11-26,ZA,148,Omicron BA.2,Community,1.0193782696021407,2021-11-08,18,Traveler weight (travel hubs),Strategies (total),90%,T11-R,fig_3f,T11-R^0,17,1.0329
2021-11-26,ZA,148,Omicron BA.2,Community,1.0193782696021407,2021-11-08,18,Traveler weight (travel hubs),Strategies (total),100%,T3-R,fig_3f,T3-R^0,17,1.081
2021-11-26,ZA,148,Omicron BA.2,Community,1.0193782696021407,2021-11-08,18,Traveler weight (travel hubs),Strategies (total),100%,T7-R,fig_3f,T7-R^0,17,1.081
2021-11-26,ZA,148,Omicron BA.2,Community,1.0193782696021407,2021-11-08,18,Traveler weight (travel hubs),Strategies (total),100%,T11-R,fig_3f,T11-R^0,17,1.0298
2021-12-03,TR,148,Omicron BA.2,Imported,1,2021-11-08,25,Traveler weight (travel hubs),Strategies (total),100%,T11-M,fig_3f,T11-R^90,17,1
2021-11-25,ZA,149,Omicron BA.2,Community,1.2591130406086621,2021-11-08,17,Traveler weight (travel hubs),Strategies (total),50%,T11-R,fig_3f,T11-R^0,17,1.0547
2021-11-25,ZA,149,Omicron BA.2,Community,1.2591130406086621,2021-11-08,17,Traveler weight (travel hubs),Strategies (total),70%,T3-R,fig_3f,T3-R^0,17,1.0872
2021-11-25,ZA,149,Omicron BA.2,Community,1.2591130406086621,2021-11-08,17,Traveler weight (travel hubs),Strategies (total),70%,T7-R,fig_3f,T7-R^0,17,1.0872
2021-11-25,ZA,149,Omicron BA.2,Community,1.2591130406086621,2021-11-08,17,Traveler weight (travel hubs),Strategies (total),70%,T11-R,fig_3f,T11-R^0,17,1.0367
2021-11-25,ZA,149,Omicron BA.2,Community,1.2591130406086621,2021-11-08,17,Traveler weight (travel hubs),Strategies (total),90%,T3-R,fig_3f,T3-R^0,17,1.083
2021-11-25,ZA,149,Omicron BA.2,Community,1.2591130406086621,2021-11-08,17,Traveler weight (travel hubs),Strategies (total),90%,T7-R,fig_3f,T7-R^0,17,1.083
2021-11-25,ZA,149,Omicron BA.2,Community,1.2591130406086621,2021-11-08,17,Traveler weight (travel hubs),Strategies (total),90%,T11-R,fig_3f,T11-R^0,17,1.0329
2021-11-25,ZA,149,Omicron BA.2,Community,1.2591130406086621,2021-11-08,17,Traveler weight (travel hubs),Strategies (total),100%,T3-R,fig_3f,T3-R^0,17,1.081
2021-11-25,ZA,149,Omicron BA.2,Community,1.2591130406086621,2021-11-08,17,Traveler weight (travel hubs),Strategies (total),100%,T7-R,fig_3f,T7-R^0,17,1.081
2021-11-25,ZA,149,Omicron BA.2,Community,1.2591130406086621,2021-11-08,17,Traveler weight (travel hubs),Strategies (total),100%,T11-R,fig_3f,T11-R^0,17,1.0298
2021-12-02,US,149,Omicron BA.2,Imported,1,2021-11-08,24,Traveler weight (travel hubs),Strategies (total),100%,T11-M,fig_3f,T11-R^90,17,1
2021-11-26,ZA,15,Omicron BA.2,Community,1.1712361418557256,2021-11-08,18,Traveler weight (travel hubs),Strategies (total),50%,T11-R,fig_3f,T11-R^0,17,1.0547
2021-11-26,ZA,15,Omicron BA.2,Community,1.1712361418557256,2021-11-08,18,Traveler weight (travel hubs),Strategies (total),70%,T3-R,fig_3f,T3-R^0,17,1.0872
2021-11-26,ZA,15,Omicron BA.2,Community,1.1712361418557256,2021-11-08,18,Traveler weight (travel hubs),Strategies (total),70%,T7-R,fig_3f,T7-R^0,17,1.0872
2021-11-26,ZA,15,Omicron BA.2,Community,1.1712361418557256,2021-11-08,18,Traveler weight (travel hubs),Strategies (total),70%,T11-R,fig_3f,T11-R^0,17,1.0367
2021-11-26,ZA,15,Omicron BA.2,Community,1.1712361418557256,2021-11-08,18,Traveler weight (travel hubs),Strategies (total),90%,T3-R,fig_3f,T3-R^0,17,1.083
2021-11-26,ZA,15,Omicron BA.2,Community,1.1712361418557256,2021-11-08,18,Traveler weight (travel hubs),Strategies (total),90%,T7-R,fig_3f,T7-R^0,17,1.083
2021-11-26,ZA,15,Omicron BA.2,Community,1.1712361418557256,2021-11-08,18,Traveler weight (travel hubs),Strategies (total),90%,T11-R,fig_3f,T11-R^0,17,1.0329
2021-11-26,ZA,15,Omicron BA.2,Community,1.1712361418557256,2021-11-08,18,Traveler weight (travel hubs),Strategies (total),100%,T3-R,fig_3f,T3-R^0,17,1.081
2021-11-26,ZA,15,Omicron BA.2,Community,1.1712361418557256,2021-11-08,18,Traveler weight (travel hubs),Strategies (total),100%,T7-R,fig_3f,T7-R^0,17,1.081
2021-11-26,ZA,15,Omicron BA.2,Community,1.1712361418557256,2021-11-08,18,Traveler weight (travel hubs),Strategies (total),100%,T11-R,fig_3f,T11-R^0,17,1.0298
2021-11-28,US,15,Omicron BA.2,Imported,1,2021-11-08,20,Traveler weight (travel hubs),Strategies (total),100%,T11-M,fig_3f,T11-R^90,17,1
2021-11-26,ZA,150,Omicron BA.2,Community,1.0546445622576284,2021-11-08,18,Traveler weight (travel hubs),Strategies (total),50%,T11-R,fig_3f,T11-R^0,17,1.0547
2021-11-26,ZA,150,Omicron BA.2,Community,1.0546445622576284,2021-11-08,18,Traveler weight (travel hubs),Strategies (total),70%,T3-R,fig_3f,T3-R^0,17,1.0872
2021-11-26,ZA,150,Omicron BA.2,Community,1.0546445622576284,2021-11-08,18,Traveler weight (travel hubs),Strategies (total),70%,T7-R,fig_3f,T7-R^0,17,1.0872
2021-11-26,ZA,150,Omicron BA.2,Community,1.0546445622576284,2021-11-08,18,Traveler weight (travel hubs),Strategies (total),70%,T11-R,fig_3f,T11-R^0,17,1.0367
2021-11-26,ZA,150,Omicron BA.2,Community,1.0546445622576284,2021-11-08,18,Traveler weight (travel hubs),Strategies (total),90%,T3-R,fig_3f,T3-R^0,17,1.083
2021-11-26,ZA,150,Omicron BA.2,Community,1.0546445622576284,2021-11-08,18,Traveler weight (travel hubs),Strategies (total),90%,T7-R,fig_3f,T7-R^0,17,1.083
2021-11-26,ZA,150,Omicron BA.2,Community,1.0546445622576284,2021-11-08,18,Traveler weight (travel hubs),Strategies (total),90%,T11-R,fig_3f,T11-R^0,17,1.0329
2021-11-16,GB,150,Omicron BA.2,Imported,1.10511148573158,2021-11-08,8,Traveler weight (travel hubs),Strategies (total),100%,T3-R,fig_3f,T3-R^0,17,1.081
2021-11-16,GB,150,Omicron BA.2,Imported,1.10511148573158,2021-11-08,8,Traveler weight (travel hubs),Strategies (total),100%,T7-R,fig_3f,T7-R^0,17,1.081
2021-11-16,GB,150,Omicron BA.2,Imported,1.10511148573158,2021-11-08,8,Traveler weight (travel hubs),Strategies (total),100%,T11-R,fig_3f,T11-R^0,17,1.0298
2021-11-16,GB,150,Omicron BA.2,Imported,1.20838186330168,2021-11-08,8,Traveler weight (travel hubs),Strategies (total),100%,T11-M,fig_3f,T11-R^90,17,1
2021-11-26,ZA,151,Omicron BA.2,Community,1.377057522267491,2021-11-08,18,Traveler weight (travel hubs),Strategies (total),50%,T11-R,fig_3f,T11-R^0,17,1.0547
2021-11-26,ZA,151,Omicron BA.2,Community,1.377057522267491,2021-11-08,18,Traveler weight (travel hubs),Strategies (total),70%,T3-R,fig_3f,T3-R^0,17,1.0872
2021-11-26,ZA,151,Omicron BA.2,Community,1.377057522267491,2021-11-08,18,Traveler weight (travel hubs),Strategies (total),70%,T7-R,fig_3f,T7-R^0,17,1.0872
2021-11-26,ZA,151,Omicron BA.2,Community,1.377057522267491,2021-11-08,18,Traveler weight (travel hubs),Strategies (total),70%,T11-R,fig_3f,T11-R^0,17,1.0367
2021-11-26,ZA,151,Omicron BA.2,Community,1.377057522267491,2021-11-08,18,Traveler weight (travel hubs),Strategies (total),90%,T3-R,fig_3f,T3-R^0,17,1.083
2021-11-26,ZA,151,Omicron BA.2,Community,1.377057522267491,2021-11-08,18,Traveler weight (travel hubs),Strategies (total),90%,T7-R,fig_3f,T7-R^0,17,1.083
2021-11-26,ZA,151,Omicron BA.2,Community,1.377057522267491,2021-11-08,18,Traveler weight (travel hubs),Strategies (total),90%,T11-R,fig_3f,T11-R^0,17,1.0329
2021-11-26,ZA,151,Omicron BA.2,Community,1.377057522267491,2021-11-08,18,Traveler weight (travel hubs),Strategies (total),100%,T3-R,fig_3f,T3-R^0,17,1.081
2021-11-26,ZA,151,Omicron BA.2,Community,1.377057522267491,2021-11-08,18,Traveler weight (travel hubs),Strategies (total),100%,T7-R,fig_3f,T7-R^0,17,1.081
2021-11-26,ZA,151,Omicron BA.2,Community,1.377057522267491,2021-11-08,18,Traveler weight (travel hubs),Strategies (total),100%,T11-R,fig_3f,T11-R^0,17,1.0298
2021-11-23,TR,151,Omicron BA.2,Imported,1,2021-11-08,15,Traveler weight (travel hubs),Strategies (total),100%,T11-M,fig_3f,T11-R^90,17,1
2021-11-29,ZA,152,Omicron BA.2,Community,1.3658063599861237,2021-11-08,21,Traveler weight (travel hubs),Strategies (total),50%,T11-R,fig_3f,T11-R^0,17,1.0547
2021-11-29,ZA,152,Omicron BA.2,Community,1.3658063599861237,2021-11-08,21,Traveler weight (travel hubs),Strategies (total),70%,T3-R,fig_3f,T3-R^0,17,1.0872
2021-11-29,ZA,152,Omicron BA.2,Community,1.3658063599861237,2021-11-08,21,Traveler weight (travel hubs),Strategies (total),70%,T7-R,fig_3f,T7-R^0,17,1.0872
2021-11-29,ZA,152,Omicron BA.2,Community,1.3658063599861237,2021-11-08,21,Traveler weight (travel hubs),Strategies (total),70%,T11-R,fig_3f,T11-R^0,17,1.0367
2021-11-29,ZA,152,Omicron BA.2,Community,1.3658063599861237,2021-11-08,21,Traveler weight (travel hubs),Strategies (total),90%,T3-R,fig_3f,T3-R^0,17,1.083
2021-11-26,TR,152,Omicron BA.2,Imported,1.1104225352112678,2021-11-08,18,Traveler weight (travel hubs),Strategies (total),90%,T7-R,fig_3f,T7-R^0,17,1.083
2021-11-26,TR,152,Omicron BA.2,Imported,1.1104225352112678,2021-11-08,18,Traveler weight (travel hubs),Strategies (total),90%,T11-R,fig_3f,T11-R^0,17,1.0329
2021-11-29,ZA,152,Omicron BA.2,Community,1.3658063599861237,2021-11-08,21,Traveler weight (travel hubs),Strategies (total),100%,T3-R,fig_3f,T3-R^0,17,1.081
2021-11-26,TR,152,Omicron BA.2,Imported,1.233802816901408,2021-11-08,18,Traveler weight (travel hubs),Strategies (total),100%,T7-R,fig_3f,T7-R^0,17,1.081
2021-11-26,TR,152,Omicron BA.2,Imported,1.233802816901408,2021-11-08,18,Traveler weight (travel hubs),Strategies (total),100%,T11-R,fig_3f,T11-R^0,17,1.0298
2021-11-26,TR,152,Omicron BA.2,Imported,2,2021-11-08,18,Traveler weight (travel hubs),Strategies (total),100%,T11-M,fig_3f,T11-R^90,17,1
2021-11-27,ZA,153,Omicron BA.2,Community,1.0092211365218562,2021-11-08,19,Traveler weight (travel hubs),Strategies (total),50%,T11-R,fig_3f,T11-R^0,17,1.0547
2021-11-27,ZA,153,Omicron BA.2,Community,1.0092211365218562,2021-11-08,19,Traveler weight (travel hubs),Strategies (total),70%,T3-R,fig_3f,T3-R^0,17,1.0872
2021-11-27,ZA,153,Omicron BA.2,Community,1.0092211365218562,2021-11-08,19,Traveler weight (travel hubs),Strategies (total),70%,T7-R,fig_3f,T7-R^0,17,1.0872
2021-11-27,ZA,153,Omicron BA.2,Community,1.0092211365218562,2021-11-08,19,Traveler weight (travel hubs),Strategies (total),70%,T11-R,fig_3f,T11-R^0,17,1.0367
2021-11-27,ZA,153,Omicron BA.2,Community,1.0092211365218562,2021-11-08,19,Traveler weight (travel hubs),Strategies (total),90%,T3-R,fig_3f,T3-R^0,17,1.083
2021-11-27,ZA,153,Omicron BA.2,Community,1.0092211365218562,2021-11-08,19,Traveler weight (travel hubs),Strategies (total),90%,T7-R,fig_3f,T7-R^0,17,1.083
2021-11-27,ZA,153,Omicron BA.2,Community,1.0092211365218562,2021-11-08,19,Traveler weight (travel hubs),Strategies (total),90%,T11-R,fig_3f,T11-R^0,17,1.0329
2021-11-27,ZA,153,Omicron BA.2,Community,1.0092211365218562,2021-11-08,19,Traveler weight (travel hubs),Strategies (total),100%,T3-R,fig_3f,T3-R^0,17,1.081
2021-11-27,ZA,153,Omicron BA.2,Community,1.0092211365218562,2021-11-08,19,Traveler weight (travel hubs),Strategies (total),100%,T7-R,fig_3f,T7-R^0,17,1.081
2021-11-27,ZA,153,Omicron BA.2,Community,1.0092211365218562,2021-11-08,19,Traveler weight (travel hubs),Strategies (total),100%,T11-R,fig_3f,T11-R^0,17,1.0298
2021-12-09,US,153,Omicron BA.2,Imported,1,2021-11-08,31,Traveler weight (travel hubs),Strategies (total),100%,T11-M,fig_3f,T11-R^90,17,1
2021-11-28,ZA,154,Omicron BA.2,Community,1.2629409557176,2021-11-08,20,Traveler weight (travel hubs),Strategies (total),50%,T11-R,fig_3f,T11-R^0,17,1.0547
2021-11-28,ZA,154,Omicron BA.2,Community,1.2629409557176,2021-11-08,20,Traveler weight (travel hubs),Strategies (total),70%,T3-R,fig_3f,T3-R^0,17,1.0872
2021-11-28,ZA,154,Omicron BA.2,Community,1.2629409557176,2021-11-08,20,Traveler weight (travel hubs),Strategies (total),70%,T7-R,fig_3f,T7-R^0,17,1.0872
2021-11-28,ZA,154,Omicron BA.2,Community,1.2629409557176,2021-11-08,20,Traveler weight (travel hubs),Strategies (total),70%,T11-R,fig_3f,T11-R^0,17,1.0367
2021-11-28,ZA,154,Omicron BA.2,Community,1.2629409557176,2021-11-08,20,Traveler weight (travel hubs),Strategies (total),90%,T3-R,fig_3f,T3-R^0,17,1.083
2021-11-28,ZA,154,Omicron BA.2,Community,1.2629409557176,2021-11-08,20,Traveler weight (travel hubs),Strategies (total),90%,T7-R,fig_3f,T7-R^0,17,1.083
2021-11-28,ZA,154,Omicron BA.2,Community,1.2629409557176,2021-11-08,20,Traveler weight (travel hubs),Strategies (total),90%,T11-R,fig_3f,T11-R^0,17,1.0329
2021-11-28,ZA,154,Omicron BA.2,Community,1.2629409557176,2021-11-08,20,Traveler weight (travel hubs),Strategies (total),100%,T3-R,fig_3f,T3-R^0,17,1.081
2021-11-28,ZA,154,Omicron BA.2,Community,1.2629409557176,2021-11-08,20,Traveler weight (travel hubs),Strategies (total),100%,T7-R,fig_3f,T7-R^0,17,1.081
2021-11-28,ZA,154,Omicron BA.2,Community,1.2629409557176,2021-11-08,20,Traveler weight (travel hubs),Strategies (total),100%,T11-R,fig_3f,T11-R^0,17,1.0298
2021-11-12,AE,154,Omicron BA.2,Imported,1,2021-11-08,4,Traveler weight (travel hubs),Strategies (total),100%,T11-M,fig_3f,T11-R^90,17,1
2021-11-25,US,155,Omicron BA.2,Imported,1,2021-11-08,17,Traveler weight (travel hubs),Strategies (total),50%,T11-R,fig_3f,T11-R^0,17,1.0547
2021-11-25,US,155,Omicron BA.2,Imported,1,2021-11-08,17,Traveler weight (travel hubs),Strategies (total),70%,T3-R,fig_3f,T3-R^0,17,1.0872
2021-11-25,US,155,Omicron BA.2,Imported,1,2021-11-08,17,Traveler weight (travel hubs),Strategies (total),70%,T7-R,fig_3f,T7-R^0,17,1.0872
2021-11-25,US,155,Omicron BA.2,Imported,1,2021-11-08,17,Traveler weight (travel hubs),Strategies (total),70%,T11-R,fig_3f,T11-R^0,17,1.0367
2021-11-25,US,155,Omicron BA.2,Imported,1,2021-11-08,17,Traveler weight (travel hubs),Strategies (total),90%,T3-R,fig_3f,T3-R^0,17,1.083
2021-11-25,US,155,Omicron BA.2,Imported,1,2021-11-08,17,Traveler weight (travel hubs),Strategies (total),90%,T7-R,fig_3f,T7-R^0,17,1.083
2021-11-25,US,155,Omicron BA.2,Imported,1,2021-11-08,17,Traveler weight (travel hubs),Strategies (total),90%,T11-R,fig_3f,T11-R^0,17,1.0329
2021-11-25,US,155,Omicron BA.2,Imported,1,2021-11-08,17,Traveler weight (travel hubs),Strategies (total),100%,T3-R,fig_3f,T3-R^0,17,1.081
2021-11-25,US,155,Omicron BA.2,Imported,1,2021-11-08,17,Traveler weight (travel hubs),Strategies (total),100%,T7-R,fig_3f,T7-R^0,17,1.081
2021-11-25,US,155,Omicron BA.2,Imported,1,2021-11-08,17,Traveler weight (travel hubs),Strategies (total),100%,T11-R,fig_3f,T11-R^0,17,1.0298
2021-11-25,US,155,Omicron BA.2,Imported,1,2021-11-08,17,Traveler weight (travel hubs),Strategies (total),100%,T11-M,fig_3f,T11-R^90,17,1
2021-11-25,US,156,Omicron BA.2,Imported,1,2021-11-08,17,Traveler weight (travel hubs),Strategies (total),50%,T11-R,fig_3f,T11-R^0,17,1.0547
2021-11-25,US,156,Omicron BA.2,Imported,1,2021-11-08,17,Traveler weight (travel hubs),Strategies (total),70%,T3-R,fig_3f,T3-R^0,17,1.0872
2021-11-25,US,156,Omicron BA.2,Imported,1,2021-11-08,17,Traveler weight (travel hubs),Strategies (total),70%,T7-R,fig_3f,T7-R^0,17,1.0872
2021-11-25,US,156,Omicron BA.2,Imported,1,2021-11-08,17,Traveler weight (travel hubs),Strategies (total),70%,T11-R,fig_3f,T11-R^0,17,1.0367
2021-11-25,US,156,Omicron BA.2,Imported,1,2021-11-08,17,Traveler weight (travel hubs),Strategies (total),90%,T3-R,fig_3f,T3-R^0,17,1.083
2021-11-25,US,156,Omicron BA.2,Imported,1,2021-11-08,17,Traveler weight (travel hubs),Strategies (total),90%,T7-R,fig_3f,T7-R^0,17,1.083
2021-11-25,US,156,Omicron BA.2,Imported,1,2021-11-08,17,Traveler weight (travel hubs),Strategies (total),90%,T11-R,fig_3f,T11-R^0,17,1.0329
2021-11-25,US,156,Omicron BA.2,Imported,1,2021-11-08,17,Traveler weight (travel hubs),Strategies (total),100%,T3-R,fig_3f,T3-R^0,17,1.081
2021-11-25,US,156,Omicron BA.2,Imported,1,2021-11-08,17,Traveler weight (travel hubs),Strategies (total),100%,T7-R,fig_3f,T7-R^0,17,1.081
2021-11-25,US,156,Omicron BA.2,Imported,1,2021-11-08,17,Traveler weight (travel hubs),Strategies (total),100%,T11-R,fig_3f,T11-R^0,17,1.0298
2021-11-25,US,156,Omicron BA.2,Imported,1,2021-11-08,17,Traveler weight (travel hubs),Strategies (total),100%,T11-M,fig_3f,T11-R^90,17,1
2021-11-28,ZA,157,Omicron BA.2,Community,1.3865704980025688,2021-11-08,20,Traveler weight (travel hubs),Strategies (total),50%,T11-R,fig_3f,T11-R^0,17,1.0547
2021-11-28,ZA,157,Omicron BA.2,Community,1.3865704980025688,2021-11-08,20,Traveler weight (travel hubs),Strategies (total),70%,T3-R,fig_3f,T3-R^0,17,1.0872
2021-11-28,ZA,157,Omicron BA.2,Community,1.3865704980025688,2021-11-08,20,Traveler weight (travel hubs),Strategies (total),70%,T7-R,fig_3f,T7-R^0,17,1.0872
2021-11-28,ZA,157,Omicron BA.2,Community,1.3865704980025688,2021-11-08,20,Traveler weight (travel hubs),Strategies (total),70%,T11-R,fig_3f,T11-R^0,17,1.0367
2021-11-28,ZA,157,Omicron BA.2,Community,1.3865704980025688,2021-11-08,20,Traveler weight (travel hubs),Strategies (total),90%,T3-R,fig_3f,T3-R^0,17,1.083
2021-11-28,ZA,157,Omicron BA.2,Community,1.3865704980025688,2021-11-08,20,Traveler weight (travel hubs),Strategies (total),90%,T7-R,fig_3f,T7-R^0,17,1.083
2021-11-28,ZA,157,Omicron BA.2,Community,1.3865704980025688,2021-11-08,20,Traveler weight (travel hubs),Strategies (total),90%,T11-R,fig_3f,T11-R^0,17,1.0329
2021-11-28,ZA,157,Omicron BA.2,Community,1.3865704980025688,2021-11-08,20,Traveler weight (travel hubs),Strategies (total),100%,T3-R,fig_3f,T3-R^0,17,1.081
2021-11-28,ZA,157,Omicron BA.2,Community,1.3865704980025688,2021-11-08,20,Traveler weight (travel hubs),Strategies (total),100%,T7-R,fig_3f,T7-R^0,17,1.081
2021-11-28,ZA,157,Omicron BA.2,Community,1.3865704980025688,2021-11-08,20,Traveler weight (travel hubs),Strategies (total),100%,T11-R,fig_3f,T11-R^0,17,1.0298
2021-11-27,TR,157,Omicron BA.2,Imported,1.073089143063059,2021-11-08,19,Traveler weight (travel hubs),Strategies (total),100%,T11-M,fig_3f,T11-R^90,17,1
2021-11-18,US,158,Omicron BA.2,Imported,1,2021-11-08,10,Traveler weight (travel hubs),Strategies (total),50%,T11-R,fig_3f,T11-R^0,17,1.0547
2021-11-18,US,158,Omicron BA.2,Imported,1,2021-11-08,10,Traveler weight (travel hubs),Strategies (total),70%,T3-R,fig_3f,T3-R^0,17,1.0872
2021-11-18,US,158,Omicron BA.2,Imported,1,2021-11-08,10,Traveler weight (travel hubs),Strategies (total),70%,T7-R,fig_3f,T7-R^0,17,1.0872
2021-11-18,US,158,Omicron BA.2,Imported,1,2021-11-08,10,Traveler weight (travel hubs),Strategies (total),70%,T11-R,fig_3f,T11-R^0,17,1.0367
2021-11-18,US,158,Omicron BA.2,Imported,1,2021-11-08,10,Traveler weight (travel hubs),Strategies (total),90%,T3-R,fig_3f,T3-R^0,17,1.083
2021-11-18,US,158,Omicron BA.2,Imported,1,2021-11-08,10,Traveler weight (travel hubs),Strategies (total),90%,T7-R,fig_3f,T7-R^0,17,1.083
2021-11-18,US,158,Omicron BA.2,Imported,1,2021-11-08,10,Traveler weight (travel hubs),Strategies (total),90%,T11-R,fig_3f,T11-R^0,17,1.0329
2021-11-18,US,158,Omicron BA.2,Imported,1,2021-11-08,10,Traveler weight (travel hubs),Strategies (total),100%,T3-R,fig_3f,T3-R^0,17,1.081
2021-11-18,US,158,Omicron BA.2,Imported,1,2021-11-08,10,Traveler weight (travel hubs),Strategies (total),100%,T7-R,fig_3f,T7-R^0,17,1.081
2021-11-18,US,158,Omicron BA.2,Imported,1,2021-11-08,10,Traveler weight (travel hubs),Strategies (total),100%,T11-R,fig_3f,T11-R^0,17,1.0298
2021-11-18,US,158,Omicron BA.2,Imported,1,2021-11-08,10,Traveler weight (travel hubs),Strategies (total),100%,T11-M,fig_3f,T11-R^90,17,1
2021-11-22,IN,159,Omicron BA.2,Imported,1,2021-11-08,14,Traveler weight (travel hubs),Strategies (total),50%,T11-R,fig_3f,T11-R^0,17,1.0547
2021-11-25,ZA,159,Omicron BA.2,Community,1.478340903508461,2021-11-08,17,Traveler weight (travel hubs),Strategies (total),70%,T3-R,fig_3f,T3-R^0,17,1.0872
2021-11-25,ZA,159,Omicron BA.2,Community,1.478340903508461,2021-11-08,17,Traveler weight (travel hubs),Strategies (total),70%,T7-R,fig_3f,T7-R^0,17,1.0872
2021-11-22,IN,159,Omicron BA.2,Imported,1,2021-11-08,14,Traveler weight (travel hubs),Strategies (total),70%,T11-R,fig_3f,T11-R^0,17,1.0367
2021-11-25,ZA,159,Omicron BA.2,Community,1.478340903508461,2021-11-08,17,Traveler weight (travel hubs),Strategies (total),90%,T3-R,fig_3f,T3-R^0,17,1.083
2021-11-25,ZA,159,Omicron BA.2,Community,1.478340903508461,2021-11-08,17,Traveler weight (travel hubs),Strategies (total),90%,T7-R,fig_3f,T7-R^0,17,1.083
2021-11-22,IN,159,Omicron BA.2,Imported,1,2021-11-08,14,Traveler weight (travel hubs),Strategies (total),90%,T11-R,fig_3f,T11-R^0,17,1.0329
2021-11-25,ZA,159,Omicron BA.2,Community,1.478340903508461,2021-11-08,17,Traveler weight (travel hubs),Strategies (total),100%,T3-R,fig_3f,T3-R^0,17,1.081
2021-11-25,ZA,159,Omicron BA.2,Community,1.478340903508461,2021-11-08,17,Traveler weight (travel hubs),Strategies (total),100%,T7-R,fig_3f,T7-R^0,17,1.081
2021-11-22,IN,159,Omicron BA.2,Imported,1,2021-11-08,14,Traveler weight (travel hubs),Strategies (total),100%,T11-R,fig_3f,T11-R^0,17,1.0298
2021-11-22,IN,159,Omicron BA.2,Imported,1,2021-11-08,14,Traveler weight (travel hubs),Strategies (total),100%,T11-M,fig_3f,T11-R^90,17,1
2021-11-26,ZA,16,Omicron BA.2,Community,1.0043292912707045,2021-11-08,18,Traveler weight (travel hubs),Strategies (total),50%,T11-R,fig_3f,T11-R^0,17,1.0547
2021-11-26,ZA,16,Omicron BA.2,Community,1.0043292912707045,2021-11-08,18,Traveler weight (travel hubs),Strategies (total),70%,T3-R,fig_3f,T3-R^0,17,1.0872
2021-11-26,ZA,16,Omicron BA.2,Community,1.0043292912707045,2021-11-08,18,Traveler weight (travel hubs),Strategies (total),70%,T7-R,fig_3f,T7-R^0,17,1.0872
2021-11-26,ZA,16,Omicron BA.2,Community,1.0043292912707045,2021-11-08,18,Traveler weight (travel hubs),Strategies (total),70%,T11-R,fig_3f,T11-R^0,17,1.0367
2021-11-26,ZA,16,Omicron BA.2,Community,1.0043292912707045,2021-11-08,18,Traveler weight (travel hubs),Strategies (total),90%,T3-R,fig_3f,T3-R^0,17,1.083
2021-11-26,ZA,16,Omicron BA.2,Community,1.0043292912707045,2021-11-08,18,Traveler weight (travel hubs),Strategies (total),90%,T7-R,fig_3f,T7-R^0,17,1.083
2021-11-26,ZA,16,Omicron BA.2,Community,1.0043292912707045,2021-11-08,18,Traveler weight (travel hubs),Strategies (total),90%,T11-R,fig_3f,T11-R^0,17,1.0329
2021-11-26,ZA,16,Omicron BA.2,Community,1.0043292912707045,2021-11-08,18,Traveler weight (travel hubs),Strategies (total),100%,T3-R,fig_3f,T3-R^0,17,1.081
2021-11-26,ZA,16,Omicron BA.2,Community,1.0043292912707045,2021-11-08,18,Traveler weight (travel hubs),Strategies (total),100%,T7-R,fig_3f,T7-R^0,17,1.081
2021-11-26,ZA,16,Omicron BA.2,Community,1.0043292912707045,2021-11-08,18,Traveler weight (travel hubs),Strategies (total),100%,T11-R,fig_3f,T11-R^0,17,1.0298
2021-12-07,IN,16,Omicron BA.2,Imported,1,2021-11-08,29,Traveler weight (travel hubs),Strategies (total),100%,T11-M,fig_3f,T11-R^90,17,1
2021-11-23,IN,160,Omicron BA.2,Imported,1,2021-11-08,15,Traveler weight (travel hubs),Strategies (total),50%,T11-R,fig_3f,T11-R^0,17,1.0547
2021-11-26,ZA,160,Omicron BA.2,Community,1.0844384991562293,2021-11-08,18,Traveler weight (travel hubs),Strategies (total),70%,T3-R,fig_3f,T3-R^0,17,1.0872
2021-11-26,ZA,160,Omicron BA.2,Community,1.0844384991562293,2021-11-08,18,Traveler weight (travel hubs),Strategies (total),70%,T7-R,fig_3f,T7-R^0,17,1.0872
2021-11-23,IN,160,Omicron BA.2,Imported,1,2021-11-08,15,Traveler weight (travel hubs),Strategies (total),70%,T11-R,fig_3f,T11-R^0,17,1.0367
2021-11-26,ZA,160,Omicron BA.2,Community,1.0844384991562293,2021-11-08,18,Traveler weight (travel hubs),Strategies (total),90%,T3-R,fig_3f,T3-R^0,17,1.083
2021-11-26,ZA,160,Omicron BA.2,Community,1.0844384991562293,2021-11-08,18,Traveler weight (travel hubs),Strategies (total),90%,T7-R,fig_3f,T7-R^0,17,1.083
2021-11-23,IN,160,Omicron BA.2,Imported,1,2021-11-08,15,Traveler weight (travel hubs),Strategies (total),90%,T11-R,fig_3f,T11-R^0,17,1.0329
2021-11-26,ZA,160,Omicron BA.2,Community,1.0844384991562293,2021-11-08,18,Traveler weight (travel hubs),Strategies (total),100%,T3-R,fig_3f,T3-R^0,17,1.081
2021-11-26,ZA,160,Omicron BA.2,Community,1.0844384991562293,2021-11-08,18,Traveler weight (travel hubs),Strategies (total),100%,T7-R,fig_3f,T7-R^0,17,1.081
2021-11-23,IN,160,Omicron BA.2,Imported,1,2021-11-08,15,Traveler weight (travel hubs),Strategies (total),100%,T11-R,fig_3f,T11-R^0,17,1.0298
2021-11-23,IN,160,Omicron BA.2,Imported,1,2021-11-08,15,Traveler weight (travel hubs),Strategies (total),100%,T11-M,fig_3f,T11-R^90,17,1
2021-11-20,IN,161,Omicron BA.2,Imported,1,2021-11-08,12,Traveler weight (travel hubs),Strategies (total),50%,T11-R,fig_3f,T11-R^0,17,1.0547
2021-11-22,ZA,161,Omicron BA.2,Community,1.0468060861066677,2021-11-08,14,Traveler weight (travel hubs),Strategies (total),70%,T3-R,fig_3f,T3-R^0,17,1.0872
2021-11-22,ZA,161,Omicron BA.2,Community,1.0468060861066677,2021-11-08,14,Traveler weight (travel hubs),Strategies (total),70%,T7-R,fig_3f,T7-R^0,17,1.0872
2021-11-20,IN,161,Omicron BA.2,Imported,1,2021-11-08,12,Traveler weight (travel hubs),Strategies (total),70%,T11-R,fig_3f,T11-R^0,17,1.0367
2021-11-22,ZA,161,Omicron BA.2,Community,1.0468060861066677,2021-11-08,14,Traveler weight (travel hubs),Strategies (total),90%,T3-R,fig_3f,T3-R^0,17,1.083
2021-11-22,ZA,161,Omicron BA.2,Community,1.0468060861066677,2021-11-08,14,Traveler weight (travel hubs),Strategies (total),90%,T7-R,fig_3f,T7-R^0,17,1.083
2021-11-20,IN,161,Omicron BA.2,Imported,1,2021-11-08,12,Traveler weight (travel hubs),Strategies (total),90%,T11-R,fig_3f,T11-R^0,17,1.0329
2021-11-22,ZA,161,Omicron BA.2,Community,1.0468060861066677,2021-11-08,14,Traveler weight (travel hubs),Strategies (total),100%,T3-R,fig_3f,T3-R^0,17,1.081
2021-11-22,ZA,161,Omicron BA.2,Community,1.0468060861066677,2021-11-08,14,Traveler weight (travel hubs),Strategies (total),100%,T7-R,fig_3f,T7-R^0,17,1.081
2021-11-20,IN,161,Omicron BA.2,Imported,1,2021-11-08,12,Traveler weight (travel hubs),Strategies (total),100%,T11-R,fig_3f,T11-R^0,17,1.0298
2021-11-17,AE,161,Omicron BA.2,Imported,1,2021-11-08,9,Traveler weight (travel hubs),Strategies (total),100%,T11-M,fig_3f,T11-R^90,17,1
2021-11-25,ZA,162,Omicron BA.2,Community,1.222451373624065,2021-11-08,17,Traveler weight (travel hubs),Strategies (total),50%,T11-R,fig_3f,T11-R^0,17,1.0547
2021-11-25,ZA,162,Omicron BA.2,Community,1.222451373624065,2021-11-08,17,Traveler weight (travel hubs),Strategies (total),70%,T3-R,fig_3f,T3-R^0,17,1.0872
2021-11-25,ZA,162,Omicron BA.2,Community,1.222451373624065,2021-11-08,17,Traveler weight (travel hubs),Strategies (total),70%,T7-R,fig_3f,T7-R^0,17,1.0872
2021-11-25,ZA,162,Omicron BA.2,Community,1.222451373624065,2021-11-08,17,Traveler weight (travel hubs),Strategies (total),70%,T11-R,fig_3f,T11-R^0,17,1.0367
2021-11-25,ZA,162,Omicron BA.2,Community,1.222451373624065,2021-11-08,17,Traveler weight (travel hubs),Strategies (total),90%,T3-R,fig_3f,T3-R^0,17,1.083
2021-11-25,ZA,162,Omicron BA.2,Community,1.222451373624065,2021-11-08,17,Traveler weight (travel hubs),Strategies (total),90%,T7-R,fig_3f,T7-R^0,17,1.083
2021-11-25,ZA,162,Omicron BA.2,Community,1.222451373624065,2021-11-08,17,Traveler weight (travel hubs),Strategies (total),90%,T11-R,fig_3f,T11-R^0,17,1.0329
2021-11-25,ZA,162,Omicron BA.2,Community,1.222451373624065,2021-11-08,17,Traveler weight (travel hubs),Strategies (total),100%,T3-R,fig_3f,T3-R^0,17,1.081
2021-11-25,ZA,162,Omicron BA.2,Community,1.222451373624065,2021-11-08,17,Traveler weight (travel hubs),Strategies (total),100%,T7-R,fig_3f,T7-R^0,17,1.081
2021-11-25,ZA,162,Omicron BA.2,Community,1.222451373624065,2021-11-08,17,Traveler weight (travel hubs),Strategies (total),100%,T11-R,fig_3f,T11-R^0,17,1.0298
2021-12-05,IN,162,Omicron BA.2,Imported,1,2021-11-08,27,Traveler weight (travel hubs),Strategies (total),100%,T11-M,fig_3f,T11-R^90,17,1
2021-11-26,ZA,163,Omicron BA.2,Community,1.2594018734944432,2021-11-08,18,Traveler weight (travel hubs),Strategies (total),50%,T11-R,fig_3f,T11-R^0,17,1.0547
2021-11-26,ZA,163,Omicron BA.2,Community,1.2594018734944432,2021-11-08,18,Traveler weight (travel hubs),Strategies (total),70%,T3-R,fig_3f,T3-R^0,17,1.0872
2021-11-26,ZA,163,Omicron BA.2,Community,1.2594018734944432,2021-11-08,18,Traveler weight (travel hubs),Strategies (total),70%,T7-R,fig_3f,T7-R^0,17,1.0872
2021-11-26,ZA,163,Omicron BA.2,Community,1.2594018734944432,2021-11-08,18,Traveler weight (travel hubs),Strategies (total),70%,T11-R,fig_3f,T11-R^0,17,1.0367
2021-11-26,ZA,163,Omicron BA.2,Community,1.2594018734944432,2021-11-08,18,Traveler weight (travel hubs),Strategies (total),90%,T3-R,fig_3f,T3-R^0,17,1.083
2021-11-26,ZA,163,Omicron BA.2,Community,1.2594018734944432,2021-11-08,18,Traveler weight (travel hubs),Strategies (total),90%,T7-R,fig_3f,T7-R^0,17,1.083
2021-11-26,ZA,163,Omicron BA.2,Community,1.2594018734944432,2021-11-08,18,Traveler weight (travel hubs),Strategies (total),90%,T11-R,fig_3f,T11-R^0,17,1.0329
2021-11-26,ZA,163,Omicron BA.2,Community,1.2594018734944432,2021-11-08,18,Traveler weight (travel hubs),Strategies (total),100%,T3-R,fig_3f,T3-R^0,17,1.081
2021-11-26,ZA,163,Omicron BA.2,Community,1.2594018734944432,2021-11-08,18,Traveler weight (travel hubs),Strategies (total),100%,T7-R,fig_3f,T7-R^0,17,1.081
2021-11-26,ZA,163,Omicron BA.2,Community,1.2594018734944432,2021-11-08,18,Traveler weight (travel hubs),Strategies (total),100%,T11-R,fig_3f,T11-R^0,17,1.0298
2021-11-21,TR,163,Omicron BA.2,Imported,1,2021-11-08,13,Traveler weight (travel hubs),Strategies (total),100%,T11-M,fig_3f,T11-R^90,17,1
2021-11-29,ZA,164,Omicron BA.2,Community,1.5509342937350195,2021-11-08,21,Traveler weight (travel hubs),Strategies (total),50%,T11-R,fig_3f,T11-R^0,17,1.0547
2021-11-29,ZA,164,Omicron BA.2,Community,1.5509342937350195,2021-11-08,21,Traveler weight (travel hubs),Strategies (total),70%,T3-R,fig_3f,T3-R^0,17,1.0872
2021-11-29,ZA,164,Omicron BA.2,Community,1.5509342937350195,2021-11-08,21,Traveler weight (travel hubs),Strategies (total),70%,T7-R,fig_3f,T7-R^0,17,1.0872
2021-11-29,ZA,164,Omicron BA.2,Community,1.5509342937350195,2021-11-08,21,Traveler weight (travel hubs),Strategies (total),70%,T11-R,fig_3f,T11-R^0,17,1.0367
2021-11-29,ZA,164,Omicron BA.2,Community,1.5509342937350195,2021-11-08,21,Traveler weight (travel hubs),Strategies (total),90%,T3-R,fig_3f,T3-R^0,17,1.083
2021-11-29,ZA,164,Omicron BA.2,Community,1.5509342937350195,2021-11-08,21,Traveler weight (travel hubs),Strategies (total),90%,T7-R,fig_3f,T7-R^0,17,1.083
2021-11-29,ZA,164,Omicron BA.2,Community,1.5509342937350195,2021-11-08,21,Traveler weight (travel hubs),Strategies (total),90%,T11-R,fig_3f,T11-R^0,17,1.0329
2021-11-29,ZA,164,Omicron BA.2,Community,1.5509342937350195,2021-11-08,21,Traveler weight (travel hubs),Strategies (total),100%,T3-R,fig_3f,T3-R^0,17,1.081
2021-11-29,ZA,164,Omicron BA.2,Community,1.5509342937350195,2021-11-08,21,Traveler weight (travel hubs),Strategies (total),100%,T7-R,fig_3f,T7-R^0,17,1.081
2021-11-29,ZA,164,Omicron BA.2,Community,1.5509342937350195,2021-11-08,21,Traveler weight (travel hubs),Strategies (total),100%,T11-R,fig_3f,T11-R^0,17,1.0298
2021-12-04,TR,164,Omicron BA.2,Imported,1.1360085071181767,2021-11-08,26,Traveler weight (travel hubs),Strategies (total),100%,T11-M,fig_3f,T11-R^90,17,1
2021-11-20,US,165,Omicron BA.2,Imported,1,2021-11-08,12,Traveler weight (travel hubs),Strategies (total),50%,T11-R,fig_3f,T11-R^0,17,1.0547
2021-11-20,US,165,Omicron BA.2,Imported,1,2021-11-08,12,Traveler weight (travel hubs),Strategies (total),70%,T3-R,fig_3f,T3-R^0,17,1.0872
2021-11-20,US,165,Omicron BA.2,Imported,1,2021-11-08,12,Traveler weight (travel hubs),Strategies (total),70%,T7-R,fig_3f,T7-R^0,17,1.0872
2021-11-20,US,165,Omicron BA.2,Imported,1,2021-11-08,12,Traveler weight (travel hubs),Strategies (total),70%,T11-R,fig_3f,T11-R^0,17,1.0367
2021-11-20,US,165,Omicron BA.2,Imported,1,2021-11-08,12,Traveler weight (travel hubs),Strategies (total),90%,T3-R,fig_3f,T3-R^0,17,1.083
2021-11-20,US,165,Omicron BA.2,Imported,1,2021-11-08,12,Traveler weight (travel hubs),Strategies (total),90%,T7-R,fig_3f,T7-R^0,17,1.083
2021-11-20,US,165,Omicron BA.2,Imported,1,2021-11-08,12,Traveler weight (travel hubs),Strategies (total),90%,T11-R,fig_3f,T11-R^0,17,1.0329
2021-11-20,US,165,Omicron BA.2,Imported,1,2021-11-08,12,Traveler weight (travel hubs),Strategies (total),100%,T3-R,fig_3f,T3-R^0,17,1.081
2021-11-20,US,165,Omicron BA.2,Imported,1,2021-11-08,12,Traveler weight (travel hubs),Strategies (total),100%,T7-R,fig_3f,T7-R^0,17,1.081
2021-11-20,US,165,Omicron BA.2,Imported,1,2021-11-08,12,Traveler weight (travel hubs),Strategies (total),100%,T11-R,fig_3f,T11-R^0,17,1.0298
2021-11-20,US,165,Omicron BA.2,Imported,1,2021-11-08,12,Traveler weight (travel hubs),Strategies (total),100%,T11-M,fig_3f,T11-R^90,17,1
2021-11-27,ZA,166,Omicron BA.2,Community,1.1447138063806641,2021-11-08,19,Traveler weight (travel hubs),Strategies (total),50%,T11-R,fig_3f,T11-R^0,17,1.0547
2021-11-27,ZA,166,Omicron BA.2,Community,1.1447138063806641,2021-11-08,19,Traveler weight (travel hubs),Strategies (total),70%,T3-R,fig_3f,T3-R^0,17,1.0872
2021-11-27,ZA,166,Omicron BA.2,Community,1.1447138063806641,2021-11-08,19,Traveler weight (travel hubs),Strategies (total),70%,T7-R,fig_3f,T7-R^0,17,1.0872
2021-11-27,ZA,166,Omicron BA.2,Community,1.1447138063806641,2021-11-08,19,Traveler weight (travel hubs),Strategies (total),70%,T11-R,fig_3f,T11-R^0,17,1.0367
2021-11-27,ZA,166,Omicron BA.2,Community,1.1447138063806641,2021-11-08,19,Traveler weight (travel hubs),Strategies (total),90%,T3-R,fig_3f,T3-R^0,17,1.083
2021-11-27,ZA,166,Omicron BA.2,Community,1.1447138063806641,2021-11-08,19,Traveler weight (travel hubs),Strategies (total),90%,T7-R,fig_3f,T7-R^0,17,1.083
2021-11-27,ZA,166,Omicron BA.2,Community,1.1447138063806641,2021-11-08,19,Traveler weight (travel hubs),Strategies (total),90%,T11-R,fig_3f,T11-R^0,17,1.0329
2021-11-27,ZA,166,Omicron BA.2,Community,1.1447138063806641,2021-11-08,19,Traveler weight (travel hubs),Strategies (total),100%,T3-R,fig_3f,T3-R^0,17,1.081
2021-11-27,ZA,166,Omicron BA.2,Community,1.1447138063806641,2021-11-08,19,Traveler weight (travel hubs),Strategies (total),100%,T7-R,fig_3f,T7-R^0,17,1.081
2021-11-27,ZA,166,Omicron BA.2,Community,1.1447138063806641,2021-11-08,19,Traveler weight (travel hubs),Strategies (total),100%,T11-R,fig_3f,T11-R^0,17,1.0298
2021-12-08,US,166,Omicron BA.2,Imported,1,2021-11-08,30,Traveler weight (travel hubs),Strategies (total),100%,T11-M,fig_3f,T11-R^90,17,1
2021-11-18,IN,167,Omicron BA.2,Imported,1,2021-11-08,10,Traveler weight (travel hubs),Strategies (total),50%,T11-R,fig_3f,T11-R^0,17,1.0547
2021-11-25,ZA,167,Omicron BA.2,Community,1.2641595858616028,2021-11-08,17,Traveler weight (travel hubs),Strategies (total),70%,T3-R,fig_3f,T3-R^0,17,1.0872
2021-11-25,ZA,167,Omicron BA.2,Community,1.2641595858616028,2021-11-08,17,Traveler weight (travel hubs),Strategies (total),70%,T7-R,fig_3f,T7-R^0,17,1.0872
2021-11-18,IN,167,Omicron BA.2,Imported,1,2021-11-08,10,Traveler weight (travel hubs),Strategies (total),70%,T11-R,fig_3f,T11-R^0,17,1.0367
2021-11-25,ZA,167,Omicron BA.2,Community,1.2641595858616028,2021-11-08,17,Traveler weight (travel hubs),Strategies (total),90%,T3-R,fig_3f,T3-R^0,17,1.083
2021-11-25,ZA,167,Omicron BA.2,Community,1.2641595858616028,2021-11-08,17,Traveler weight (travel hubs),Strategies (total),90%,T7-R,fig_3f,T7-R^0,17,1.083
2021-11-18,IN,167,Omicron BA.2,Imported,1,2021-11-08,10,Traveler weight (travel hubs),Strategies (total),90%,T11-R,fig_3f,T11-R^0,17,1.0329
2021-11-25,ZA,167,Omicron BA.2,Community,1.2641595858616028,2021-11-08,17,Traveler weight (travel hubs),Strategies (total),100%,T3-R,fig_3f,T3-R^0,17,1.081
2021-11-25,ZA,167,Omicron BA.2,Community,1.2641595858616028,2021-11-08,17,Traveler weight (travel hubs),Strategies (total),100%,T7-R,fig_3f,T7-R^0,17,1.081
2021-11-18,IN,167,Omicron BA.2,Imported,1,2021-11-08,10,Traveler weight (travel hubs),Strategies (total),100%,T11-R,fig_3f,T11-R^0,17,1.0298
2021-11-16,TR,167,Omicron BA.2,Imported,1,2021-11-08,8,Traveler weight (travel hubs),Strategies (total),100%,T11-M,fig_3f,T11-R^90,17,1
2021-11-28,ZA,168,Omicron BA.2,Community,1.2385875116985443,2021-11-08,20,Traveler weight (travel hubs),Strategies (total),50%,T11-R,fig_3f,T11-R^0,17,1.0547
2021-11-28,ZA,168,Omicron BA.2,Community,1.2385875116985443,2021-11-08,20,Traveler weight (travel hubs),Strategies (total),70%,T3-R,fig_3f,T3-R^0,17,1.0872
2021-11-28,ZA,168,Omicron BA.2,Community,1.2385875116985443,2021-11-08,20,Traveler weight (travel hubs),Strategies (total),70%,T7-R,fig_3f,T7-R^0,17,1.0872
2021-11-28,ZA,168,Omicron BA.2,Community,1.2385875116985443,2021-11-08,20,Traveler weight (travel hubs),Strategies (total),70%,T11-R,fig_3f,T11-R^0,17,1.0367
2021-11-28,ZA,168,Omicron BA.2,Community,1.2385875116985443,2021-11-08,20,Traveler weight (travel hubs),Strategies (total),90%,T3-R,fig_3f,T3-R^0,17,1.083
2021-11-28,ZA,168,Omicron BA.2,Community,1.2385875116985443,2021-11-08,20,Traveler weight (travel hubs),Strategies (total),90%,T7-R,fig_3f,T7-R^0,17,1.083
2021-11-28,ZA,168,Omicron BA.2,Community,1.2385875116985443,2021-11-08,20,Traveler weight (travel hubs),Strategies (total),90%,T11-R,fig_3f,T11-R^0,17,1.0329
2021-11-28,ZA,168,Omicron BA.2,Community,1.2385875116985443,2021-11-08,20,Traveler weight (travel hubs),Strategies (total),100%,T3-R,fig_3f,T3-R^0,17,1.081
2021-11-28,ZA,168,Omicron BA.2,Community,1.2385875116985443,2021-11-08,20,Traveler weight (travel hubs),Strategies (total),100%,T7-R,fig_3f,T7-R^0,17,1.081
2021-11-28,ZA,168,Omicron BA.2,Community,1.2385875116985443,2021-11-08,20,Traveler weight (travel hubs),Strategies (total),100%,T11-R,fig_3f,T11-R^0,17,1.0298
2021-12-03,TR,168,Omicron BA.2,Imported,2.9679522860476992,2021-11-08,25,Traveler weight (travel hubs),Strategies (total),100%,T11-M,fig_3f,T11-R^90,17,1
2021-11-21,US,169,Omicron BA.2,Imported,1,2021-11-08,13,Traveler weight (travel hubs),Strategies (total),50%,T11-R,fig_3f,T11-R^0,17,1.0547
2021-11-21,US,169,Omicron BA.2,Imported,1,2021-11-08,13,Traveler weight (travel hubs),Strategies (total),70%,T3-R,fig_3f,T3-R^0,17,1.0872
2021-11-21,US,169,Omicron BA.2,Imported,1,2021-11-08,13,Traveler weight (travel hubs),Strategies (total),70%,T7-R,fig_3f,T7-R^0,17,1.0872
2021-11-21,US,169,Omicron BA.2,Imported,1,2021-11-08,13,Traveler weight (travel hubs),Strategies (total),70%,T11-R,fig_3f,T11-R^0,17,1.0367
2021-11-21,US,169,Omicron BA.2,Imported,1,2021-11-08,13,Traveler weight (travel hubs),Strategies (total),90%,T3-R,fig_3f,T3-R^0,17,1.083
2021-11-21,US,169,Omicron BA.2,Imported,1,2021-11-08,13,Traveler weight (travel hubs),Strategies (total),90%,T7-R,fig_3f,T7-R^0,17,1.083
2021-11-21,US,169,Omicron BA.2,Imported,1,2021-11-08,13,Traveler weight (travel hubs),Strategies (total),90%,T11-R,fig_3f,T11-R^0,17,1.0329
2021-11-21,US,169,Omicron BA.2,Imported,1,2021-11-08,13,Traveler weight (travel hubs),Strategies (total),100%,T3-R,fig_3f,T3-R^0,17,1.081
2021-11-21,US,169,Omicron BA.2,Imported,1,2021-11-08,13,Traveler weight (travel hubs),Strategies (total),100%,T7-R,fig_3f,T7-R^0,17,1.081
2021-11-21,US,169,Omicron BA.2,Imported,1,2021-11-08,13,Traveler weight (travel hubs),Strategies (total),100%,T11-R,fig_3f,T11-R^0,17,1.0298
2021-11-21,US,169,Omicron BA.2,Imported,1,2021-11-08,13,Traveler weight (travel hubs),Strategies (total),100%,T11-M,fig_3f,T11-R^90,17,1
2021-11-25,ZA,17,Omicron BA.2,Community,1.0842650903744286,2021-11-08,17,Traveler weight (travel hubs),Strategies (total),50%,T11-R,fig_3f,T11-R^0,17,1.0547
2021-11-25,ZA,17,Omicron BA.2,Community,1.0842650903744286,2021-11-08,17,Traveler weight (travel hubs),Strategies (total),70%,T3-R,fig_3f,T3-R^0,17,1.0872
2021-11-25,ZA,17,Omicron BA.2,Community,1.0842650903744286,2021-11-08,17,Traveler weight (travel hubs),Strategies (total),70%,T7-R,fig_3f,T7-R^0,17,1.0872
2021-11-25,ZA,17,Omicron BA.2,Community,1.0842650903744286,2021-11-08,17,Traveler weight (travel hubs),Strategies (total),70%,T11-R,fig_3f,T11-R^0,17,1.0367
2021-11-25,ZA,17,Omicron BA.2,Community,1.0842650903744286,2021-11-08,17,Traveler weight (travel hubs),Strategies (total),90%,T3-R,fig_3f,T3-R^0,17,1.083
2021-11-25,ZA,17,Omicron BA.2,Community,1.0842650903744286,2021-11-08,17,Traveler weight (travel hubs),Strategies (total),90%,T7-R,fig_3f,T7-R^0,17,1.083
2021-11-25,ZA,17,Omicron BA.2,Community,1.0842650903744286,2021-11-08,17,Traveler weight (travel hubs),Strategies (total),90%,T11-R,fig_3f,T11-R^0,17,1.0329
2021-11-25,ZA,17,Omicron BA.2,Community,1.0842650903744286,2021-11-08,17,Traveler weight (travel hubs),Strategies (total),100%,T3-R,fig_3f,T3-R^0,17,1.081
2021-11-25,ZA,17,Omicron BA.2,Community,1.0842650903744286,2021-11-08,17,Traveler weight (travel hubs),Strategies (total),100%,T7-R,fig_3f,T7-R^0,17,1.081
2021-11-25,ZA,17,Omicron BA.2,Community,1.0842650903744286,2021-11-08,17,Traveler weight (travel hubs),Strategies (total),100%,T11-R,fig_3f,T11-R^0,17,1.0298
2021-12-10,IN,17,Omicron BA.2,Imported,1,2021-11-08,32,Traveler weight (travel hubs),Strategies (total),100%,T11-M,fig_3f,T11-R^90,17,1
2021-11-28,ZA,170,Omicron BA.2,Community,1.191742945850126,2021-11-08,20,Traveler weight (travel hubs),Strategies (total),50%,T11-R,fig_3f,T11-R^0,17,1.0547
2021-11-28,ZA,170,Omicron BA.2,Community,1.191742945850126,2021-11-08,20,Traveler weight (travel hubs),Strategies (total),70%,T3-R,fig_3f,T3-R^0,17,1.0872
2021-11-28,ZA,170,Omicron BA.2,Community,1.191742945850126,2021-11-08,20,Traveler weight (travel hubs),Strategies (total),70%,T7-R,fig_3f,T7-R^0,17,1.0872
2021-11-28,ZA,170,Omicron BA.2,Community,1.191742945850126,2021-11-08,20,Traveler weight (travel hubs),Strategies (total),70%,T11-R,fig_3f,T11-R^0,17,1.0367
2021-11-28,ZA,170,Omicron BA.2,Community,1.191742945850126,2021-11-08,20,Traveler weight (travel hubs),Strategies (total),90%,T3-R,fig_3f,T3-R^0,17,1.083
2021-11-28,ZA,170,Omicron BA.2,Community,1.191742945850126,2021-11-08,20,Traveler weight (travel hubs),Strategies (total),90%,T7-R,fig_3f,T7-R^0,17,1.083
2021-11-28,ZA,170,Omicron BA.2,Community,1.191742945850126,2021-11-08,20,Traveler weight (travel hubs),Strategies (total),90%,T11-R,fig_3f,T11-R^0,17,1.0329
2021-11-28,ZA,170,Omicron BA.2,Community,1.191742945850126,2021-11-08,20,Traveler weight (travel hubs),Strategies (total),100%,T3-R,fig_3f,T3-R^0,17,1.081
2021-11-28,ZA,170,Omicron BA.2,Community,1.191742945850126,2021-11-08,20,Traveler weight (travel hubs),Strategies (total),100%,T7-R,fig_3f,T7-R^0,17,1.081
2021-11-28,ZA,170,Omicron BA.2,Community,1.191742945850126,2021-11-08,20,Traveler weight (travel hubs),Strategies (total),100%,T11-R,fig_3f,T11-R^0,17,1.0298
2021-11-28,US,170,Omicron BA.2,Imported,1,2021-11-08,20,Traveler weight (travel hubs),Strategies (total),100%,T11-M,fig_3f,T11-R^90,17,1
2021-11-22,US,171,Omicron BA.2,Imported,1,2021-11-08,14,Traveler weight (travel hubs),Strategies (total),50%,T11-R,fig_3f,T11-R^0,17,1.0547
2021-11-22,US,171,Omicron BA.2,Imported,1,2021-11-08,14,Traveler weight (travel hubs),Strategies (total),70%,T3-R,fig_3f,T3-R^0,17,1.0872
2021-11-22,US,171,Omicron BA.2,Imported,1,2021-11-08,14,Traveler weight (travel hubs),Strategies (total),70%,T7-R,fig_3f,T7-R^0,17,1.0872
2021-11-22,US,171,Omicron BA.2,Imported,1,2021-11-08,14,Traveler weight (travel hubs),Strategies (total),70%,T11-R,fig_3f,T11-R^0,17,1.0367
2021-11-22,US,171,Omicron BA.2,Imported,1,2021-11-08,14,Traveler weight (travel hubs),Strategies (total),90%,T3-R,fig_3f,T3-R^0,17,1.083
2021-11-22,US,171,Omicron BA.2,Imported,1,2021-11-08,14,Traveler weight (travel hubs),Strategies (total),90%,T7-R,fig_3f,T7-R^0,17,1.083
2021-11-22,US,171,Omicron BA.2,Imported,1,2021-11-08,14,Traveler weight (travel hubs),Strategies (total),90%,T11-R,fig_3f,T11-R^0,17,1.0329
2021-11-22,US,171,Omicron BA.2,Imported,1,2021-11-08,14,Traveler weight (travel hubs),Strategies (total),100%,T3-R,fig_3f,T3-R^0,17,1.081
2021-11-22,US,171,Omicron BA.2,Imported,1,2021-11-08,14,Traveler weight (travel hubs),Strategies (total),100%,T7-R,fig_3f,T7-R^0,17,1.081
2021-11-22,US,171,Omicron BA.2,Imported,1,2021-11-08,14,Traveler weight (travel hubs),Strategies (total),100%,T11-R,fig_3f,T11-R^0,17,1.0298
2021-11-22,US,171,Omicron BA.2,Imported,1,2021-11-08,14,Traveler weight (travel hubs),Strategies (total),100%,T11-M,fig_3f,T11-R^90,17,1
2021-11-28,ZA,172,Omicron BA.2,Community,1.0550586881489679,2021-11-08,20,Traveler weight (travel hubs),Strategies (total),50%,T11-R,fig_3f,T11-R^0,17,1.0547
2021-11-28,ZA,172,Omicron BA.2,Community,1.0550586881489679,2021-11-08,20,Traveler weight (travel hubs),Strategies (total),70%,T3-R,fig_3f,T3-R^0,17,1.0872
2021-11-28,ZA,172,Omicron BA.2,Community,1.0550586881489679,2021-11-08,20,Traveler weight (travel hubs),Strategies (total),70%,T7-R,fig_3f,T7-R^0,17,1.0872
2021-11-28,ZA,172,Omicron BA.2,Community,1.0550586881489679,2021-11-08,20,Traveler weight (travel hubs),Strategies (total),70%,T11-R,fig_3f,T11-R^0,17,1.0367
2021-11-28,ZA,172,Omicron BA.2,Community,1.0550586881489679,2021-11-08,20,Traveler weight (travel hubs),Strategies (total),90%,T3-R,fig_3f,T3-R^0,17,1.083
2021-11-28,ZA,172,Omicron BA.2,Community,1.0550586881489679,2021-11-08,20,Traveler weight (travel hubs),Strategies (total),90%,T7-R,fig_3f,T7-R^0,17,1.083
2021-11-28,ZA,172,Omicron BA.2,Community,1.0550586881489679,2021-11-08,20,Traveler weight (travel hubs),Strategies (total),90%,T11-R,fig_3f,T11-R^0,17,1.0329
2021-11-28,ZA,172,Omicron BA.2,Community,1.0550586881489679,2021-11-08,20,Traveler weight (travel hubs),Strategies (total),100%,T3-R,fig_3f,T3-R^0,17,1.081
2021-11-28,ZA,172,Omicron BA.2,Community,1.0550586881489679,2021-11-08,20,Traveler weight (travel hubs),Strategies (total),100%,T7-R,fig_3f,T7-R^0,17,1.081
2021-11-28,ZA,172,Omicron BA.2,Community,1.0550586881489679,2021-11-08,20,Traveler weight (travel hubs),Strategies (total),100%,T11-R,fig_3f,T11-R^0,17,1.0298
2021-12-03,TR,172,Omicron BA.2,Imported,1.1249363838422604,2021-11-08,25,Traveler weight (travel hubs),Strategies (total),100%,T11-M,fig_3f,T11-R^90,17,1
2021-11-29,ZA,173,Omicron BA.2,Community,1.2926714933997132,2021-11-08,21,Traveler weight (travel hubs),Strategies (total),50%,T11-R,fig_3f,T11-R^0,17,1.0547
2021-11-29,ZA,173,Omicron BA.2,Community,1.2926714933997132,2021-11-08,21,Traveler weight (travel hubs),Strategies (total),70%,T3-R,fig_3f,T3-R^0,17,1.0872
2021-11-29,ZA,173,Omicron BA.2,Community,1.2926714933997132,2021-11-08,21,Traveler weight (travel hubs),Strategies (total),70%,T7-R,fig_3f,T7-R^0,17,1.0872
2021-11-29,ZA,173,Omicron BA.2,Community,1.2926714933997132,2021-11-08,21,Traveler weight (travel hubs),Strategies (total),70%,T11-R,fig_3f,T11-R^0,17,1.0367
2021-11-29,ZA,173,Omicron BA.2,Community,1.2926714933997132,2021-11-08,21,Traveler weight (travel hubs),Strategies (total),90%,T3-R,fig_3f,T3-R^0,17,1.083
2021-11-29,ZA,173,Omicron BA.2,Community,1.2926714933997132,2021-11-08,21,Traveler weight (travel hubs),Strategies (total),90%,T7-R,fig_3f,T7-R^0,17,1.083
2021-11-29,ZA,173,Omicron BA.2,Community,1.2926714933997132,2021-11-08,21,Traveler weight (travel hubs),Strategies (total),90%,T11-R,fig_3f,T11-R^0,17,1.0329
2021-11-29,ZA,173,Omicron BA.2,Community,1.2926714933997132,2021-11-08,21,Traveler weight (travel hubs),Strategies (total),100%,T3-R,fig_3f,T3-R^0,17,1.081
2021-11-29,ZA,173,Omicron BA.2,Community,1.2926714933997132,2021-11-08,21,Traveler weight (travel hubs),Strategies (total),100%,T7-R,fig_3f,T7-R^0,17,1.081
2021-11-29,ZA,173,Omicron BA.2,Community,1.2926714933997132,2021-11-08,21,Traveler weight (travel hubs),Strategies (total),100%,T11-R,fig_3f,T11-R^0,17,1.0298
2021-11-29,US,173,Omicron BA.2,Imported,1,2021-11-08,21,Traveler weight (travel hubs),Strategies (total),100%,T11-M,fig_3f,T11-R^90,17,1
2021-12-01,ZA,174,Omicron BA.2,Community,1.3656236545679985,2021-11-08,23,Traveler weight (travel hubs),Strategies (total),50%,T11-R,fig_3f,T11-R^0,17,1.0547
2021-12-01,ZA,174,Omicron BA.2,Community,1.3656236545679985,2021-11-08,23,Traveler weight (travel hubs),Strategies (total),70%,T3-R,fig_3f,T3-R^0,17,1.0872
2021-12-01,ZA,174,Omicron BA.2,Community,1.3656236545679985,2021-11-08,23,Traveler weight (travel hubs),Strategies (total),70%,T7-R,fig_3f,T7-R^0,17,1.0872
2021-12-01,ZA,174,Omicron BA.2,Community,1.3656236545679985,2021-11-08,23,Traveler weight (travel hubs),Strategies (total),70%,T11-R,fig_3f,T11-R^0,17,1.0367
2021-12-01,ZA,174,Omicron BA.2,Community,1.3656236545679985,2021-11-08,23,Traveler weight (travel hubs),Strategies (total),90%,T3-R,fig_3f,T3-R^0,17,1.083
2021-12-01,ZA,174,Omicron BA.2,Community,1.3656236545679985,2021-11-08,23,Traveler weight (travel hubs),Strategies (total),90%,T7-R,fig_3f,T7-R^0,17,1.083
2021-12-01,ZA,174,Omicron BA.2,Community,1.3656236545679985,2021-11-08,23,Traveler weight (travel hubs),Strategies (total),90%,T11-R,fig_3f,T11-R^0,17,1.0329
2021-12-01,ZA,174,Omicron BA.2,Community,1.3656236545679985,2021-11-08,23,Traveler weight (travel hubs),Strategies (total),100%,T3-R,fig_3f,T3-R^0,17,1.081
2021-12-01,ZA,174,Omicron BA.2,Community,1.3656236545679985,2021-11-08,23,Traveler weight (travel hubs),Strategies (total),100%,T7-R,fig_3f,T7-R^0,17,1.081
2021-12-01,ZA,174,Omicron BA.2,Community,1.3656236545679985,2021-11-08,23,Traveler weight (travel hubs),Strategies (total),100%,T11-R,fig_3f,T11-R^0,17,1.0298
2021-12-09,GB,174,Omicron BA.2,Imported,1.3660117194294912,2021-11-08,31,Traveler weight (travel hubs),Strategies (total),100%,T11-M,fig_3f,T11-R^90,17,1
2021-11-26,ZA,175,Omicron BA.2,Community,1.2902598795679947,2021-11-08,18,Traveler weight (travel hubs),Strategies (total),50%,T11-R,fig_3f,T11-R^0,17,1.0547
2021-11-26,ZA,175,Omicron BA.2,Community,1.2902598795679947,2021-11-08,18,Traveler weight (travel hubs),Strategies (total),70%,T3-R,fig_3f,T3-R^0,17,1.0872
2021-11-26,ZA,175,Omicron BA.2,Community,1.2902598795679947,2021-11-08,18,Traveler weight (travel hubs),Strategies (total),70%,T7-R,fig_3f,T7-R^0,17,1.0872
2021-11-26,ZA,175,Omicron BA.2,Community,1.2902598795679947,2021-11-08,18,Traveler weight (travel hubs),Strategies (total),70%,T11-R,fig_3f,T11-R^0,17,1.0367
2021-11-26,ZA,175,Omicron BA.2,Community,1.2902598795679947,2021-11-08,18,Traveler weight (travel hubs),Strategies (total),90%,T3-R,fig_3f,T3-R^0,17,1.083
2021-11-26,ZA,175,Omicron BA.2,Community,1.2902598795679947,2021-11-08,18,Traveler weight (travel hubs),Strategies (total),90%,T7-R,fig_3f,T7-R^0,17,1.083
2021-11-26,ZA,175,Omicron BA.2,Community,1.2902598795679947,2021-11-08,18,Traveler weight (travel hubs),Strategies (total),90%,T11-R,fig_3f,T11-R^0,17,1.0329
2021-11-26,ZA,175,Omicron BA.2,Community,1.2902598795679947,2021-11-08,18,Traveler weight (travel hubs),Strategies (total),100%,T3-R,fig_3f,T3-R^0,17,1.081
2021-11-26,ZA,175,Omicron BA.2,Community,1.2902598795679947,2021-11-08,18,Traveler weight (travel hubs),Strategies (total),100%,T7-R,fig_3f,T7-R^0,17,1.081
2021-11-26,ZA,175,Omicron BA.2,Community,1.2902598795679947,2021-11-08,18,Traveler weight (travel hubs),Strategies (total),100%,T11-R,fig_3f,T11-R^0,17,1.0298
2021-11-29,IN,175,Omicron BA.2,Imported,1,2021-11-08,21,Traveler weight (travel hubs),Strategies (total),100%,T11-M,fig_3f,T11-R^90,17,1
2021-11-18,US,176,Omicron BA.2,Imported,1,2021-11-08,10,Traveler weight (travel hubs),Strategies (total),50%,T11-R,fig_3f,T11-R^0,17,1.0547
2021-11-18,US,176,Omicron BA.2,Imported,1,2021-11-08,10,Traveler weight (travel hubs),Strategies (total),70%,T3-R,fig_3f,T3-R^0,17,1.0872
2021-11-18,US,176,Omicron BA.2,Imported,1,2021-11-08,10,Traveler weight (travel hubs),Strategies (total),70%,T7-R,fig_3f,T7-R^0,17,1.0872
2021-11-18,US,176,Omicron BA.2,Imported,1,2021-11-08,10,Traveler weight (travel hubs),Strategies (total),70%,T11-R,fig_3f,T11-R^0,17,1.0367
2021-11-18,US,176,Omicron BA.2,Imported,1,2021-11-08,10,Traveler weight (travel hubs),Strategies (total),90%,T3-R,fig_3f,T3-R^0,17,1.083
2021-11-18,US,176,Omicron BA.2,Imported,1,2021-11-08,10,Traveler weight (travel hubs),Strategies (total),90%,T7-R,fig_3f,T7-R^0,17,1.083
2021-11-18,US,176,Omicron BA.2,Imported,1,2021-11-08,10,Traveler weight (travel hubs),Strategies (total),90%,T11-R,fig_3f,T11-R^0,17,1.0329
2021-11-18,US,176,Omicron BA.2,Imported,1,2021-11-08,10,Traveler weight (travel hubs),Strategies (total),100%,T3-R,fig_3f,T3-R^0,17,1.081
2021-11-18,US,176,Omicron BA.2,Imported,1,2021-11-08,10,Traveler weight (travel hubs),Strategies (total),100%,T7-R,fig_3f,T7-R^0,17,1.081
2021-11-18,US,176,Omicron BA.2,Imported,1,2021-11-08,10,Traveler weight (travel hubs),Strategies (total),100%,T11-R,fig_3f,T11-R^0,17,1.0298
2021-11-15,TR,176,Omicron BA.2,Imported,1,2021-11-08,7,Traveler weight (travel hubs),Strategies (total),100%,T11-M,fig_3f,T11-R^90,17,1
2021-11-25,ZA,177,Omicron BA.2,Community,1.060813497728411,2021-11-08,17,Traveler weight (travel hubs),Strategies (total),50%,T11-R,fig_3f,T11-R^0,17,1.0547
2021-11-25,ZA,177,Omicron BA.2,Community,1.060813497728411,2021-11-08,17,Traveler weight (travel hubs),Strategies (total),70%,T3-R,fig_3f,T3-R^0,17,1.0872
2021-11-25,ZA,177,Omicron BA.2,Community,1.060813497728411,2021-11-08,17,Traveler weight (travel hubs),Strategies (total),70%,T7-R,fig_3f,T7-R^0,17,1.0872
2021-11-25,ZA,177,Omicron BA.2,Community,1.060813497728411,2021-11-08,17,Traveler weight (travel hubs),Strategies (total),70%,T11-R,fig_3f,T11-R^0,17,1.0367
2021-11-25,ZA,177,Omicron BA.2,Community,1.060813497728411,2021-11-08,17,Traveler weight (travel hubs),Strategies (total),90%,T3-R,fig_3f,T3-R^0,17,1.083
2021-11-25,ZA,177,Omicron BA.2,Community,1.060813497728411,2021-11-08,17,Traveler weight (travel hubs),Strategies (total),90%,T7-R,fig_3f,T7-R^0,17,1.083
2021-11-25,ZA,177,Omicron BA.2,Community,1.060813497728411,2021-11-08,17,Traveler weight (travel hubs),Strategies (total),90%,T11-R,fig_3f,T11-R^0,17,1.0329
2021-11-25,ZA,177,Omicron BA.2,Community,1.060813497728411,2021-11-08,17,Traveler weight (travel hubs),Strategies (total),100%,T3-R,fig_3f,T3-R^0,17,1.081
2021-11-25,ZA,177,Omicron BA.2,Community,1.060813497728411,2021-11-08,17,Traveler weight (travel hubs),Strategies (total),100%,T7-R,fig_3f,T7-R^0,17,1.081
2021-11-25,ZA,177,Omicron BA.2,Community,1.060813497728411,2021-11-08,17,Traveler weight (travel hubs),Strategies (total),100%,T11-R,fig_3f,T11-R^0,17,1.0298
2021-11-26,IN,177,Omicron BA.2,Imported,1,2021-11-08,18,Traveler weight (travel hubs),Strategies (total),100%,T11-M,fig_3f,T11-R^90,17,1
2021-11-25,ZA,178,Omicron BA.2,Community,1.444647792555005,2021-11-08,17,Traveler weight (travel hubs),Strategies (total),50%,T11-R,fig_3f,T11-R^0,17,1.0547
2021-11-25,ZA,178,Omicron BA.2,Community,1.444647792555005,2021-11-08,17,Traveler weight (travel hubs),Strategies (total),70%,T3-R,fig_3f,T3-R^0,17,1.0872
2021-11-25,ZA,178,Omicron BA.2,Community,1.444647792555005,2021-11-08,17,Traveler weight (travel hubs),Strategies (total),70%,T7-R,fig_3f,T7-R^0,17,1.0872
2021-11-21,IN,178,Omicron BA.2,Imported,1,2021-11-08,13,Traveler weight (travel hubs),Strategies (total),70%,T11-R,fig_3f,T11-R^0,17,1.0367
2021-11-25,ZA,178,Omicron BA.2,Community,1.444647792555005,2021-11-08,17,Traveler weight (travel hubs),Strategies (total),90%,T3-R,fig_3f,T3-R^0,17,1.083
2021-11-25,ZA,178,Omicron BA.2,Community,1.444647792555005,2021-11-08,17,Traveler weight (travel hubs),Strategies (total),90%,T7-R,fig_3f,T7-R^0,17,1.083
2021-11-21,IN,178,Omicron BA.2,Imported,1,2021-11-08,13,Traveler weight (travel hubs),Strategies (total),90%,T11-R,fig_3f,T11-R^0,17,1.0329
2021-11-25,ZA,178,Omicron BA.2,Community,1.444647792555005,2021-11-08,17,Traveler weight (travel hubs),Strategies (total),100%,T3-R,fig_3f,T3-R^0,17,1.081
2021-11-25,ZA,178,Omicron BA.2,Community,1.444647792555005,2021-11-08,17,Traveler weight (travel hubs),Strategies (total),100%,T7-R,fig_3f,T7-R^0,17,1.081
2021-11-21,IN,178,Omicron BA.2,Imported,1,2021-11-08,13,Traveler weight (travel hubs),Strategies (total),100%,T11-R,fig_3f,T11-R^0,17,1.0298
2021-11-21,IN,178,Omicron BA.2,Imported,1,2021-11-08,13,Traveler weight (travel hubs),Strategies (total),100%,T11-M,fig_3f,T11-R^90,17,1
2021-11-28,IN,179,Omicron BA.2,Imported,1,2021-11-08,20,Traveler weight (travel hubs),Strategies (total),50%,T11-R,fig_3f,T11-R^0,17,1.0547
2021-11-29,ZA,179,Omicron BA.2,Community,1.096174566469171,2021-11-08,21,Traveler weight (travel hubs),Strategies (total),70%,T3-R,fig_3f,T3-R^0,17,1.0872
2021-11-29,ZA,179,Omicron BA.2,Community,1.096174566469171,2021-11-08,21,Traveler weight (travel hubs),Strategies (total),70%,T7-R,fig_3f,T7-R^0,17,1.0872
2021-11-28,IN,179,Omicron BA.2,Imported,1,2021-11-08,20,Traveler weight (travel hubs),Strategies (total),70%,T11-R,fig_3f,T11-R^0,17,1.0367
2021-11-28,GB,179,Omicron BA.2,Imported,1.159581344670672,2021-11-08,20,Traveler weight (travel hubs),Strategies (total),90%,T3-R,fig_3f,T3-R^0,17,1.083
2021-11-28,GB,179,Omicron BA.2,Imported,1.159581344670672,2021-11-08,20,Traveler weight (travel hubs),Strategies (total),90%,T7-R,fig_3f,T7-R^0,17,1.083
2021-11-28,GB,179,Omicron BA.2,Imported,1.159581344670672,2021-11-08,20,Traveler weight (travel hubs),Strategies (total),90%,T11-R,fig_3f,T11-R^0,17,1.0329
2021-11-28,GB,179,Omicron BA.2,Imported,1.288423716300747,2021-11-08,20,Traveler weight (travel hubs),Strategies (total),100%,T3-R,fig_3f,T3-R^0,17,1.081
2021-11-28,GB,179,Omicron BA.2,Imported,1.288423716300747,2021-11-08,20,Traveler weight (travel hubs),Strategies (total),100%,T7-R,fig_3f,T7-R^0,17,1.081
2021-11-28,GB,179,Omicron BA.2,Imported,1.288423716300747,2021-11-08,20,Traveler weight (travel hubs),Strategies (total),100%,T11-R,fig_3f,T11-R^0,17,1.0298
2021-11-18,AE,179,Omicron BA.2,Imported,1,2021-11-08,10,Traveler weight (travel hubs),Strategies (total),100%,T11-M,fig_3f,T11-R^90,17,1
2021-11-22,US,18,Omicron BA.2,Imported,1,2021-11-08,14,Traveler weight (travel hubs),Strategies (total),50%,T11-R,fig_3f,T11-R^0,17,1.0547
2021-11-22,US,18,Omicron BA.2,Imported,1,2021-11-08,14,Traveler weight (travel hubs),Strategies (total),70%,T3-R,fig_3f,T3-R^0,17,1.0872
2021-11-22,US,18,Omicron BA.2,Imported,1,2021-11-08,14,Traveler weight (travel hubs),Strategies (total),70%,T7-R,fig_3f,T7-R^0,17,1.0872
2021-11-22,US,18,Omicron BA.2,Imported,1,2021-11-08,14,Traveler weight (travel hubs),Strategies (total),70%,T11-R,fig_3f,T11-R^0,17,1.0367
2021-11-22,US,18,Omicron BA.2,Imported,1,2021-11-08,14,Traveler weight (travel hubs),Strategies (total),90%,T3-R,fig_3f,T3-R^0,17,1.083
2021-11-22,US,18,Omicron BA.2,Imported,1,2021-11-08,14,Traveler weight (travel hubs),Strategies (total),90%,T7-R,fig_3f,T7-R^0,17,1.083
2021-11-22,US,18,Omicron BA.2,Imported,1,2021-11-08,14,Traveler weight (travel hubs),Strategies (total),90%,T11-R,fig_3f,T11-R^0,17,1.0329
2021-11-22,US,18,Omicron BA.2,Imported,1,2021-11-08,14,Traveler weight (travel hubs),Strategies (total),100%,T3-R,fig_3f,T3-R^0,17,1.081
2021-11-22,US,18,Omicron BA.2,Imported,1,2021-11-08,14,Traveler weight (travel hubs),Strategies (total),100%,T7-R,fig_3f,T7-R^0,17,1.081
2021-11-22,US,18,Omicron BA.2,Imported,1,2021-11-08,14,Traveler weight (travel hubs),Strategies (total),100%,T11-R,fig_3f,T11-R^0,17,1.0298
2021-11-22,US,18,Omicron BA.2,Imported,1,2021-11-08,14,Traveler weight (travel hubs),Strategies (total),100%,T11-M,fig_3f,T11-R^90,17,1
2021-11-27,US,180,Omicron BA.2,Imported,1,2021-11-08,19,Traveler weight (travel hubs),Strategies (total),50%,T11-R,fig_3f,T11-R^0,17,1.0547
2021-11-27,US,180,Omicron BA.2,Imported,1,2021-11-08,19,Traveler weight (travel hubs),Strategies (total),70%,T3-R,fig_3f,T3-R^0,17,1.0872
2021-11-27,US,180,Omicron BA.2,Imported,1,2021-11-08,19,Traveler weight (travel hubs),Strategies (total),70%,T7-R,fig_3f,T7-R^0,17,1.0872
2021-11-27,US,180,Omicron BA.2,Imported,1,2021-11-08,19,Traveler weight (travel hubs),Strategies (total),70%,T11-R,fig_3f,T11-R^0,17,1.0367
2021-11-27,US,180,Omicron BA.2,Imported,1,2021-11-08,19,Traveler weight (travel hubs),Strategies (total),90%,T3-R,fig_3f,T3-R^0,17,1.083
2021-11-27,US,180,Omicron BA.2,Imported,1,2021-11-08,19,Traveler weight (travel hubs),Strategies (total),90%,T7-R,fig_3f,T7-R^0,17,1.083
2021-11-27,US,180,Omicron BA.2,Imported,1,2021-11-08,19,Traveler weight (travel hubs),Strategies (total),90%,T11-R,fig_3f,T11-R^0,17,1.0329
2021-11-27,US,180,Omicron BA.2,Imported,1,2021-11-08,19,Traveler weight (travel hubs),Strategies (total),100%,T3-R,fig_3f,T3-R^0,17,1.081
2021-11-27,US,180,Omicron BA.2,Imported,1,2021-11-08,19,Traveler weight (travel hubs),Strategies (total),100%,T7-R,fig_3f,T7-R^0,17,1.081
2021-11-27,US,180,Omicron BA.2,Imported,1,2021-11-08,19,Traveler weight (travel hubs),Strategies (total),100%,T11-R,fig_3f,T11-R^0,17,1.0298
2021-11-27,US,180,Omicron BA.2,Imported,1,2021-11-08,19,Traveler weight (travel hubs),Strategies (total),100%,T11-M,fig_3f,T11-R^90,17,1
2021-11-17,US,181,Omicron BA.2,Imported,1,2021-11-08,9,Traveler weight (travel hubs),Strategies (total),50%,T11-R,fig_3f,T11-R^0,17,1.0547
2021-11-17,US,181,Omicron BA.2,Imported,1,2021-11-08,9,Traveler weight (travel hubs),Strategies (total),70%,T3-R,fig_3f,T3-R^0,17,1.0872
2021-11-17,US,181,Omicron BA.2,Imported,1,2021-11-08,9,Traveler weight (travel hubs),Strategies (total),70%,T7-R,fig_3f,T7-R^0,17,1.0872
2021-11-17,US,181,Omicron BA.2,Imported,1,2021-11-08,9,Traveler weight (travel hubs),Strategies (total),70%,T11-R,fig_3f,T11-R^0,17,1.0367
2021-11-17,US,181,Omicron BA.2,Imported,1,2021-11-08,9,Traveler weight (travel hubs),Strategies (total),90%,T3-R,fig_3f,T3-R^0,17,1.083
2021-11-17,US,181,Omicron BA.2,Imported,1,2021-11-08,9,Traveler weight (travel hubs),Strategies (total),90%,T7-R,fig_3f,T7-R^0,17,1.083
2021-11-17,US,181,Omicron BA.2,Imported,1,2021-11-08,9,Traveler weight (travel hubs),Strategies (total),90%,T11-R,fig_3f,T11-R^0,17,1.0329
2021-11-17,US,181,Omicron BA.2,Imported,1,2021-11-08,9,Traveler weight (travel hubs),Strategies (total),100%,T3-R,fig_3f,T3-R^0,17,1.081
2021-11-17,US,181,Omicron BA.2,Imported,1,2021-11-08,9,Traveler weight (travel hubs),Strategies (total),100%,T7-R,fig_3f,T7-R^0,17,1.081
2021-11-17,US,181,Omicron BA.2,Imported,1,2021-11-08,9,Traveler weight (travel hubs),Strategies (total),100%,T11-R,fig_3f,T11-R^0,17,1.0298
2021-11-17,US,181,Omicron BA.2,Imported,1,2021-11-08,9,Traveler weight (travel hubs),Strategies (total),100%,T11-M,fig_3f,T11-R^90,17,1
2021-11-22,US,182,Omicron BA.2,Imported,1,2021-11-08,14,Traveler weight (travel hubs),Strategies (total),50%,T11-R,fig_3f,T11-R^0,17,1.0547
2021-11-22,US,182,Omicron BA.2,Imported,1,2021-11-08,14,Traveler weight (travel hubs),Strategies (total),70%,T3-R,fig_3f,T3-R^0,17,1.0872
2021-11-22,US,182,Omicron BA.2,Imported,1,2021-11-08,14,Traveler weight (travel hubs),Strategies (total),70%,T7-R,fig_3f,T7-R^0,17,1.0872
2021-11-22,US,182,Omicron BA.2,Imported,1,2021-11-08,14,Traveler weight (travel hubs),Strategies (total),70%,T11-R,fig_3f,T11-R^0,17,1.0367
2021-11-22,US,182,Omicron BA.2,Imported,1,2021-11-08,14,Traveler weight (travel hubs),Strategies (total),90%,T3-R,fig_3f,T3-R^0,17,1.083
2021-11-22,US,182,Omicron BA.2,Imported,1,2021-11-08,14,Traveler weight (travel hubs),Strategies (total),90%,T7-R,fig_3f,T7-R^0,17,1.083
2021-11-22,US,182,Omicron BA.2,Imported,1,2021-11-08,14,Traveler weight (travel hubs),Strategies (total),90%,T11-R,fig_3f,T11-R^0,17,1.0329
2021-11-22,US,182,Omicron BA.2,Imported,1,2021-11-08,14,Traveler weight (travel hubs),Strategies (total),100%,T3-R,fig_3f,T3-R^0,17,1.081
2021-11-22,US,182,Omicron BA.2,Imported,1,2021-11-08,14,Traveler weight (travel hubs),Strategies (total),100%,T7-R,fig_3f,T7-R^0,17,1.081
2021-11-22,US,182,Omicron BA.2,Imported,1,2021-11-08,14,Traveler weight (travel hubs),Strategies (total),100%,T11-R,fig_3f,T11-R^0,17,1.0298
2021-11-17,TR,182,Omicron BA.2,Imported,1,2021-11-08,9,Traveler weight (travel hubs),Strategies (total),100%,T11-M,fig_3f,T11-R^90,17,1
2021-11-29,US,183,Omicron BA.2,Imported,1,2021-11-08,21,Traveler weight (travel hubs),Strategies (total),50%,T11-R,fig_3f,T11-R^0,17,1.0547
2021-11-29,US,183,Omicron BA.2,Imported,1,2021-11-08,21,Traveler weight (travel hubs),Strategies (total),70%,T3-R,fig_3f,T3-R^0,17,1.0872
2021-11-29,US,183,Omicron BA.2,Imported,1,2021-11-08,21,Traveler weight (travel hubs),Strategies (total),70%,T7-R,fig_3f,T7-R^0,17,1.0872
2021-11-29,US,183,Omicron BA.2,Imported,1,2021-11-08,21,Traveler weight (travel hubs),Strategies (total),70%,T11-R,fig_3f,T11-R^0,17,1.0367
2021-11-29,US,183,Omicron BA.2,Imported,1,2021-11-08,21,Traveler weight (travel hubs),Strategies (total),90%,T3-R,fig_3f,T3-R^0,17,1.083
2021-11-29,US,183,Omicron BA.2,Imported,1,2021-11-08,21,Traveler weight (travel hubs),Strategies (total),90%,T7-R,fig_3f,T7-R^0,17,1.083
2021-11-29,US,183,Omicron BA.2,Imported,1,2021-11-08,21,Traveler weight (travel hubs),Strategies (total),90%,T11-R,fig_3f,T11-R^0,17,1.0329
2021-11-29,US,183,Omicron BA.2,Imported,1,2021-11-08,21,Traveler weight (travel hubs),Strategies (total),100%,T3-R,fig_3f,T3-R^0,17,1.081
2021-11-29,US,183,Omicron BA.2,Imported,1,2021-11-08,21,Traveler weight (travel hubs),Strategies (total),100%,T7-R,fig_3f,T7-R^0,17,1.081
2021-11-29,US,183,Omicron BA.2,Imported,1,2021-11-08,21,Traveler weight (travel hubs),Strategies (total),100%,T11-R,fig_3f,T11-R^0,17,1.0298
2021-11-29,US,183,Omicron BA.2,Imported,1,2021-11-08,21,Traveler weight (travel hubs),Strategies (total),100%,T11-M,fig_3f,T11-R^90,17,1
2021-11-27,IN,184,Omicron BA.2,Imported,1,2021-11-08,19,Traveler weight (travel hubs),Strategies (total),50%,T11-R,fig_3f,T11-R^0,17,1.0547
2021-12-07,ZA,184,Omicron BA.2,Community,1.1541573940628767,2021-11-08,29,Traveler weight (travel hubs),Strategies (total),70%,T3-R,fig_3f,T3-R^0,17,1.0872
2021-12-07,ZA,184,Omicron BA.2,Community,1.1541573940628767,2021-11-08,29,Traveler weight (travel hubs),Strategies (total),70%,T7-R,fig_3f,T7-R^0,17,1.0872
2021-11-27,IN,184,Omicron BA.2,Imported,1,2021-11-08,19,Traveler weight (travel hubs),Strategies (total),70%,T11-R,fig_3f,T11-R^0,17,1.0367
2021-12-07,ZA,184,Omicron BA.2,Community,1.1541573940628767,2021-11-08,29,Traveler weight (travel hubs),Strategies (total),90%,T3-R,fig_3f,T3-R^0,17,1.083
2021-12-07,ZA,184,Omicron BA.2,Community,1.1541573940628767,2021-11-08,29,Traveler weight (travel hubs),Strategies (total),90%,T7-R,fig_3f,T7-R^0,17,1.083
2021-11-27,IN,184,Omicron BA.2,Imported,1,2021-11-08,19,Traveler weight (travel hubs),Strategies (total),90%,T11-R,fig_3f,T11-R^0,17,1.0329
2021-12-07,ZA,184,Omicron BA.2,Community,1.1541573940628767,2021-11-08,29,Traveler weight (travel hubs),Strategies (total),100%,T3-R,fig_3f,T3-R^0,17,1.081
2021-12-07,ZA,184,Omicron BA.2,Community,1.1541573940628767,2021-11-08,29,Traveler weight (travel hubs),Strategies (total),100%,T7-R,fig_3f,T7-R^0,17,1.081
2021-11-27,IN,184,Omicron BA.2,Imported,1,2021-11-08,19,Traveler weight (travel hubs),Strategies (total),100%,T11-R,fig_3f,T11-R^0,17,1.0298
2021-11-15,TR,184,Omicron BA.2,Imported,1,2021-11-08,7,Traveler weight (travel hubs),Strategies (total),100%,T11-M,fig_3f,T11-R^90,17,1
2021-11-22,US,185,Omicron BA.2,Imported,1,2021-11-08,14,Traveler weight (travel hubs),Strategies (total),50%,T11-R,fig_3f,T11-R^0,17,1.0547
2021-11-22,US,185,Omicron BA.2,Imported,1,2021-11-08,14,Traveler weight (travel hubs),Strategies (total),70%,T3-R,fig_3f,T3-R^0,17,1.0872
2021-11-22,US,185,Omicron BA.2,Imported,1,2021-11-08,14,Traveler weight (travel hubs),Strategies (total),70%,T7-R,fig_3f,T7-R^0,17,1.0872
2021-11-22,US,185,Omicron BA.2,Imported,1,2021-11-08,14,Traveler weight (travel hubs),Strategies (total),70%,T11-R,fig_3f,T11-R^0,17,1.0367
2021-11-22,US,185,Omicron BA.2,Imported,1,2021-11-08,14,Traveler weight (travel hubs),Strategies (total),90%,T3-R,fig_3f,T3-R^0,17,1.083
2021-11-22,US,185,Omicron BA.2,Imported,1,2021-11-08,14,Traveler weight (travel hubs),Strategies (total),90%,T7-R,fig_3f,T7-R^0,17,1.083
2021-11-22,US,185,Omicron BA.2,Imported,1,2021-11-08,14,Traveler weight (travel hubs),Strategies (total),90%,T11-R,fig_3f,T11-R^0,17,1.0329
2021-11-22,US,185,Omicron BA.2,Imported,1,2021-11-08,14,Traveler weight (travel hubs),Strategies (total),100%,T3-R,fig_3f,T3-R^0,17,1.081
2021-11-22,US,185,Omicron BA.2,Imported,1,2021-11-08,14,Traveler weight (travel hubs),Strategies (total),100%,T7-R,fig_3f,T7-R^0,17,1.081
2021-11-22,US,185,Omicron BA.2,Imported,1,2021-11-08,14,Traveler weight (travel hubs),Strategies (total),100%,T11-R,fig_3f,T11-R^0,17,1.0298
2021-11-22,US,185,Omicron BA.2,Imported,1,2021-11-08,14,Traveler weight (travel hubs),Strategies (total),100%,T11-M,fig_3f,T11-R^90,17,1
2021-12-01,ZA,186,Omicron BA.2,Community,1.1851244988779386,2021-11-08,23,Traveler weight (travel hubs),Strategies (total),50%,T11-R,fig_3f,T11-R^0,17,1.0547
2021-12-01,ZA,186,Omicron BA.2,Community,1.1851244988779386,2021-11-08,23,Traveler weight (travel hubs),Strategies (total),70%,T3-R,fig_3f,T3-R^0,17,1.0872
2021-12-01,ZA,186,Omicron BA.2,Community,1.1851244988779386,2021-11-08,23,Traveler weight (travel hubs),Strategies (total),70%,T7-R,fig_3f,T7-R^0,17,1.0872
2021-12-01,ZA,186,Omicron BA.2,Community,1.1851244988779386,2021-11-08,23,Traveler weight (travel hubs),Strategies (total),70%,T11-R,fig_3f,T11-R^0,17,1.0367
2021-12-01,ZA,186,Omicron BA.2,Community,1.1851244988779386,2021-11-08,23,Traveler weight (travel hubs),Strategies (total),90%,T3-R,fig_3f,T3-R^0,17,1.083
2021-12-01,ZA,186,Omicron BA.2,Community,1.1851244988779386,2021-11-08,23,Traveler weight (travel hubs),Strategies (total),90%,T7-R,fig_3f,T7-R^0,17,1.083
2021-12-01,ZA,186,Omicron BA.2,Community,1.1851244988779386,2021-11-08,23,Traveler weight (travel hubs),Strategies (total),90%,T11-R,fig_3f,T11-R^0,17,1.0329
2021-12-01,ZA,186,Omicron BA.2,Community,1.1851244988779386,2021-11-08,23,Traveler weight (travel hubs),Strategies (total),100%,T3-R,fig_3f,T3-R^0,17,1.081
2021-12-01,ZA,186,Omicron BA.2,Community,1.1851244988779386,2021-11-08,23,Traveler weight (travel hubs),Strategies (total),100%,T7-R,fig_3f,T7-R^0,17,1.081
2021-12-01,ZA,186,Omicron BA.2,Community,1.1851244988779386,2021-11-08,23,Traveler weight (travel hubs),Strategies (total),100%,T11-R,fig_3f,T11-R^0,17,1.0298
2021-12-07,US,186,Omicron BA.2,Imported,1,2021-11-08,29,Traveler weight (travel hubs),Strategies (total),100%,T11-M,fig_3f,T11-R^90,17,1
2021-11-28,ZA,187,Omicron BA.2,Community,1.1232667914906647,2021-11-08,20,Traveler weight (travel hubs),Strategies (total),50%,T11-R,fig_3f,T11-R^0,17,1.0547
2021-11-28,ZA,187,Omicron BA.2,Community,1.1232667914906647,2021-11-08,20,Traveler weight (travel hubs),Strategies (total),70%,T3-R,fig_3f,T3-R^0,17,1.0872
2021-11-28,ZA,187,Omicron BA.2,Community,1.1232667914906647,2021-11-08,20,Traveler weight (travel hubs),Strategies (total),70%,T7-R,fig_3f,T7-R^0,17,1.0872
2021-11-28,ZA,187,Omicron BA.2,Community,1.1232667914906647,2021-11-08,20,Traveler weight (travel hubs),Strategies (total),70%,T11-R,fig_3f,T11-R^0,17,1.0367
2021-11-28,ZA,187,Omicron BA.2,Community,1.1232667914906647,2021-11-08,20,Traveler weight (travel hubs),Strategies (total),90%,T3-R,fig_3f,T3-R^0,17,1.083
2021-11-28,ZA,187,Omicron BA.2,Community,1.1232667914906647,2021-11-08,20,Traveler weight (travel hubs),Strategies (total),90%,T7-R,fig_3f,T7-R^0,17,1.083
2021-11-28,ZA,187,Omicron BA.2,Community,1.1232667914906647,2021-11-08,20,Traveler weight (travel hubs),Strategies (total),90%,T11-R,fig_3f,T11-R^0,17,1.0329
2021-11-28,ZA,187,Omicron BA.2,Community,1.1232667914906647,2021-11-08,20,Traveler weight (travel hubs),Strategies (total),100%,T3-R,fig_3f,T3-R^0,17,1.081
2021-11-28,ZA,187,Omicron BA.2,Community,1.1232667914906647,2021-11-08,20,Traveler weight (travel hubs),Strategies (total),100%,T7-R,fig_3f,T7-R^0,17,1.081
2021-11-28,ZA,187,Omicron BA.2,Community,1.1232667914906647,2021-11-08,20,Traveler weight (travel hubs),Strategies (total),100%,T11-R,fig_3f,T11-R^0,17,1.0298
2021-12-05,GB,187,Omicron BA.2,Imported,1.1156376528440415,2021-11-08,27,Traveler weight (travel hubs),Strategies (total),100%,T11-M,fig_3f,T11-R^90,17,1
2021-11-16,IN,188,Omicron BA.2,Imported,1,2021-11-08,8,Traveler weight (travel hubs),Strategies (total),50%,T11-R,fig_3f,T11-R^0,17,1.0547
2021-11-25,ZA,188,Omicron BA.2,Community,1.1117242336624873,2021-11-08,17,Traveler weight (travel hubs),Strategies (total),70%,T3-R,fig_3f,T3-R^0,17,1.0872
2021-11-25,ZA,188,Omicron BA.2,Community,1.1117242336624873,2021-11-08,17,Traveler weight (travel hubs),Strategies (total),70%,T7-R,fig_3f,T7-R^0,17,1.0872
2021-11-16,IN,188,Omicron BA.2,Imported,1,2021-11-08,8,Traveler weight (travel hubs),Strategies (total),70%,T11-R,fig_3f,T11-R^0,17,1.0367
2021-11-25,ZA,188,Omicron BA.2,Community,1.1117242336624873,2021-11-08,17,Traveler weight (travel hubs),Strategies (total),90%,T3-R,fig_3f,T3-R^0,17,1.083
2021-11-25,ZA,188,Omicron BA.2,Community,1.1117242336624873,2021-11-08,17,Traveler weight (travel hubs),Strategies (total),90%,T7-R,fig_3f,T7-R^0,17,1.083
2021-11-16,IN,188,Omicron BA.2,Imported,1,2021-11-08,8,Traveler weight (travel hubs),Strategies (total),90%,T11-R,fig_3f,T11-R^0,17,1.0329
2021-11-25,ZA,188,Omicron BA.2,Community,1.1117242336624873,2021-11-08,17,Traveler weight (travel hubs),Strategies (total),100%,T3-R,fig_3f,T3-R^0,17,1.081
2021-11-25,ZA,188,Omicron BA.2,Community,1.1117242336624873,2021-11-08,17,Traveler weight (travel hubs),Strategies (total),100%,T7-R,fig_3f,T7-R^0,17,1.081
2021-11-16,IN,188,Omicron BA.2,Imported,1,2021-11-08,8,Traveler weight (travel hubs),Strategies (total),100%,T11-R,fig_3f,T11-R^0,17,1.0298
2021-11-16,IN,188,Omicron BA.2,Imported,1,2021-11-08,8,Traveler weight (travel hubs),Strategies (total),100%,T11-M,fig_3f,T11-R^90,17,1
2021-11-25,ZA,189,Omicron BA.2,Community,1.1160286399076425,2021-11-08,17,Traveler weight (travel hubs),Strategies (total),50%,T11-R,fig_3f,T11-R^0,17,1.0547
2021-11-25,ZA,189,Omicron BA.2,Community,1.1160286399076425,2021-11-08,17,Traveler weight (travel hubs),Strategies (total),70%,T3-R,fig_3f,T3-R^0,17,1.0872
2021-11-25,ZA,189,Omicron BA.2,Community,1.1160286399076425,2021-11-08,17,Traveler weight (travel hubs),Strategies (total),70%,T7-R,fig_3f,T7-R^0,17,1.0872
2021-11-25,ZA,189,Omicron BA.2,Community,1.1160286399076425,2021-11-08,17,Traveler weight (travel hubs),Strategies (total),70%,T11-R,fig_3f,T11-R^0,17,1.0367
2021-11-25,ZA,189,Omicron BA.2,Community,1.1160286399076425,2021-11-08,17,Traveler weight (travel hubs),Strategies (total),90%,T3-R,fig_3f,T3-R^0,17,1.083
2021-11-25,ZA,189,Omicron BA.2,Community,1.1160286399076425,2021-11-08,17,Traveler weight (travel hubs),Strategies (total),90%,T7-R,fig_3f,T7-R^0,17,1.083
2021-11-25,ZA,189,Omicron BA.2,Community,1.1160286399076425,2021-11-08,17,Traveler weight (travel hubs),Strategies (total),90%,T11-R,fig_3f,T11-R^0,17,1.0329
2021-11-25,ZA,189,Omicron BA.2,Community,1.1160286399076425,2021-11-08,17,Traveler weight (travel hubs),Strategies (total),100%,T3-R,fig_3f,T3-R^0,17,1.081
2021-11-25,ZA,189,Omicron BA.2,Community,1.1160286399076425,2021-11-08,17,Traveler weight (travel hubs),Strategies (total),100%,T7-R,fig_3f,T7-R^0,17,1.081
2021-11-25,ZA,189,Omicron BA.2,Community,1.1160286399076425,2021-11-08,17,Traveler weight (travel hubs),Strategies (total),100%,T11-R,fig_3f,T11-R^0,17,1.0298
2021-11-27,IN,189,Omicron BA.2,Imported,1,2021-11-08,19,Traveler weight (travel hubs),Strategies (total),100%,T11-M,fig_3f,T11-R^90,17,1
2021-11-21,US,19,Omicron BA.2,Imported,1,2021-11-08,13,Traveler weight (travel hubs),Strategies (total),50%,T11-R,fig_3f,T11-R^0,17,1.0547
2021-11-21,US,19,Omicron BA.2,Imported,1,2021-11-08,13,Traveler weight (travel hubs),Strategies (total),70%,T3-R,fig_3f,T3-R^0,17,1.0872
2021-11-21,US,19,Omicron BA.2,Imported,1,2021-11-08,13,Traveler weight (travel hubs),Strategies (total),70%,T7-R,fig_3f,T7-R^0,17,1.0872
2021-11-21,US,19,Omicron BA.2,Imported,1,2021-11-08,13,Traveler weight (travel hubs),Strategies (total),70%,T11-R,fig_3f,T11-R^0,17,1.0367
2021-11-21,US,19,Omicron BA.2,Imported,1,2021-11-08,13,Traveler weight (travel hubs),Strategies (total),90%,T3-R,fig_3f,T3-R^0,17,1.083
2021-11-21,US,19,Omicron BA.2,Imported,1,2021-11-08,13,Traveler weight (travel hubs),Strategies (total),90%,T7-R,fig_3f,T7-R^0,17,1.083
2021-11-21,US,19,Omicron BA.2,Imported,1,2021-11-08,13,Traveler weight (travel hubs),Strategies (total),90%,T11-R,fig_3f,T11-R^0,17,1.0329
2021-11-21,US,19,Omicron BA.2,Imported,1,2021-11-08,13,Traveler weight (travel hubs),Strategies (total),100%,T3-R,fig_3f,T3-R^0,17,1.081
2021-11-21,US,19,Omicron BA.2,Imported,1,2021-11-08,13,Traveler weight (travel hubs),Strategies (total),100%,T7-R,fig_3f,T7-R^0,17,1.081
2021-11-21,US,19,Omicron BA.2,Imported,1,2021-11-08,13,Traveler weight (travel hubs),Strategies (total),100%,T11-R,fig_3f,T11-R^0,17,1.0298
2021-11-21,US,19,Omicron BA.2,Imported,1,2021-11-08,13,Traveler weight (travel hubs),Strategies (total),100%,T11-M,fig_3f,T11-R^90,17,1
2021-11-29,ZA,190,Omicron BA.2,Community,1.0922717777650242,2021-11-08,21,Traveler weight (travel hubs),Strategies (total),50%,T11-R,fig_3f,T11-R^0,17,1.0547
2021-11-29,ZA,190,Omicron BA.2,Community,1.0922717777650242,2021-11-08,21,Traveler weight (travel hubs),Strategies (total),70%,T3-R,fig_3f,T3-R^0,17,1.0872
2021-11-29,ZA,190,Omicron BA.2,Community,1.0922717777650242,2021-11-08,21,Traveler weight (travel hubs),Strategies (total),70%,T7-R,fig_3f,T7-R^0,17,1.0872
2021-11-29,ZA,190,Omicron BA.2,Community,1.0922717777650242,2021-11-08,21,Traveler weight (travel hubs),Strategies (total),70%,T11-R,fig_3f,T11-R^0,17,1.0367
2021-11-29,ZA,190,Omicron BA.2,Community,1.0922717777650242,2021-11-08,21,Traveler weight (travel hubs),Strategies (total),90%,T3-R,fig_3f,T3-R^0,17,1.083
2021-11-29,ZA,190,Omicron BA.2,Community,1.0922717777650242,2021-11-08,21,Traveler weight (travel hubs),Strategies (total),90%,T7-R,fig_3f,T7-R^0,17,1.083
2021-11-29,ZA,190,Omicron BA.2,Community,1.0922717777650242,2021-11-08,21,Traveler weight (travel hubs),Strategies (total),90%,T11-R,fig_3f,T11-R^0,17,1.0329
2021-11-23,US,190,Omicron BA.2,Imported,1,2021-11-08,15,Traveler weight (travel hubs),Strategies (total),100%,T3-R,fig_3f,T3-R^0,17,1.081
2021-11-23,US,190,Omicron BA.2,Imported,1,2021-11-08,15,Traveler weight (travel hubs),Strategies (total),100%,T7-R,fig_3f,T7-R^0,17,1.081
2021-11-23,US,190,Omicron BA.2,Imported,1,2021-11-08,15,Traveler weight (travel hubs),Strategies (total),100%,T11-R,fig_3f,T11-R^0,17,1.0298
2021-11-23,US,190,Omicron BA.2,Imported,1,2021-11-08,15,Traveler weight (travel hubs),Strategies (total),100%,T11-M,fig_3f,T11-R^90,17,1
2021-11-26,ZA,191,Omicron BA.2,Community,1.0011370837458546,2021-11-08,18,Traveler weight (travel hubs),Strategies (total),50%,T11-R,fig_3f,T11-R^0,17,1.0547
2021-11-26,ZA,191,Omicron BA.2,Community,1.0011370837458546,2021-11-08,18,Traveler weight (travel hubs),Strategies (total),70%,T3-R,fig_3f,T3-R^0,17,1.0872
2021-11-26,ZA,191,Omicron BA.2,Community,1.0011370837458546,2021-11-08,18,Traveler weight (travel hubs),Strategies (total),70%,T7-R,fig_3f,T7-R^0,17,1.0872
2021-11-26,ZA,191,Omicron BA.2,Community,1.0011370837458546,2021-11-08,18,Traveler weight (travel hubs),Strategies (total),70%,T11-R,fig_3f,T11-R^0,17,1.0367
2021-11-26,ZA,191,Omicron BA.2,Community,1.0011370837458546,2021-11-08,18,Traveler weight (travel hubs),Strategies (total),90%,T3-R,fig_3f,T3-R^0,17,1.083
2021-11-26,ZA,191,Omicron BA.2,Community,1.0011370837458546,2021-11-08,18,Traveler weight (travel hubs),Strategies (total),90%,T7-R,fig_3f,T7-R^0,17,1.083
2021-11-26,ZA,191,Omicron BA.2,Community,1.0011370837458546,2021-11-08,18,Traveler weight (travel hubs),Strategies (total),90%,T11-R,fig_3f,T11-R^0,17,1.0329
2021-11-26,ZA,191,Omicron BA.2,Community,1.0011370837458546,2021-11-08,18,Traveler weight (travel hubs),Strategies (total),100%,T3-R,fig_3f,T3-R^0,17,1.081
2021-11-26,ZA,191,Omicron BA.2,Community,1.0011370837458546,2021-11-08,18,Traveler weight (travel hubs),Strategies (total),100%,T7-R,fig_3f,T7-R^0,17,1.081
2021-11-26,ZA,191,Omicron BA.2,Community,1.0011370837458546,2021-11-08,18,Traveler weight (travel hubs),Strategies (total),100%,T11-R,fig_3f,T11-R^0,17,1.0298
2021-12-03,IN,191,Omicron BA.2,Imported,1,2021-11-08,25,Traveler weight (travel hubs),Strategies (total),100%,T11-M,fig_3f,T11-R^90,17,1
2021-11-26,ZA,192,Omicron BA.2,Community,1.2103026815646054,2021-11-08,18,Traveler weight (travel hubs),Strategies (total),50%,T11-R,fig_3f,T11-R^0,17,1.0547
2021-11-26,ZA,192,Omicron BA.2,Community,1.2103026815646054,2021-11-08,18,Traveler weight (travel hubs),Strategies (total),70%,T3-R,fig_3f,T3-R^0,17,1.0872
2021-11-26,ZA,192,Omicron BA.2,Community,1.2103026815646054,2021-11-08,18,Traveler weight (travel hubs),Strategies (total),70%,T7-R,fig_3f,T7-R^0,17,1.0872
2021-11-26,ZA,192,Omicron BA.2,Community,1.2103026815646054,2021-11-08,18,Traveler weight (travel hubs),Strategies (total),70%,T11-R,fig_3f,T11-R^0,17,1.0367
2021-11-26,ZA,192,Omicron BA.2,Community,1.2103026815646054,2021-11-08,18,Traveler weight (travel hubs),Strategies (total),90%,T3-R,fig_3f,T3-R^0,17,1.083
2021-11-26,ZA,192,Omicron BA.2,Community,1.2103026815646054,2021-11-08,18,Traveler weight (travel hubs),Strategies (total),90%,T7-R,fig_3f,T7-R^0,17,1.083
2021-11-26,ZA,192,Omicron BA.2,Community,1.2103026815646054,2021-11-08,18,Traveler weight (travel hubs),Strategies (total),90%,T11-R,fig_3f,T11-R^0,17,1.0329
2021-11-26,ZA,192,Omicron BA.2,Community,1.2103026815646054,2021-11-08,18,Traveler weight (travel hubs),Strategies (total),100%,T3-R,fig_3f,T3-R^0,17,1.081
2021-11-26,ZA,192,Omicron BA.2,Community,1.2103026815646054,2021-11-08,18,Traveler weight (travel hubs),Strategies (total),100%,T7-R,fig_3f,T7-R^0,17,1.081
2021-11-26,ZA,192,Omicron BA.2,Community,1.2103026815646054,2021-11-08,18,Traveler weight (travel hubs),Strategies (total),100%,T11-R,fig_3f,T11-R^0,17,1.0298
2021-12-01,US,192,Omicron BA.2,Imported,1,2021-11-08,23,Traveler weight (travel hubs),Strategies (total),100%,T11-M,fig_3f,T11-R^90,17,1
2021-11-26,ZA,193,Omicron BA.2,Community,1.0283468526481485,2021-11-08,18,Traveler weight (travel hubs),Strategies (total),50%,T11-R,fig_3f,T11-R^0,17,1.0547
2021-11-26,ZA,193,Omicron BA.2,Community,1.0283468526481485,2021-11-08,18,Traveler weight (travel hubs),Strategies (total),70%,T3-R,fig_3f,T3-R^0,17,1.0872
2021-11-26,ZA,193,Omicron BA.2,Community,1.0283468526481485,2021-11-08,18,Traveler weight (travel hubs),Strategies (total),70%,T7-R,fig_3f,T7-R^0,17,1.0872
2021-11-26,ZA,193,Omicron BA.2,Community,1.0283468526481485,2021-11-08,18,Traveler weight (travel hubs),Strategies (total),70%,T11-R,fig_3f,T11-R^0,17,1.0367
2021-11-26,ZA,193,Omicron BA.2,Community,1.0283468526481485,2021-11-08,18,Traveler weight (travel hubs),Strategies (total),90%,T3-R,fig_3f,T3-R^0,17,1.083
2021-11-26,ZA,193,Omicron BA.2,Community,1.0283468526481485,2021-11-08,18,Traveler weight (travel hubs),Strategies (total),90%,T7-R,fig_3f,T7-R^0,17,1.083
2021-11-26,ZA,193,Omicron BA.2,Community,1.0283468526481485,2021-11-08,18,Traveler weight (travel hubs),Strategies (total),90%,T11-R,fig_3f,T11-R^0,17,1.0329
2021-11-26,ZA,193,Omicron BA.2,Community,1.0283468526481485,2021-11-08,18,Traveler weight (travel hubs),Strategies (total),100%,T3-R,fig_3f,T3-R^0,17,1.081
2021-11-26,ZA,193,Omicron BA.2,Community,1.0283468526481485,2021-11-08,18,Traveler weight (travel hubs),Strategies (total),100%,T7-R,fig_3f,T7-R^0,17,1.081
2021-11-26,ZA,193,Omicron BA.2,Community,1.0283468526481485,2021-11-08,18,Traveler weight (travel hubs),Strategies (total),100%,T11-R,fig_3f,T11-R^0,17,1.0298
2021-11-27,US,193,Omicron BA.2,Imported,1,2021-11-08,19,Traveler weight (travel hubs),Strategies (total),100%,T11-M,fig_3f,T11-R^90,17,1
2021-11-26,ZA,194,Omicron BA.2,Community,1.1563391734064252,2021-11-08,18,Traveler weight (travel hubs),Strategies (total),50%,T11-R,fig_3f,T11-R^0,17,1.0547
2021-11-26,ZA,194,Omicron BA.2,Community,1.1563391734064252,2021-11-08,18,Traveler weight (travel hubs),Strategies (total),70%,T3-R,fig_3f,T3-R^0,17,1.0872
2021-11-26,ZA,194,Omicron BA.2,Community,1.1563391734064252,2021-11-08,18,Traveler weight (travel hubs),Strategies (total),70%,T7-R,fig_3f,T7-R^0,17,1.0872
2021-11-26,ZA,194,Omicron BA.2,Community,1.1563391734064252,2021-11-08,18,Traveler weight (travel hubs),Strategies (total),70%,T11-R,fig_3f,T11-R^0,17,1.0367
2021-11-26,ZA,194,Omicron BA.2,Community,1.1563391734064252,2021-11-08,18,Traveler weight (travel hubs),Strategies (total),90%,T3-R,fig_3f,T3-R^0,17,1.083
2021-11-26,ZA,194,Omicron BA.2,Community,1.1563391734064252,2021-11-08,18,Traveler weight (travel hubs),Strategies (total),90%,T7-R,fig_3f,T7-R^0,17,1.083
2021-11-26,ZA,194,Omicron BA.2,Community,1.1563391734064252,2021-11-08,18,Traveler weight (travel hubs),Strategies (total),90%,T11-R,fig_3f,T11-R^0,17,1.0329
2021-11-26,ZA,194,Omicron BA.2,Community,1.1563391734064252,2021-11-08,18,Traveler weight (travel hubs),Strategies (total),100%,T3-R,fig_3f,T3-R^0,17,1.081
2021-11-26,ZA,194,Omicron BA.2,Community,1.1563391734064252,2021-11-08,18,Traveler weight (travel hubs),Strategies (total),100%,T7-R,fig_3f,T7-R^0,17,1.081
2021-11-26,ZA,194,Omicron BA.2,Community,1.1563391734064252,2021-11-08,18,Traveler weight (travel hubs),Strategies (total),100%,T11-R,fig_3f,T11-R^0,17,1.0298
2021-12-14,GB,194,Omicron BA.2,Imported,1.811927083612545,2021-11-08,36,Traveler weight (travel hubs),Strategies (total),100%,T11-M,fig_3f,T11-R^90,17,1
2021-11-21,IN,195,Omicron BA.2,Imported,1,2021-11-08,13,Traveler weight (travel hubs),Strategies (total),50%,T11-R,fig_3f,T11-R^0,17,1.0547
2021-11-26,ZA,195,Omicron BA.2,Community,1.2244396006032274,2021-11-08,18,Traveler weight (travel hubs),Strategies (total),70%,T3-R,fig_3f,T3-R^0,17,1.0872
2021-11-26,ZA,195,Omicron BA.2,Community,1.2244396006032274,2021-11-08,18,Traveler weight (travel hubs),Strategies (total),70%,T7-R,fig_3f,T7-R^0,17,1.0872
2021-11-21,IN,195,Omicron BA.2,Imported,1,2021-11-08,13,Traveler weight (travel hubs),Strategies (total),70%,T11-R,fig_3f,T11-R^0,17,1.0367
2021-11-26,ZA,195,Omicron BA.2,Community,1.2244396006032274,2021-11-08,18,Traveler weight (travel hubs),Strategies (total),90%,T3-R,fig_3f,T3-R^0,17,1.083
2021-11-26,ZA,195,Omicron BA.2,Community,1.2244396006032274,2021-11-08,18,Traveler weight (travel hubs),Strategies (total),90%,T7-R,fig_3f,T7-R^0,17,1.083
2021-11-21,IN,195,Omicron BA.2,Imported,1,2021-11-08,13,Traveler weight (travel hubs),Strategies (total),90%,T11-R,fig_3f,T11-R^0,17,1.0329
2021-11-26,ZA,195,Omicron BA.2,Community,1.2244396006032274,2021-11-08,18,Traveler weight (travel hubs),Strategies (total),100%,T3-R,fig_3f,T3-R^0,17,1.081
2021-11-26,ZA,195,Omicron BA.2,Community,1.2244396006032274,2021-11-08,18,Traveler weight (travel hubs),Strategies (total),100%,T7-R,fig_3f,T7-R^0,17,1.081
2021-11-21,IN,195,Omicron BA.2,Imported,1,2021-11-08,13,Traveler weight (travel hubs),Strategies (total),100%,T11-R,fig_3f,T11-R^0,17,1.0298
2021-11-21,IN,195,Omicron BA.2,Imported,1,2021-11-08,13,Traveler weight (travel hubs),Strategies (total),100%,T11-M,fig_3f,T11-R^90,17,1
2021-11-26,ZA,196,Omicron BA.2,Community,1.1937336044118123,2021-11-08,18,Traveler weight (travel hubs),Strategies (total),50%,T11-R,fig_3f,T11-R^0,17,1.0547
2021-11-26,ZA,196,Omicron BA.2,Community,1.1937336044118123,2021-11-08,18,Traveler weight (travel hubs),Strategies (total),70%,T3-R,fig_3f,T3-R^0,17,1.0872
2021-11-26,ZA,196,Omicron BA.2,Community,1.1937336044118123,2021-11-08,18,Traveler weight (travel hubs),Strategies (total),70%,T7-R,fig_3f,T7-R^0,17,1.0872
2021-11-26,ZA,196,Omicron BA.2,Community,1.1937336044118123,2021-11-08,18,Traveler weight (travel hubs),Strategies (total),70%,T11-R,fig_3f,T11-R^0,17,1.0367
2021-11-26,ZA,196,Omicron BA.2,Community,1.1937336044118123,2021-11-08,18,Traveler weight (travel hubs),Strategies (total),90%,T3-R,fig_3f,T3-R^0,17,1.083
2021-11-26,ZA,196,Omicron BA.2,Community,1.1937336044118123,2021-11-08,18,Traveler weight (travel hubs),Strategies (total),90%,T7-R,fig_3f,T7-R^0,17,1.083
2021-11-26,ZA,196,Omicron BA.2,Community,1.1937336044118123,2021-11-08,18,Traveler weight (travel hubs),Strategies (total),90%,T11-R,fig_3f,T11-R^0,17,1.0329
2021-11-26,ZA,196,Omicron BA.2,Community,1.1937336044118123,2021-11-08,18,Traveler weight (travel hubs),Strategies (total),100%,T3-R,fig_3f,T3-R^0,17,1.081
2021-11-26,ZA,196,Omicron BA.2,Community,1.1937336044118123,2021-11-08,18,Traveler weight (travel hubs),Strategies (total),100%,T7-R,fig_3f,T7-R^0,17,1.081
2021-11-26,ZA,196,Omicron BA.2,Community,1.1937336044118123,2021-11-08,18,Traveler weight (travel hubs),Strategies (total),100%,T11-R,fig_3f,T11-R^0,17,1.0298
2021-11-26,IN,196,Omicron BA.2,Imported,1,2021-11-08,18,Traveler weight (travel hubs),Strategies (total),100%,T11-M,fig_3f,T11-R^90,17,1
2021-11-29,ZA,197,Omicron BA.2,Community,1.6486736978040972,2021-11-08,21,Traveler weight (travel hubs),Strategies (total),50%,T11-R,fig_3f,T11-R^0,17,1.0547
2021-11-29,ZA,197,Omicron BA.2,Community,1.6486736978040972,2021-11-08,21,Traveler weight (travel hubs),Strategies (total),70%,T3-R,fig_3f,T3-R^0,17,1.0872
2021-11-29,ZA,197,Omicron BA.2,Community,1.6486736978040972,2021-11-08,21,Traveler weight (travel hubs),Strategies (total),70%,T7-R,fig_3f,T7-R^0,17,1.0872
2021-11-29,ZA,197,Omicron BA.2,Community,1.6486736978040972,2021-11-08,21,Traveler weight (travel hubs),Strategies (total),70%,T11-R,fig_3f,T11-R^0,17,1.0367
2021-11-29,ZA,197,Omicron BA.2,Community,1.6486736978040972,2021-11-08,21,Traveler weight (travel hubs),Strategies (total),90%,T3-R,fig_3f,T3-R^0,17,1.083
2021-11-29,ZA,197,Omicron BA.2,Community,1.6486736978040972,2021-11-08,21,Traveler weight (travel hubs),Strategies (total),90%,T7-R,fig_3f,T7-R^0,17,1.083
2021-11-29,ZA,197,Omicron BA.2,Community,1.6486736978040972,2021-11-08,21,Traveler weight (travel hubs),Strategies (total),90%,T11-R,fig_3f,T11-R^0,17,1.0329
2021-11-27,US,197,Omicron BA.2,Imported,1,2021-11-08,19,Traveler weight (travel hubs),Strategies (total),100%,T3-R,fig_3f,T3-R^0,17,1.081
2021-11-27,US,197,Omicron BA.2,Imported,1,2021-11-08,19,Traveler weight (travel hubs),Strategies (total),100%,T7-R,fig_3f,T7-R^0,17,1.081
2021-11-27,US,197,Omicron BA.2,Imported,1,2021-11-08,19,Traveler weight (travel hubs),Strategies (total),100%,T11-R,fig_3f,T11-R^0,17,1.0298
2021-11-27,US,197,Omicron BA.2,Imported,1,2021-11-08,19,Traveler weight (travel hubs),Strategies (total),100%,T11-M,fig_3f,T11-R^90,17,1
2021-11-27,ZA,198,Omicron BA.2,Community,1.0411017647239285,2021-11-08,19,Traveler weight (travel hubs),Strategies (total),50%,T11-R,fig_3f,T11-R^0,17,1.0547
2021-11-27,ZA,198,Omicron BA.2,Community,1.0411017647239285,2021-11-08,19,Traveler weight (travel hubs),Strategies (total),70%,T3-R,fig_3f,T3-R^0,17,1.0872
2021-11-27,ZA,198,Omicron BA.2,Community,1.0411017647239285,2021-11-08,19,Traveler weight (travel hubs),Strategies (total),70%,T7-R,fig_3f,T7-R^0,17,1.0872
2021-11-27,ZA,198,Omicron BA.2,Community,1.0411017647239285,2021-11-08,19,Traveler weight (travel hubs),Strategies (total),70%,T11-R,fig_3f,T11-R^0,17,1.0367
2021-11-27,ZA,198,Omicron BA.2,Community,1.0411017647239285,2021-11-08,19,Traveler weight (travel hubs),Strategies (total),90%,T3-R,fig_3f,T3-R^0,17,1.083
2021-11-27,ZA,198,Omicron BA.2,Community,1.0411017647239285,2021-11-08,19,Traveler weight (travel hubs),Strategies (total),90%,T7-R,fig_3f,T7-R^0,17,1.083
2021-11-27,ZA,198,Omicron BA.2,Community,1.0411017647239285,2021-11-08,19,Traveler weight (travel hubs),Strategies (total),90%,T11-R,fig_3f,T11-R^0,17,1.0329
2021-11-27,ZA,198,Omicron BA.2,Community,1.0411017647239285,2021-11-08,19,Traveler weight (travel hubs),Strategies (total),100%,T3-R,fig_3f,T3-R^0,17,1.081
2021-11-27,ZA,198,Omicron BA.2,Community,1.0411017647239285,2021-11-08,19,Traveler weight (travel hubs),Strategies (total),100%,T7-R,fig_3f,T7-R^0,17,1.081
2021-11-27,ZA,198,Omicron BA.2,Community,1.0411017647239285,2021-11-08,19,Traveler weight (travel hubs),Strategies (total),100%,T11-R,fig_3f,T11-R^0,17,1.0298
2021-12-03,US,198,Omicron BA.2,Imported,1,2021-11-08,25,Traveler weight (travel hubs),Strategies (total),100%,T11-M,fig_3f,T11-R^90,17,1
2021-11-22,US,199,Omicron BA.2,Imported,1,2021-11-08,14,Traveler weight (travel hubs),Strategies (total),50%,T11-R,fig_3f,T11-R^0,17,1.0547
2021-11-22,US,199,Omicron BA.2,Imported,1,2021-11-08,14,Traveler weight (travel hubs),Strategies (total),70%,T3-R,fig_3f,T3-R^0,17,1.0872
2021-11-22,US,199,Omicron BA.2,Imported,1,2021-11-08,14,Traveler weight (travel hubs),Strategies (total),70%,T7-R,fig_3f,T7-R^0,17,1.0872
2021-11-22,US,199,Omicron BA.2,Imported,1,2021-11-08,14,Traveler weight (travel hubs),Strategies (total),70%,T11-R,fig_3f,T11-R^0,17,1.0367
2021-11-22,US,199,Omicron BA.2,Imported,1,2021-11-08,14,Traveler weight (travel hubs),Strategies (total),90%,T3-R,fig_3f,T3-R^0,17,1.083
2021-11-22,US,199,Omicron BA.2,Imported,1,2021-11-08,14,Traveler weight (travel hubs),Strategies (total),90%,T7-R,fig_3f,T7-R^0,17,1.083
2021-11-22,US,199,Omicron BA.2,Imported,1,2021-11-08,14,Traveler weight (travel hubs),Strategies (total),90%,T11-R,fig_3f,T11-R^0,17,1.0329
2021-11-22,US,199,Omicron BA.2,Imported,1,2021-11-08,14,Traveler weight (travel hubs),Strategies (total),100%,T3-R,fig_3f,T3-R^0,17,1.081
2021-11-22,US,199,Omicron BA.2,Imported,1,2021-11-08,14,Traveler weight (travel hubs),Strategies (total),100%,T7-R,fig_3f,T7-R^0,17,1.081
2021-11-22,US,199,Omicron BA.2,Imported,1,2021-11-08,14,Traveler weight (travel hubs),Strategies (total),100%,T11-R,fig_3f,T11-R^0,17,1.0298
2021-11-22,US,199,Omicron BA.2,Imported,1,2021-11-08,14,Traveler weight (travel hubs),Strategies (total),100%,T11-M,fig_3f,T11-R^90,17,1
2021-12-02,GB,2,Omicron BA.2,Community,1.6430803824968137,2021-11-08,24,Traveler weight (travel hubs),Strategies (total),50%,T11-R,fig_3f,T11-R^0,17,1.0547
2021-12-03,GB,2,Omicron BA.2,Community,2.1802231388306756,2021-11-08,25,Traveler weight (travel hubs),Strategies (total),70%,T3-R,fig_3f,T3-R^0,17,1.0872
2021-12-03,GB,2,Omicron BA.2,Community,2.1802231388306756,2021-11-08,25,Traveler weight (travel hubs),Strategies (total),70%,T7-R,fig_3f,T7-R^0,17,1.0872
2021-12-03,GB,2,Omicron BA.2,Community,2.1802231388306756,2021-11-08,25,Traveler weight (travel hubs),Strategies (total),70%,T11-R,fig_3f,T11-R^0,17,1.0367
2021-12-03,ZA,2,Omicron BA.2,Community,1.1037746747372936,2021-11-08,25,Traveler weight (travel hubs),Strategies (total),90%,T3-R,fig_3f,T3-R^0,17,1.083
2021-12-03,ZA,2,Omicron BA.2,Community,1.1037746747372936,2021-11-08,25,Traveler weight (travel hubs),Strategies (total),90%,T7-R,fig_3f,T7-R^0,17,1.083
2021-12-03,ZA,2,Omicron BA.2,Community,1.1037746747372936,2021-11-08,25,Traveler weight (travel hubs),Strategies (total),90%,T11-R,fig_3f,T11-R^0,17,1.0329
2021-12-03,ZA,2,Omicron BA.2,Community,1.1037746747372936,2021-11-08,25,Traveler weight (travel hubs),Strategies (total),100%,T3-R,fig_3f,T3-R^0,17,1.081
2021-12-03,ZA,2,Omicron BA.2,Community,1.1037746747372936,2021-11-08,25,Traveler weight (travel hubs),Strategies (total),100%,T7-R,fig_3f,T7-R^0,17,1.081
2021-12-03,ZA,2,Omicron BA.2,Community,1.1037746747372936,2021-11-08,25,Traveler weight (travel hubs),Strategies (total),100%,T11-R,fig_3f,T11-R^0,17,1.0298
2021-12-04,US,2,Omicron BA.2,Imported,1.495709421387887,2021-11-08,26,Traveler weight (travel hubs),Strategies (total),100%,T11-M,fig_3f,T11-R^90,17,1
2021-11-28,ZA,20,Omicron BA.2,Community,1.069832470201796,2021-11-08,20,Traveler weight (travel hubs),Strategies (total),50%,T11-R,fig_3f,T11-R^0,17,1.0547
2021-11-28,ZA,20,Omicron BA.2,Community,1.069832470201796,2021-11-08,20,Traveler weight (travel hubs),Strategies (total),70%,T3-R,fig_3f,T3-R^0,17,1.0872
2021-11-28,ZA,20,Omicron BA.2,Community,1.069832470201796,2021-11-08,20,Traveler weight (travel hubs),Strategies (total),70%,T7-R,fig_3f,T7-R^0,17,1.0872
2021-11-18,IN,20,Omicron BA.2,Imported,1,2021-11-08,10,Traveler weight (travel hubs),Strategies (total),70%,T11-R,fig_3f,T11-R^0,17,1.0367
2021-11-28,ZA,20,Omicron BA.2,Community,1.069832470201796,2021-11-08,20,Traveler weight (travel hubs),Strategies (total),90%,T3-R,fig_3f,T3-R^0,17,1.083
2021-11-28,ZA,20,Omicron BA.2,Community,1.069832470201796,2021-11-08,20,Traveler weight (travel hubs),Strategies (total),90%,T7-R,fig_3f,T7-R^0,17,1.083
2021-11-18,IN,20,Omicron BA.2,Imported,1,2021-11-08,10,Traveler weight (travel hubs),Strategies (total),90%,T11-R,fig_3f,T11-R^0,17,1.0329
2021-11-28,ZA,20,Omicron BA.2,Community,1.069832470201796,2021-11-08,20,Traveler weight (travel hubs),Strategies (total),100%,T3-R,fig_3f,T3-R^0,17,1.081
2021-11-28,ZA,20,Omicron BA.2,Community,1.069832470201796,2021-11-08,20,Traveler weight (travel hubs),Strategies (total),100%,T7-R,fig_3f,T7-R^0,17,1.081
2021-11-18,IN,20,Omicron BA.2,Imported,1,2021-11-08,10,Traveler weight (travel hubs),Strategies (total),100%,T11-R,fig_3f,T11-R^0,17,1.0298
2021-11-18,IN,20,Omicron BA.2,Imported,1,2021-11-08,10,Traveler weight (travel hubs),Strategies (total),100%,T11-M,fig_3f,T11-R^90,17,1
2021-11-22,ZA,200,Omicron BA.2,Community,1.1368967850632965,2021-11-08,14,Traveler weight (travel hubs),Strategies (total),50%,T11-R,fig_3f,T11-R^0,17,1.0547
2021-11-22,ZA,200,Omicron BA.2,Community,1.1368967850632965,2021-11-08,14,Traveler weight (travel hubs),Strategies (total),70%,T3-R,fig_3f,T3-R^0,17,1.0872
2021-11-22,ZA,200,Omicron BA.2,Community,1.1368967850632965,2021-11-08,14,Traveler weight (travel hubs),Strategies (total),70%,T7-R,fig_3f,T7-R^0,17,1.0872
2021-11-22,ZA,200,Omicron BA.2,Community,1.1368967850632965,2021-11-08,14,Traveler weight (travel hubs),Strategies (total),70%,T11-R,fig_3f,T11-R^0,17,1.0367
2021-11-22,ZA,200,Omicron BA.2,Community,1.1368967850632965,2021-11-08,14,Traveler weight (travel hubs),Strategies (total),90%,T3-R,fig_3f,T3-R^0,17,1.083
2021-11-22,ZA,200,Omicron BA.2,Community,1.1368967850632965,2021-11-08,14,Traveler weight (travel hubs),Strategies (total),90%,T7-R,fig_3f,T7-R^0,17,1.083
2021-11-22,ZA,200,Omicron BA.2,Community,1.1368967850632965,2021-11-08,14,Traveler weight (travel hubs),Strategies (total),90%,T11-R,fig_3f,T11-R^0,17,1.0329
2021-11-22,ZA,200,Omicron BA.2,Community,1.1368967850632965,2021-11-08,14,Traveler weight (travel hubs),Strategies (total),100%,T3-R,fig_3f,T3-R^0,17,1.081
2021-11-22,ZA,200,Omicron BA.2,Community,1.1368967850632965,2021-11-08,14,Traveler weight (travel hubs),Strategies (total),100%,T7-R,fig_3f,T7-R^0,17,1.081
2021-11-22,ZA,200,Omicron BA.2,Community,1.1368967850632965,2021-11-08,14,Traveler weight (travel hubs),Strategies (total),100%,T11-R,fig_3f,T11-R^0,17,1.0298
2021-12-03,US,200,Omicron BA.2,Imported,1,2021-11-08,25,Traveler weight (travel hubs),Strategies (total),100%,T11-M,fig_3f,T11-R^90,17,1
2021-11-26,ZA,201,Omicron BA.2,Community,1.5371239281564049,2021-11-08,18,Traveler weight (travel hubs),Strategies (total),50%,T11-R,fig_3f,T11-R^0,17,1.0547
2021-11-26,ZA,201,Omicron BA.2,Community,1.5371239281564049,2021-11-08,18,Traveler weight (travel hubs),Strategies (total),70%,T3-R,fig_3f,T3-R^0,17,1.0872
2021-11-26,ZA,201,Omicron BA.2,Community,1.5371239281564049,2021-11-08,18,Traveler weight (travel hubs),Strategies (total),70%,T7-R,fig_3f,T7-R^0,17,1.0872
2021-11-26,ZA,201,Omicron BA.2,Community,1.5371239281564049,2021-11-08,18,Traveler weight (travel hubs),Strategies (total),70%,T11-R,fig_3f,T11-R^0,17,1.0367
2021-11-26,ZA,201,Omicron BA.2,Community,1.5371239281564049,2021-11-08,18,Traveler weight (travel hubs),Strategies (total),90%,T3-R,fig_3f,T3-R^0,17,1.083
2021-11-26,ZA,201,Omicron BA.2,Community,1.5371239281564049,2021-11-08,18,Traveler weight (travel hubs),Strategies (total),90%,T7-R,fig_3f,T7-R^0,17,1.083
2021-11-26,ZA,201,Omicron BA.2,Community,1.5371239281564049,2021-11-08,18,Traveler weight (travel hubs),Strategies (total),90%,T11-R,fig_3f,T11-R^0,17,1.0329
2021-11-26,ZA,201,Omicron BA.2,Community,1.5371239281564049,2021-11-08,18,Traveler weight (travel hubs),Strategies (total),100%,T3-R,fig_3f,T3-R^0,17,1.081
2021-11-26,ZA,201,Omicron BA.2,Community,1.5371239281564049,2021-11-08,18,Traveler weight (travel hubs),Strategies (total),100%,T7-R,fig_3f,T7-R^0,17,1.081
2021-11-26,ZA,201,Omicron BA.2,Community,1.5371239281564049,2021-11-08,18,Traveler weight (travel hubs),Strategies (total),100%,T11-R,fig_3f,T11-R^0,17,1.0298
2021-12-04,IN,201,Omicron BA.2,Imported,1,2021-11-08,26,Traveler weight (travel hubs),Strategies (total),100%,T11-M,fig_3f,T11-R^90,17,1
2021-11-21,US,202,Omicron BA.2,Imported,1,2021-11-08,13,Traveler weight (travel hubs),Strategies (total),50%,T11-R,fig_3f,T11-R^0,17,1.0547
2021-11-21,US,202,Omicron BA.2,Imported,1,2021-11-08,13,Traveler weight (travel hubs),Strategies (total),70%,T3-R,fig_3f,T3-R^0,17,1.0872
2021-11-21,US,202,Omicron BA.2,Imported,1,2021-11-08,13,Traveler weight (travel hubs),Strategies (total),70%,T7-R,fig_3f,T7-R^0,17,1.0872
2021-11-21,US,202,Omicron BA.2,Imported,1,2021-11-08,13,Traveler weight (travel hubs),Strategies (total),70%,T11-R,fig_3f,T11-R^0,17,1.0367
2021-11-21,US,202,Omicron BA.2,Imported,1,2021-11-08,13,Traveler weight (travel hubs),Strategies (total),90%,T3-R,fig_3f,T3-R^0,17,1.083
2021-11-21,US,202,Omicron BA.2,Imported,1,2021-11-08,13,Traveler weight (travel hubs),Strategies (total),90%,T7-R,fig_3f,T7-R^0,17,1.083
2021-11-21,US,202,Omicron BA.2,Imported,1,2021-11-08,13,Traveler weight (travel hubs),Strategies (total),90%,T11-R,fig_3f,T11-R^0,17,1.0329
2021-11-21,US,202,Omicron BA.2,Imported,1,2021-11-08,13,Traveler weight (travel hubs),Strategies (total),100%,T3-R,fig_3f,T3-R^0,17,1.081
2021-11-21,US,202,Omicron BA.2,Imported,1,2021-11-08,13,Traveler weight (travel hubs),Strategies (total),100%,T7-R,fig_3f,T7-R^0,17,1.081
2021-11-21,US,202,Omicron BA.2,Imported,1,2021-11-08,13,Traveler weight (travel hubs),Strategies (total),100%,T11-R,fig_3f,T11-R^0,17,1.0298
2021-11-21,US,202,Omicron BA.2,Imported,1,2021-11-08,13,Traveler weight (travel hubs),Strategies (total),100%,T11-M,fig_3f,T11-R^90,17,1
2021-11-23,IN,203,Omicron BA.2,Imported,1,2021-11-08,15,Traveler weight (travel hubs),Strategies (total),50%,T11-R,fig_3f,T11-R^0,17,1.0547
2021-11-28,ZA,203,Omicron BA.2,Community,1.092896614243372,2021-11-08,20,Traveler weight (travel hubs),Strategies (total),70%,T3-R,fig_3f,T3-R^0,17,1.0872
2021-11-28,ZA,203,Omicron BA.2,Community,1.092896614243372,2021-11-08,20,Traveler weight (travel hubs),Strategies (total),70%,T7-R,fig_3f,T7-R^0,17,1.0872
2021-11-23,IN,203,Omicron BA.2,Imported,1,2021-11-08,15,Traveler weight (travel hubs),Strategies (total),70%,T11-R,fig_3f,T11-R^0,17,1.0367
2021-11-28,ZA,203,Omicron BA.2,Community,1.092896614243372,2021-11-08,20,Traveler weight (travel hubs),Strategies (total),90%,T3-R,fig_3f,T3-R^0,17,1.083
2021-11-28,ZA,203,Omicron BA.2,Community,1.092896614243372,2021-11-08,20,Traveler weight (travel hubs),Strategies (total),90%,T7-R,fig_3f,T7-R^0,17,1.083
2021-11-23,IN,203,Omicron BA.2,Imported,1,2021-11-08,15,Traveler weight (travel hubs),Strategies (total),90%,T11-R,fig_3f,T11-R^0,17,1.0329
2021-11-28,ZA,203,Omicron BA.2,Community,1.092896614243372,2021-11-08,20,Traveler weight (travel hubs),Strategies (total),100%,T3-R,fig_3f,T3-R^0,17,1.081
2021-11-28,ZA,203,Omicron BA.2,Community,1.092896614243372,2021-11-08,20,Traveler weight (travel hubs),Strategies (total),100%,T7-R,fig_3f,T7-R^0,17,1.081
2021-11-23,IN,203,Omicron BA.2,Imported,1,2021-11-08,15,Traveler weight (travel hubs),Strategies (total),100%,T11-R,fig_3f,T11-R^0,17,1.0298
2021-11-17,TR,203,Omicron BA.2,Imported,1,2021-11-08,9,Traveler weight (travel hubs),Strategies (total),100%,T11-M,fig_3f,T11-R^90,17,1
2021-11-28,ZA,204,Omicron BA.2,Community,1.032872537514053,2021-11-08,20,Traveler weight (travel hubs),Strategies (total),50%,T11-R,fig_3f,T11-R^0,17,1.0547
2021-11-28,ZA,204,Omicron BA.2,Community,1.032872537514053,2021-11-08,20,Traveler weight (travel hubs),Strategies (total),70%,T3-R,fig_3f,T3-R^0,17,1.0872
2021-11-28,ZA,204,Omicron BA.2,Community,1.032872537514053,2021-11-08,20,Traveler weight (travel hubs),Strategies (total),70%,T7-R,fig_3f,T7-R^0,17,1.0872
2021-11-28,ZA,204,Omicron BA.2,Community,1.032872537514053,2021-11-08,20,Traveler weight (travel hubs),Strategies (total),70%,T11-R,fig_3f,T11-R^0,17,1.0367
2021-11-28,ZA,204,Omicron BA.2,Community,1.032872537514053,2021-11-08,20,Traveler weight (travel hubs),Strategies (total),90%,T3-R,fig_3f,T3-R^0,17,1.083
2021-11-28,ZA,204,Omicron BA.2,Community,1.032872537514053,2021-11-08,20,Traveler weight (travel hubs),Strategies (total),90%,T7-R,fig_3f,T7-R^0,17,1.083
2021-11-28,ZA,204,Omicron BA.2,Community,1.032872537514053,2021-11-08,20,Traveler weight (travel hubs),Strategies (total),90%,T11-R,fig_3f,T11-R^0,17,1.0329
2021-11-28,ZA,204,Omicron BA.2,Community,1.032872537514053,2021-11-08,20,Traveler weight (travel hubs),Strategies (total),100%,T3-R,fig_3f,T3-R^0,17,1.081
2021-11-28,ZA,204,Omicron BA.2,Community,1.032872537514053,2021-11-08,20,Traveler weight (travel hubs),Strategies (total),100%,T7-R,fig_3f,T7-R^0,17,1.081
2021-11-28,ZA,204,Omicron BA.2,Community,1.032872537514053,2021-11-08,20,Traveler weight (travel hubs),Strategies (total),100%,T11-R,fig_3f,T11-R^0,17,1.0298
2021-11-18,AE,204,Omicron BA.2,Imported,1,2021-11-08,10,Traveler weight (travel hubs),Strategies (total),100%,T11-M,fig_3f,T11-R^90,17,1
2021-11-25,ZA,205,Omicron BA.2,Community,1.5832793592093126,2021-11-08,17,Traveler weight (travel hubs),Strategies (total),50%,T11-R,fig_3f,T11-R^0,17,1.0547
2021-11-23,US,205,Omicron BA.2,Imported,1.0671418681487326,2021-11-08,15,Traveler weight (travel hubs),Strategies (total),70%,T3-R,fig_3f,T3-R^0,17,1.0872
2021-11-23,US,205,Omicron BA.2,Imported,1.0671418681487326,2021-11-08,15,Traveler weight (travel hubs),Strategies (total),70%,T7-R,fig_3f,T7-R^0,17,1.0872
2021-11-23,US,205,Omicron BA.2,Imported,1.0671418681487326,2021-11-08,15,Traveler weight (travel hubs),Strategies (total),70%,T11-R,fig_3f,T11-R^0,17,1.0367
2021-11-23,US,205,Omicron BA.2,Imported,1.372039544762656,2021-11-08,15,Traveler weight (travel hubs),Strategies (total),90%,T3-R,fig_3f,T3-R^0,17,1.083
2021-11-23,US,205,Omicron BA.2,Imported,1.372039544762656,2021-11-08,15,Traveler weight (travel hubs),Strategies (total),90%,T7-R,fig_3f,T7-R^0,17,1.083
2021-11-23,US,205,Omicron BA.2,Imported,1.372039544762656,2021-11-08,15,Traveler weight (travel hubs),Strategies (total),90%,T11-R,fig_3f,T11-R^0,17,1.0329
2021-11-23,US,205,Omicron BA.2,Imported,1.5244883830696174,2021-11-08,15,Traveler weight (travel hubs),Strategies (total),100%,T3-R,fig_3f,T3-R^0,17,1.081
2021-11-23,US,205,Omicron BA.2,Imported,1.5244883830696174,2021-11-08,15,Traveler weight (travel hubs),Strategies (total),100%,T7-R,fig_3f,T7-R^0,17,1.081
2021-11-23,US,205,Omicron BA.2,Imported,1.5244883830696174,2021-11-08,15,Traveler weight (travel hubs),Strategies (total),100%,T11-R,fig_3f,T11-R^0,17,1.0298
2021-11-23,US,205,Omicron BA.2,Imported,1.664176513024447,2021-11-08,15,Traveler weight (travel hubs),Strategies (total),100%,T11-M,fig_3f,T11-R^90,17,1
2021-11-25,ZA,206,Omicron BA.2,Community,1.0300889428060964,2021-11-08,17,Traveler weight (travel hubs),Strategies (total),50%,T11-R,fig_3f,T11-R^0,17,1.0547
2021-11-25,ZA,206,Omicron BA.2,Community,1.0300889428060964,2021-11-08,17,Traveler weight (travel hubs),Strategies (total),70%,T3-R,fig_3f,T3-R^0,17,1.0872
2021-11-25,ZA,206,Omicron BA.2,Community,1.0300889428060964,2021-11-08,17,Traveler weight (travel hubs),Strategies (total),70%,T7-R,fig_3f,T7-R^0,17,1.0872
2021-11-25,ZA,206,Omicron BA.2,Community,1.0300889428060964,2021-11-08,17,Traveler weight (travel hubs),Strategies (total),70%,T11-R,fig_3f,T11-R^0,17,1.0367
2021-11-25,ZA,206,Omicron BA.2,Community,1.0300889428060964,2021-11-08,17,Traveler weight (travel hubs),Strategies (total),90%,T3-R,fig_3f,T3-R^0,17,1.083
2021-11-25,ZA,206,Omicron BA.2,Community,1.0300889428060964,2021-11-08,17,Traveler weight (travel hubs),Strategies (total),90%,T7-R,fig_3f,T7-R^0,17,1.083
2021-11-25,ZA,206,Omicron BA.2,Community,1.0300889428060964,2021-11-08,17,Traveler weight (travel hubs),Strategies (total),90%,T11-R,fig_3f,T11-R^0,17,1.0329
2021-11-25,ZA,206,Omicron BA.2,Community,1.0300889428060964,2021-11-08,17,Traveler weight (travel hubs),Strategies (total),100%,T3-R,fig_3f,T3-R^0,17,1.081
2021-11-25,ZA,206,Omicron BA.2,Community,1.0300889428060964,2021-11-08,17,Traveler weight (travel hubs),Strategies (total),100%,T7-R,fig_3f,T7-R^0,17,1.081
2021-11-25,ZA,206,Omicron BA.2,Community,1.0300889428060964,2021-11-08,17,Traveler weight (travel hubs),Strategies (total),100%,T11-R,fig_3f,T11-R^0,17,1.0298
2021-11-23,AE,206,Omicron BA.2,Imported,1,2021-11-08,15,Traveler weight (travel hubs),Strategies (total),100%,T11-M,fig_3f,T11-R^90,17,1
2021-11-29,ZA,207,Omicron BA.2,Community,1.1832237232181937,2021-11-08,21,Traveler weight (travel hubs),Strategies (total),50%,T11-R,fig_3f,T11-R^0,17,1.0547
2021-11-29,ZA,207,Omicron BA.2,Community,1.1832237232181937,2021-11-08,21,Traveler weight (travel hubs),Strategies (total),70%,T3-R,fig_3f,T3-R^0,17,1.0872
2021-11-29,ZA,207,Omicron BA.2,Community,1.1832237232181937,2021-11-08,21,Traveler weight (travel hubs),Strategies (total),70%,T7-R,fig_3f,T7-R^0,17,1.0872
2021-11-29,ZA,207,Omicron BA.2,Community,1.1832237232181937,2021-11-08,21,Traveler weight (travel hubs),Strategies (total),70%,T11-R,fig_3f,T11-R^0,17,1.0367
2021-11-29,ZA,207,Omicron BA.2,Community,1.1832237232181937,2021-11-08,21,Traveler weight (travel hubs),Strategies (total),90%,T3-R,fig_3f,T3-R^0,17,1.083
2021-11-29,ZA,207,Omicron BA.2,Community,1.1832237232181937,2021-11-08,21,Traveler weight (travel hubs),Strategies (total),90%,T7-R,fig_3f,T7-R^0,17,1.083
2021-11-29,ZA,207,Omicron BA.2,Community,1.1832237232181937,2021-11-08,21,Traveler weight (travel hubs),Strategies (total),90%,T11-R,fig_3f,T11-R^0,17,1.0329
2021-11-29,ZA,207,Omicron BA.2,Community,1.1832237232181937,2021-11-08,21,Traveler weight (travel hubs),Strategies (total),100%,T3-R,fig_3f,T3-R^0,17,1.081
2021-11-29,ZA,207,Omicron BA.2,Community,1.1832237232181937,2021-11-08,21,Traveler weight (travel hubs),Strategies (total),100%,T7-R,fig_3f,T7-R^0,17,1.081
2021-11-29,ZA,207,Omicron BA.2,Community,1.1832237232181937,2021-11-08,21,Traveler weight (travel hubs),Strategies (total),100%,T11-R,fig_3f,T11-R^0,17,1.0298
2021-11-28,TR,207,Omicron BA.2,Imported,1.0916638094215398,2021-11-08,20,Traveler weight (travel hubs),Strategies (total),100%,T11-M,fig_3f,T11-R^90,17,1
2021-11-26,ZA,208,Omicron BA.2,Community,1.0765339852851716,2021-11-08,18,Traveler weight (travel hubs),Strategies (total),50%,T11-R,fig_3f,T11-R^0,17,1.0547
2021-11-26,ZA,208,Omicron BA.2,Community,1.0765339852851716,2021-11-08,18,Traveler weight (travel hubs),Strategies (total),70%,T3-R,fig_3f,T3-R^0,17,1.0872
2021-11-26,ZA,208,Omicron BA.2,Community,1.0765339852851716,2021-11-08,18,Traveler weight (travel hubs),Strategies (total),70%,T7-R,fig_3f,T7-R^0,17,1.0872
2021-11-26,ZA,208,Omicron BA.2,Community,1.0765339852851716,2021-11-08,18,Traveler weight (travel hubs),Strategies (total),70%,T11-R,fig_3f,T11-R^0,17,1.0367
2021-11-26,ZA,208,Omicron BA.2,Community,1.0765339852851716,2021-11-08,18,Traveler weight (travel hubs),Strategies (total),90%,T3-R,fig_3f,T3-R^0,17,1.083
2021-11-26,ZA,208,Omicron BA.2,Community,1.0765339852851716,2021-11-08,18,Traveler weight (travel hubs),Strategies (total),90%,T7-R,fig_3f,T7-R^0,17,1.083
2021-11-26,ZA,208,Omicron BA.2,Community,1.0765339852851716,2021-11-08,18,Traveler weight (travel hubs),Strategies (total),90%,T11-R,fig_3f,T11-R^0,17,1.0329
2021-11-26,ZA,208,Omicron BA.2,Community,1.0765339852851716,2021-11-08,18,Traveler weight (travel hubs),Strategies (total),100%,T3-R,fig_3f,T3-R^0,17,1.081
2021-11-26,ZA,208,Omicron BA.2,Community,1.0765339852851716,2021-11-08,18,Traveler weight (travel hubs),Strategies (total),100%,T7-R,fig_3f,T7-R^0,17,1.081
2021-11-26,ZA,208,Omicron BA.2,Community,1.0765339852851716,2021-11-08,18,Traveler weight (travel hubs),Strategies (total),100%,T11-R,fig_3f,T11-R^0,17,1.0298
2021-12-03,GB,208,Omicron BA.2,Imported,1.019011518525156,2021-11-08,25,Traveler weight (travel hubs),Strategies (total),100%,T11-M,fig_3f,T11-R^90,17,1
2021-11-27,ZA,209,Omicron BA.2,Community,1.5016629828574393,2021-11-08,19,Traveler weight (travel hubs),Strategies (total),50%,T11-R,fig_3f,T11-R^0,17,1.0547
2021-11-27,ZA,209,Omicron BA.2,Community,1.5016629828574393,2021-11-08,19,Traveler weight (travel hubs),Strategies (total),70%,T3-R,fig_3f,T3-R^0,17,1.0872
2021-11-27,ZA,209,Omicron BA.2,Community,1.5016629828574393,2021-11-08,19,Traveler weight (travel hubs),Strategies (total),70%,T7-R,fig_3f,T7-R^0,17,1.0872
2021-11-27,ZA,209,Omicron BA.2,Community,1.5016629828574393,2021-11-08,19,Traveler weight (travel hubs),Strategies (total),70%,T11-R,fig_3f,T11-R^0,17,1.0367
2021-11-27,ZA,209,Omicron BA.2,Community,1.5016629828574393,2021-11-08,19,Traveler weight (travel hubs),Strategies (total),90%,T3-R,fig_3f,T3-R^0,17,1.083
2021-11-27,ZA,209,Omicron BA.2,Community,1.5016629828574393,2021-11-08,19,Traveler weight (travel hubs),Strategies (total),90%,T7-R,fig_3f,T7-R^0,17,1.083
2021-11-27,ZA,209,Omicron BA.2,Community,1.5016629828574393,2021-11-08,19,Traveler weight (travel hubs),Strategies (total),90%,T11-R,fig_3f,T11-R^0,17,1.0329
2021-11-27,ZA,209,Omicron BA.2,Community,1.5016629828574393,2021-11-08,19,Traveler weight (travel hubs),Strategies (total),100%,T3-R,fig_3f,T3-R^0,17,1.081
2021-11-27,ZA,209,Omicron BA.2,Community,1.5016629828574393,2021-11-08,19,Traveler weight (travel hubs),Strategies (total),100%,T7-R,fig_3f,T7-R^0,17,1.081
2021-11-27,ZA,209,Omicron BA.2,Community,1.5016629828574393,2021-11-08,19,Traveler weight (travel hubs),Strategies (total),100%,T11-R,fig_3f,T11-R^0,17,1.0298
2021-11-23,TR,209,Omicron BA.2,Imported,1,2021-11-08,15,Traveler weight (travel hubs),Strategies (total),100%,T11-M,fig_3f,T11-R^90,17,1
2021-11-14,IN,21,Omicron BA.2,Imported,1,2021-11-08,6,Traveler weight (travel hubs),Strategies (total),50%,T11-R,fig_3f,T11-R^0,17,1.0547
2021-11-28,ZA,21,Omicron BA.2,Community,1.2461800560103675,2021-11-08,20,Traveler weight (travel hubs),Strategies (total),70%,T3-R,fig_3f,T3-R^0,17,1.0872
2021-11-28,ZA,21,Omicron BA.2,Community,1.2461800560103675,2021-11-08,20,Traveler weight (travel hubs),Strategies (total),70%,T7-R,fig_3f,T7-R^0,17,1.0872
2021-11-14,IN,21,Omicron BA.2,Imported,1,2021-11-08,6,Traveler weight (travel hubs),Strategies (total),70%,T11-R,fig_3f,T11-R^0,17,1.0367
2021-11-28,ZA,21,Omicron BA.2,Community,1.2461800560103675,2021-11-08,20,Traveler weight (travel hubs),Strategies (total),90%,T3-R,fig_3f,T3-R^0,17,1.083
2021-11-28,ZA,21,Omicron BA.2,Community,1.2461800560103675,2021-11-08,20,Traveler weight (travel hubs),Strategies (total),90%,T7-R,fig_3f,T7-R^0,17,1.083
2021-11-14,IN,21,Omicron BA.2,Imported,1,2021-11-08,6,Traveler weight (travel hubs),Strategies (total),90%,T11-R,fig_3f,T11-R^0,17,1.0329
2021-11-28,ZA,21,Omicron BA.2,Community,1.2461800560103675,2021-11-08,20,Traveler weight (travel hubs),Strategies (total),100%,T3-R,fig_3f,T3-R^0,17,1.081
2021-11-28,ZA,21,Omicron BA.2,Community,1.2461800560103675,2021-11-08,20,Traveler weight (travel hubs),Strategies (total),100%,T7-R,fig_3f,T7-R^0,17,1.081
2021-11-14,IN,21,Omicron BA.2,Imported,1,2021-11-08,6,Traveler weight (travel hubs),Strategies (total),100%,T11-R,fig_3f,T11-R^0,17,1.0298
2021-11-14,IN,21,Omicron BA.2,Imported,1,2021-11-08,6,Traveler weight (travel hubs),Strategies (total),100%,T11-M,fig_3f,T11-R^90,17,1
2021-11-29,ZA,210,Omicron BA.2,Community,1.001998578173445,2021-11-08,21,Traveler weight (travel hubs),Strategies (total),50%,T11-R,fig_3f,T11-R^0,17,1.0547
2021-11-28,US,210,Omicron BA.2,Imported,1,2021-11-08,20,Traveler weight (travel hubs),Strategies (total),70%,T3-R,fig_3f,T3-R^0,17,1.0872
2021-11-28,US,210,Omicron BA.2,Imported,1,2021-11-08,20,Traveler weight (travel hubs),Strategies (total),70%,T7-R,fig_3f,T7-R^0,17,1.0872
2021-11-28,US,210,Omicron BA.2,Imported,1,2021-11-08,20,Traveler weight (travel hubs),Strategies (total),70%,T11-R,fig_3f,T11-R^0,17,1.0367
2021-11-28,US,210,Omicron BA.2,Imported,1,2021-11-08,20,Traveler weight (travel hubs),Strategies (total),90%,T3-R,fig_3f,T3-R^0,17,1.083
2021-11-28,US,210,Omicron BA.2,Imported,1,2021-11-08,20,Traveler weight (travel hubs),Strategies (total),90%,T7-R,fig_3f,T7-R^0,17,1.083
2021-11-28,US,210,Omicron BA.2,Imported,1,2021-11-08,20,Traveler weight (travel hubs),Strategies (total),90%,T11-R,fig_3f,T11-R^0,17,1.0329
2021-11-28,US,210,Omicron BA.2,Imported,1,2021-11-08,20,Traveler weight (travel hubs),Strategies (total),100%,T3-R,fig_3f,T3-R^0,17,1.081
2021-11-28,US,210,Omicron BA.2,Imported,1,2021-11-08,20,Traveler weight (travel hubs),Strategies (total),100%,T7-R,fig_3f,T7-R^0,17,1.081
2021-11-28,US,210,Omicron BA.2,Imported,1,2021-11-08,20,Traveler weight (travel hubs),Strategies (total),100%,T11-R,fig_3f,T11-R^0,17,1.0298
2021-11-28,US,210,Omicron BA.2,Imported,1,2021-11-08,20,Traveler weight (travel hubs),Strategies (total),100%,T11-M,fig_3f,T11-R^90,17,1
2021-11-25,ZA,211,Omicron BA.2,Community,1.1543230127093678,2021-11-08,17,Traveler weight (travel hubs),Strategies (total),50%,T11-R,fig_3f,T11-R^0,17,1.0547
2021-11-25,ZA,211,Omicron BA.2,Community,1.1543230127093678,2021-11-08,17,Traveler weight (travel hubs),Strategies (total),70%,T3-R,fig_3f,T3-R^0,17,1.0872
2021-11-25,ZA,211,Omicron BA.2,Community,1.1543230127093678,2021-11-08,17,Traveler weight (travel hubs),Strategies (total),70%,T7-R,fig_3f,T7-R^0,17,1.0872
2021-11-25,ZA,211,Omicron BA.2,Community,1.1543230127093678,2021-11-08,17,Traveler weight (travel hubs),Strategies (total),70%,T11-R,fig_3f,T11-R^0,17,1.0367
2021-11-25,ZA,211,Omicron BA.2,Community,1.1543230127093678,2021-11-08,17,Traveler weight (travel hubs),Strategies (total),90%,T3-R,fig_3f,T3-R^0,17,1.083
2021-11-25,ZA,211,Omicron BA.2,Community,1.1543230127093678,2021-11-08,17,Traveler weight (travel hubs),Strategies (total),90%,T7-R,fig_3f,T7-R^0,17,1.083
2021-11-25,ZA,211,Omicron BA.2,Community,1.1543230127093678,2021-11-08,17,Traveler weight (travel hubs),Strategies (total),90%,T11-R,fig_3f,T11-R^0,17,1.0329
2021-11-25,ZA,211,Omicron BA.2,Community,1.1543230127093678,2021-11-08,17,Traveler weight (travel hubs),Strategies (total),100%,T3-R,fig_3f,T3-R^0,17,1.081
2021-11-25,ZA,211,Omicron BA.2,Community,1.1543230127093678,2021-11-08,17,Traveler weight (travel hubs),Strategies (total),100%,T7-R,fig_3f,T7-R^0,17,1.081
2021-11-25,ZA,211,Omicron BA.2,Community,1.1543230127093678,2021-11-08,17,Traveler weight (travel hubs),Strategies (total),100%,T11-R,fig_3f,T11-R^0,17,1.0298
2021-11-26,IN,211,Omicron BA.2,Imported,1,2021-11-08,18,Traveler weight (travel hubs),Strategies (total),100%,T11-M,fig_3f,T11-R^90,17,1
2021-11-16,US,212,Omicron BA.2,Imported,1,2021-11-08,8,Traveler weight (travel hubs),Strategies (total),50%,T11-R,fig_3f,T11-R^0,17,1.0547
2021-11-16,US,212,Omicron BA.2,Imported,1,2021-11-08,8,Traveler weight (travel hubs),Strategies (total),70%,T3-R,fig_3f,T3-R^0,17,1.0872
2021-11-16,US,212,Omicron BA.2,Imported,1,2021-11-08,8,Traveler weight (travel hubs),Strategies (total),70%,T7-R,fig_3f,T7-R^0,17,1.0872
2021-11-16,US,212,Omicron BA.2,Imported,1,2021-11-08,8,Traveler weight (travel hubs),Strategies (total),70%,T11-R,fig_3f,T11-R^0,17,1.0367
2021-11-16,US,212,Omicron BA.2,Imported,1,2021-11-08,8,Traveler weight (travel hubs),Strategies (total),90%,T3-R,fig_3f,T3-R^0,17,1.083
2021-11-16,US,212,Omicron BA.2,Imported,1,2021-11-08,8,Traveler weight (travel hubs),Strategies (total),90%,T7-R,fig_3f,T7-R^0,17,1.083
2021-11-16,US,212,Omicron BA.2,Imported,1,2021-11-08,8,Traveler weight (travel hubs),Strategies (total),90%,T11-R,fig_3f,T11-R^0,17,1.0329
2021-11-16,US,212,Omicron BA.2,Imported,1,2021-11-08,8,Traveler weight (travel hubs),Strategies (total),100%,T3-R,fig_3f,T3-R^0,17,1.081
2021-11-16,US,212,Omicron BA.2,Imported,1,2021-11-08,8,Traveler weight (travel hubs),Strategies (total),100%,T7-R,fig_3f,T7-R^0,17,1.081
2021-11-16,US,212,Omicron BA.2,Imported,1,2021-11-08,8,Traveler weight (travel hubs),Strategies (total),100%,T11-R,fig_3f,T11-R^0,17,1.0298
2021-11-16,US,212,Omicron BA.2,Imported,1,2021-11-08,8,Traveler weight (travel hubs),Strategies (total),100%,T11-M,fig_3f,T11-R^90,17,1
2021-11-18,US,213,Omicron BA.2,Imported,1,2021-11-08,10,Traveler weight (travel hubs),Strategies (total),50%,T11-R,fig_3f,T11-R^0,17,1.0547
2021-11-18,US,213,Omicron BA.2,Imported,1,2021-11-08,10,Traveler weight (travel hubs),Strategies (total),70%,T3-R,fig_3f,T3-R^0,17,1.0872
2021-11-18,US,213,Omicron BA.2,Imported,1,2021-11-08,10,Traveler weight (travel hubs),Strategies (total),70%,T7-R,fig_3f,T7-R^0,17,1.0872
2021-11-18,US,213,Omicron BA.2,Imported,1,2021-11-08,10,Traveler weight (travel hubs),Strategies (total),70%,T11-R,fig_3f,T11-R^0,17,1.0367
2021-11-18,US,213,Omicron BA.2,Imported,1,2021-11-08,10,Traveler weight (travel hubs),Strategies (total),90%,T3-R,fig_3f,T3-R^0,17,1.083
2021-11-18,US,213,Omicron BA.2,Imported,1,2021-11-08,10,Traveler weight (travel hubs),Strategies (total),90%,T7-R,fig_3f,T7-R^0,17,1.083
2021-11-18,US,213,Omicron BA.2,Imported,1,2021-11-08,10,Traveler weight (travel hubs),Strategies (total),90%,T11-R,fig_3f,T11-R^0,17,1.0329
2021-11-18,US,213,Omicron BA.2,Imported,1,2021-11-08,10,Traveler weight (travel hubs),Strategies (total),100%,T3-R,fig_3f,T3-R^0,17,1.081
2021-11-18,US,213,Omicron BA.2,Imported,1,2021-11-08,10,Traveler weight (travel hubs),Strategies (total),100%,T7-R,fig_3f,T7-R^0,17,1.081
2021-11-18,US,213,Omicron BA.2,Imported,1,2021-11-08,10,Traveler weight (travel hubs),Strategies (total),100%,T11-R,fig_3f,T11-R^0,17,1.0298
2021-11-18,US,213,Omicron BA.2,Imported,1,2021-11-08,10,Traveler weight (travel hubs),Strategies (total),100%,T11-M,fig_3f,T11-R^90,17,1
2021-11-16,US,214,Omicron BA.2,Imported,1,2021-11-08,8,Traveler weight (travel hubs),Strategies (total),50%,T11-R,fig_3f,T11-R^0,17,1.0547
2021-11-16,US,214,Omicron BA.2,Imported,1,2021-11-08,8,Traveler weight (travel hubs),Strategies (total),70%,T3-R,fig_3f,T3-R^0,17,1.0872
2021-11-16,US,214,Omicron BA.2,Imported,1,2021-11-08,8,Traveler weight (travel hubs),Strategies (total),70%,T7-R,fig_3f,T7-R^0,17,1.0872
2021-11-16,US,214,Omicron BA.2,Imported,1,2021-11-08,8,Traveler weight (travel hubs),Strategies (total),70%,T11-R,fig_3f,T11-R^0,17,1.0367
2021-11-16,US,214,Omicron BA.2,Imported,1,2021-11-08,8,Traveler weight (travel hubs),Strategies (total),90%,T3-R,fig_3f,T3-R^0,17,1.083
2021-11-16,US,214,Omicron BA.2,Imported,1,2021-11-08,8,Traveler weight (travel hubs),Strategies (total),90%,T7-R,fig_3f,T7-R^0,17,1.083
2021-11-16,US,214,Omicron BA.2,Imported,1,2021-11-08,8,Traveler weight (travel hubs),Strategies (total),90%,T11-R,fig_3f,T11-R^0,17,1.0329
2021-11-16,US,214,Omicron BA.2,Imported,1,2021-11-08,8,Traveler weight (travel hubs),Strategies (total),100%,T3-R,fig_3f,T3-R^0,17,1.081
2021-11-16,US,214,Omicron BA.2,Imported,1,2021-11-08,8,Traveler weight (travel hubs),Strategies (total),100%,T7-R,fig_3f,T7-R^0,17,1.081
2021-11-16,US,214,Omicron BA.2,Imported,1,2021-11-08,8,Traveler weight (travel hubs),Strategies (total),100%,T11-R,fig_3f,T11-R^0,17,1.0298
2021-11-16,US,214,Omicron BA.2,Imported,1,2021-11-08,8,Traveler weight (travel hubs),Strategies (total),100%,T11-M,fig_3f,T11-R^90,17,1
2021-11-23,ZA,215,Omicron BA.2,Community,1.3006973466053693,2021-11-08,15,Traveler weight (travel hubs),Strategies (total),50%,T11-R,fig_3f,T11-R^0,17,1.0547
2021-11-22,US,215,Omicron BA.2,Imported,1,2021-11-08,14,Traveler weight (travel hubs),Strategies (total),70%,T3-R,fig_3f,T3-R^0,17,1.0872
2021-11-22,US,215,Omicron BA.2,Imported,1,2021-11-08,14,Traveler weight (travel hubs),Strategies (total),70%,T7-R,fig_3f,T7-R^0,17,1.0872
2021-11-22,US,215,Omicron BA.2,Imported,1,2021-11-08,14,Traveler weight (travel hubs),Strategies (total),70%,T11-R,fig_3f,T11-R^0,17,1.0367
2021-11-22,US,215,Omicron BA.2,Imported,1,2021-11-08,14,Traveler weight (travel hubs),Strategies (total),90%,T3-R,fig_3f,T3-R^0,17,1.083
2021-11-22,US,215,Omicron BA.2,Imported,1,2021-11-08,14,Traveler weight (travel hubs),Strategies (total),90%,T7-R,fig_3f,T7-R^0,17,1.083
2021-11-22,US,215,Omicron BA.2,Imported,1,2021-11-08,14,Traveler weight (travel hubs),Strategies (total),90%,T11-R,fig_3f,T11-R^0,17,1.0329
2021-11-22,US,215,Omicron BA.2,Imported,1,2021-11-08,14,Traveler weight (travel hubs),Strategies (total),100%,T3-R,fig_3f,T3-R^0,17,1.081
2021-11-22,US,215,Omicron BA.2,Imported,1,2021-11-08,14,Traveler weight (travel hubs),Strategies (total),100%,T7-R,fig_3f,T7-R^0,17,1.081
2021-11-22,US,215,Omicron BA.2,Imported,1,2021-11-08,14,Traveler weight (travel hubs),Strategies (total),100%,T11-R,fig_3f,T11-R^0,17,1.0298
2021-11-22,US,215,Omicron BA.2,Imported,1,2021-11-08,14,Traveler weight (travel hubs),Strategies (total),100%,T11-M,fig_3f,T11-R^90,17,1
2021-11-27,ZA,216,Omicron BA.2,Community,1.0072285972592263,2021-11-08,19,Traveler weight (travel hubs),Strategies (total),50%,T11-R,fig_3f,T11-R^0,17,1.0547
2021-11-25,US,216,Omicron BA.2,Imported,1,2021-11-08,17,Traveler weight (travel hubs),Strategies (total),70%,T3-R,fig_3f,T3-R^0,17,1.0872
2021-11-25,US,216,Omicron BA.2,Imported,1,2021-11-08,17,Traveler weight (travel hubs),Strategies (total),70%,T7-R,fig_3f,T7-R^0,17,1.0872
2021-11-25,US,216,Omicron BA.2,Imported,1,2021-11-08,17,Traveler weight (travel hubs),Strategies (total),70%,T11-R,fig_3f,T11-R^0,17,1.0367
2021-11-25,US,216,Omicron BA.2,Imported,1,2021-11-08,17,Traveler weight (travel hubs),Strategies (total),90%,T3-R,fig_3f,T3-R^0,17,1.083
2021-11-25,US,216,Omicron BA.2,Imported,1,2021-11-08,17,Traveler weight (travel hubs),Strategies (total),90%,T7-R,fig_3f,T7-R^0,17,1.083
2021-11-25,US,216,Omicron BA.2,Imported,1,2021-11-08,17,Traveler weight (travel hubs),Strategies (total),90%,T11-R,fig_3f,T11-R^0,17,1.0329
2021-11-25,US,216,Omicron BA.2,Imported,1,2021-11-08,17,Traveler weight (travel hubs),Strategies (total),100%,T3-R,fig_3f,T3-R^0,17,1.081
2021-11-25,US,216,Omicron BA.2,Imported,1,2021-11-08,17,Traveler weight (travel hubs),Strategies (total),100%,T7-R,fig_3f,T7-R^0,17,1.081
2021-11-25,US,216,Omicron BA.2,Imported,1,2021-11-08,17,Traveler weight (travel hubs),Strategies (total),100%,T11-R,fig_3f,T11-R^0,17,1.0298
2021-11-25,US,216,Omicron BA.2,Imported,1,2021-11-08,17,Traveler weight (travel hubs),Strategies (total),100%,T11-M,fig_3f,T11-R^90,17,1
2021-11-23,ZA,217,Omicron BA.2,Community,1.5985770092323777,2021-11-08,15,Traveler weight (travel hubs),Strategies (total),50%,T11-R,fig_3f,T11-R^0,17,1.0547
2021-11-23,ZA,217,Omicron BA.2,Community,1.5985770092323777,2021-11-08,15,Traveler weight (travel hubs),Strategies (total),70%,T3-R,fig_3f,T3-R^0,17,1.0872
2021-11-23,ZA,217,Omicron BA.2,Community,1.5985770092323777,2021-11-08,15,Traveler weight (travel hubs),Strategies (total),70%,T7-R,fig_3f,T7-R^0,17,1.0872
2021-11-23,ZA,217,Omicron BA.2,Community,1.5985770092323777,2021-11-08,15,Traveler weight (travel hubs),Strategies (total),70%,T11-R,fig_3f,T11-R^0,17,1.0367
2021-11-23,ZA,217,Omicron BA.2,Community,1.5985770092323777,2021-11-08,15,Traveler weight (travel hubs),Strategies (total),90%,T3-R,fig_3f,T3-R^0,17,1.083
2021-11-23,ZA,217,Omicron BA.2,Community,1.5985770092323777,2021-11-08,15,Traveler weight (travel hubs),Strategies (total),90%,T7-R,fig_3f,T7-R^0,17,1.083
2021-11-23,ZA,217,Omicron BA.2,Community,1.5985770092323777,2021-11-08,15,Traveler weight (travel hubs),Strategies (total),90%,T11-R,fig_3f,T11-R^0,17,1.0329
2021-11-23,ZA,217,Omicron BA.2,Community,1.5985770092323777,2021-11-08,15,Traveler weight (travel hubs),Strategies (total),100%,T3-R,fig_3f,T3-R^0,17,1.081
2021-11-23,ZA,217,Omicron BA.2,Community,1.5985770092323777,2021-11-08,15,Traveler weight (travel hubs),Strategies (total),100%,T7-R,fig_3f,T7-R^0,17,1.081
2021-11-23,ZA,217,Omicron BA.2,Community,1.5985770092323777,2021-11-08,15,Traveler weight (travel hubs),Strategies (total),100%,T11-R,fig_3f,T11-R^0,17,1.0298
2021-11-26,US,217,Omicron BA.2,Imported,1,2021-11-08,18,Traveler weight (travel hubs),Strategies (total),100%,T11-M,fig_3f,T11-R^90,17,1
2021-11-18,IN,218,Omicron BA.2,Imported,1,2021-11-08,10,Traveler weight (travel hubs),Strategies (total),50%,T11-R,fig_3f,T11-R^0,17,1.0547
2021-11-27,ZA,218,Omicron BA.2,Community,1.135320406999696,2021-11-08,19,Traveler weight (travel hubs),Strategies (total),70%,T3-R,fig_3f,T3-R^0,17,1.0872
2021-11-27,ZA,218,Omicron BA.2,Community,1.135320406999696,2021-11-08,19,Traveler weight (travel hubs),Strategies (total),70%,T7-R,fig_3f,T7-R^0,17,1.0872
2021-11-18,IN,218,Omicron BA.2,Imported,1,2021-11-08,10,Traveler weight (travel hubs),Strategies (total),70%,T11-R,fig_3f,T11-R^0,17,1.0367
2021-11-27,ZA,218,Omicron BA.2,Community,1.135320406999696,2021-11-08,19,Traveler weight (travel hubs),Strategies (total),90%,T3-R,fig_3f,T3-R^0,17,1.083
2021-11-27,ZA,218,Omicron BA.2,Community,1.135320406999696,2021-11-08,19,Traveler weight (travel hubs),Strategies (total),90%,T7-R,fig_3f,T7-R^0,17,1.083
2021-11-18,IN,218,Omicron BA.2,Imported,1,2021-11-08,10,Traveler weight (travel hubs),Strategies (total),90%,T11-R,fig_3f,T11-R^0,17,1.0329
2021-11-27,ZA,218,Omicron BA.2,Community,1.135320406999696,2021-11-08,19,Traveler weight (travel hubs),Strategies (total),100%,T3-R,fig_3f,T3-R^0,17,1.081
2021-11-27,ZA,218,Omicron BA.2,Community,1.135320406999696,2021-11-08,19,Traveler weight (travel hubs),Strategies (total),100%,T7-R,fig_3f,T7-R^0,17,1.081
2021-11-18,IN,218,Omicron BA.2,Imported,1,2021-11-08,10,Traveler weight (travel hubs),Strategies (total),100%,T11-R,fig_3f,T11-R^0,17,1.0298
2021-11-18,IN,218,Omicron BA.2,Imported,1,2021-11-08,10,Traveler weight (travel hubs),Strategies (total),100%,T11-M,fig_3f,T11-R^90,17,1
2021-11-25,ZA,219,Omicron BA.2,Community,1.1016311431566066,2021-11-08,17,Traveler weight (travel hubs),Strategies (total),50%,T11-R,fig_3f,T11-R^0,17,1.0547
2021-11-25,ZA,219,Omicron BA.2,Community,1.1016311431566066,2021-11-08,17,Traveler weight (travel hubs),Strategies (total),70%,T3-R,fig_3f,T3-R^0,17,1.0872
2021-11-25,ZA,219,Omicron BA.2,Community,1.1016311431566066,2021-11-08,17,Traveler weight (travel hubs),Strategies (total),70%,T7-R,fig_3f,T7-R^0,17,1.0872
2021-11-25,ZA,219,Omicron BA.2,Community,1.1016311431566066,2021-11-08,17,Traveler weight (travel hubs),Strategies (total),70%,T11-R,fig_3f,T11-R^0,17,1.0367
2021-11-25,ZA,219,Omicron BA.2,Community,1.1016311431566066,2021-11-08,17,Traveler weight (travel hubs),Strategies (total),90%,T3-R,fig_3f,T3-R^0,17,1.083
2021-11-25,ZA,219,Omicron BA.2,Community,1.1016311431566066,2021-11-08,17,Traveler weight (travel hubs),Strategies (total),90%,T7-R,fig_3f,T7-R^0,17,1.083
2021-11-25,ZA,219,Omicron BA.2,Community,1.1016311431566066,2021-11-08,17,Traveler weight (travel hubs),Strategies (total),90%,T11-R,fig_3f,T11-R^0,17,1.0329
2021-11-25,ZA,219,Omicron BA.2,Community,1.1016311431566066,2021-11-08,17,Traveler weight (travel hubs),Strategies (total),100%,T3-R,fig_3f,T3-R^0,17,1.081
2021-11-25,ZA,219,Omicron BA.2,Community,1.1016311431566066,2021-11-08,17,Traveler weight (travel hubs),Strategies (total),100%,T7-R,fig_3f,T7-R^0,17,1.081
2021-11-25,ZA,219,Omicron BA.2,Community,1.1016311431566066,2021-11-08,17,Traveler weight (travel hubs),Strategies (total),100%,T11-R,fig_3f,T11-R^0,17,1.0298
2021-11-26,US,219,Omicron BA.2,Imported,1,2021-11-08,18,Traveler weight (travel hubs),Strategies (total),100%,T11-M,fig_3f,T11-R^90,17,1
2021-12-02,ZA,22,Omicron BA.2,Community,1.1514777483607799,2021-11-08,24,Traveler weight (travel hubs),Strategies (total),50%,T11-R,fig_3f,T11-R^0,17,1.0547
2021-12-02,ZA,22,Omicron BA.2,Community,1.1514777483607799,2021-11-08,24,Traveler weight (travel hubs),Strategies (total),70%,T3-R,fig_3f,T3-R^0,17,1.0872
2021-12-02,ZA,22,Omicron BA.2,Community,1.1514777483607799,2021-11-08,24,Traveler weight (travel hubs),Strategies (total),70%,T7-R,fig_3f,T7-R^0,17,1.0872
2021-12-02,ZA,22,Omicron BA.2,Community,1.1514777483607799,2021-11-08,24,Traveler weight (travel hubs),Strategies (total),70%,T11-R,fig_3f,T11-R^0,17,1.0367
2021-12-02,ZA,22,Omicron BA.2,Community,1.1514777483607799,2021-11-08,24,Traveler weight (travel hubs),Strategies (total),90%,T3-R,fig_3f,T3-R^0,17,1.083
2021-12-02,ZA,22,Omicron BA.2,Community,1.1514777483607799,2021-11-08,24,Traveler weight (travel hubs),Strategies (total),90%,T7-R,fig_3f,T7-R^0,17,1.083
2021-12-02,ZA,22,Omicron BA.2,Community,1.1514777483607799,2021-11-08,24,Traveler weight (travel hubs),Strategies (total),90%,T11-R,fig_3f,T11-R^0,17,1.0329
2021-12-02,ZA,22,Omicron BA.2,Community,1.1514777483607799,2021-11-08,24,Traveler weight (travel hubs),Strategies (total),100%,T3-R,fig_3f,T3-R^0,17,1.081
2021-12-02,ZA,22,Omicron BA.2,Community,1.1514777483607799,2021-11-08,24,Traveler weight (travel hubs),Strategies (total),100%,T7-R,fig_3f,T7-R^0,17,1.081
2021-12-02,ZA,22,Omicron BA.2,Community,1.1514777483607799,2021-11-08,24,Traveler weight (travel hubs),Strategies (total),100%,T11-R,fig_3f,T11-R^0,17,1.0298
2021-12-13,US,22,Omicron BA.2,Imported,1.69412930673669,2021-11-08,35,Traveler weight (travel hubs),Strategies (total),100%,T11-M,fig_3f,T11-R^90,17,1
2021-11-26,ZA,220,Omicron BA.2,Community,1.1908454166512334,2021-11-08,18,Traveler weight (travel hubs),Strategies (total),50%,T11-R,fig_3f,T11-R^0,17,1.0547
2021-11-26,ZA,220,Omicron BA.2,Community,1.1908454166512334,2021-11-08,18,Traveler weight (travel hubs),Strategies (total),70%,T3-R,fig_3f,T3-R^0,17,1.0872
2021-11-26,ZA,220,Omicron BA.2,Community,1.1908454166512334,2021-11-08,18,Traveler weight (travel hubs),Strategies (total),70%,T7-R,fig_3f,T7-R^0,17,1.0872
2021-11-26,ZA,220,Omicron BA.2,Community,1.1908454166512334,2021-11-08,18,Traveler weight (travel hubs),Strategies (total),70%,T11-R,fig_3f,T11-R^0,17,1.0367
2021-11-26,ZA,220,Omicron BA.2,Community,1.1908454166512334,2021-11-08,18,Traveler weight (travel hubs),Strategies (total),90%,T3-R,fig_3f,T3-R^0,17,1.083
2021-11-26,ZA,220,Omicron BA.2,Community,1.1908454166512334,2021-11-08,18,Traveler weight (travel hubs),Strategies (total),90%,T7-R,fig_3f,T7-R^0,17,1.083
2021-11-26,ZA,220,Omicron BA.2,Community,1.1908454166512334,2021-11-08,18,Traveler weight (travel hubs),Strategies (total),90%,T11-R,fig_3f,T11-R^0,17,1.0329
2021-11-26,ZA,220,Omicron BA.2,Community,1.1908454166512334,2021-11-08,18,Traveler weight (travel hubs),Strategies (total),100%,T3-R,fig_3f,T3-R^0,17,1.081
2021-11-26,ZA,220,Omicron BA.2,Community,1.1908454166512334,2021-11-08,18,Traveler weight (travel hubs),Strategies (total),100%,T7-R,fig_3f,T7-R^0,17,1.081
2021-11-26,ZA,220,Omicron BA.2,Community,1.1908454166512334,2021-11-08,18,Traveler weight (travel hubs),Strategies (total),100%,T11-R,fig_3f,T11-R^0,17,1.0298
2021-11-16,TR,220,Omicron BA.2,Imported,1,2021-11-08,8,Traveler weight (travel hubs),Strategies (total),100%,T11-M,fig_3f,T11-R^90,17,1
2021-12-01,ZA,221,Omicron BA.2,Community,1.2023696411413205,2021-11-08,23,Traveler weight (travel hubs),Strategies (total),50%,T11-R,fig_3f,T11-R^0,17,1.0547
2021-12-01,ZA,221,Omicron BA.2,Community,1.2023696411413205,2021-11-08,23,Traveler weight (travel hubs),Strategies (total),70%,T3-R,fig_3f,T3-R^0,17,1.0872
2021-12-01,ZA,221,Omicron BA.2,Community,1.2023696411413205,2021-11-08,23,Traveler weight (travel hubs),Strategies (total),70%,T7-R,fig_3f,T7-R^0,17,1.0872
2021-12-01,ZA,221,Omicron BA.2,Community,1.2023696411413205,2021-11-08,23,Traveler weight (travel hubs),Strategies (total),70%,T11-R,fig_3f,T11-R^0,17,1.0367
2021-12-01,ZA,221,Omicron BA.2,Community,1.2023696411413205,2021-11-08,23,Traveler weight (travel hubs),Strategies (total),90%,T3-R,fig_3f,T3-R^0,17,1.083
2021-12-01,ZA,221,Omicron BA.2,Community,1.2023696411413205,2021-11-08,23,Traveler weight (travel hubs),Strategies (total),90%,T7-R,fig_3f,T7-R^0,17,1.083
2021-12-01,ZA,221,Omicron BA.2,Community,1.2023696411413205,2021-11-08,23,Traveler weight (travel hubs),Strategies (total),90%,T11-R,fig_3f,T11-R^0,17,1.0329
2021-12-01,ZA,221,Omicron BA.2,Community,1.2023696411413205,2021-11-08,23,Traveler weight (travel hubs),Strategies (total),100%,T3-R,fig_3f,T3-R^0,17,1.081
2021-12-01,ZA,221,Omicron BA.2,Community,1.2023696411413205,2021-11-08,23,Traveler weight (travel hubs),Strategies (total),100%,T7-R,fig_3f,T7-R^0,17,1.081
2021-12-01,ZA,221,Omicron BA.2,Community,1.2023696411413205,2021-11-08,23,Traveler weight (travel hubs),Strategies (total),100%,T11-R,fig_3f,T11-R^0,17,1.0298
2021-12-07,US,221,Omicron BA.2,Imported,1,2021-11-08,29,Traveler weight (travel hubs),Strategies (total),100%,T11-M,fig_3f,T11-R^90,17,1
2021-11-21,US,222,Omicron BA.2,Imported,1,2021-11-08,13,Traveler weight (travel hubs),Strategies (total),50%,T11-R,fig_3f,T11-R^0,17,1.0547
2021-11-21,US,222,Omicron BA.2,Imported,1,2021-11-08,13,Traveler weight (travel hubs),Strategies (total),70%,T3-R,fig_3f,T3-R^0,17,1.0872
2021-11-21,US,222,Omicron BA.2,Imported,1,2021-11-08,13,Traveler weight (travel hubs),Strategies (total),70%,T7-R,fig_3f,T7-R^0,17,1.0872
2021-11-21,US,222,Omicron BA.2,Imported,1,2021-11-08,13,Traveler weight (travel hubs),Strategies (total),70%,T11-R,fig_3f,T11-R^0,17,1.0367
2021-11-21,US,222,Omicron BA.2,Imported,1,2021-11-08,13,Traveler weight (travel hubs),Strategies (total),90%,T3-R,fig_3f,T3-R^0,17,1.083
2021-11-21,US,222,Omicron BA.2,Imported,1,2021-11-08,13,Traveler weight (travel hubs),Strategies (total),90%,T7-R,fig_3f,T7-R^0,17,1.083
2021-11-21,US,222,Omicron BA.2,Imported,1,2021-11-08,13,Traveler weight (travel hubs),Strategies (total),90%,T11-R,fig_3f,T11-R^0,17,1.0329
2021-11-21,US,222,Omicron BA.2,Imported,1,2021-11-08,13,Traveler weight (travel hubs),Strategies (total),100%,T3-R,fig_3f,T3-R^0,17,1.081
2021-11-21,US,222,Omicron BA.2,Imported,1,2021-11-08,13,Traveler weight (travel hubs),Strategies (total),100%,T7-R,fig_3f,T7-R^0,17,1.081
2021-11-21,US,222,Omicron BA.2,Imported,1,2021-11-08,13,Traveler weight (travel hubs),Strategies (total),100%,T11-R,fig_3f,T11-R^0,17,1.0298
2021-11-21,US,222,Omicron BA.2,Imported,1,2021-11-08,13,Traveler weight (travel hubs),Strategies (total),100%,T11-M,fig_3f,T11-R^90,17,1
2021-11-28,ZA,223,Omicron BA.2,Community,1.3692365760831235,2021-11-08,20,Traveler weight (travel hubs),Strategies (total),50%,T11-R,fig_3f,T11-R^0,17,1.0547
2021-11-28,ZA,223,Omicron BA.2,Community,1.3692365760831235,2021-11-08,20,Traveler weight (travel hubs),Strategies (total),70%,T3-R,fig_3f,T3-R^0,17,1.0872
2021-11-28,ZA,223,Omicron BA.2,Community,1.3692365760831235,2021-11-08,20,Traveler weight (travel hubs),Strategies (total),70%,T7-R,fig_3f,T7-R^0,17,1.0872
2021-11-28,ZA,223,Omicron BA.2,Community,1.3692365760831235,2021-11-08,20,Traveler weight (travel hubs),Strategies (total),70%,T11-R,fig_3f,T11-R^0,17,1.0367
2021-11-28,ZA,223,Omicron BA.2,Community,1.3692365760831235,2021-11-08,20,Traveler weight (travel hubs),Strategies (total),90%,T3-R,fig_3f,T3-R^0,17,1.083
2021-11-28,ZA,223,Omicron BA.2,Community,1.3692365760831235,2021-11-08,20,Traveler weight (travel hubs),Strategies (total),90%,T7-R,fig_3f,T7-R^0,17,1.083
2021-11-28,ZA,223,Omicron BA.2,Community,1.3692365760831235,2021-11-08,20,Traveler weight (travel hubs),Strategies (total),90%,T11-R,fig_3f,T11-R^0,17,1.0329
2021-11-28,ZA,223,Omicron BA.2,Community,1.3692365760831235,2021-11-08,20,Traveler weight (travel hubs),Strategies (total),100%,T3-R,fig_3f,T3-R^0,17,1.081
2021-11-28,ZA,223,Omicron BA.2,Community,1.3692365760831235,2021-11-08,20,Traveler weight (travel hubs),Strategies (total),100%,T7-R,fig_3f,T7-R^0,17,1.081
2021-11-28,ZA,223,Omicron BA.2,Community,1.3692365760831235,2021-11-08,20,Traveler weight (travel hubs),Strategies (total),100%,T11-R,fig_3f,T11-R^0,17,1.0298
2021-12-02,US,223,Omicron BA.2,Imported,1.4664789420954567,2021-11-08,24,Traveler weight (travel hubs),Strategies (total),100%,T11-M,fig_3f,T11-R^90,17,1
2021-11-27,ZA,224,Omicron BA.2,Community,1.1011523330780075,2021-11-08,19,Traveler weight (travel hubs),Strategies (total),50%,T11-R,fig_3f,T11-R^0,17,1.0547
2021-11-27,ZA,224,Omicron BA.2,Community,1.1011523330780075,2021-11-08,19,Traveler weight (travel hubs),Strategies (total),70%,T3-R,fig_3f,T3-R^0,17,1.0872
2021-11-27,ZA,224,Omicron BA.2,Community,1.1011523330780075,2021-11-08,19,Traveler weight (travel hubs),Strategies (total),70%,T7-R,fig_3f,T7-R^0,17,1.0872
2021-11-27,ZA,224,Omicron BA.2,Community,1.1011523330780075,2021-11-08,19,Traveler weight (travel hubs),Strategies (total),70%,T11-R,fig_3f,T11-R^0,17,1.0367
2021-11-27,ZA,224,Omicron BA.2,Community,1.1011523330780075,2021-11-08,19,Traveler weight (travel hubs),Strategies (total),90%,T3-R,fig_3f,T3-R^0,17,1.083
2021-11-27,ZA,224,Omicron BA.2,Community,1.1011523330780075,2021-11-08,19,Traveler weight (travel hubs),Strategies (total),90%,T7-R,fig_3f,T7-R^0,17,1.083
2021-11-27,ZA,224,Omicron BA.2,Community,1.1011523330780075,2021-11-08,19,Traveler weight (travel hubs),Strategies (total),90%,T11-R,fig_3f,T11-R^0,17,1.0329
2021-11-27,ZA,224,Omicron BA.2,Community,1.1011523330780075,2021-11-08,19,Traveler weight (travel hubs),Strategies (total),100%,T3-R,fig_3f,T3-R^0,17,1.081
2021-11-27,ZA,224,Omicron BA.2,Community,1.1011523330780075,2021-11-08,19,Traveler weight (travel hubs),Strategies (total),100%,T7-R,fig_3f,T7-R^0,17,1.081
2021-11-27,ZA,224,Omicron BA.2,Community,1.1011523330780075,2021-11-08,19,Traveler weight (travel hubs),Strategies (total),100%,T11-R,fig_3f,T11-R^0,17,1.0298
2021-11-29,US,224,Omicron BA.2,Imported,1,2021-11-08,21,Traveler weight (travel hubs),Strategies (total),100%,T11-M,fig_3f,T11-R^90,17,1
2021-11-28,ZA,225,Omicron BA.2,Community,1.0567962148739487,2021-11-08,20,Traveler weight (travel hubs),Strategies (total),50%,T11-R,fig_3f,T11-R^0,17,1.0547
2021-11-28,ZA,225,Omicron BA.2,Community,1.0567962148739487,2021-11-08,20,Traveler weight (travel hubs),Strategies (total),70%,T3-R,fig_3f,T3-R^0,17,1.0872
2021-11-28,ZA,225,Omicron BA.2,Community,1.0567962148739487,2021-11-08,20,Traveler weight (travel hubs),Strategies (total),70%,T7-R,fig_3f,T7-R^0,17,1.0872
2021-11-28,ZA,225,Omicron BA.2,Community,1.0567962148739487,2021-11-08,20,Traveler weight (travel hubs),Strategies (total),70%,T11-R,fig_3f,T11-R^0,17,1.0367
2021-11-28,ZA,225,Omicron BA.2,Community,1.0567962148739487,2021-11-08,20,Traveler weight (travel hubs),Strategies (total),90%,T3-R,fig_3f,T3-R^0,17,1.083
2021-11-28,ZA,225,Omicron BA.2,Community,1.0567962148739487,2021-11-08,20,Traveler weight (travel hubs),Strategies (total),90%,T7-R,fig_3f,T7-R^0,17,1.083
2021-11-28,ZA,225,Omicron BA.2,Community,1.0567962148739487,2021-11-08,20,Traveler weight (travel hubs),Strategies (total),90%,T11-R,fig_3f,T11-R^0,17,1.0329
2021-11-28,ZA,225,Omicron BA.2,Community,1.0567962148739487,2021-11-08,20,Traveler weight (travel hubs),Strategies (total),100%,T3-R,fig_3f,T3-R^0,17,1.081
2021-11-28,ZA,225,Omicron BA.2,Community,1.0567962148739487,2021-11-08,20,Traveler weight (travel hubs),Strategies (total),100%,T7-R,fig_3f,T7-R^0,17,1.081
2021-11-28,ZA,225,Omicron BA.2,Community,1.0567962148739487,2021-11-08,20,Traveler weight (travel hubs),Strategies (total),100%,T11-R,fig_3f,T11-R^0,17,1.0298
2021-12-04,IN,225,Omicron BA.2,Imported,1,2021-11-08,26,Traveler weight (travel hubs),Strategies (total),100%,T11-M,fig_3f,T11-R^90,17,1
2021-11-17,US,226,Omicron BA.2,Imported,1,2021-11-08,9,Traveler weight (travel hubs),Strategies (total),50%,T11-R,fig_3f,T11-R^0,17,1.0547
2021-11-17,US,226,Omicron BA.2,Imported,1,2021-11-08,9,Traveler weight (travel hubs),Strategies (total),70%,T3-R,fig_3f,T3-R^0,17,1.0872
2021-11-17,US,226,Omicron BA.2,Imported,1,2021-11-08,9,Traveler weight (travel hubs),Strategies (total),70%,T7-R,fig_3f,T7-R^0,17,1.0872
2021-11-17,US,226,Omicron BA.2,Imported,1,2021-11-08,9,Traveler weight (travel hubs),Strategies (total),70%,T11-R,fig_3f,T11-R^0,17,1.0367
2021-11-17,US,226,Omicron BA.2,Imported,1,2021-11-08,9,Traveler weight (travel hubs),Strategies (total),90%,T3-R,fig_3f,T3-R^0,17,1.083
2021-11-17,US,226,Omicron BA.2,Imported,1,2021-11-08,9,Traveler weight (travel hubs),Strategies (total),90%,T7-R,fig_3f,T7-R^0,17,1.083
2021-11-17,US,226,Omicron BA.2,Imported,1,2021-11-08,9,Traveler weight (travel hubs),Strategies (total),90%,T11-R,fig_3f,T11-R^0,17,1.0329
2021-11-17,US,226,Omicron BA.2,Imported,1,2021-11-08,9,Traveler weight (travel hubs),Strategies (total),100%,T3-R,fig_3f,T3-R^0,17,1.081
2021-11-17,US,226,Omicron BA.2,Imported,1,2021-11-08,9,Traveler weight (travel hubs),Strategies (total),100%,T7-R,fig_3f,T7-R^0,17,1.081
2021-11-17,US,226,Omicron BA.2,Imported,1,2021-11-08,9,Traveler weight (travel hubs),Strategies (total),100%,T11-R,fig_3f,T11-R^0,17,1.0298
2021-11-17,US,226,Omicron BA.2,Imported,1,2021-11-08,9,Traveler weight (travel hubs),Strategies (total),100%,T11-M,fig_3f,T11-R^90,17,1
2021-11-29,IN,227,Omicron BA.2,Imported,1,2021-11-08,21,Traveler weight (travel hubs),Strategies (total),50%,T11-R,fig_3f,T11-R^0,17,1.0547
2021-12-02,ZA,227,Omicron BA.2,Community,1.3739002773890412,2021-11-08,24,Traveler weight (travel hubs),Strategies (total),70%,T3-R,fig_3f,T3-R^0,17,1.0872
2021-12-02,ZA,227,Omicron BA.2,Community,1.3739002773890412,2021-11-08,24,Traveler weight (travel hubs),Strategies (total),70%,T7-R,fig_3f,T7-R^0,17,1.0872
2021-11-29,IN,227,Omicron BA.2,Imported,1,2021-11-08,21,Traveler weight (travel hubs),Strategies (total),70%,T11-R,fig_3f,T11-R^0,17,1.0367
2021-12-02,ZA,227,Omicron BA.2,Community,1.3739002773890412,2021-11-08,24,Traveler weight (travel hubs),Strategies (total),90%,T3-R,fig_3f,T3-R^0,17,1.083
2021-12-02,ZA,227,Omicron BA.2,Community,1.3739002773890412,2021-11-08,24,Traveler weight (travel hubs),Strategies (total),90%,T7-R,fig_3f,T7-R^0,17,1.083
2021-11-29,IN,227,Omicron BA.2,Imported,1,2021-11-08,21,Traveler weight (travel hubs),Strategies (total),90%,T11-R,fig_3f,T11-R^0,17,1.0329
2021-12-02,ZA,227,Omicron BA.2,Community,1.3739002773890412,2021-11-08,24,Traveler weight (travel hubs),Strategies (total),100%,T3-R,fig_3f,T3-R^0,17,1.081
2021-12-02,ZA,227,Omicron BA.2,Community,1.3739002773890412,2021-11-08,24,Traveler weight (travel hubs),Strategies (total),100%,T7-R,fig_3f,T7-R^0,17,1.081
2021-11-29,IN,227,Omicron BA.2,Imported,1,2021-11-08,21,Traveler weight (travel hubs),Strategies (total),100%,T11-R,fig_3f,T11-R^0,17,1.0298
2021-11-29,IN,227,Omicron BA.2,Imported,1,2021-11-08,21,Traveler weight (travel hubs),Strategies (total),100%,T11-M,fig_3f,T11-R^90,17,1
2021-11-16,US,228,Omicron BA.2,Imported,1,2021-11-08,8,Traveler weight (travel hubs),Strategies (total),50%,T11-R,fig_3f,T11-R^0,17,1.0547
2021-11-16,US,228,Omicron BA.2,Imported,1,2021-11-08,8,Traveler weight (travel hubs),Strategies (total),70%,T3-R,fig_3f,T3-R^0,17,1.0872
2021-11-16,US,228,Omicron BA.2,Imported,1,2021-11-08,8,Traveler weight (travel hubs),Strategies (total),70%,T7-R,fig_3f,T7-R^0,17,1.0872
2021-11-16,US,228,Omicron BA.2,Imported,1,2021-11-08,8,Traveler weight (travel hubs),Strategies (total),70%,T11-R,fig_3f,T11-R^0,17,1.0367
2021-11-16,US,228,Omicron BA.2,Imported,1,2021-11-08,8,Traveler weight (travel hubs),Strategies (total),90%,T3-R,fig_3f,T3-R^0,17,1.083
2021-11-16,US,228,Omicron BA.2,Imported,1,2021-11-08,8,Traveler weight (travel hubs),Strategies (total),90%,T7-R,fig_3f,T7-R^0,17,1.083
2021-11-16,US,228,Omicron BA.2,Imported,1,2021-11-08,8,Traveler weight (travel hubs),Strategies (total),90%,T11-R,fig_3f,T11-R^0,17,1.0329
2021-11-16,US,228,Omicron BA.2,Imported,1,2021-11-08,8,Traveler weight (travel hubs),Strategies (total),100%,T3-R,fig_3f,T3-R^0,17,1.081
2021-11-16,US,228,Omicron BA.2,Imported,1,2021-11-08,8,Traveler weight (travel hubs),Strategies (total),100%,T7-R,fig_3f,T7-R^0,17,1.081
2021-11-16,US,228,Omicron BA.2,Imported,1,2021-11-08,8,Traveler weight (travel hubs),Strategies (total),100%,T11-R,fig_3f,T11-R^0,17,1.0298
2021-11-16,US,228,Omicron BA.2,Imported,1,2021-11-08,8,Traveler weight (travel hubs),Strategies (total),100%,T11-M,fig_3f,T11-R^90,17,1
2021-11-22,ZA,229,Omicron BA.2,Community,1.6601289860832107,2021-11-08,14,Traveler weight (travel hubs),Strategies (total),50%,T11-R,fig_3f,T11-R^0,17,1.0547
2021-11-22,ZA,229,Omicron BA.2,Community,1.6601289860832107,2021-11-08,14,Traveler weight (travel hubs),Strategies (total),70%,T3-R,fig_3f,T3-R^0,17,1.0872
2021-11-22,ZA,229,Omicron BA.2,Community,1.6601289860832107,2021-11-08,14,Traveler weight (travel hubs),Strategies (total),70%,T7-R,fig_3f,T7-R^0,17,1.0872
2021-11-22,ZA,229,Omicron BA.2,Community,1.6601289860832107,2021-11-08,14,Traveler weight (travel hubs),Strategies (total),70%,T11-R,fig_3f,T11-R^0,17,1.0367
2021-11-22,ZA,229,Omicron BA.2,Community,1.6601289860832107,2021-11-08,14,Traveler weight (travel hubs),Strategies (total),90%,T3-R,fig_3f,T3-R^0,17,1.083
2021-11-22,ZA,229,Omicron BA.2,Community,1.6601289860832107,2021-11-08,14,Traveler weight (travel hubs),Strategies (total),90%,T7-R,fig_3f,T7-R^0,17,1.083
2021-11-22,ZA,229,Omicron BA.2,Community,1.6601289860832107,2021-11-08,14,Traveler weight (travel hubs),Strategies (total),90%,T11-R,fig_3f,T11-R^0,17,1.0329
2021-11-22,ZA,229,Omicron BA.2,Community,1.6601289860832107,2021-11-08,14,Traveler weight (travel hubs),Strategies (total),100%,T3-R,fig_3f,T3-R^0,17,1.081
2021-11-22,ZA,229,Omicron BA.2,Community,1.6601289860832107,2021-11-08,14,Traveler weight (travel hubs),Strategies (total),100%,T7-R,fig_3f,T7-R^0,17,1.081
2021-11-22,ZA,229,Omicron BA.2,Community,1.6601289860832107,2021-11-08,14,Traveler weight (travel hubs),Strategies (total),100%,T11-R,fig_3f,T11-R^0,17,1.0298
2021-12-02,US,229,Omicron BA.2,Imported,1.948726182836673,2021-11-08,24,Traveler weight (travel hubs),Strategies (total),100%,T11-M,fig_3f,T11-R^90,17,1
2021-11-25,ZA,23,Omicron BA.2,Community,2.025148924444723,2021-11-08,17,Traveler weight (travel hubs),Strategies (total),50%,T11-R,fig_3f,T11-R^0,17,1.0547
2021-11-25,ZA,23,Omicron BA.2,Community,2.025148924444723,2021-11-08,17,Traveler weight (travel hubs),Strategies (total),70%,T3-R,fig_3f,T3-R^0,17,1.0872
2021-11-25,ZA,23,Omicron BA.2,Community,2.025148924444723,2021-11-08,17,Traveler weight (travel hubs),Strategies (total),70%,T7-R,fig_3f,T7-R^0,17,1.0872
2021-11-25,ZA,23,Omicron BA.2,Community,2.025148924444723,2021-11-08,17,Traveler weight (travel hubs),Strategies (total),70%,T11-R,fig_3f,T11-R^0,17,1.0367
2021-11-23,GB,23,Omicron BA.2,Imported,1.1375413835402606,2021-11-08,15,Traveler weight (travel hubs),Strategies (total),90%,T3-R,fig_3f,T3-R^0,17,1.083
2021-11-23,GB,23,Omicron BA.2,Imported,1.1375413835402606,2021-11-08,15,Traveler weight (travel hubs),Strategies (total),90%,T7-R,fig_3f,T7-R^0,17,1.083
2021-11-23,GB,23,Omicron BA.2,Imported,1.1375413835402606,2021-11-08,15,Traveler weight (travel hubs),Strategies (total),90%,T11-R,fig_3f,T11-R^0,17,1.0329
2021-11-23,GB,23,Omicron BA.2,Imported,1.2639348706002895,2021-11-08,15,Traveler weight (travel hubs),Strategies (total),100%,T3-R,fig_3f,T3-R^0,17,1.081
2021-11-23,GB,23,Omicron BA.2,Imported,1.2639348706002895,2021-11-08,15,Traveler weight (travel hubs),Strategies (total),100%,T7-R,fig_3f,T7-R^0,17,1.081
2021-11-23,GB,23,Omicron BA.2,Imported,1.2639348706002895,2021-11-08,15,Traveler weight (travel hubs),Strategies (total),100%,T11-R,fig_3f,T11-R^0,17,1.0298
2021-11-23,GB,23,Omicron BA.2,Imported,1.3820469642634006,2021-11-08,15,Traveler weight (travel hubs),Strategies (total),100%,T11-M,fig_3f,T11-R^90,17,1
2021-11-25,ZA,230,Omicron BA.2,Community,1.4345547020491245,2021-11-08,17,Traveler weight (travel hubs),Strategies (total),50%,T11-R,fig_3f,T11-R^0,17,1.0547
2021-11-25,ZA,230,Omicron BA.2,Community,1.4345547020491245,2021-11-08,17,Traveler weight (travel hubs),Strategies (total),70%,T3-R,fig_3f,T3-R^0,17,1.0872
2021-11-25,ZA,230,Omicron BA.2,Community,1.4345547020491245,2021-11-08,17,Traveler weight (travel hubs),Strategies (total),70%,T7-R,fig_3f,T7-R^0,17,1.0872
2021-11-25,ZA,230,Omicron BA.2,Community,1.4345547020491245,2021-11-08,17,Traveler weight (travel hubs),Strategies (total),70%,T11-R,fig_3f,T11-R^0,17,1.0367
2021-11-25,ZA,230,Omicron BA.2,Community,1.4345547020491245,2021-11-08,17,Traveler weight (travel hubs),Strategies (total),90%,T3-R,fig_3f,T3-R^0,17,1.083
2021-11-25,ZA,230,Omicron BA.2,Community,1.4345547020491245,2021-11-08,17,Traveler weight (travel hubs),Strategies (total),90%,T7-R,fig_3f,T7-R^0,17,1.083
2021-11-25,ZA,230,Omicron BA.2,Community,1.4345547020491245,2021-11-08,17,Traveler weight (travel hubs),Strategies (total),90%,T11-R,fig_3f,T11-R^0,17,1.0329
2021-11-25,ZA,230,Omicron BA.2,Community,1.4345547020491245,2021-11-08,17,Traveler weight (travel hubs),Strategies (total),100%,T3-R,fig_3f,T3-R^0,17,1.081
2021-11-25,ZA,230,Omicron BA.2,Community,1.4345547020491245,2021-11-08,17,Traveler weight (travel hubs),Strategies (total),100%,T7-R,fig_3f,T7-R^0,17,1.081
2021-11-25,ZA,230,Omicron BA.2,Community,1.4345547020491245,2021-11-08,17,Traveler weight (travel hubs),Strategies (total),100%,T11-R,fig_3f,T11-R^0,17,1.0298
2021-11-27,US,230,Omicron BA.2,Imported,1,2021-11-08,19,Traveler weight (travel hubs),Strategies (total),100%,T11-M,fig_3f,T11-R^90,17,1
2021-11-23,ZA,231,Omicron BA.2,Community,1.041681951482888,2021-11-08,15,Traveler weight (travel hubs),Strategies (total),50%,T11-R,fig_3f,T11-R^0,17,1.0547
2021-11-23,ZA,231,Omicron BA.2,Community,1.041681951482888,2021-11-08,15,Traveler weight (travel hubs),Strategies (total),70%,T3-R,fig_3f,T3-R^0,17,1.0872
2021-11-23,ZA,231,Omicron BA.2,Community,1.041681951482888,2021-11-08,15,Traveler weight (travel hubs),Strategies (total),70%,T7-R,fig_3f,T7-R^0,17,1.0872
2021-11-23,ZA,231,Omicron BA.2,Community,1.041681951482888,2021-11-08,15,Traveler weight (travel hubs),Strategies (total),70%,T11-R,fig_3f,T11-R^0,17,1.0367
2021-11-23,ZA,231,Omicron BA.2,Community,1.041681951482888,2021-11-08,15,Traveler weight (travel hubs),Strategies (total),90%,T3-R,fig_3f,T3-R^0,17,1.083
2021-11-23,ZA,231,Omicron BA.2,Community,1.041681951482888,2021-11-08,15,Traveler weight (travel hubs),Strategies (total),90%,T7-R,fig_3f,T7-R^0,17,1.083
2021-11-23,ZA,231,Omicron BA.2,Community,1.041681951482888,2021-11-08,15,Traveler weight (travel hubs),Strategies (total),90%,T11-R,fig_3f,T11-R^0,17,1.0329
2021-11-23,ZA,231,Omicron BA.2,Community,1.041681951482888,2021-11-08,15,Traveler weight (travel hubs),Strategies (total),100%,T3-R,fig_3f,T3-R^0,17,1.081
2021-11-23,ZA,231,Omicron BA.2,Community,1.041681951482888,2021-11-08,15,Traveler weight (travel hubs),Strategies (total),100%,T7-R,fig_3f,T7-R^0,17,1.081
2021-11-23,ZA,231,Omicron BA.2,Community,1.041681951482888,2021-11-08,15,Traveler weight (travel hubs),Strategies (total),100%,T11-R,fig_3f,T11-R^0,17,1.0298
2021-11-27,IN,231,Omicron BA.2,Imported,1,2021-11-08,19,Traveler weight (travel hubs),Strategies (total),100%,T11-M,fig_3f,T11-R^90,17,1
2021-11-27,ZA,232,Omicron BA.2,Community,1.113687123576861,2021-11-08,19,Traveler weight (travel hubs),Strategies (total),50%,T11-R,fig_3f,T11-R^0,17,1.0547
2021-11-27,ZA,232,Omicron BA.2,Community,1.113687123576861,2021-11-08,19,Traveler weight (travel hubs),Strategies (total),70%,T3-R,fig_3f,T3-R^0,17,1.0872
2021-11-27,ZA,232,Omicron BA.2,Community,1.113687123576861,2021-11-08,19,Traveler weight (travel hubs),Strategies (total),70%,T7-R,fig_3f,T7-R^0,17,1.0872
2021-11-27,ZA,232,Omicron BA.2,Community,1.113687123576861,2021-11-08,19,Traveler weight (travel hubs),Strategies (total),70%,T11-R,fig_3f,T11-R^0,17,1.0367
2021-11-27,ZA,232,Omicron BA.2,Community,1.113687123576861,2021-11-08,19,Traveler weight (travel hubs),Strategies (total),90%,T3-R,fig_3f,T3-R^0,17,1.083
2021-11-27,ZA,232,Omicron BA.2,Community,1.113687123576861,2021-11-08,19,Traveler weight (travel hubs),Strategies (total),90%,T7-R,fig_3f,T7-R^0,17,1.083
2021-11-27,ZA,232,Omicron BA.2,Community,1.113687123576861,2021-11-08,19,Traveler weight (travel hubs),Strategies (total),90%,T11-R,fig_3f,T11-R^0,17,1.0329
2021-11-27,ZA,232,Omicron BA.2,Community,1.113687123576861,2021-11-08,19,Traveler weight (travel hubs),Strategies (total),100%,T3-R,fig_3f,T3-R^0,17,1.081
2021-11-27,ZA,232,Omicron BA.2,Community,1.113687123576861,2021-11-08,19,Traveler weight (travel hubs),Strategies (total),100%,T7-R,fig_3f,T7-R^0,17,1.081
2021-11-27,ZA,232,Omicron BA.2,Community,1.113687123576861,2021-11-08,19,Traveler weight (travel hubs),Strategies (total),100%,T11-R,fig_3f,T11-R^0,17,1.0298
2021-11-28,IN,232,Omicron BA.2,Imported,1,2021-11-08,20,Traveler weight (travel hubs),Strategies (total),100%,T11-M,fig_3f,T11-R^90,17,1
2021-11-25,US,233,Omicron BA.2,Imported,1,2021-11-08,17,Traveler weight (travel hubs),Strategies (total),50%,T11-R,fig_3f,T11-R^0,17,1.0547
2021-11-25,US,233,Omicron BA.2,Imported,1,2021-11-08,17,Traveler weight (travel hubs),Strategies (total),70%,T3-R,fig_3f,T3-R^0,17,1.0872
2021-11-25,US,233,Omicron BA.2,Imported,1,2021-11-08,17,Traveler weight (travel hubs),Strategies (total),70%,T7-R,fig_3f,T7-R^0,17,1.0872
2021-11-25,US,233,Omicron BA.2,Imported,1,2021-11-08,17,Traveler weight (travel hubs),Strategies (total),70%,T11-R,fig_3f,T11-R^0,17,1.0367
2021-11-25,US,233,Omicron BA.2,Imported,1,2021-11-08,17,Traveler weight (travel hubs),Strategies (total),90%,T3-R,fig_3f,T3-R^0,17,1.083
2021-11-25,US,233,Omicron BA.2,Imported,1,2021-11-08,17,Traveler weight (travel hubs),Strategies (total),90%,T7-R,fig_3f,T7-R^0,17,1.083
2021-11-25,US,233,Omicron BA.2,Imported,1,2021-11-08,17,Traveler weight (travel hubs),Strategies (total),90%,T11-R,fig_3f,T11-R^0,17,1.0329
2021-11-25,US,233,Omicron BA.2,Imported,1,2021-11-08,17,Traveler weight (travel hubs),Strategies (total),100%,T3-R,fig_3f,T3-R^0,17,1.081
2021-11-25,US,233,Omicron BA.2,Imported,1,2021-11-08,17,Traveler weight (travel hubs),Strategies (total),100%,T7-R,fig_3f,T7-R^0,17,1.081
2021-11-25,US,233,Omicron BA.2,Imported,1,2021-11-08,17,Traveler weight (travel hubs),Strategies (total),100%,T11-R,fig_3f,T11-R^0,17,1.0298
2021-11-25,US,233,Omicron BA.2,Imported,1,2021-11-08,17,Traveler weight (travel hubs),Strategies (total),100%,T11-M,fig_3f,T11-R^90,17,1
2021-11-21,US,234,Omicron BA.2,Imported,1,2021-11-08,13,Traveler weight (travel hubs),Strategies (total),50%,T11-R,fig_3f,T11-R^0,17,1.0547
2021-11-21,US,234,Omicron BA.2,Imported,1,2021-11-08,13,Traveler weight (travel hubs),Strategies (total),70%,T3-R,fig_3f,T3-R^0,17,1.0872
2021-11-21,US,234,Omicron BA.2,Imported,1,2021-11-08,13,Traveler weight (travel hubs),Strategies (total),70%,T7-R,fig_3f,T7-R^0,17,1.0872
2021-11-21,US,234,Omicron BA.2,Imported,1,2021-11-08,13,Traveler weight (travel hubs),Strategies (total),70%,T11-R,fig_3f,T11-R^0,17,1.0367
2021-11-21,US,234,Omicron BA.2,Imported,1,2021-11-08,13,Traveler weight (travel hubs),Strategies (total),90%,T3-R,fig_3f,T3-R^0,17,1.083
2021-11-21,US,234,Omicron BA.2,Imported,1,2021-11-08,13,Traveler weight (travel hubs),Strategies (total),90%,T7-R,fig_3f,T7-R^0,17,1.083
2021-11-21,US,234,Omicron BA.2,Imported,1,2021-11-08,13,Traveler weight (travel hubs),Strategies (total),90%,T11-R,fig_3f,T11-R^0,17,1.0329
2021-11-21,US,234,Omicron BA.2,Imported,1,2021-11-08,13,Traveler weight (travel hubs),Strategies (total),100%,T3-R,fig_3f,T3-R^0,17,1.081
2021-11-21,US,234,Omicron BA.2,Imported,1,2021-11-08,13,Traveler weight (travel hubs),Strategies (total),100%,T7-R,fig_3f,T7-R^0,17,1.081
2021-11-21,US,234,Omicron BA.2,Imported,1,2021-11-08,13,Traveler weight (travel hubs),Strategies (total),100%,T11-R,fig_3f,T11-R^0,17,1.0298
2021-11-21,US,234,Omicron BA.2,Imported,1,2021-11-08,13,Traveler weight (travel hubs),Strategies (total),100%,T11-M,fig_3f,T11-R^90,17,1
2021-11-26,ZA,235,Omicron BA.2,Community,1.0149699830202048,2021-11-08,18,Traveler weight (travel hubs),Strategies (total),50%,T11-R,fig_3f,T11-R^0,17,1.0547
2021-11-26,ZA,235,Omicron BA.2,Community,1.0149699830202048,2021-11-08,18,Traveler weight (travel hubs),Strategies (total),70%,T3-R,fig_3f,T3-R^0,17,1.0872
2021-11-26,ZA,235,Omicron BA.2,Community,1.0149699830202048,2021-11-08,18,Traveler weight (travel hubs),Strategies (total),70%,T7-R,fig_3f,T7-R^0,17,1.0872
2021-11-26,ZA,235,Omicron BA.2,Community,1.0149699830202048,2021-11-08,18,Traveler weight (travel hubs),Strategies (total),70%,T11-R,fig_3f,T11-R^0,17,1.0367
2021-11-26,ZA,235,Omicron BA.2,Community,1.0149699830202048,2021-11-08,18,Traveler weight (travel hubs),Strategies (total),90%,T3-R,fig_3f,T3-R^0,17,1.083
2021-11-26,ZA,235,Omicron BA.2,Community,1.0149699830202048,2021-11-08,18,Traveler weight (travel hubs),Strategies (total),90%,T7-R,fig_3f,T7-R^0,17,1.083
2021-11-26,ZA,235,Omicron BA.2,Community,1.0149699830202048,2021-11-08,18,Traveler weight (travel hubs),Strategies (total),90%,T11-R,fig_3f,T11-R^0,17,1.0329
2021-11-26,ZA,235,Omicron BA.2,Community,1.0149699830202048,2021-11-08,18,Traveler weight (travel hubs),Strategies (total),100%,T3-R,fig_3f,T3-R^0,17,1.081
2021-11-26,ZA,235,Omicron BA.2,Community,1.0149699830202048,2021-11-08,18,Traveler weight (travel hubs),Strategies (total),100%,T7-R,fig_3f,T7-R^0,17,1.081
2021-11-26,ZA,235,Omicron BA.2,Community,1.0149699830202048,2021-11-08,18,Traveler weight (travel hubs),Strategies (total),100%,T11-R,fig_3f,T11-R^0,17,1.0298
2021-12-03,IN,235,Omicron BA.2,Imported,1,2021-11-08,25,Traveler weight (travel hubs),Strategies (total),100%,T11-M,fig_3f,T11-R^90,17,1
2021-11-27,ZA,236,Omicron BA.2,Community,1.3337203878643793,2021-11-08,19,Traveler weight (travel hubs),Strategies (total),50%,T11-R,fig_3f,T11-R^0,17,1.0547
2021-11-27,ZA,236,Omicron BA.2,Community,1.3337203878643793,2021-11-08,19,Traveler weight (travel hubs),Strategies (total),70%,T3-R,fig_3f,T3-R^0,17,1.0872
2021-11-27,ZA,236,Omicron BA.2,Community,1.3337203878643793,2021-11-08,19,Traveler weight (travel hubs),Strategies (total),70%,T7-R,fig_3f,T7-R^0,17,1.0872
2021-11-27,ZA,236,Omicron BA.2,Community,1.3337203878643793,2021-11-08,19,Traveler weight (travel hubs),Strategies (total),70%,T11-R,fig_3f,T11-R^0,17,1.0367
2021-11-27,ZA,236,Omicron BA.2,Community,1.3337203878643793,2021-11-08,19,Traveler weight (travel hubs),Strategies (total),90%,T3-R,fig_3f,T3-R^0,17,1.083
2021-11-27,ZA,236,Omicron BA.2,Community,1.3337203878643793,2021-11-08,19,Traveler weight (travel hubs),Strategies (total),90%,T7-R,fig_3f,T7-R^0,17,1.083
2021-11-27,ZA,236,Omicron BA.2,Community,1.3337203878643793,2021-11-08,19,Traveler weight (travel hubs),Strategies (total),90%,T11-R,fig_3f,T11-R^0,17,1.0329
2021-11-27,ZA,236,Omicron BA.2,Community,1.3337203878643793,2021-11-08,19,Traveler weight (travel hubs),Strategies (total),100%,T3-R,fig_3f,T3-R^0,17,1.081
2021-11-27,ZA,236,Omicron BA.2,Community,1.3337203878643793,2021-11-08,19,Traveler weight (travel hubs),Strategies (total),100%,T7-R,fig_3f,T7-R^0,17,1.081
2021-11-27,ZA,236,Omicron BA.2,Community,1.3337203878643793,2021-11-08,19,Traveler weight (travel hubs),Strategies (total),100%,T11-R,fig_3f,T11-R^0,17,1.0298
2021-12-03,US,236,Omicron BA.2,Imported,1,2021-11-08,25,Traveler weight (travel hubs),Strategies (total),100%,T11-M,fig_3f,T11-R^90,17,1
2021-11-23,ZA,237,Omicron BA.2,Community,1.0019806074474935,2021-11-08,15,Traveler weight (travel hubs),Strategies (total),50%,T11-R,fig_3f,T11-R^0,17,1.0547
2021-11-23,ZA,237,Omicron BA.2,Community,1.0019806074474935,2021-11-08,15,Traveler weight (travel hubs),Strategies (total),70%,T3-R,fig_3f,T3-R^0,17,1.0872
2021-11-23,ZA,237,Omicron BA.2,Community,1.0019806074474935,2021-11-08,15,Traveler weight (travel hubs),Strategies (total),70%,T7-R,fig_3f,T7-R^0,17,1.0872
2021-11-23,ZA,237,Omicron BA.2,Community,1.0019806074474935,2021-11-08,15,Traveler weight (travel hubs),Strategies (total),70%,T11-R,fig_3f,T11-R^0,17,1.0367
2021-11-23,ZA,237,Omicron BA.2,Community,1.0019806074474935,2021-11-08,15,Traveler weight (travel hubs),Strategies (total),90%,T3-R,fig_3f,T3-R^0,17,1.083
2021-11-23,ZA,237,Omicron BA.2,Community,1.0019806074474935,2021-11-08,15,Traveler weight (travel hubs),Strategies (total),90%,T7-R,fig_3f,T7-R^0,17,1.083
2021-11-23,ZA,237,Omicron BA.2,Community,1.0019806074474935,2021-11-08,15,Traveler weight (travel hubs),Strategies (total),90%,T11-R,fig_3f,T11-R^0,17,1.0329
2021-11-23,ZA,237,Omicron BA.2,Community,1.0019806074474935,2021-11-08,15,Traveler weight (travel hubs),Strategies (total),100%,T3-R,fig_3f,T3-R^0,17,1.081
2021-11-23,ZA,237,Omicron BA.2,Community,1.0019806074474935,2021-11-08,15,Traveler weight (travel hubs),Strategies (total),100%,T7-R,fig_3f,T7-R^0,17,1.081
2021-11-23,ZA,237,Omicron BA.2,Community,1.0019806074474935,2021-11-08,15,Traveler weight (travel hubs),Strategies (total),100%,T11-R,fig_3f,T11-R^0,17,1.0298
2021-11-16,AE,237,Omicron BA.2,Imported,1,2021-11-08,8,Traveler weight (travel hubs),Strategies (total),100%,T11-M,fig_3f,T11-R^90,17,1
2021-11-12,US,238,Omicron BA.2,Imported,1,2021-11-08,4,Traveler weight (travel hubs),Strategies (total),50%,T11-R,fig_3f,T11-R^0,17,1.0547
2021-11-12,US,238,Omicron BA.2,Imported,1,2021-11-08,4,Traveler weight (travel hubs),Strategies (total),70%,T3-R,fig_3f,T3-R^0,17,1.0872
2021-11-12,US,238,Omicron BA.2,Imported,1,2021-11-08,4,Traveler weight (travel hubs),Strategies (total),70%,T7-R,fig_3f,T7-R^0,17,1.0872
2021-11-12,US,238,Omicron BA.2,Imported,1,2021-11-08,4,Traveler weight (travel hubs),Strategies (total),70%,T11-R,fig_3f,T11-R^0,17,1.0367
2021-11-12,US,238,Omicron BA.2,Imported,1,2021-11-08,4,Traveler weight (travel hubs),Strategies (total),90%,T3-R,fig_3f,T3-R^0,17,1.083
2021-11-12,US,238,Omicron BA.2,Imported,1,2021-11-08,4,Traveler weight (travel hubs),Strategies (total),90%,T7-R,fig_3f,T7-R^0,17,1.083
2021-11-12,US,238,Omicron BA.2,Imported,1,2021-11-08,4,Traveler weight (travel hubs),Strategies (total),90%,T11-R,fig_3f,T11-R^0,17,1.0329
2021-11-12,US,238,Omicron BA.2,Imported,1,2021-11-08,4,Traveler weight (travel hubs),Strategies (total),100%,T3-R,fig_3f,T3-R^0,17,1.081
2021-11-12,US,238,Omicron BA.2,Imported,1,2021-11-08,4,Traveler weight (travel hubs),Strategies (total),100%,T7-R,fig_3f,T7-R^0,17,1.081
2021-11-12,US,238,Omicron BA.2,Imported,1,2021-11-08,4,Traveler weight (travel hubs),Strategies (total),100%,T11-R,fig_3f,T11-R^0,17,1.0298
2021-11-12,US,238,Omicron BA.2,Imported,1,2021-11-08,4,Traveler weight (travel hubs),Strategies (total),100%,T11-M,fig_3f,T11-R^90,17,1
2021-11-25,ZA,239,Omicron BA.2,Community,1.049532984810073,2021-11-08,17,Traveler weight (travel hubs),Strategies (total),50%,T11-R,fig_3f,T11-R^0,17,1.0547
2021-11-25,ZA,239,Omicron BA.2,Community,1.049532984810073,2021-11-08,17,Traveler weight (travel hubs),Strategies (total),70%,T3-R,fig_3f,T3-R^0,17,1.0872
2021-11-25,ZA,239,Omicron BA.2,Community,1.049532984810073,2021-11-08,17,Traveler weight (travel hubs),Strategies (total),70%,T7-R,fig_3f,T7-R^0,17,1.0872
2021-11-25,ZA,239,Omicron BA.2,Community,1.049532984810073,2021-11-08,17,Traveler weight (travel hubs),Strategies (total),70%,T11-R,fig_3f,T11-R^0,17,1.0367
2021-11-25,ZA,239,Omicron BA.2,Community,1.049532984810073,2021-11-08,17,Traveler weight (travel hubs),Strategies (total),90%,T3-R,fig_3f,T3-R^0,17,1.083
2021-11-25,ZA,239,Omicron BA.2,Community,1.049532984810073,2021-11-08,17,Traveler weight (travel hubs),Strategies (total),90%,T7-R,fig_3f,T7-R^0,17,1.083
2021-11-25,ZA,239,Omicron BA.2,Community,1.049532984810073,2021-11-08,17,Traveler weight (travel hubs),Strategies (total),90%,T11-R,fig_3f,T11-R^0,17,1.0329
2021-11-25,ZA,239,Omicron BA.2,Community,1.049532984810073,2021-11-08,17,Traveler weight (travel hubs),Strategies (total),100%,T3-R,fig_3f,T3-R^0,17,1.081
2021-11-25,ZA,239,Omicron BA.2,Community,1.049532984810073,2021-11-08,17,Traveler weight (travel hubs),Strategies (total),100%,T7-R,fig_3f,T7-R^0,17,1.081
2021-11-25,ZA,239,Omicron BA.2,Community,1.049532984810073,2021-11-08,17,Traveler weight (travel hubs),Strategies (total),100%,T11-R,fig_3f,T11-R^0,17,1.0298
2021-11-25,IN,239,Omicron BA.2,Imported,1,2021-11-08,17,Traveler weight (travel hubs),Strategies (total),100%,T11-M,fig_3f,T11-R^90,17,1
2021-11-29,ZA,24,Omicron BA.2,Community,1.0914233454380353,2021-11-08,21,Traveler weight (travel hubs),Strategies (total),50%,T11-R,fig_3f,T11-R^0,17,1.0547
2021-11-29,ZA,24,Omicron BA.2,Community,1.0914233454380353,2021-11-08,21,Traveler weight (travel hubs),Strategies (total),70%,T3-R,fig_3f,T3-R^0,17,1.0872
2021-11-29,ZA,24,Omicron BA.2,Community,1.0914233454380353,2021-11-08,21,Traveler weight (travel hubs),Strategies (total),70%,T7-R,fig_3f,T7-R^0,17,1.0872
2021-11-29,ZA,24,Omicron BA.2,Community,1.0914233454380353,2021-11-08,21,Traveler weight (travel hubs),Strategies (total),70%,T11-R,fig_3f,T11-R^0,17,1.0367
2021-11-29,ZA,24,Omicron BA.2,Community,1.0914233454380353,2021-11-08,21,Traveler weight (travel hubs),Strategies (total),90%,T3-R,fig_3f,T3-R^0,17,1.083
2021-11-29,ZA,24,Omicron BA.2,Community,1.0914233454380353,2021-11-08,21,Traveler weight (travel hubs),Strategies (total),90%,T7-R,fig_3f,T7-R^0,17,1.083
2021-11-29,ZA,24,Omicron BA.2,Community,1.0914233454380353,2021-11-08,21,Traveler weight (travel hubs),Strategies (total),90%,T11-R,fig_3f,T11-R^0,17,1.0329
2021-11-29,ZA,24,Omicron BA.2,Community,1.0914233454380353,2021-11-08,21,Traveler weight (travel hubs),Strategies (total),100%,T3-R,fig_3f,T3-R^0,17,1.081
2021-11-29,ZA,24,Omicron BA.2,Community,1.0914233454380353,2021-11-08,21,Traveler weight (travel hubs),Strategies (total),100%,T7-R,fig_3f,T7-R^0,17,1.081
2021-11-29,ZA,24,Omicron BA.2,Community,1.0914233454380353,2021-11-08,21,Traveler weight (travel hubs),Strategies (total),100%,T11-R,fig_3f,T11-R^0,17,1.0298
2021-11-29,US,24,Omicron BA.2,Imported,1,2021-11-08,21,Traveler weight (travel hubs),Strategies (total),100%,T11-M,fig_3f,T11-R^90,17,1
2021-11-22,ZA,240,Omicron BA.2,Community,1.298741138056178,2021-11-08,14,Traveler weight (travel hubs),Strategies (total),50%,T11-R,fig_3f,T11-R^0,17,1.0547
2021-11-22,ZA,240,Omicron BA.2,Community,1.298741138056178,2021-11-08,14,Traveler weight (travel hubs),Strategies (total),70%,T3-R,fig_3f,T3-R^0,17,1.0872
2021-11-22,ZA,240,Omicron BA.2,Community,1.298741138056178,2021-11-08,14,Traveler weight (travel hubs),Strategies (total),70%,T7-R,fig_3f,T7-R^0,17,1.0872
2021-11-22,ZA,240,Omicron BA.2,Community,1.298741138056178,2021-11-08,14,Traveler weight (travel hubs),Strategies (total),70%,T11-R,fig_3f,T11-R^0,17,1.0367
2021-11-22,ZA,240,Omicron BA.2,Community,1.298741138056178,2021-11-08,14,Traveler weight (travel hubs),Strategies (total),90%,T3-R,fig_3f,T3-R^0,17,1.083
2021-11-22,ZA,240,Omicron BA.2,Community,1.298741138056178,2021-11-08,14,Traveler weight (travel hubs),Strategies (total),90%,T7-R,fig_3f,T7-R^0,17,1.083
2021-11-22,ZA,240,Omicron BA.2,Community,1.298741138056178,2021-11-08,14,Traveler weight (travel hubs),Strategies (total),90%,T11-R,fig_3f,T11-R^0,17,1.0329
2021-11-22,ZA,240,Omicron BA.2,Community,1.298741138056178,2021-11-08,14,Traveler weight (travel hubs),Strategies (total),100%,T3-R,fig_3f,T3-R^0,17,1.081
2021-11-22,ZA,240,Omicron BA.2,Community,1.298741138056178,2021-11-08,14,Traveler weight (travel hubs),Strategies (total),100%,T7-R,fig_3f,T7-R^0,17,1.081
2021-11-22,ZA,240,Omicron BA.2,Community,1.298741138056178,2021-11-08,14,Traveler weight (travel hubs),Strategies (total),100%,T11-R,fig_3f,T11-R^0,17,1.0298
2021-11-22,US,240,Omicron BA.2,Imported,1,2021-11-08,14,Traveler weight (travel hubs),Strategies (total),100%,T11-M,fig_3f,T11-R^90,17,1
2021-11-29,ZA,241,Omicron BA.2,Community,1.4861140639530963,2021-11-08,21,Traveler weight (travel hubs),Strategies (total),50%,T11-R,fig_3f,T11-R^0,17,1.0547
2021-11-29,ZA,241,Omicron BA.2,Community,1.4861140639530963,2021-11-08,21,Traveler weight (travel hubs),Strategies (total),70%,T3-R,fig_3f,T3-R^0,17,1.0872
2021-11-29,ZA,241,Omicron BA.2,Community,1.4861140639530963,2021-11-08,21,Traveler weight (travel hubs),Strategies (total),70%,T7-R,fig_3f,T7-R^0,17,1.0872
2021-11-29,ZA,241,Omicron BA.2,Community,1.4861140639530963,2021-11-08,21,Traveler weight (travel hubs),Strategies (total),70%,T11-R,fig_3f,T11-R^0,17,1.0367
2021-11-29,ZA,241,Omicron BA.2,Community,1.4861140639530963,2021-11-08,21,Traveler weight (travel hubs),Strategies (total),90%,T3-R,fig_3f,T3-R^0,17,1.083
2021-11-29,ZA,241,Omicron BA.2,Community,1.4861140639530963,2021-11-08,21,Traveler weight (travel hubs),Strategies (total),90%,T7-R,fig_3f,T7-R^0,17,1.083
2021-11-29,ZA,241,Omicron BA.2,Community,1.4861140639530963,2021-11-08,21,Traveler weight (travel hubs),Strategies (total),90%,T11-R,fig_3f,T11-R^0,17,1.0329
2021-11-29,ZA,241,Omicron BA.2,Community,1.4861140639530963,2021-11-08,21,Traveler weight (travel hubs),Strategies (total),100%,T3-R,fig_3f,T3-R^0,17,1.081
2021-11-29,ZA,241,Omicron BA.2,Community,1.4861140639530963,2021-11-08,21,Traveler weight (travel hubs),Strategies (total),100%,T7-R,fig_3f,T7-R^0,17,1.081
2021-11-29,ZA,241,Omicron BA.2,Community,1.4861140639530963,2021-11-08,21,Traveler weight (travel hubs),Strategies (total),100%,T11-R,fig_3f,T11-R^0,17,1.0298
2021-12-03,TR,241,Omicron BA.2,Imported,1,2021-11-08,25,Traveler weight (travel hubs),Strategies (total),100%,T11-M,fig_3f,T11-R^90,17,1
2021-12-03,ZA,242,Omicron BA.2,Community,1.4935573527747,2021-11-08,25,Traveler weight (travel hubs),Strategies (total),50%,T11-R,fig_3f,T11-R^0,17,1.0547
2021-12-03,ZA,242,Omicron BA.2,Community,1.4935573527747,2021-11-08,25,Traveler weight (travel hubs),Strategies (total),70%,T3-R,fig_3f,T3-R^0,17,1.0872
2021-12-03,ZA,242,Omicron BA.2,Community,1.4935573527747,2021-11-08,25,Traveler weight (travel hubs),Strategies (total),70%,T7-R,fig_3f,T7-R^0,17,1.0872
2021-12-03,ZA,242,Omicron BA.2,Community,1.4935573527747,2021-11-08,25,Traveler weight (travel hubs),Strategies (total),70%,T11-R,fig_3f,T11-R^0,17,1.0367
2021-12-03,ZA,242,Omicron BA.2,Community,1.4935573527747,2021-11-08,25,Traveler weight (travel hubs),Strategies (total),90%,T3-R,fig_3f,T3-R^0,17,1.083
2021-12-03,ZA,242,Omicron BA.2,Community,1.4935573527747,2021-11-08,25,Traveler weight (travel hubs),Strategies (total),90%,T7-R,fig_3f,T7-R^0,17,1.083
2021-12-03,ZA,242,Omicron BA.2,Community,1.4935573527747,2021-11-08,25,Traveler weight (travel hubs),Strategies (total),90%,T11-R,fig_3f,T11-R^0,17,1.0329
2021-12-03,ZA,242,Omicron BA.2,Community,1.4935573527747,2021-11-08,25,Traveler weight (travel hubs),Strategies (total),100%,T3-R,fig_3f,T3-R^0,17,1.081
2021-12-03,ZA,242,Omicron BA.2,Community,1.4935573527747,2021-11-08,25,Traveler weight (travel hubs),Strategies (total),100%,T7-R,fig_3f,T7-R^0,17,1.081
2021-12-03,ZA,242,Omicron BA.2,Community,1.4935573527747,2021-11-08,25,Traveler weight (travel hubs),Strategies (total),100%,T11-R,fig_3f,T11-R^0,17,1.0298
2021-11-26,TR,242,Omicron BA.2,Imported,2.562199560007744,2021-11-08,18,Traveler weight (travel hubs),Strategies (total),100%,T11-M,fig_3f,T11-R^90,17,1
2021-11-18,US,243,Omicron BA.2,Imported,1,2021-11-08,10,Traveler weight (travel hubs),Strategies (total),50%,T11-R,fig_3f,T11-R^0,17,1.0547
2021-11-18,US,243,Omicron BA.2,Imported,1,2021-11-08,10,Traveler weight (travel hubs),Strategies (total),70%,T3-R,fig_3f,T3-R^0,17,1.0872
2021-11-18,US,243,Omicron BA.2,Imported,1,2021-11-08,10,Traveler weight (travel hubs),Strategies (total),70%,T7-R,fig_3f,T7-R^0,17,1.0872
2021-11-18,US,243,Omicron BA.2,Imported,1,2021-11-08,10,Traveler weight (travel hubs),Strategies (total),70%,T11-R,fig_3f,T11-R^0,17,1.0367
2021-11-18,US,243,Omicron BA.2,Imported,1,2021-11-08,10,Traveler weight (travel hubs),Strategies (total),90%,T3-R,fig_3f,T3-R^0,17,1.083
2021-11-18,US,243,Omicron BA.2,Imported,1,2021-11-08,10,Traveler weight (travel hubs),Strategies (total),90%,T7-R,fig_3f,T7-R^0,17,1.083
2021-11-18,US,243,Omicron BA.2,Imported,1,2021-11-08,10,Traveler weight (travel hubs),Strategies (total),90%,T11-R,fig_3f,T11-R^0,17,1.0329
2021-11-18,US,243,Omicron BA.2,Imported,1,2021-11-08,10,Traveler weight (travel hubs),Strategies (total),100%,T3-R,fig_3f,T3-R^0,17,1.081
2021-11-18,US,243,Omicron BA.2,Imported,1,2021-11-08,10,Traveler weight (travel hubs),Strategies (total),100%,T7-R,fig_3f,T7-R^0,17,1.081
2021-11-18,US,243,Omicron BA.2,Imported,1,2021-11-08,10,Traveler weight (travel hubs),Strategies (total),100%,T11-R,fig_3f,T11-R^0,17,1.0298
2021-11-18,US,243,Omicron BA.2,Imported,1,2021-11-08,10,Traveler weight (travel hubs),Strategies (total),100%,T11-M,fig_3f,T11-R^90,17,1
2021-11-21,US,244,Omicron BA.2,Imported,2,2021-11-08,13,Traveler weight (travel hubs),Strategies (total),50%,T11-R,fig_3f,T11-R^0,17,1.0547
2021-11-21,US,244,Omicron BA.2,Imported,2,2021-11-08,13,Traveler weight (travel hubs),Strategies (total),70%,T3-R,fig_3f,T3-R^0,17,1.0872
2021-11-21,US,244,Omicron BA.2,Imported,2,2021-11-08,13,Traveler weight (travel hubs),Strategies (total),70%,T7-R,fig_3f,T7-R^0,17,1.0872
2021-11-21,US,244,Omicron BA.2,Imported,2,2021-11-08,13,Traveler weight (travel hubs),Strategies (total),70%,T11-R,fig_3f,T11-R^0,17,1.0367
2021-11-21,US,244,Omicron BA.2,Imported,2,2021-11-08,13,Traveler weight (travel hubs),Strategies (total),90%,T3-R,fig_3f,T3-R^0,17,1.083
2021-11-21,US,244,Omicron BA.2,Imported,2,2021-11-08,13,Traveler weight (travel hubs),Strategies (total),90%,T7-R,fig_3f,T7-R^0,17,1.083
2021-11-21,US,244,Omicron BA.2,Imported,2,2021-11-08,13,Traveler weight (travel hubs),Strategies (total),90%,T11-R,fig_3f,T11-R^0,17,1.0329
2021-11-21,US,244,Omicron BA.2,Imported,2,2021-11-08,13,Traveler weight (travel hubs),Strategies (total),100%,T3-R,fig_3f,T3-R^0,17,1.081
2021-11-21,US,244,Omicron BA.2,Imported,2,2021-11-08,13,Traveler weight (travel hubs),Strategies (total),100%,T7-R,fig_3f,T7-R^0,17,1.081
2021-11-21,US,244,Omicron BA.2,Imported,2,2021-11-08,13,Traveler weight (travel hubs),Strategies (total),100%,T11-R,fig_3f,T11-R^0,17,1.0298
2021-11-15,TR,244,Omicron BA.2,Imported,1,2021-11-08,7,Traveler weight (travel hubs),Strategies (total),100%,T11-M,fig_3f,T11-R^90,17,1
2021-11-27,ZA,245,Omicron BA.2,Community,1.049925867172716,2021-11-08,19,Traveler weight (travel hubs),Strategies (total),50%,T11-R,fig_3f,T11-R^0,17,1.0547
2021-11-27,ZA,245,Omicron BA.2,Community,1.049925867172716,2021-11-08,19,Traveler weight (travel hubs),Strategies (total),70%,T3-R,fig_3f,T3-R^0,17,1.0872
2021-11-27,ZA,245,Omicron BA.2,Community,1.049925867172716,2021-11-08,19,Traveler weight (travel hubs),Strategies (total),70%,T7-R,fig_3f,T7-R^0,17,1.0872
2021-11-27,ZA,245,Omicron BA.2,Community,1.049925867172716,2021-11-08,19,Traveler weight (travel hubs),Strategies (total),70%,T11-R,fig_3f,T11-R^0,17,1.0367
2021-11-27,ZA,245,Omicron BA.2,Community,1.049925867172716,2021-11-08,19,Traveler weight (travel hubs),Strategies (total),90%,T3-R,fig_3f,T3-R^0,17,1.083
2021-11-27,ZA,245,Omicron BA.2,Community,1.049925867172716,2021-11-08,19,Traveler weight (travel hubs),Strategies (total),90%,T7-R,fig_3f,T7-R^0,17,1.083
2021-11-27,ZA,245,Omicron BA.2,Community,1.049925867172716,2021-11-08,19,Traveler weight (travel hubs),Strategies (total),90%,T11-R,fig_3f,T11-R^0,17,1.0329
2021-11-27,ZA,245,Omicron BA.2,Community,1.049925867172716,2021-11-08,19,Traveler weight (travel hubs),Strategies (total),100%,T3-R,fig_3f,T3-R^0,17,1.081
2021-11-27,ZA,245,Omicron BA.2,Community,1.049925867172716,2021-11-08,19,Traveler weight (travel hubs),Strategies (total),100%,T7-R,fig_3f,T7-R^0,17,1.081
2021-11-27,ZA,245,Omicron BA.2,Community,1.049925867172716,2021-11-08,19,Traveler weight (travel hubs),Strategies (total),100%,T11-R,fig_3f,T11-R^0,17,1.0298
2021-11-28,IN,245,Omicron BA.2,Imported,1,2021-11-08,20,Traveler weight (travel hubs),Strategies (total),100%,T11-M,fig_3f,T11-R^90,17,1
2021-12-02,EU_others,246,Omicron BA.2,Community,1.1447734637451894,2021-11-08,24,Traveler weight (travel hubs),Strategies (total),50%,T11-R,fig_3f,T11-R^0,17,1.0547
2021-12-02,EU_others,246,Omicron BA.2,Community,1.1447734637451894,2021-11-08,24,Traveler weight (travel hubs),Strategies (total),70%,T3-R,fig_3f,T3-R^0,17,1.0872
2021-12-02,EU_others,246,Omicron BA.2,Community,1.1447734637451894,2021-11-08,24,Traveler weight (travel hubs),Strategies (total),70%,T7-R,fig_3f,T7-R^0,17,1.0872
2021-12-02,EU_others,246,Omicron BA.2,Community,1.1447734637451894,2021-11-08,24,Traveler weight (travel hubs),Strategies (total),70%,T11-R,fig_3f,T11-R^0,17,1.0367
2021-12-02,EU_others,246,Omicron BA.2,Community,1.1447734637451894,2021-11-08,24,Traveler weight (travel hubs),Strategies (total),90%,T3-R,fig_3f,T3-R^0,17,1.083
2021-12-02,EU_others,246,Omicron BA.2,Community,1.1447734637451894,2021-11-08,24,Traveler weight (travel hubs),Strategies (total),90%,T7-R,fig_3f,T7-R^0,17,1.083
2021-12-02,EU_others,246,Omicron BA.2,Community,1.1447734637451894,2021-11-08,24,Traveler weight (travel hubs),Strategies (total),90%,T11-R,fig_3f,T11-R^0,17,1.0329
2021-12-02,EU_others,246,Omicron BA.2,Community,1.1447734637451894,2021-11-08,24,Traveler weight (travel hubs),Strategies (total),100%,T3-R,fig_3f,T3-R^0,17,1.081
2021-12-02,EU_others,246,Omicron BA.2,Community,1.1447734637451894,2021-11-08,24,Traveler weight (travel hubs),Strategies (total),100%,T7-R,fig_3f,T7-R^0,17,1.081
2021-12-02,EU_others,246,Omicron BA.2,Community,1.1447734637451894,2021-11-08,24,Traveler weight (travel hubs),Strategies (total),100%,T11-R,fig_3f,T11-R^0,17,1.0298
2021-12-03,IN,246,Omicron BA.2,Imported,1,2021-11-08,25,Traveler weight (travel hubs),Strategies (total),100%,T11-M,fig_3f,T11-R^90,17,1
2021-11-26,ZA,247,Omicron BA.2,Community,1.0649812342428573,2021-11-08,18,Traveler weight (travel hubs),Strategies (total),50%,T11-R,fig_3f,T11-R^0,17,1.0547
2021-11-26,ZA,247,Omicron BA.2,Community,1.0649812342428573,2021-11-08,18,Traveler weight (travel hubs),Strategies (total),70%,T3-R,fig_3f,T3-R^0,17,1.0872
2021-11-26,ZA,247,Omicron BA.2,Community,1.0649812342428573,2021-11-08,18,Traveler weight (travel hubs),Strategies (total),70%,T7-R,fig_3f,T7-R^0,17,1.0872
2021-11-26,ZA,247,Omicron BA.2,Community,1.0649812342428573,2021-11-08,18,Traveler weight (travel hubs),Strategies (total),70%,T11-R,fig_3f,T11-R^0,17,1.0367
2021-11-26,ZA,247,Omicron BA.2,Community,1.0649812342428573,2021-11-08,18,Traveler weight (travel hubs),Strategies (total),90%,T3-R,fig_3f,T3-R^0,17,1.083
2021-11-26,ZA,247,Omicron BA.2,Community,1.0649812342428573,2021-11-08,18,Traveler weight (travel hubs),Strategies (total),90%,T7-R,fig_3f,T7-R^0,17,1.083
2021-11-26,ZA,247,Omicron BA.2,Community,1.0649812342428573,2021-11-08,18,Traveler weight (travel hubs),Strategies (total),90%,T11-R,fig_3f,T11-R^0,17,1.0329
2021-11-26,ZA,247,Omicron BA.2,Community,1.0649812342428573,2021-11-08,18,Traveler weight (travel hubs),Strategies (total),100%,T3-R,fig_3f,T3-R^0,17,1.081
2021-11-26,ZA,247,Omicron BA.2,Community,1.0649812342428573,2021-11-08,18,Traveler weight (travel hubs),Strategies (total),100%,T7-R,fig_3f,T7-R^0,17,1.081
2021-11-26,ZA,247,Omicron BA.2,Community,1.0649812342428573,2021-11-08,18,Traveler weight (travel hubs),Strategies (total),100%,T11-R,fig_3f,T11-R^0,17,1.0298
2021-12-05,TR,247,Omicron BA.2,Imported,1,2021-11-08,27,Traveler weight (travel hubs),Strategies (total),100%,T11-M,fig_3f,T11-R^90,17,1
2021-11-17,IN,248,Omicron BA.2,Imported,1,2021-11-08,9,Traveler weight (travel hubs),Strategies (total),50%,T11-R,fig_3f,T11-R^0,17,1.0547
2021-11-23,ZA,248,Omicron BA.2,Community,1.0264949915657338,2021-11-08,15,Traveler weight (travel hubs),Strategies (total),70%,T3-R,fig_3f,T3-R^0,17,1.0872
2021-11-23,ZA,248,Omicron BA.2,Community,1.0264949915657338,2021-11-08,15,Traveler weight (travel hubs),Strategies (total),70%,T7-R,fig_3f,T7-R^0,17,1.0872
2021-11-17,IN,248,Omicron BA.2,Imported,1,2021-11-08,9,Traveler weight (travel hubs),Strategies (total),70%,T11-R,fig_3f,T11-R^0,17,1.0367
2021-11-23,ZA,248,Omicron BA.2,Community,1.0264949915657338,2021-11-08,15,Traveler weight (travel hubs),Strategies (total),90%,T3-R,fig_3f,T3-R^0,17,1.083
2021-11-23,ZA,248,Omicron BA.2,Community,1.0264949915657338,2021-11-08,15,Traveler weight (travel hubs),Strategies (total),90%,T7-R,fig_3f,T7-R^0,17,1.083
2021-11-17,IN,248,Omicron BA.2,Imported,1,2021-11-08,9,Traveler weight (travel hubs),Strategies (total),90%,T11-R,fig_3f,T11-R^0,17,1.0329
2021-11-23,ZA,248,Omicron BA.2,Community,1.0264949915657338,2021-11-08,15,Traveler weight (travel hubs),Strategies (total),100%,T3-R,fig_3f,T3-R^0,17,1.081
2021-11-23,ZA,248,Omicron BA.2,Community,1.0264949915657338,2021-11-08,15,Traveler weight (travel hubs),Strategies (total),100%,T7-R,fig_3f,T7-R^0,17,1.081
2021-11-17,IN,248,Omicron BA.2,Imported,1,2021-11-08,9,Traveler weight (travel hubs),Strategies (total),100%,T11-R,fig_3f,T11-R^0,17,1.0298
2021-11-17,IN,248,Omicron BA.2,Imported,1,2021-11-08,9,Traveler weight (travel hubs),Strategies (total),100%,T11-M,fig_3f,T11-R^90,17,1
2021-11-28,ZA,249,Omicron BA.2,Community,1.054790637131203,2021-11-08,20,Traveler weight (travel hubs),Strategies (total),50%,T11-R,fig_3f,T11-R^0,17,1.0547
2021-11-28,ZA,249,Omicron BA.2,Community,1.054790637131203,2021-11-08,20,Traveler weight (travel hubs),Strategies (total),70%,T3-R,fig_3f,T3-R^0,17,1.0872
2021-11-28,ZA,249,Omicron BA.2,Community,1.054790637131203,2021-11-08,20,Traveler weight (travel hubs),Strategies (total),70%,T7-R,fig_3f,T7-R^0,17,1.0872
2021-11-28,ZA,249,Omicron BA.2,Community,1.054790637131203,2021-11-08,20,Traveler weight (travel hubs),Strategies (total),70%,T11-R,fig_3f,T11-R^0,17,1.0367
2021-11-28,ZA,249,Omicron BA.2,Community,1.054790637131203,2021-11-08,20,Traveler weight (travel hubs),Strategies (total),90%,T3-R,fig_3f,T3-R^0,17,1.083
2021-11-28,ZA,249,Omicron BA.2,Community,1.054790637131203,2021-11-08,20,Traveler weight (travel hubs),Strategies (total),90%,T7-R,fig_3f,T7-R^0,17,1.083
2021-11-28,ZA,249,Omicron BA.2,Community,1.054790637131203,2021-11-08,20,Traveler weight (travel hubs),Strategies (total),90%,T11-R,fig_3f,T11-R^0,17,1.0329
2021-11-28,ZA,249,Omicron BA.2,Community,1.054790637131203,2021-11-08,20,Traveler weight (travel hubs),Strategies (total),100%,T3-R,fig_3f,T3-R^0,17,1.081
2021-11-28,ZA,249,Omicron BA.2,Community,1.054790637131203,2021-11-08,20,Traveler weight (travel hubs),Strategies (total),100%,T7-R,fig_3f,T7-R^0,17,1.081
2021-11-28,ZA,249,Omicron BA.2,Community,1.054790637131203,2021-11-08,20,Traveler weight (travel hubs),Strategies (total),100%,T11-R,fig_3f,T11-R^0,17,1.0298
2021-12-04,US,249,Omicron BA.2,Imported,1,2021-11-08,26,Traveler weight (travel hubs),Strategies (total),100%,T11-M,fig_3f,T11-R^90,17,1
2021-11-29,ZA,25,Omicron BA.2,Community,1.0008107729156612,2021-11-08,21,Traveler weight (travel hubs),Strategies (total),50%,T11-R,fig_3f,T11-R^0,17,1.0547
2021-11-29,ZA,25,Omicron BA.2,Community,1.0008107729156612,2021-11-08,21,Traveler weight (travel hubs),Strategies (total),70%,T3-R,fig_3f,T3-R^0,17,1.0872
2021-11-29,ZA,25,Omicron BA.2,Community,1.0008107729156612,2021-11-08,21,Traveler weight (travel hubs),Strategies (total),70%,T7-R,fig_3f,T7-R^0,17,1.0872
2021-11-29,ZA,25,Omicron BA.2,Community,1.0008107729156612,2021-11-08,21,Traveler weight (travel hubs),Strategies (total),70%,T11-R,fig_3f,T11-R^0,17,1.0367
2021-11-29,ZA,25,Omicron BA.2,Community,1.0008107729156612,2021-11-08,21,Traveler weight (travel hubs),Strategies (total),90%,T3-R,fig_3f,T3-R^0,17,1.083
2021-11-29,ZA,25,Omicron BA.2,Community,1.0008107729156612,2021-11-08,21,Traveler weight (travel hubs),Strategies (total),90%,T7-R,fig_3f,T7-R^0,17,1.083
2021-11-29,ZA,25,Omicron BA.2,Community,1.0008107729156612,2021-11-08,21,Traveler weight (travel hubs),Strategies (total),90%,T11-R,fig_3f,T11-R^0,17,1.0329
2021-11-29,ZA,25,Omicron BA.2,Community,1.0008107729156612,2021-11-08,21,Traveler weight (travel hubs),Strategies (total),100%,T3-R,fig_3f,T3-R^0,17,1.081
2021-11-29,ZA,25,Omicron BA.2,Community,1.0008107729156612,2021-11-08,21,Traveler weight (travel hubs),Strategies (total),100%,T7-R,fig_3f,T7-R^0,17,1.081
2021-11-29,ZA,25,Omicron BA.2,Community,1.0008107729156612,2021-11-08,21,Traveler weight (travel hubs),Strategies (total),100%,T11-R,fig_3f,T11-R^0,17,1.0298
2021-12-03,TR,25,Omicron BA.2,Imported,1.1450245335537295,2021-11-08,25,Traveler weight (travel hubs),Strategies (total),100%,T11-M,fig_3f,T11-R^90,17,1
2021-11-23,ZA,250,Omicron BA.2,Community,1.0037743428707795,2021-11-08,15,Traveler weight (travel hubs),Strategies (total),50%,T11-R,fig_3f,T11-R^0,17,1.0547
2021-11-23,ZA,250,Omicron BA.2,Community,1.0037743428707795,2021-11-08,15,Traveler weight (travel hubs),Strategies (total),70%,T3-R,fig_3f,T3-R^0,17,1.0872
2021-11-23,ZA,250,Omicron BA.2,Community,1.0037743428707795,2021-11-08,15,Traveler weight (travel hubs),Strategies (total),70%,T7-R,fig_3f,T7-R^0,17,1.0872
2021-11-23,ZA,250,Omicron BA.2,Community,1.0037743428707795,2021-11-08,15,Traveler weight (travel hubs),Strategies (total),70%,T11-R,fig_3f,T11-R^0,17,1.0367
2021-11-23,ZA,250,Omicron BA.2,Community,1.0037743428707795,2021-11-08,15,Traveler weight (travel hubs),Strategies (total),90%,T3-R,fig_3f,T3-R^0,17,1.083
2021-11-23,ZA,250,Omicron BA.2,Community,1.0037743428707795,2021-11-08,15,Traveler weight (travel hubs),Strategies (total),90%,T7-R,fig_3f,T7-R^0,17,1.083
2021-11-23,ZA,250,Omicron BA.2,Community,1.0037743428707795,2021-11-08,15,Traveler weight (travel hubs),Strategies (total),90%,T11-R,fig_3f,T11-R^0,17,1.0329
2021-11-23,ZA,250,Omicron BA.2,Community,1.0037743428707795,2021-11-08,15,Traveler weight (travel hubs),Strategies (total),100%,T3-R,fig_3f,T3-R^0,17,1.081
2021-11-23,ZA,250,Omicron BA.2,Community,1.0037743428707795,2021-11-08,15,Traveler weight (travel hubs),Strategies (total),100%,T7-R,fig_3f,T7-R^0,17,1.081
2021-11-23,ZA,250,Omicron BA.2,Community,1.0037743428707795,2021-11-08,15,Traveler weight (travel hubs),Strategies (total),100%,T11-R,fig_3f,T11-R^0,17,1.0298
2021-11-23,GB,250,Omicron BA.2,Imported,1.0319357125869495,2021-11-08,15,Traveler weight (travel hubs),Strategies (total),100%,T11-M,fig_3f,T11-R^90,17,1
2021-11-25,ZA,251,Omicron BA.2,Community,1.354255261406747,2021-11-08,17,Traveler weight (travel hubs),Strategies (total),50%,T11-R,fig_3f,T11-R^0,17,1.0547
2021-11-25,ZA,251,Omicron BA.2,Community,1.354255261406747,2021-11-08,17,Traveler weight (travel hubs),Strategies (total),70%,T3-R,fig_3f,T3-R^0,17,1.0872
2021-11-25,ZA,251,Omicron BA.2,Community,1.354255261406747,2021-11-08,17,Traveler weight (travel hubs),Strategies (total),70%,T7-R,fig_3f,T7-R^0,17,1.0872
2021-11-25,ZA,251,Omicron BA.2,Community,1.354255261406747,2021-11-08,17,Traveler weight (travel hubs),Strategies (total),70%,T11-R,fig_3f,T11-R^0,17,1.0367
2021-11-25,ZA,251,Omicron BA.2,Community,1.354255261406747,2021-11-08,17,Traveler weight (travel hubs),Strategies (total),90%,T3-R,fig_3f,T3-R^0,17,1.083
2021-11-25,ZA,251,Omicron BA.2,Community,1.354255261406747,2021-11-08,17,Traveler weight (travel hubs),Strategies (total),90%,T7-R,fig_3f,T7-R^0,17,1.083
2021-11-25,ZA,251,Omicron BA.2,Community,1.354255261406747,2021-11-08,17,Traveler weight (travel hubs),Strategies (total),90%,T11-R,fig_3f,T11-R^0,17,1.0329
2021-11-25,ZA,251,Omicron BA.2,Community,1.354255261406747,2021-11-08,17,Traveler weight (travel hubs),Strategies (total),100%,T3-R,fig_3f,T3-R^0,17,1.081
2021-11-25,ZA,251,Omicron BA.2,Community,1.354255261406747,2021-11-08,17,Traveler weight (travel hubs),Strategies (total),100%,T7-R,fig_3f,T7-R^0,17,1.081
2021-11-25,ZA,251,Omicron BA.2,Community,1.354255261406747,2021-11-08,17,Traveler weight (travel hubs),Strategies (total),100%,T11-R,fig_3f,T11-R^0,17,1.0298
2021-11-25,TR,251,Omicron BA.2,Imported,2,2021-11-08,17,Traveler weight (travel hubs),Strategies (total),100%,T11-M,fig_3f,T11-R^90,17,1
2021-11-22,ZA,252,Omicron BA.2,Community,1.0256216739626312,2021-11-08,14,Traveler weight (travel hubs),Strategies (total),50%,T11-R,fig_3f,T11-R^0,17,1.0547
2021-11-22,ZA,252,Omicron BA.2,Community,1.0256216739626312,2021-11-08,14,Traveler weight (travel hubs),Strategies (total),70%,T3-R,fig_3f,T3-R^0,17,1.0872
2021-11-22,ZA,252,Omicron BA.2,Community,1.0256216739626312,2021-11-08,14,Traveler weight (travel hubs),Strategies (total),70%,T7-R,fig_3f,T7-R^0,17,1.0872
2021-11-22,ZA,252,Omicron BA.2,Community,1.0256216739626312,2021-11-08,14,Traveler weight (travel hubs),Strategies (total),70%,T11-R,fig_3f,T11-R^0,17,1.0367
2021-11-22,ZA,252,Omicron BA.2,Community,1.0256216739626312,2021-11-08,14,Traveler weight (travel hubs),Strategies (total),90%,T3-R,fig_3f,T3-R^0,17,1.083
2021-11-22,ZA,252,Omicron BA.2,Community,1.0256216739626312,2021-11-08,14,Traveler weight (travel hubs),Strategies (total),90%,T7-R,fig_3f,T7-R^0,17,1.083
2021-11-22,ZA,252,Omicron BA.2,Community,1.0256216739626312,2021-11-08,14,Traveler weight (travel hubs),Strategies (total),90%,T11-R,fig_3f,T11-R^0,17,1.0329
2021-11-22,ZA,252,Omicron BA.2,Community,1.0256216739626312,2021-11-08,14,Traveler weight (travel hubs),Strategies (total),100%,T3-R,fig_3f,T3-R^0,17,1.081
2021-11-22,ZA,252,Omicron BA.2,Community,1.0256216739626312,2021-11-08,14,Traveler weight (travel hubs),Strategies (total),100%,T7-R,fig_3f,T7-R^0,17,1.081
2021-11-22,ZA,252,Omicron BA.2,Community,1.0256216739626312,2021-11-08,14,Traveler weight (travel hubs),Strategies (total),100%,T11-R,fig_3f,T11-R^0,17,1.0298
2021-11-23,US,252,Omicron BA.2,Imported,1,2021-11-08,15,Traveler weight (travel hubs),Strategies (total),100%,T11-M,fig_3f,T11-R^90,17,1
2021-11-25,ZA,253,Omicron BA.2,Community,1.1678299426510614,2021-11-08,17,Traveler weight (travel hubs),Strategies (total),50%,T11-R,fig_3f,T11-R^0,17,1.0547
2021-11-25,ZA,253,Omicron BA.2,Community,1.1678299426510614,2021-11-08,17,Traveler weight (travel hubs),Strategies (total),70%,T3-R,fig_3f,T3-R^0,17,1.0872
2021-11-25,ZA,253,Omicron BA.2,Community,1.1678299426510614,2021-11-08,17,Traveler weight (travel hubs),Strategies (total),70%,T7-R,fig_3f,T7-R^0,17,1.0872
2021-11-25,ZA,253,Omicron BA.2,Community,1.1678299426510614,2021-11-08,17,Traveler weight (travel hubs),Strategies (total),70%,T11-R,fig_3f,T11-R^0,17,1.0367
2021-11-25,ZA,253,Omicron BA.2,Community,1.1678299426510614,2021-11-08,17,Traveler weight (travel hubs),Strategies (total),90%,T3-R,fig_3f,T3-R^0,17,1.083
2021-11-25,ZA,253,Omicron BA.2,Community,1.1678299426510614,2021-11-08,17,Traveler weight (travel hubs),Strategies (total),90%,T7-R,fig_3f,T7-R^0,17,1.083
2021-11-25,ZA,253,Omicron BA.2,Community,1.1678299426510614,2021-11-08,17,Traveler weight (travel hubs),Strategies (total),90%,T11-R,fig_3f,T11-R^0,17,1.0329
2021-11-25,ZA,253,Omicron BA.2,Community,1.1678299426510614,2021-11-08,17,Traveler weight (travel hubs),Strategies (total),100%,T3-R,fig_3f,T3-R^0,17,1.081
2021-11-25,ZA,253,Omicron BA.2,Community,1.1678299426510614,2021-11-08,17,Traveler weight (travel hubs),Strategies (total),100%,T7-R,fig_3f,T7-R^0,17,1.081
2021-11-25,ZA,253,Omicron BA.2,Community,1.1678299426510614,2021-11-08,17,Traveler weight (travel hubs),Strategies (total),100%,T11-R,fig_3f,T11-R^0,17,1.0298
2021-12-01,US,253,Omicron BA.2,Imported,1,2021-11-08,23,Traveler weight (travel hubs),Strategies (total),100%,T11-M,fig_3f,T11-R^90,17,1
2021-11-27,ZA,254,Omicron BA.2,Community,1.4152721733991445,2021-11-08,19,Traveler weight (travel hubs),Strategies (total),50%,T11-R,fig_3f,T11-R^0,17,1.0547
2021-11-27,ZA,254,Omicron BA.2,Community,1.4152721733991445,2021-11-08,19,Traveler weight (travel hubs),Strategies (total),70%,T3-R,fig_3f,T3-R^0,17,1.0872
2021-11-27,ZA,254,Omicron BA.2,Community,1.4152721733991445,2021-11-08,19,Traveler weight (travel hubs),Strategies (total),70%,T7-R,fig_3f,T7-R^0,17,1.0872
2021-11-27,ZA,254,Omicron BA.2,Community,1.4152721733991445,2021-11-08,19,Traveler weight (travel hubs),Strategies (total),70%,T11-R,fig_3f,T11-R^0,17,1.0367
2021-11-26,US,254,Omicron BA.2,Imported,1,2021-11-08,18,Traveler weight (travel hubs),Strategies (total),90%,T3-R,fig_3f,T3-R^0,17,1.083
2021-11-26,US,254,Omicron BA.2,Imported,1,2021-11-08,18,Traveler weight (travel hubs),Strategies (total),90%,T7-R,fig_3f,T7-R^0,17,1.083
2021-11-26,US,254,Omicron BA.2,Imported,1,2021-11-08,18,Traveler weight (travel hubs),Strategies (total),90%,T11-R,fig_3f,T11-R^0,17,1.0329
2021-11-26,US,254,Omicron BA.2,Imported,1,2021-11-08,18,Traveler weight (travel hubs),Strategies (total),100%,T3-R,fig_3f,T3-R^0,17,1.081
2021-11-26,US,254,Omicron BA.2,Imported,1,2021-11-08,18,Traveler weight (travel hubs),Strategies (total),100%,T7-R,fig_3f,T7-R^0,17,1.081
2021-11-26,US,254,Omicron BA.2,Imported,1,2021-11-08,18,Traveler weight (travel hubs),Strategies (total),100%,T11-R,fig_3f,T11-R^0,17,1.0298
2021-11-26,US,254,Omicron BA.2,Imported,1,2021-11-08,18,Traveler weight (travel hubs),Strategies (total),100%,T11-M,fig_3f,T11-R^90,17,1
2021-11-25,ZA,255,Omicron BA.2,Community,1.0142071680394895,2021-11-08,17,Traveler weight (travel hubs),Strategies (total),50%,T11-R,fig_3f,T11-R^0,17,1.0547
2021-11-25,ZA,255,Omicron BA.2,Community,1.0142071680394895,2021-11-08,17,Traveler weight (travel hubs),Strategies (total),70%,T3-R,fig_3f,T3-R^0,17,1.0872
2021-11-25,ZA,255,Omicron BA.2,Community,1.0142071680394895,2021-11-08,17,Traveler weight (travel hubs),Strategies (total),70%,T7-R,fig_3f,T7-R^0,17,1.0872
2021-11-25,ZA,255,Omicron BA.2,Community,1.0142071680394895,2021-11-08,17,Traveler weight (travel hubs),Strategies (total),70%,T11-R,fig_3f,T11-R^0,17,1.0367
2021-11-25,ZA,255,Omicron BA.2,Community,1.0142071680394895,2021-11-08,17,Traveler weight (travel hubs),Strategies (total),90%,T3-R,fig_3f,T3-R^0,17,1.083
2021-11-25,ZA,255,Omicron BA.2,Community,1.0142071680394895,2021-11-08,17,Traveler weight (travel hubs),Strategies (total),90%,T7-R,fig_3f,T7-R^0,17,1.083
2021-11-25,ZA,255,Omicron BA.2,Community,1.0142071680394895,2021-11-08,17,Traveler weight (travel hubs),Strategies (total),90%,T11-R,fig_3f,T11-R^0,17,1.0329
2021-11-25,ZA,255,Omicron BA.2,Community,1.0142071680394895,2021-11-08,17,Traveler weight (travel hubs),Strategies (total),100%,T3-R,fig_3f,T3-R^0,17,1.081
2021-11-25,ZA,255,Omicron BA.2,Community,1.0142071680394895,2021-11-08,17,Traveler weight (travel hubs),Strategies (total),100%,T7-R,fig_3f,T7-R^0,17,1.081
2021-11-25,ZA,255,Omicron BA.2,Community,1.0142071680394895,2021-11-08,17,Traveler weight (travel hubs),Strategies (total),100%,T11-R,fig_3f,T11-R^0,17,1.0298
2021-11-25,TR,255,Omicron BA.2,Imported,1,2021-11-08,17,Traveler weight (travel hubs),Strategies (total),100%,T11-M,fig_3f,T11-R^90,17,1
2021-11-27,IN,256,Omicron BA.2,Imported,1,2021-11-08,19,Traveler weight (travel hubs),Strategies (total),50%,T11-R,fig_3f,T11-R^0,17,1.0547
2021-11-29,ZA,256,Omicron BA.2,Community,1.4467468039808287,2021-11-08,21,Traveler weight (travel hubs),Strategies (total),70%,T3-R,fig_3f,T3-R^0,17,1.0872
2021-11-29,ZA,256,Omicron BA.2,Community,1.4467468039808287,2021-11-08,21,Traveler weight (travel hubs),Strategies (total),70%,T7-R,fig_3f,T7-R^0,17,1.0872
2021-11-27,IN,256,Omicron BA.2,Imported,1,2021-11-08,19,Traveler weight (travel hubs),Strategies (total),70%,T11-R,fig_3f,T11-R^0,17,1.0367
2021-11-29,ZA,256,Omicron BA.2,Community,1.4467468039808287,2021-11-08,21,Traveler weight (travel hubs),Strategies (total),90%,T3-R,fig_3f,T3-R^0,17,1.083
2021-11-29,ZA,256,Omicron BA.2,Community,1.4467468039808287,2021-11-08,21,Traveler weight (travel hubs),Strategies (total),90%,T7-R,fig_3f,T7-R^0,17,1.083
2021-11-27,IN,256,Omicron BA.2,Imported,1,2021-11-08,19,Traveler weight (travel hubs),Strategies (total),90%,T11-R,fig_3f,T11-R^0,17,1.0329
2021-11-29,ZA,256,Omicron BA.2,Community,1.4467468039808287,2021-11-08,21,Traveler weight (travel hubs),Strategies (total),100%,T3-R,fig_3f,T3-R^0,17,1.081
2021-11-29,ZA,256,Omicron BA.2,Community,1.4467468039808287,2021-11-08,21,Traveler weight (travel hubs),Strategies (total),100%,T7-R,fig_3f,T7-R^0,17,1.081
2021-11-27,IN,256,Omicron BA.2,Imported,1,2021-11-08,19,Traveler weight (travel hubs),Strategies (total),100%,T11-R,fig_3f,T11-R^0,17,1.0298
2021-11-27,IN,256,Omicron BA.2,Imported,1,2021-11-08,19,Traveler weight (travel hubs),Strategies (total),100%,T11-M,fig_3f,T11-R^90,17,1
2021-11-27,ZA,257,Omicron BA.2,Community,1.0253037748559373,2021-11-08,19,Traveler weight (travel hubs),Strategies (total),50%,T11-R,fig_3f,T11-R^0,17,1.0547
2021-11-22,GB,257,Omicron BA.2,Imported,1.1747539279257215,2021-11-08,14,Traveler weight (travel hubs),Strategies (total),70%,T3-R,fig_3f,T3-R^0,17,1.0872
2021-11-22,GB,257,Omicron BA.2,Imported,1.1747539279257215,2021-11-08,14,Traveler weight (travel hubs),Strategies (total),70%,T7-R,fig_3f,T7-R^0,17,1.0872
2021-11-22,GB,257,Omicron BA.2,Imported,1.1747539279257215,2021-11-08,14,Traveler weight (travel hubs),Strategies (total),70%,T11-R,fig_3f,T11-R^0,17,1.0367
2021-11-22,GB,257,Omicron BA.2,Imported,1.5103979073330693,2021-11-08,14,Traveler weight (travel hubs),Strategies (total),90%,T3-R,fig_3f,T3-R^0,17,1.083
2021-11-22,GB,257,Omicron BA.2,Imported,1.5103979073330693,2021-11-08,14,Traveler weight (travel hubs),Strategies (total),90%,T7-R,fig_3f,T7-R^0,17,1.083
2021-11-22,GB,257,Omicron BA.2,Imported,1.5103979073330693,2021-11-08,14,Traveler weight (travel hubs),Strategies (total),90%,T11-R,fig_3f,T11-R^0,17,1.0329
2021-11-22,GB,257,Omicron BA.2,Imported,1.6782198970367452,2021-11-08,14,Traveler weight (travel hubs),Strategies (total),100%,T3-R,fig_3f,T3-R^0,17,1.081
2021-11-22,GB,257,Omicron BA.2,Imported,1.6782198970367452,2021-11-08,14,Traveler weight (travel hubs),Strategies (total),100%,T7-R,fig_3f,T7-R^0,17,1.081
2021-11-22,GB,257,Omicron BA.2,Imported,1.6782198970367452,2021-11-08,14,Traveler weight (travel hubs),Strategies (total),100%,T11-R,fig_3f,T11-R^0,17,1.0298
2021-11-22,GB,257,Omicron BA.2,Imported,1.8350460676541909,2021-11-08,14,Traveler weight (travel hubs),Strategies (total),100%,T11-M,fig_3f,T11-R^90,17,1
2021-11-23,US,258,Omicron BA.2,Imported,1,2021-11-08,15,Traveler weight (travel hubs),Strategies (total),50%,T11-R,fig_3f,T11-R^0,17,1.0547
2021-11-23,US,258,Omicron BA.2,Imported,1,2021-11-08,15,Traveler weight (travel hubs),Strategies (total),70%,T3-R,fig_3f,T3-R^0,17,1.0872
2021-11-23,US,258,Omicron BA.2,Imported,1,2021-11-08,15,Traveler weight (travel hubs),Strategies (total),70%,T7-R,fig_3f,T7-R^0,17,1.0872
2021-11-23,US,258,Omicron BA.2,Imported,1,2021-11-08,15,Traveler weight (travel hubs),Strategies (total),70%,T11-R,fig_3f,T11-R^0,17,1.0367
2021-11-23,US,258,Omicron BA.2,Imported,1,2021-11-08,15,Traveler weight (travel hubs),Strategies (total),90%,T3-R,fig_3f,T3-R^0,17,1.083
2021-11-23,US,258,Omicron BA.2,Imported,1,2021-11-08,15,Traveler weight (travel hubs),Strategies (total),90%,T7-R,fig_3f,T7-R^0,17,1.083
2021-11-23,US,258,Omicron BA.2,Imported,1,2021-11-08,15,Traveler weight (travel hubs),Strategies (total),90%,T11-R,fig_3f,T11-R^0,17,1.0329
2021-11-23,US,258,Omicron BA.2,Imported,1,2021-11-08,15,Traveler weight (travel hubs),Strategies (total),100%,T3-R,fig_3f,T3-R^0,17,1.081
2021-11-23,US,258,Omicron BA.2,Imported,1,2021-11-08,15,Traveler weight (travel hubs),Strategies (total),100%,T7-R,fig_3f,T7-R^0,17,1.081
2021-11-23,US,258,Omicron BA.2,Imported,1,2021-11-08,15,Traveler weight (travel hubs),Strategies (total),100%,T11-R,fig_3f,T11-R^0,17,1.0298
2021-11-23,US,258,Omicron BA.2,Imported,1,2021-11-08,15,Traveler weight (travel hubs),Strategies (total),100%,T11-M,fig_3f,T11-R^90,17,1
2021-11-21,US,259,Omicron BA.2,Imported,1,2021-11-08,13,Traveler weight (travel hubs),Strategies (total),50%,T11-R,fig_3f,T11-R^0,17,1.0547
2021-11-21,US,259,Omicron BA.2,Imported,1,2021-11-08,13,Traveler weight (travel hubs),Strategies (total),70%,T3-R,fig_3f,T3-R^0,17,1.0872
2021-11-21,US,259,Omicron BA.2,Imported,1,2021-11-08,13,Traveler weight (travel hubs),Strategies (total),70%,T7-R,fig_3f,T7-R^0,17,1.0872
2021-11-21,US,259,Omicron BA.2,Imported,1,2021-11-08,13,Traveler weight (travel hubs),Strategies (total),70%,T11-R,fig_3f,T11-R^0,17,1.0367
2021-11-21,US,259,Omicron BA.2,Imported,1,2021-11-08,13,Traveler weight (travel hubs),Strategies (total),90%,T3-R,fig_3f,T3-R^0,17,1.083
2021-11-21,US,259,Omicron BA.2,Imported,1,2021-11-08,13,Traveler weight (travel hubs),Strategies (total),90%,T7-R,fig_3f,T7-R^0,17,1.083
2021-11-21,US,259,Omicron BA.2,Imported,1,2021-11-08,13,Traveler weight (travel hubs),Strategies (total),90%,T11-R,fig_3f,T11-R^0,17,1.0329
2021-11-21,US,259,Omicron BA.2,Imported,1,2021-11-08,13,Traveler weight (travel hubs),Strategies (total),100%,T3-R,fig_3f,T3-R^0,17,1.081
2021-11-21,US,259,Omicron BA.2,Imported,1,2021-11-08,13,Traveler weight (travel hubs),Strategies (total),100%,T7-R,fig_3f,T7-R^0,17,1.081
2021-11-21,US,259,Omicron BA.2,Imported,1,2021-11-08,13,Traveler weight (travel hubs),Strategies (total),100%,T11-R,fig_3f,T11-R^0,17,1.0298
2021-11-21,US,259,Omicron BA.2,Imported,1,2021-11-08,13,Traveler weight (travel hubs),Strategies (total),100%,T11-M,fig_3f,T11-R^90,17,1
2021-11-27,ZA,26,Omicron BA.2,Community,1.135462731232741,2021-11-08,19,Traveler weight (travel hubs),Strategies (total),50%,T11-R,fig_3f,T11-R^0,17,1.0547
2021-11-27,ZA,26,Omicron BA.2,Community,1.135462731232741,2021-11-08,19,Traveler weight (travel hubs),Strategies (total),70%,T3-R,fig_3f,T3-R^0,17,1.0872
2021-11-27,ZA,26,Omicron BA.2,Community,1.135462731232741,2021-11-08,19,Traveler weight (travel hubs),Strategies (total),70%,T7-R,fig_3f,T7-R^0,17,1.0872
2021-11-27,ZA,26,Omicron BA.2,Community,1.135462731232741,2021-11-08,19,Traveler weight (travel hubs),Strategies (total),70%,T11-R,fig_3f,T11-R^0,17,1.0367
2021-11-27,ZA,26,Omicron BA.2,Community,1.135462731232741,2021-11-08,19,Traveler weight (travel hubs),Strategies (total),90%,T3-R,fig_3f,T3-R^0,17,1.083
2021-11-27,ZA,26,Omicron BA.2,Community,1.135462731232741,2021-11-08,19,Traveler weight (travel hubs),Strategies (total),90%,T7-R,fig_3f,T7-R^0,17,1.083
2021-11-27,ZA,26,Omicron BA.2,Community,1.135462731232741,2021-11-08,19,Traveler weight (travel hubs),Strategies (total),90%,T11-R,fig_3f,T11-R^0,17,1.0329
2021-11-27,ZA,26,Omicron BA.2,Community,1.135462731232741,2021-11-08,19,Traveler weight (travel hubs),Strategies (total),100%,T3-R,fig_3f,T3-R^0,17,1.081
2021-11-27,ZA,26,Omicron BA.2,Community,1.135462731232741,2021-11-08,19,Traveler weight (travel hubs),Strategies (total),100%,T7-R,fig_3f,T7-R^0,17,1.081
2021-11-27,ZA,26,Omicron BA.2,Community,1.135462731232741,2021-11-08,19,Traveler weight (travel hubs),Strategies (total),100%,T11-R,fig_3f,T11-R^0,17,1.0298
2021-12-02,US,26,Omicron BA.2,Imported,1,2021-11-08,24,Traveler weight (travel hubs),Strategies (total),100%,T11-M,fig_3f,T11-R^90,17,1
2021-11-22,ZA,260,Omicron BA.2,Community,1.0484006117519178,2021-11-08,14,Traveler weight (travel hubs),Strategies (total),50%,T11-R,fig_3f,T11-R^0,17,1.0547
2021-11-22,ZA,260,Omicron BA.2,Community,1.0484006117519178,2021-11-08,14,Traveler weight (travel hubs),Strategies (total),70%,T3-R,fig_3f,T3-R^0,17,1.0872
2021-11-22,ZA,260,Omicron BA.2,Community,1.0484006117519178,2021-11-08,14,Traveler weight (travel hubs),Strategies (total),70%,T7-R,fig_3f,T7-R^0,17,1.0872
2021-11-22,ZA,260,Omicron BA.2,Community,1.0484006117519178,2021-11-08,14,Traveler weight (travel hubs),Strategies (total),70%,T11-R,fig_3f,T11-R^0,17,1.0367
2021-11-22,ZA,260,Omicron BA.2,Community,1.0484006117519178,2021-11-08,14,Traveler weight (travel hubs),Strategies (total),90%,T3-R,fig_3f,T3-R^0,17,1.083
2021-11-22,ZA,260,Omicron BA.2,Community,1.0484006117519178,2021-11-08,14,Traveler weight (travel hubs),Strategies (total),90%,T7-R,fig_3f,T7-R^0,17,1.083
2021-11-22,ZA,260,Omicron BA.2,Community,1.0484006117519178,2021-11-08,14,Traveler weight (travel hubs),Strategies (total),90%,T11-R,fig_3f,T11-R^0,17,1.0329
2021-11-22,ZA,260,Omicron BA.2,Community,1.0484006117519178,2021-11-08,14,Traveler weight (travel hubs),Strategies (total),100%,T3-R,fig_3f,T3-R^0,17,1.081
2021-11-22,ZA,260,Omicron BA.2,Community,1.0484006117519178,2021-11-08,14,Traveler weight (travel hubs),Strategies (total),100%,T7-R,fig_3f,T7-R^0,17,1.081
2021-11-22,ZA,260,Omicron BA.2,Community,1.0484006117519178,2021-11-08,14,Traveler weight (travel hubs),Strategies (total),100%,T11-R,fig_3f,T11-R^0,17,1.0298
2021-11-22,TR,260,Omicron BA.2,Imported,1,2021-11-08,14,Traveler weight (travel hubs),Strategies (total),100%,T11-M,fig_3f,T11-R^90,17,1
2021-11-26,ZA,261,Omicron BA.2,Community,1.2420727469309714,2021-11-08,18,Traveler weight (travel hubs),Strategies (total),50%,T11-R,fig_3f,T11-R^0,17,1.0547
2021-11-26,ZA,261,Omicron BA.2,Community,1.2420727469309714,2021-11-08,18,Traveler weight (travel hubs),Strategies (total),70%,T3-R,fig_3f,T3-R^0,17,1.0872
2021-11-26,ZA,261,Omicron BA.2,Community,1.2420727469309714,2021-11-08,18,Traveler weight (travel hubs),Strategies (total),70%,T7-R,fig_3f,T7-R^0,17,1.0872
2021-11-26,ZA,261,Omicron BA.2,Community,1.2420727469309714,2021-11-08,18,Traveler weight (travel hubs),Strategies (total),70%,T11-R,fig_3f,T11-R^0,17,1.0367
2021-11-26,ZA,261,Omicron BA.2,Community,1.2420727469309714,2021-11-08,18,Traveler weight (travel hubs),Strategies (total),90%,T3-R,fig_3f,T3-R^0,17,1.083
2021-11-26,ZA,261,Omicron BA.2,Community,1.2420727469309714,2021-11-08,18,Traveler weight (travel hubs),Strategies (total),90%,T7-R,fig_3f,T7-R^0,17,1.083
2021-11-26,ZA,261,Omicron BA.2,Community,1.2420727469309714,2021-11-08,18,Traveler weight (travel hubs),Strategies (total),90%,T11-R,fig_3f,T11-R^0,17,1.0329
2021-11-26,ZA,261,Omicron BA.2,Community,1.2420727469309714,2021-11-08,18,Traveler weight (travel hubs),Strategies (total),100%,T3-R,fig_3f,T3-R^0,17,1.081
2021-11-26,ZA,261,Omicron BA.2,Community,1.2420727469309714,2021-11-08,18,Traveler weight (travel hubs),Strategies (total),100%,T7-R,fig_3f,T7-R^0,17,1.081
2021-11-26,ZA,261,Omicron BA.2,Community,1.2420727469309714,2021-11-08,18,Traveler weight (travel hubs),Strategies (total),100%,T11-R,fig_3f,T11-R^0,17,1.0298
2021-11-27,GB,261,Omicron BA.2,Imported,1.3289862028459494,2021-11-08,19,Traveler weight (travel hubs),Strategies (total),100%,T11-M,fig_3f,T11-R^90,17,1
2021-11-23,US,262,Omicron BA.2,Imported,1,2021-11-08,15,Traveler weight (travel hubs),Strategies (total),50%,T11-R,fig_3f,T11-R^0,17,1.0547
2021-11-23,US,262,Omicron BA.2,Imported,1,2021-11-08,15,Traveler weight (travel hubs),Strategies (total),70%,T3-R,fig_3f,T3-R^0,17,1.0872
2021-11-23,US,262,Omicron BA.2,Imported,1,2021-11-08,15,Traveler weight (travel hubs),Strategies (total),70%,T7-R,fig_3f,T7-R^0,17,1.0872
2021-11-23,US,262,Omicron BA.2,Imported,1,2021-11-08,15,Traveler weight (travel hubs),Strategies (total),70%,T11-R,fig_3f,T11-R^0,17,1.0367
2021-11-23,US,262,Omicron BA.2,Imported,1,2021-11-08,15,Traveler weight (travel hubs),Strategies (total),90%,T3-R,fig_3f,T3-R^0,17,1.083
2021-11-23,US,262,Omicron BA.2,Imported,1,2021-11-08,15,Traveler weight (travel hubs),Strategies (total),90%,T7-R,fig_3f,T7-R^0,17,1.083
2021-11-23,US,262,Omicron BA.2,Imported,1,2021-11-08,15,Traveler weight (travel hubs),Strategies (total),90%,T11-R,fig_3f,T11-R^0,17,1.0329
2021-11-23,US,262,Omicron BA.2,Imported,1,2021-11-08,15,Traveler weight (travel hubs),Strategies (total),100%,T3-R,fig_3f,T3-R^0,17,1.081
2021-11-23,US,262,Omicron BA.2,Imported,1,2021-11-08,15,Traveler weight (travel hubs),Strategies (total),100%,T7-R,fig_3f,T7-R^0,17,1.081
2021-11-23,US,262,Omicron BA.2,Imported,1,2021-11-08,15,Traveler weight (travel hubs),Strategies (total),100%,T11-R,fig_3f,T11-R^0,17,1.0298
2021-11-23,US,262,Omicron BA.2,Imported,1,2021-11-08,15,Traveler weight (travel hubs),Strategies (total),100%,T11-M,fig_3f,T11-R^90,17,1
2021-11-25,ZA,263,Omicron BA.2,Community,1.0676411766000362,2021-11-08,17,Traveler weight (travel hubs),Strategies (total),50%,T11-R,fig_3f,T11-R^0,17,1.0547
2021-11-25,ZA,263,Omicron BA.2,Community,1.0676411766000362,2021-11-08,17,Traveler weight (travel hubs),Strategies (total),70%,T3-R,fig_3f,T3-R^0,17,1.0872
2021-11-25,ZA,263,Omicron BA.2,Community,1.0676411766000362,2021-11-08,17,Traveler weight (travel hubs),Strategies (total),70%,T7-R,fig_3f,T7-R^0,17,1.0872
2021-11-25,ZA,263,Omicron BA.2,Community,1.0676411766000362,2021-11-08,17,Traveler weight (travel hubs),Strategies (total),70%,T11-R,fig_3f,T11-R^0,17,1.0367
2021-11-25,ZA,263,Omicron BA.2,Community,1.0676411766000362,2021-11-08,17,Traveler weight (travel hubs),Strategies (total),90%,T3-R,fig_3f,T3-R^0,17,1.083
2021-11-25,ZA,263,Omicron BA.2,Community,1.0676411766000362,2021-11-08,17,Traveler weight (travel hubs),Strategies (total),90%,T7-R,fig_3f,T7-R^0,17,1.083
2021-11-25,ZA,263,Omicron BA.2,Community,1.0676411766000362,2021-11-08,17,Traveler weight (travel hubs),Strategies (total),90%,T11-R,fig_3f,T11-R^0,17,1.0329
2021-11-25,ZA,263,Omicron BA.2,Community,1.0676411766000362,2021-11-08,17,Traveler weight (travel hubs),Strategies (total),100%,T3-R,fig_3f,T3-R^0,17,1.081
2021-11-25,ZA,263,Omicron BA.2,Community,1.0676411766000362,2021-11-08,17,Traveler weight (travel hubs),Strategies (total),100%,T7-R,fig_3f,T7-R^0,17,1.081
2021-11-25,ZA,263,Omicron BA.2,Community,1.0676411766000362,2021-11-08,17,Traveler weight (travel hubs),Strategies (total),100%,T11-R,fig_3f,T11-R^0,17,1.0298
2021-11-28,US,263,Omicron BA.2,Imported,1,2021-11-08,20,Traveler weight (travel hubs),Strategies (total),100%,T11-M,fig_3f,T11-R^90,17,1
2021-11-23,ZA,264,Omicron BA.2,Community,1.0189613027879334,2021-11-08,15,Traveler weight (travel hubs),Strategies (total),50%,T11-R,fig_3f,T11-R^0,17,1.0547
2021-11-23,ZA,264,Omicron BA.2,Community,1.0189613027879334,2021-11-08,15,Traveler weight (travel hubs),Strategies (total),70%,T3-R,fig_3f,T3-R^0,17,1.0872
2021-11-23,ZA,264,Omicron BA.2,Community,1.0189613027879334,2021-11-08,15,Traveler weight (travel hubs),Strategies (total),70%,T7-R,fig_3f,T7-R^0,17,1.0872
2021-11-23,ZA,264,Omicron BA.2,Community,1.0189613027879334,2021-11-08,15,Traveler weight (travel hubs),Strategies (total),70%,T11-R,fig_3f,T11-R^0,17,1.0367
2021-11-23,ZA,264,Omicron BA.2,Community,1.0189613027879334,2021-11-08,15,Traveler weight (travel hubs),Strategies (total),90%,T3-R,fig_3f,T3-R^0,17,1.083
2021-11-23,ZA,264,Omicron BA.2,Community,1.0189613027879334,2021-11-08,15,Traveler weight (travel hubs),Strategies (total),90%,T7-R,fig_3f,T7-R^0,17,1.083
2021-11-23,ZA,264,Omicron BA.2,Community,1.0189613027879334,2021-11-08,15,Traveler weight (travel hubs),Strategies (total),90%,T11-R,fig_3f,T11-R^0,17,1.0329
2021-11-23,ZA,264,Omicron BA.2,Community,1.0189613027879334,2021-11-08,15,Traveler weight (travel hubs),Strategies (total),100%,T3-R,fig_3f,T3-R^0,17,1.081
2021-11-23,ZA,264,Omicron BA.2,Community,1.0189613027879334,2021-11-08,15,Traveler weight (travel hubs),Strategies (total),100%,T7-R,fig_3f,T7-R^0,17,1.081
2021-11-23,ZA,264,Omicron BA.2,Community,1.0189613027879334,2021-11-08,15,Traveler weight (travel hubs),Strategies (total),100%,T11-R,fig_3f,T11-R^0,17,1.0298
2021-12-04,IN,264,Omicron BA.2,Imported,1,2021-11-08,26,Traveler weight (travel hubs),Strategies (total),100%,T11-M,fig_3f,T11-R^90,17,1
2021-11-27,ZA,265,Omicron BA.2,Community,1.0998816729714995,2021-11-08,19,Traveler weight (travel hubs),Strategies (total),50%,T11-R,fig_3f,T11-R^0,17,1.0547
2021-11-27,ZA,265,Omicron BA.2,Community,1.0998816729714995,2021-11-08,19,Traveler weight (travel hubs),Strategies (total),70%,T3-R,fig_3f,T3-R^0,17,1.0872
2021-11-27,ZA,265,Omicron BA.2,Community,1.0998816729714995,2021-11-08,19,Traveler weight (travel hubs),Strategies (total),70%,T7-R,fig_3f,T7-R^0,17,1.0872
2021-11-27,ZA,265,Omicron BA.2,Community,1.0998816729714995,2021-11-08,19,Traveler weight (travel hubs),Strategies (total),70%,T11-R,fig_3f,T11-R^0,17,1.0367
2021-11-27,ZA,265,Omicron BA.2,Community,1.0998816729714995,2021-11-08,19,Traveler weight (travel hubs),Strategies (total),90%,T3-R,fig_3f,T3-R^0,17,1.083
2021-11-27,ZA,265,Omicron BA.2,Community,1.0998816729714995,2021-11-08,19,Traveler weight (travel hubs),Strategies (total),90%,T7-R,fig_3f,T7-R^0,17,1.083
2021-11-27,ZA,265,Omicron BA.2,Community,1.0998816729714995,2021-11-08,19,Traveler weight (travel hubs),Strategies (total),90%,T11-R,fig_3f,T11-R^0,17,1.0329
2021-11-27,ZA,265,Omicron BA.2,Community,1.0998816729714995,2021-11-08,19,Traveler weight (travel hubs),Strategies (total),100%,T3-R,fig_3f,T3-R^0,17,1.081
2021-11-27,ZA,265,Omicron BA.2,Community,1.0998816729714995,2021-11-08,19,Traveler weight (travel hubs),Strategies (total),100%,T7-R,fig_3f,T7-R^0,17,1.081
2021-11-27,ZA,265,Omicron BA.2,Community,1.0998816729714995,2021-11-08,19,Traveler weight (travel hubs),Strategies (total),100%,T11-R,fig_3f,T11-R^0,17,1.0298
2021-12-05,US,265,Omicron BA.2,Imported,1,2021-11-08,27,Traveler weight (travel hubs),Strategies (total),100%,T11-M,fig_3f,T11-R^90,17,1
2021-11-25,ZA,266,Omicron BA.2,Community,1.539938441154647,2021-11-08,17,Traveler weight (travel hubs),Strategies (total),50%,T11-R,fig_3f,T11-R^0,17,1.0547
2021-11-25,ZA,266,Omicron BA.2,Community,1.539938441154647,2021-11-08,17,Traveler weight (travel hubs),Strategies (total),70%,T3-R,fig_3f,T3-R^0,17,1.0872
2021-11-25,ZA,266,Omicron BA.2,Community,1.539938441154647,2021-11-08,17,Traveler weight (travel hubs),Strategies (total),70%,T7-R,fig_3f,T7-R^0,17,1.0872
2021-11-25,ZA,266,Omicron BA.2,Community,1.539938441154647,2021-11-08,17,Traveler weight (travel hubs),Strategies (total),70%,T11-R,fig_3f,T11-R^0,17,1.0367
2021-11-25,ZA,266,Omicron BA.2,Community,1.539938441154647,2021-11-08,17,Traveler weight (travel hubs),Strategies (total),90%,T3-R,fig_3f,T3-R^0,17,1.083
2021-11-25,ZA,266,Omicron BA.2,Community,1.539938441154647,2021-11-08,17,Traveler weight (travel hubs),Strategies (total),90%,T7-R,fig_3f,T7-R^0,17,1.083
2021-11-25,ZA,266,Omicron BA.2,Community,1.539938441154647,2021-11-08,17,Traveler weight (travel hubs),Strategies (total),90%,T11-R,fig_3f,T11-R^0,17,1.0329
2021-11-25,ZA,266,Omicron BA.2,Community,1.539938441154647,2021-11-08,17,Traveler weight (travel hubs),Strategies (total),100%,T3-R,fig_3f,T3-R^0,17,1.081
2021-11-25,ZA,266,Omicron BA.2,Community,1.539938441154647,2021-11-08,17,Traveler weight (travel hubs),Strategies (total),100%,T7-R,fig_3f,T7-R^0,17,1.081
2021-11-25,ZA,266,Omicron BA.2,Community,1.539938441154647,2021-11-08,17,Traveler weight (travel hubs),Strategies (total),100%,T11-R,fig_3f,T11-R^0,17,1.0298
2021-11-25,GB,266,Omicron BA.2,Imported,1.1258742632475938,2021-11-08,17,Traveler weight (travel hubs),Strategies (total),100%,T11-M,fig_3f,T11-R^90,17,1
2021-11-25,ZA,267,Omicron BA.2,Community,1.2334350309392883,2021-11-08,17,Traveler weight (travel hubs),Strategies (total),50%,T11-R,fig_3f,T11-R^0,17,1.0547
2021-11-25,ZA,267,Omicron BA.2,Community,1.2334350309392883,2021-11-08,17,Traveler weight (travel hubs),Strategies (total),70%,T3-R,fig_3f,T3-R^0,17,1.0872
2021-11-25,ZA,267,Omicron BA.2,Community,1.2334350309392883,2021-11-08,17,Traveler weight (travel hubs),Strategies (total),70%,T7-R,fig_3f,T7-R^0,17,1.0872
2021-11-25,ZA,267,Omicron BA.2,Community,1.2334350309392883,2021-11-08,17,Traveler weight (travel hubs),Strategies (total),70%,T11-R,fig_3f,T11-R^0,17,1.0367
2021-11-25,ZA,267,Omicron BA.2,Community,1.2334350309392883,2021-11-08,17,Traveler weight (travel hubs),Strategies (total),90%,T3-R,fig_3f,T3-R^0,17,1.083
2021-11-25,ZA,267,Omicron BA.2,Community,1.2334350309392883,2021-11-08,17,Traveler weight (travel hubs),Strategies (total),90%,T7-R,fig_3f,T7-R^0,17,1.083
2021-11-25,ZA,267,Omicron BA.2,Community,1.2334350309392883,2021-11-08,17,Traveler weight (travel hubs),Strategies (total),90%,T11-R,fig_3f,T11-R^0,17,1.0329
2021-11-25,ZA,267,Omicron BA.2,Community,1.2334350309392883,2021-11-08,17,Traveler weight (travel hubs),Strategies (total),100%,T3-R,fig_3f,T3-R^0,17,1.081
2021-11-25,ZA,267,Omicron BA.2,Community,1.2334350309392883,2021-11-08,17,Traveler weight (travel hubs),Strategies (total),100%,T7-R,fig_3f,T7-R^0,17,1.081
2021-11-25,ZA,267,Omicron BA.2,Community,1.2334350309392883,2021-11-08,17,Traveler weight (travel hubs),Strategies (total),100%,T11-R,fig_3f,T11-R^0,17,1.0298
2021-12-03,IN,267,Omicron BA.2,Imported,2,2021-11-08,25,Traveler weight (travel hubs),Strategies (total),100%,T11-M,fig_3f,T11-R^90,17,1
2021-11-26,ZA,268,Omicron BA.2,Community,1.0245466055947554,2021-11-08,18,Traveler weight (travel hubs),Strategies (total),50%,T11-R,fig_3f,T11-R^0,17,1.0547
2021-11-26,ZA,268,Omicron BA.2,Community,1.0245466055947554,2021-11-08,18,Traveler weight (travel hubs),Strategies (total),70%,T3-R,fig_3f,T3-R^0,17,1.0872
2021-11-26,ZA,268,Omicron BA.2,Community,1.0245466055947554,2021-11-08,18,Traveler weight (travel hubs),Strategies (total),70%,T7-R,fig_3f,T7-R^0,17,1.0872
2021-11-26,ZA,268,Omicron BA.2,Community,1.0245466055947554,2021-11-08,18,Traveler weight (travel hubs),Strategies (total),70%,T11-R,fig_3f,T11-R^0,17,1.0367
2021-11-26,ZA,268,Omicron BA.2,Community,1.0245466055947554,2021-11-08,18,Traveler weight (travel hubs),Strategies (total),90%,T3-R,fig_3f,T3-R^0,17,1.083
2021-11-26,ZA,268,Omicron BA.2,Community,1.0245466055947554,2021-11-08,18,Traveler weight (travel hubs),Strategies (total),90%,T7-R,fig_3f,T7-R^0,17,1.083
2021-11-26,ZA,268,Omicron BA.2,Community,1.0245466055947554,2021-11-08,18,Traveler weight (travel hubs),Strategies (total),90%,T11-R,fig_3f,T11-R^0,17,1.0329
2021-11-26,ZA,268,Omicron BA.2,Community,1.0245466055947554,2021-11-08,18,Traveler weight (travel hubs),Strategies (total),100%,T3-R,fig_3f,T3-R^0,17,1.081
2021-11-26,ZA,268,Omicron BA.2,Community,1.0245466055947554,2021-11-08,18,Traveler weight (travel hubs),Strategies (total),100%,T7-R,fig_3f,T7-R^0,17,1.081
2021-11-26,ZA,268,Omicron BA.2,Community,1.0245466055947554,2021-11-08,18,Traveler weight (travel hubs),Strategies (total),100%,T11-R,fig_3f,T11-R^0,17,1.0298
2021-11-26,US,268,Omicron BA.2,Imported,1,2021-11-08,18,Traveler weight (travel hubs),Strategies (total),100%,T11-M,fig_3f,T11-R^90,17,1
2021-11-29,ZA,269,Omicron BA.2,Community,1.0912536589726376,2021-11-08,21,Traveler weight (travel hubs),Strategies (total),50%,T11-R,fig_3f,T11-R^0,17,1.0547
2021-11-29,ZA,269,Omicron BA.2,Community,1.0912536589726376,2021-11-08,21,Traveler weight (travel hubs),Strategies (total),70%,T3-R,fig_3f,T3-R^0,17,1.0872
2021-11-29,ZA,269,Omicron BA.2,Community,1.0912536589726376,2021-11-08,21,Traveler weight (travel hubs),Strategies (total),70%,T7-R,fig_3f,T7-R^0,17,1.0872
2021-11-29,ZA,269,Omicron BA.2,Community,1.0912536589726376,2021-11-08,21,Traveler weight (travel hubs),Strategies (total),70%,T11-R,fig_3f,T11-R^0,17,1.0367
2021-11-29,ZA,269,Omicron BA.2,Community,1.0912536589726376,2021-11-08,21,Traveler weight (travel hubs),Strategies (total),90%,T3-R,fig_3f,T3-R^0,17,1.083
2021-11-29,ZA,269,Omicron BA.2,Community,1.0912536589726376,2021-11-08,21,Traveler weight (travel hubs),Strategies (total),90%,T7-R,fig_3f,T7-R^0,17,1.083
2021-11-29,ZA,269,Omicron BA.2,Community,1.0912536589726376,2021-11-08,21,Traveler weight (travel hubs),Strategies (total),90%,T11-R,fig_3f,T11-R^0,17,1.0329
2021-11-29,ZA,269,Omicron BA.2,Community,1.0912536589726376,2021-11-08,21,Traveler weight (travel hubs),Strategies (total),100%,T3-R,fig_3f,T3-R^0,17,1.081
2021-11-29,ZA,269,Omicron BA.2,Community,1.0912536589726376,2021-11-08,21,Traveler weight (travel hubs),Strategies (total),100%,T7-R,fig_3f,T7-R^0,17,1.081
2021-11-29,ZA,269,Omicron BA.2,Community,1.0912536589726376,2021-11-08,21,Traveler weight (travel hubs),Strategies (total),100%,T11-R,fig_3f,T11-R^0,17,1.0298
2021-12-10,GB,269,Omicron BA.2,Imported,1.5379305176822644,2021-11-08,32,Traveler weight (travel hubs),Strategies (total),100%,T11-M,fig_3f,T11-R^90,17,1
2021-11-27,ZA,27,Omicron BA.2,Community,1.0332305039138954,2021-11-08,19,Traveler weight (travel hubs),Strategies (total),50%,T11-R,fig_3f,T11-R^0,17,1.0547
2021-11-27,ZA,27,Omicron BA.2,Community,1.0332305039138954,2021-11-08,19,Traveler weight (travel hubs),Strategies (total),70%,T3-R,fig_3f,T3-R^0,17,1.0872
2021-11-27,ZA,27,Omicron BA.2,Community,1.0332305039138954,2021-11-08,19,Traveler weight (travel hubs),Strategies (total),70%,T7-R,fig_3f,T7-R^0,17,1.0872
2021-11-23,IN,27,Omicron BA.2,Imported,1,2021-11-08,15,Traveler weight (travel hubs),Strategies (total),70%,T11-R,fig_3f,T11-R^0,17,1.0367
2021-11-27,ZA,27,Omicron BA.2,Community,1.0332305039138954,2021-11-08,19,Traveler weight (travel hubs),Strategies (total),90%,T3-R,fig_3f,T3-R^0,17,1.083
2021-11-27,ZA,27,Omicron BA.2,Community,1.0332305039138954,2021-11-08,19,Traveler weight (travel hubs),Strategies (total),90%,T7-R,fig_3f,T7-R^0,17,1.083
2021-11-23,IN,27,Omicron BA.2,Imported,1,2021-11-08,15,Traveler weight (travel hubs),Strategies (total),90%,T11-R,fig_3f,T11-R^0,17,1.0329
2021-11-27,ZA,27,Omicron BA.2,Community,1.0332305039138954,2021-11-08,19,Traveler weight (travel hubs),Strategies (total),100%,T3-R,fig_3f,T3-R^0,17,1.081
2021-11-27,ZA,27,Omicron BA.2,Community,1.0332305039138954,2021-11-08,19,Traveler weight (travel hubs),Strategies (total),100%,T7-R,fig_3f,T7-R^0,17,1.081
2021-11-23,IN,27,Omicron BA.2,Imported,1,2021-11-08,15,Traveler weight (travel hubs),Strategies (total),100%,T11-R,fig_3f,T11-R^0,17,1.0298
2021-11-23,IN,27,Omicron BA.2,Imported,1,2021-11-08,15,Traveler weight (travel hubs),Strategies (total),100%,T11-M,fig_3f,T11-R^90,17,1
2021-11-16,US,270,Omicron BA.2,Imported,1,2021-11-08,8,Traveler weight (travel hubs),Strategies (total),50%,T11-R,fig_3f,T11-R^0,17,1.0547
2021-11-16,US,270,Omicron BA.2,Imported,1,2021-11-08,8,Traveler weight (travel hubs),Strategies (total),70%,T3-R,fig_3f,T3-R^0,17,1.0872
2021-11-16,US,270,Omicron BA.2,Imported,1,2021-11-08,8,Traveler weight (travel hubs),Strategies (total),70%,T7-R,fig_3f,T7-R^0,17,1.0872
2021-11-16,US,270,Omicron BA.2,Imported,1,2021-11-08,8,Traveler weight (travel hubs),Strategies (total),70%,T11-R,fig_3f,T11-R^0,17,1.0367
2021-11-16,US,270,Omicron BA.2,Imported,1,2021-11-08,8,Traveler weight (travel hubs),Strategies (total),90%,T3-R,fig_3f,T3-R^0,17,1.083
2021-11-16,US,270,Omicron BA.2,Imported,1,2021-11-08,8,Traveler weight (travel hubs),Strategies (total),90%,T7-R,fig_3f,T7-R^0,17,1.083
2021-11-16,US,270,Omicron BA.2,Imported,1,2021-11-08,8,Traveler weight (travel hubs),Strategies (total),90%,T11-R,fig_3f,T11-R^0,17,1.0329
2021-11-16,US,270,Omicron BA.2,Imported,1,2021-11-08,8,Traveler weight (travel hubs),Strategies (total),100%,T3-R,fig_3f,T3-R^0,17,1.081
2021-11-16,US,270,Omicron BA.2,Imported,1,2021-11-08,8,Traveler weight (travel hubs),Strategies (total),100%,T7-R,fig_3f,T7-R^0,17,1.081
2021-11-16,US,270,Omicron BA.2,Imported,1,2021-11-08,8,Traveler weight (travel hubs),Strategies (total),100%,T11-R,fig_3f,T11-R^0,17,1.0298
2021-11-16,US,270,Omicron BA.2,Imported,1,2021-11-08,8,Traveler weight (travel hubs),Strategies (total),100%,T11-M,fig_3f,T11-R^90,17,1
2021-11-23,US,271,Omicron BA.2,Imported,1,2021-11-08,15,Traveler weight (travel hubs),Strategies (total),50%,T11-R,fig_3f,T11-R^0,17,1.0547
2021-11-23,US,271,Omicron BA.2,Imported,1,2021-11-08,15,Traveler weight (travel hubs),Strategies (total),70%,T3-R,fig_3f,T3-R^0,17,1.0872
2021-11-23,US,271,Omicron BA.2,Imported,1,2021-11-08,15,Traveler weight (travel hubs),Strategies (total),70%,T7-R,fig_3f,T7-R^0,17,1.0872
2021-11-23,US,271,Omicron BA.2,Imported,1,2021-11-08,15,Traveler weight (travel hubs),Strategies (total),70%,T11-R,fig_3f,T11-R^0,17,1.0367
2021-11-23,US,271,Omicron BA.2,Imported,1,2021-11-08,15,Traveler weight (travel hubs),Strategies (total),90%,T3-R,fig_3f,T3-R^0,17,1.083
2021-11-23,US,271,Omicron BA.2,Imported,1,2021-11-08,15,Traveler weight (travel hubs),Strategies (total),90%,T7-R,fig_3f,T7-R^0,17,1.083
2021-11-23,US,271,Omicron BA.2,Imported,1,2021-11-08,15,Traveler weight (travel hubs),Strategies (total),90%,T11-R,fig_3f,T11-R^0,17,1.0329
2021-11-23,US,271,Omicron BA.2,Imported,1,2021-11-08,15,Traveler weight (travel hubs),Strategies (total),100%,T3-R,fig_3f,T3-R^0,17,1.081
2021-11-23,US,271,Omicron BA.2,Imported,1,2021-11-08,15,Traveler weight (travel hubs),Strategies (total),100%,T7-R,fig_3f,T7-R^0,17,1.081
2021-11-23,US,271,Omicron BA.2,Imported,1,2021-11-08,15,Traveler weight (travel hubs),Strategies (total),100%,T11-R,fig_3f,T11-R^0,17,1.0298
2021-11-23,US,271,Omicron BA.2,Imported,1,2021-11-08,15,Traveler weight (travel hubs),Strategies (total),100%,T11-M,fig_3f,T11-R^90,17,1
2021-11-26,ZA,272,Omicron BA.2,Community,1.0157300324308838,2021-11-08,18,Traveler weight (travel hubs),Strategies (total),50%,T11-R,fig_3f,T11-R^0,17,1.0547
2021-11-26,ZA,272,Omicron BA.2,Community,1.0157300324308838,2021-11-08,18,Traveler weight (travel hubs),Strategies (total),70%,T3-R,fig_3f,T3-R^0,17,1.0872
2021-11-26,ZA,272,Omicron BA.2,Community,1.0157300324308838,2021-11-08,18,Traveler weight (travel hubs),Strategies (total),70%,T7-R,fig_3f,T7-R^0,17,1.0872
2021-11-26,ZA,272,Omicron BA.2,Community,1.0157300324308838,2021-11-08,18,Traveler weight (travel hubs),Strategies (total),70%,T11-R,fig_3f,T11-R^0,17,1.0367
2021-11-26,ZA,272,Omicron BA.2,Community,1.0157300324308838,2021-11-08,18,Traveler weight (travel hubs),Strategies (total),90%,T3-R,fig_3f,T3-R^0,17,1.083
2021-11-26,ZA,272,Omicron BA.2,Community,1.0157300324308838,2021-11-08,18,Traveler weight (travel hubs),Strategies (total),90%,T7-R,fig_3f,T7-R^0,17,1.083
2021-11-26,ZA,272,Omicron BA.2,Community,1.0157300324308838,2021-11-08,18,Traveler weight (travel hubs),Strategies (total),90%,T11-R,fig_3f,T11-R^0,17,1.0329
2021-11-26,ZA,272,Omicron BA.2,Community,1.0157300324308838,2021-11-08,18,Traveler weight (travel hubs),Strategies (total),100%,T3-R,fig_3f,T3-R^0,17,1.081
2021-11-26,ZA,272,Omicron BA.2,Community,1.0157300324308838,2021-11-08,18,Traveler weight (travel hubs),Strategies (total),100%,T7-R,fig_3f,T7-R^0,17,1.081
2021-11-26,ZA,272,Omicron BA.2,Community,1.0157300324308838,2021-11-08,18,Traveler weight (travel hubs),Strategies (total),100%,T11-R,fig_3f,T11-R^0,17,1.0298
2021-11-27,US,272,Omicron BA.2,Imported,1,2021-11-08,19,Traveler weight (travel hubs),Strategies (total),100%,T11-M,fig_3f,T11-R^90,17,1
2021-11-25,ZA,273,Omicron BA.2,Community,1.1897972572815088,2021-11-08,17,Traveler weight (travel hubs),Strategies (total),50%,T11-R,fig_3f,T11-R^0,17,1.0547
2021-11-25,ZA,273,Omicron BA.2,Community,1.1897972572815088,2021-11-08,17,Traveler weight (travel hubs),Strategies (total),70%,T3-R,fig_3f,T3-R^0,17,1.0872
2021-11-25,ZA,273,Omicron BA.2,Community,1.1897972572815088,2021-11-08,17,Traveler weight (travel hubs),Strategies (total),70%,T7-R,fig_3f,T7-R^0,17,1.0872
2021-11-25,ZA,273,Omicron BA.2,Community,1.1897972572815088,2021-11-08,17,Traveler weight (travel hubs),Strategies (total),70%,T11-R,fig_3f,T11-R^0,17,1.0367
2021-11-25,ZA,273,Omicron BA.2,Community,1.1897972572815088,2021-11-08,17,Traveler weight (travel hubs),Strategies (total),90%,T3-R,fig_3f,T3-R^0,17,1.083
2021-11-25,ZA,273,Omicron BA.2,Community,1.1897972572815088,2021-11-08,17,Traveler weight (travel hubs),Strategies (total),90%,T7-R,fig_3f,T7-R^0,17,1.083
2021-11-25,ZA,273,Omicron BA.2,Community,1.1897972572815088,2021-11-08,17,Traveler weight (travel hubs),Strategies (total),90%,T11-R,fig_3f,T11-R^0,17,1.0329
2021-11-25,ZA,273,Omicron BA.2,Community,1.1897972572815088,2021-11-08,17,Traveler weight (travel hubs),Strategies (total),100%,T3-R,fig_3f,T3-R^0,17,1.081
2021-11-25,ZA,273,Omicron BA.2,Community,1.1897972572815088,2021-11-08,17,Traveler weight (travel hubs),Strategies (total),100%,T7-R,fig_3f,T7-R^0,17,1.081
2021-11-25,ZA,273,Omicron BA.2,Community,1.1897972572815088,2021-11-08,17,Traveler weight (travel hubs),Strategies (total),100%,T11-R,fig_3f,T11-R^0,17,1.0298
2021-11-22,TR,273,Omicron BA.2,Imported,1,2021-11-08,14,Traveler weight (travel hubs),Strategies (total),100%,T11-M,fig_3f,T11-R^90,17,1
2021-11-25,ZA,274,Omicron BA.2,Community,1.2702451257254426,2021-11-08,17,Traveler weight (travel hubs),Strategies (total),50%,T11-R,fig_3f,T11-R^0,17,1.0547
2021-11-25,ZA,274,Omicron BA.2,Community,1.2702451257254426,2021-11-08,17,Traveler weight (travel hubs),Strategies (total),70%,T3-R,fig_3f,T3-R^0,17,1.0872
2021-11-25,ZA,274,Omicron BA.2,Community,1.2702451257254426,2021-11-08,17,Traveler weight (travel hubs),Strategies (total),70%,T7-R,fig_3f,T7-R^0,17,1.0872
2021-11-25,ZA,274,Omicron BA.2,Community,1.2702451257254426,2021-11-08,17,Traveler weight (travel hubs),Strategies (total),70%,T11-R,fig_3f,T11-R^0,17,1.0367
2021-11-25,ZA,274,Omicron BA.2,Community,1.2702451257254426,2021-11-08,17,Traveler weight (travel hubs),Strategies (total),90%,T3-R,fig_3f,T3-R^0,17,1.083
2021-11-25,ZA,274,Omicron BA.2,Community,1.2702451257254426,2021-11-08,17,Traveler weight (travel hubs),Strategies (total),90%,T7-R,fig_3f,T7-R^0,17,1.083
2021-11-25,ZA,274,Omicron BA.2,Community,1.2702451257254426,2021-11-08,17,Traveler weight (travel hubs),Strategies (total),90%,T11-R,fig_3f,T11-R^0,17,1.0329
2021-11-25,ZA,274,Omicron BA.2,Community,1.2702451257254426,2021-11-08,17,Traveler weight (travel hubs),Strategies (total),100%,T3-R,fig_3f,T3-R^0,17,1.081
2021-11-25,ZA,274,Omicron BA.2,Community,1.2702451257254426,2021-11-08,17,Traveler weight (travel hubs),Strategies (total),100%,T7-R,fig_3f,T7-R^0,17,1.081
2021-11-25,ZA,274,Omicron BA.2,Community,1.2702451257254426,2021-11-08,17,Traveler weight (travel hubs),Strategies (total),100%,T11-R,fig_3f,T11-R^0,17,1.0298
2021-12-01,US,274,Omicron BA.2,Imported,1,2021-11-08,23,Traveler weight (travel hubs),Strategies (total),100%,T11-M,fig_3f,T11-R^90,17,1
2021-11-22,ZA,275,Omicron BA.2,Community,1.0149155732016666,2021-11-08,14,Traveler weight (travel hubs),Strategies (total),50%,T11-R,fig_3f,T11-R^0,17,1.0547
2021-11-22,ZA,275,Omicron BA.2,Community,1.0149155732016666,2021-11-08,14,Traveler weight (travel hubs),Strategies (total),70%,T3-R,fig_3f,T3-R^0,17,1.0872
2021-11-22,ZA,275,Omicron BA.2,Community,1.0149155732016666,2021-11-08,14,Traveler weight (travel hubs),Strategies (total),70%,T7-R,fig_3f,T7-R^0,17,1.0872
2021-11-22,ZA,275,Omicron BA.2,Community,1.0149155732016666,2021-11-08,14,Traveler weight (travel hubs),Strategies (total),70%,T11-R,fig_3f,T11-R^0,17,1.0367
2021-11-22,ZA,275,Omicron BA.2,Community,1.0149155732016666,2021-11-08,14,Traveler weight (travel hubs),Strategies (total),90%,T3-R,fig_3f,T3-R^0,17,1.083
2021-11-22,ZA,275,Omicron BA.2,Community,1.0149155732016666,2021-11-08,14,Traveler weight (travel hubs),Strategies (total),90%,T7-R,fig_3f,T7-R^0,17,1.083
2021-11-22,ZA,275,Omicron BA.2,Community,1.0149155732016666,2021-11-08,14,Traveler weight (travel hubs),Strategies (total),90%,T11-R,fig_3f,T11-R^0,17,1.0329
2021-11-22,ZA,275,Omicron BA.2,Community,1.0149155732016666,2021-11-08,14,Traveler weight (travel hubs),Strategies (total),100%,T3-R,fig_3f,T3-R^0,17,1.081
2021-11-22,ZA,275,Omicron BA.2,Community,1.0149155732016666,2021-11-08,14,Traveler weight (travel hubs),Strategies (total),100%,T7-R,fig_3f,T7-R^0,17,1.081
2021-11-22,ZA,275,Omicron BA.2,Community,1.0149155732016666,2021-11-08,14,Traveler weight (travel hubs),Strategies (total),100%,T11-R,fig_3f,T11-R^0,17,1.0298
2021-11-26,AE,275,Omicron BA.2,Imported,2,2021-11-08,18,Traveler weight (travel hubs),Strategies (total),100%,T11-M,fig_3f,T11-R^90,17,1
2021-11-29,US,276,Omicron BA.2,Imported,1,2021-11-08,21,Traveler weight (travel hubs),Strategies (total),50%,T11-R,fig_3f,T11-R^0,17,1.0547
2021-11-29,US,276,Omicron BA.2,Imported,1,2021-11-08,21,Traveler weight (travel hubs),Strategies (total),70%,T3-R,fig_3f,T3-R^0,17,1.0872
2021-11-29,US,276,Omicron BA.2,Imported,1,2021-11-08,21,Traveler weight (travel hubs),Strategies (total),70%,T7-R,fig_3f,T7-R^0,17,1.0872
2021-11-29,US,276,Omicron BA.2,Imported,1,2021-11-08,21,Traveler weight (travel hubs),Strategies (total),70%,T11-R,fig_3f,T11-R^0,17,1.0367
2021-11-29,US,276,Omicron BA.2,Imported,1,2021-11-08,21,Traveler weight (travel hubs),Strategies (total),90%,T3-R,fig_3f,T3-R^0,17,1.083
2021-11-29,US,276,Omicron BA.2,Imported,1,2021-11-08,21,Traveler weight (travel hubs),Strategies (total),90%,T7-R,fig_3f,T7-R^0,17,1.083
2021-11-29,US,276,Omicron BA.2,Imported,1,2021-11-08,21,Traveler weight (travel hubs),Strategies (total),90%,T11-R,fig_3f,T11-R^0,17,1.0329
2021-11-29,US,276,Omicron BA.2,Imported,1,2021-11-08,21,Traveler weight (travel hubs),Strategies (total),100%,T3-R,fig_3f,T3-R^0,17,1.081
2021-11-29,US,276,Omicron BA.2,Imported,1,2021-11-08,21,Traveler weight (travel hubs),Strategies (total),100%,T7-R,fig_3f,T7-R^0,17,1.081
2021-11-29,US,276,Omicron BA.2,Imported,1,2021-11-08,21,Traveler weight (travel hubs),Strategies (total),100%,T11-R,fig_3f,T11-R^0,17,1.0298
2021-11-29,US,276,Omicron BA.2,Imported,1,2021-11-08,21,Traveler weight (travel hubs),Strategies (total),100%,T11-M,fig_3f,T11-R^90,17,1
2021-12-01,ZA,277,Omicron BA.2,Community,1.1663464550800344,2021-11-08,23,Traveler weight (travel hubs),Strategies (total),50%,T11-R,fig_3f,T11-R^0,17,1.0547
2021-12-01,ZA,277,Omicron BA.2,Community,1.1663464550800344,2021-11-08,23,Traveler weight (travel hubs),Strategies (total),70%,T3-R,fig_3f,T3-R^0,17,1.0872
2021-12-01,ZA,277,Omicron BA.2,Community,1.1663464550800344,2021-11-08,23,Traveler weight (travel hubs),Strategies (total),70%,T7-R,fig_3f,T7-R^0,17,1.0872
2021-12-01,ZA,277,Omicron BA.2,Community,1.1663464550800344,2021-11-08,23,Traveler weight (travel hubs),Strategies (total),70%,T11-R,fig_3f,T11-R^0,17,1.0367
2021-12-01,ZA,277,Omicron BA.2,Community,1.1663464550800344,2021-11-08,23,Traveler weight (travel hubs),Strategies (total),90%,T3-R,fig_3f,T3-R^0,17,1.083
2021-12-01,ZA,277,Omicron BA.2,Community,1.1663464550800344,2021-11-08,23,Traveler weight (travel hubs),Strategies (total),90%,T7-R,fig_3f,T7-R^0,17,1.083
2021-12-01,ZA,277,Omicron BA.2,Community,1.1663464550800344,2021-11-08,23,Traveler weight (travel hubs),Strategies (total),90%,T11-R,fig_3f,T11-R^0,17,1.0329
2021-12-01,ZA,277,Omicron BA.2,Community,1.1663464550800344,2021-11-08,23,Traveler weight (travel hubs),Strategies (total),100%,T3-R,fig_3f,T3-R^0,17,1.081
2021-12-01,ZA,277,Omicron BA.2,Community,1.1663464550800344,2021-11-08,23,Traveler weight (travel hubs),Strategies (total),100%,T7-R,fig_3f,T7-R^0,17,1.081
2021-12-01,ZA,277,Omicron BA.2,Community,1.1663464550800344,2021-11-08,23,Traveler weight (travel hubs),Strategies (total),100%,T11-R,fig_3f,T11-R^0,17,1.0298
2021-11-17,TR,277,Omicron BA.2,Imported,1,2021-11-08,9,Traveler weight (travel hubs),Strategies (total),100%,T11-M,fig_3f,T11-R^90,17,1
2021-12-03,ZA,278,Omicron BA.2,Community,1.4261552542937006,2021-11-08,25,Traveler weight (travel hubs),Strategies (total),50%,T11-R,fig_3f,T11-R^0,17,1.0547
2021-12-03,ZA,278,Omicron BA.2,Community,1.4261552542937006,2021-11-08,25,Traveler weight (travel hubs),Strategies (total),70%,T3-R,fig_3f,T3-R^0,17,1.0872
2021-12-03,ZA,278,Omicron BA.2,Community,1.4261552542937006,2021-11-08,25,Traveler weight (travel hubs),Strategies (total),70%,T7-R,fig_3f,T7-R^0,17,1.0872
2021-12-03,ZA,278,Omicron BA.2,Community,1.4261552542937006,2021-11-08,25,Traveler weight (travel hubs),Strategies (total),70%,T11-R,fig_3f,T11-R^0,17,1.0367
2021-12-03,ZA,278,Omicron BA.2,Community,1.4261552542937006,2021-11-08,25,Traveler weight (travel hubs),Strategies (total),90%,T3-R,fig_3f,T3-R^0,17,1.083
2021-12-03,ZA,278,Omicron BA.2,Community,1.4261552542937006,2021-11-08,25,Traveler weight (travel hubs),Strategies (total),90%,T7-R,fig_3f,T7-R^0,17,1.083
2021-12-03,ZA,278,Omicron BA.2,Community,1.4261552542937006,2021-11-08,25,Traveler weight (travel hubs),Strategies (total),90%,T11-R,fig_3f,T11-R^0,17,1.0329
2021-12-03,ZA,278,Omicron BA.2,Community,1.4261552542937006,2021-11-08,25,Traveler weight (travel hubs),Strategies (total),100%,T3-R,fig_3f,T3-R^0,17,1.081
2021-12-03,ZA,278,Omicron BA.2,Community,1.4261552542937006,2021-11-08,25,Traveler weight (travel hubs),Strategies (total),100%,T7-R,fig_3f,T7-R^0,17,1.081
2021-12-03,ZA,278,Omicron BA.2,Community,1.4261552542937006,2021-11-08,25,Traveler weight (travel hubs),Strategies (total),100%,T11-R,fig_3f,T11-R^0,17,1.0298
2021-12-10,US,278,Omicron BA.2,Imported,2,2021-11-08,32,Traveler weight (travel hubs),Strategies (total),100%,T11-M,fig_3f,T11-R^90,17,1
2021-11-16,US,279,Omicron BA.2,Imported,1,2021-11-08,8,Traveler weight (travel hubs),Strategies (total),50%,T11-R,fig_3f,T11-R^0,17,1.0547
2021-11-16,US,279,Omicron BA.2,Imported,1,2021-11-08,8,Traveler weight (travel hubs),Strategies (total),70%,T3-R,fig_3f,T3-R^0,17,1.0872
2021-11-16,US,279,Omicron BA.2,Imported,1,2021-11-08,8,Traveler weight (travel hubs),Strategies (total),70%,T7-R,fig_3f,T7-R^0,17,1.0872
2021-11-16,US,279,Omicron BA.2,Imported,1,2021-11-08,8,Traveler weight (travel hubs),Strategies (total),70%,T11-R,fig_3f,T11-R^0,17,1.0367
2021-11-16,US,279,Omicron BA.2,Imported,1,2021-11-08,8,Traveler weight (travel hubs),Strategies (total),90%,T3-R,fig_3f,T3-R^0,17,1.083
2021-11-16,US,279,Omicron BA.2,Imported,1,2021-11-08,8,Traveler weight (travel hubs),Strategies (total),90%,T7-R,fig_3f,T7-R^0,17,1.083
2021-11-16,US,279,Omicron BA.2,Imported,1,2021-11-08,8,Traveler weight (travel hubs),Strategies (total),90%,T11-R,fig_3f,T11-R^0,17,1.0329
2021-11-16,US,279,Omicron BA.2,Imported,1,2021-11-08,8,Traveler weight (travel hubs),Strategies (total),100%,T3-R,fig_3f,T3-R^0,17,1.081
2021-11-16,US,279,Omicron BA.2,Imported,1,2021-11-08,8,Traveler weight (travel hubs),Strategies (total),100%,T7-R,fig_3f,T7-R^0,17,1.081
2021-11-16,US,279,Omicron BA.2,Imported,1,2021-11-08,8,Traveler weight (travel hubs),Strategies (total),100%,T11-R,fig_3f,T11-R^0,17,1.0298
2021-11-16,US,279,Omicron BA.2,Imported,1,2021-11-08,8,Traveler weight (travel hubs),Strategies (total),100%,T11-M,fig_3f,T11-R^90,17,1
2021-11-29,ZA,28,Omicron BA.2,Community,1.2327721711143234,2021-11-08,21,Traveler weight (travel hubs),Strategies (total),50%,T11-R,fig_3f,T11-R^0,17,1.0547
2021-11-29,ZA,28,Omicron BA.2,Community,1.2327721711143234,2021-11-08,21,Traveler weight (travel hubs),Strategies (total),70%,T3-R,fig_3f,T3-R^0,17,1.0872
2021-11-29,ZA,28,Omicron BA.2,Community,1.2327721711143234,2021-11-08,21,Traveler weight (travel hubs),Strategies (total),70%,T7-R,fig_3f,T7-R^0,17,1.0872
2021-11-29,ZA,28,Omicron BA.2,Community,1.2327721711143234,2021-11-08,21,Traveler weight (travel hubs),Strategies (total),70%,T11-R,fig_3f,T11-R^0,17,1.0367
2021-11-29,ZA,28,Omicron BA.2,Community,1.2327721711143234,2021-11-08,21,Traveler weight (travel hubs),Strategies (total),90%,T3-R,fig_3f,T3-R^0,17,1.083
2021-11-29,ZA,28,Omicron BA.2,Community,1.2327721711143234,2021-11-08,21,Traveler weight (travel hubs),Strategies (total),90%,T7-R,fig_3f,T7-R^0,17,1.083
2021-11-29,ZA,28,Omicron BA.2,Community,1.2327721711143234,2021-11-08,21,Traveler weight (travel hubs),Strategies (total),90%,T11-R,fig_3f,T11-R^0,17,1.0329
2021-11-29,ZA,28,Omicron BA.2,Community,1.2327721711143234,2021-11-08,21,Traveler weight (travel hubs),Strategies (total),100%,T3-R,fig_3f,T3-R^0,17,1.081
2021-11-29,ZA,28,Omicron BA.2,Community,1.2327721711143234,2021-11-08,21,Traveler weight (travel hubs),Strategies (total),100%,T7-R,fig_3f,T7-R^0,17,1.081
2021-11-29,ZA,28,Omicron BA.2,Community,1.2327721711143234,2021-11-08,21,Traveler weight (travel hubs),Strategies (total),100%,T11-R,fig_3f,T11-R^0,17,1.0298
2021-11-29,US,28,Omicron BA.2,Imported,1,2021-11-08,21,Traveler weight (travel hubs),Strategies (total),100%,T11-M,fig_3f,T11-R^90,17,1
2021-11-27,ZA,280,Omicron BA.2,Community,1.1356050554657862,2021-11-08,19,Traveler weight (travel hubs),Strategies (total),50%,T11-R,fig_3f,T11-R^0,17,1.0547
2021-11-27,ZA,280,Omicron BA.2,Community,1.1356050554657862,2021-11-08,19,Traveler weight (travel hubs),Strategies (total),70%,T3-R,fig_3f,T3-R^0,17,1.0872
2021-11-27,ZA,280,Omicron BA.2,Community,1.1356050554657862,2021-11-08,19,Traveler weight (travel hubs),Strategies (total),70%,T7-R,fig_3f,T7-R^0,17,1.0872
2021-11-27,ZA,280,Omicron BA.2,Community,1.1356050554657862,2021-11-08,19,Traveler weight (travel hubs),Strategies (total),70%,T11-R,fig_3f,T11-R^0,17,1.0367
2021-11-27,ZA,280,Omicron BA.2,Community,1.1356050554657862,2021-11-08,19,Traveler weight (travel hubs),Strategies (total),90%,T3-R,fig_3f,T3-R^0,17,1.083
2021-11-27,ZA,280,Omicron BA.2,Community,1.1356050554657862,2021-11-08,19,Traveler weight (travel hubs),Strategies (total),90%,T7-R,fig_3f,T7-R^0,17,1.083
2021-11-27,ZA,280,Omicron BA.2,Community,1.1356050554657862,2021-11-08,19,Traveler weight (travel hubs),Strategies (total),90%,T11-R,fig_3f,T11-R^0,17,1.0329
2021-11-27,ZA,280,Omicron BA.2,Community,1.1356050554657862,2021-11-08,19,Traveler weight (travel hubs),Strategies (total),100%,T3-R,fig_3f,T3-R^0,17,1.081
2021-11-27,ZA,280,Omicron BA.2,Community,1.1356050554657862,2021-11-08,19,Traveler weight (travel hubs),Strategies (total),100%,T7-R,fig_3f,T7-R^0,17,1.081
2021-11-27,ZA,280,Omicron BA.2,Community,1.1356050554657862,2021-11-08,19,Traveler weight (travel hubs),Strategies (total),100%,T11-R,fig_3f,T11-R^0,17,1.0298
2021-11-27,US,280,Omicron BA.2,Imported,1,2021-11-08,19,Traveler weight (travel hubs),Strategies (total),100%,T11-M,fig_3f,T11-R^90,17,1
2021-11-22,ZA,281,Omicron BA.2,Community,1.1212932126776352,2021-11-08,14,Traveler weight (travel hubs),Strategies (total),50%,T11-R,fig_3f,T11-R^0,17,1.0547
2021-11-22,ZA,281,Omicron BA.2,Community,1.1212932126776352,2021-11-08,14,Traveler weight (travel hubs),Strategies (total),70%,T3-R,fig_3f,T3-R^0,17,1.0872
2021-11-22,ZA,281,Omicron BA.2,Community,1.1212932126776352,2021-11-08,14,Traveler weight (travel hubs),Strategies (total),70%,T7-R,fig_3f,T7-R^0,17,1.0872
2021-11-22,ZA,281,Omicron BA.2,Community,1.1212932126776352,2021-11-08,14,Traveler weight (travel hubs),Strategies (total),70%,T11-R,fig_3f,T11-R^0,17,1.0367
2021-11-22,ZA,281,Omicron BA.2,Community,1.1212932126776352,2021-11-08,14,Traveler weight (travel hubs),Strategies (total),90%,T3-R,fig_3f,T3-R^0,17,1.083
2021-11-22,ZA,281,Omicron BA.2,Community,1.1212932126776352,2021-11-08,14,Traveler weight (travel hubs),Strategies (total),90%,T7-R,fig_3f,T7-R^0,17,1.083
2021-11-22,ZA,281,Omicron BA.2,Community,1.1212932126776352,2021-11-08,14,Traveler weight (travel hubs),Strategies (total),90%,T11-R,fig_3f,T11-R^0,17,1.0329
2021-11-22,ZA,281,Omicron BA.2,Community,1.1212932126776352,2021-11-08,14,Traveler weight (travel hubs),Strategies (total),100%,T3-R,fig_3f,T3-R^0,17,1.081
2021-11-22,ZA,281,Omicron BA.2,Community,1.1212932126776352,2021-11-08,14,Traveler weight (travel hubs),Strategies (total),100%,T7-R,fig_3f,T7-R^0,17,1.081
2021-11-22,ZA,281,Omicron BA.2,Community,1.1212932126776352,2021-11-08,14,Traveler weight (travel hubs),Strategies (total),100%,T11-R,fig_3f,T11-R^0,17,1.0298
2021-11-27,IN,281,Omicron BA.2,Imported,1,2021-11-08,19,Traveler weight (travel hubs),Strategies (total),100%,T11-M,fig_3f,T11-R^90,17,1
2021-11-21,IN,282,Omicron BA.2,Imported,1,2021-11-08,13,Traveler weight (travel hubs),Strategies (total),50%,T11-R,fig_3f,T11-R^0,17,1.0547
2021-11-25,ZA,282,Omicron BA.2,Community,1.1577368521451803,2021-11-08,17,Traveler weight (travel hubs),Strategies (total),70%,T3-R,fig_3f,T3-R^0,17,1.0872
2021-11-25,ZA,282,Omicron BA.2,Community,1.1577368521451803,2021-11-08,17,Traveler weight (travel hubs),Strategies (total),70%,T7-R,fig_3f,T7-R^0,17,1.0872
2021-11-21,IN,282,Omicron BA.2,Imported,1,2021-11-08,13,Traveler weight (travel hubs),Strategies (total),70%,T11-R,fig_3f,T11-R^0,17,1.0367
2021-11-25,ZA,282,Omicron BA.2,Community,1.1577368521451803,2021-11-08,17,Traveler weight (travel hubs),Strategies (total),90%,T3-R,fig_3f,T3-R^0,17,1.083
2021-11-25,ZA,282,Omicron BA.2,Community,1.1577368521451803,2021-11-08,17,Traveler weight (travel hubs),Strategies (total),90%,T7-R,fig_3f,T7-R^0,17,1.083
2021-11-21,IN,282,Omicron BA.2,Imported,1,2021-11-08,13,Traveler weight (travel hubs),Strategies (total),90%,T11-R,fig_3f,T11-R^0,17,1.0329
2021-11-25,ZA,282,Omicron BA.2,Community,1.1577368521451803,2021-11-08,17,Traveler weight (travel hubs),Strategies (total),100%,T3-R,fig_3f,T3-R^0,17,1.081
2021-11-25,ZA,282,Omicron BA.2,Community,1.1577368521451803,2021-11-08,17,Traveler weight (travel hubs),Strategies (total),100%,T7-R,fig_3f,T7-R^0,17,1.081
2021-11-21,IN,282,Omicron BA.2,Imported,1,2021-11-08,13,Traveler weight (travel hubs),Strategies (total),100%,T11-R,fig_3f,T11-R^0,17,1.0298
2021-11-21,IN,282,Omicron BA.2,Imported,1,2021-11-08,13,Traveler weight (travel hubs),Strategies (total),100%,T11-M,fig_3f,T11-R^90,17,1
2021-11-22,US,283,Omicron BA.2,Imported,1,2021-11-08,14,Traveler weight (travel hubs),Strategies (total),50%,T11-R,fig_3f,T11-R^0,17,1.0547
2021-11-22,US,283,Omicron BA.2,Imported,1,2021-11-08,14,Traveler weight (travel hubs),Strategies (total),70%,T3-R,fig_3f,T3-R^0,17,1.0872
2021-11-22,US,283,Omicron BA.2,Imported,1,2021-11-08,14,Traveler weight (travel hubs),Strategies (total),70%,T7-R,fig_3f,T7-R^0,17,1.0872
2021-11-22,US,283,Omicron BA.2,Imported,1,2021-11-08,14,Traveler weight (travel hubs),Strategies (total),70%,T11-R,fig_3f,T11-R^0,17,1.0367
2021-11-22,US,283,Omicron BA.2,Imported,1,2021-11-08,14,Traveler weight (travel hubs),Strategies (total),90%,T3-R,fig_3f,T3-R^0,17,1.083
2021-11-22,US,283,Omicron BA.2,Imported,1,2021-11-08,14,Traveler weight (travel hubs),Strategies (total),90%,T7-R,fig_3f,T7-R^0,17,1.083
2021-11-22,US,283,Omicron BA.2,Imported,1,2021-11-08,14,Traveler weight (travel hubs),Strategies (total),90%,T11-R,fig_3f,T11-R^0,17,1.0329
2021-11-22,US,283,Omicron BA.2,Imported,1,2021-11-08,14,Traveler weight (travel hubs),Strategies (total),100%,T3-R,fig_3f,T3-R^0,17,1.081
2021-11-22,US,283,Omicron BA.2,Imported,1,2021-11-08,14,Traveler weight (travel hubs),Strategies (total),100%,T7-R,fig_3f,T7-R^0,17,1.081
2021-11-22,US,283,Omicron BA.2,Imported,1,2021-11-08,14,Traveler weight (travel hubs),Strategies (total),100%,T11-R,fig_3f,T11-R^0,17,1.0298
2021-11-22,US,283,Omicron BA.2,Imported,1,2021-11-08,14,Traveler weight (travel hubs),Strategies (total),100%,T11-M,fig_3f,T11-R^90,17,1
2021-11-26,ZA,284,Omicron BA.2,Community,1.2490652015092143,2021-11-08,18,Traveler weight (travel hubs),Strategies (total),50%,T11-R,fig_3f,T11-R^0,17,1.0547
2021-11-26,ZA,284,Omicron BA.2,Community,1.2490652015092143,2021-11-08,18,Traveler weight (travel hubs),Strategies (total),70%,T3-R,fig_3f,T3-R^0,17,1.0872
2021-11-26,ZA,284,Omicron BA.2,Community,1.2490652015092143,2021-11-08,18,Traveler weight (travel hubs),Strategies (total),70%,T7-R,fig_3f,T7-R^0,17,1.0872
2021-11-26,ZA,284,Omicron BA.2,Community,1.2490652015092143,2021-11-08,18,Traveler weight (travel hubs),Strategies (total),70%,T11-R,fig_3f,T11-R^0,17,1.0367
2021-11-26,ZA,284,Omicron BA.2,Community,1.2490652015092143,2021-11-08,18,Traveler weight (travel hubs),Strategies (total),90%,T3-R,fig_3f,T3-R^0,17,1.083
2021-11-26,ZA,284,Omicron BA.2,Community,1.2490652015092143,2021-11-08,18,Traveler weight (travel hubs),Strategies (total),90%,T7-R,fig_3f,T7-R^0,17,1.083
2021-11-26,ZA,284,Omicron BA.2,Community,1.2490652015092143,2021-11-08,18,Traveler weight (travel hubs),Strategies (total),90%,T11-R,fig_3f,T11-R^0,17,1.0329
2021-11-26,ZA,284,Omicron BA.2,Community,1.2490652015092143,2021-11-08,18,Traveler weight (travel hubs),Strategies (total),100%,T3-R,fig_3f,T3-R^0,17,1.081
2021-11-26,ZA,284,Omicron BA.2,Community,1.2490652015092143,2021-11-08,18,Traveler weight (travel hubs),Strategies (total),100%,T7-R,fig_3f,T7-R^0,17,1.081
2021-11-26,ZA,284,Omicron BA.2,Community,1.2490652015092143,2021-11-08,18,Traveler weight (travel hubs),Strategies (total),100%,T11-R,fig_3f,T11-R^0,17,1.0298
2021-12-03,TR,284,Omicron BA.2,Imported,3,2021-11-08,25,Traveler weight (travel hubs),Strategies (total),100%,T11-M,fig_3f,T11-R^90,17,1
2021-11-27,ZA,285,Omicron BA.2,Community,1.080525577277384,2021-11-08,19,Traveler weight (travel hubs),Strategies (total),50%,T11-R,fig_3f,T11-R^0,17,1.0547
2021-11-27,ZA,285,Omicron BA.2,Community,1.080525577277384,2021-11-08,19,Traveler weight (travel hubs),Strategies (total),70%,T3-R,fig_3f,T3-R^0,17,1.0872
2021-11-27,ZA,285,Omicron BA.2,Community,1.080525577277384,2021-11-08,19,Traveler weight (travel hubs),Strategies (total),70%,T7-R,fig_3f,T7-R^0,17,1.0872
2021-11-27,ZA,285,Omicron BA.2,Community,1.080525577277384,2021-11-08,19,Traveler weight (travel hubs),Strategies (total),70%,T11-R,fig_3f,T11-R^0,17,1.0367
2021-11-27,ZA,285,Omicron BA.2,Community,1.080525577277384,2021-11-08,19,Traveler weight (travel hubs),Strategies (total),90%,T3-R,fig_3f,T3-R^0,17,1.083
2021-11-27,ZA,285,Omicron BA.2,Community,1.080525577277384,2021-11-08,19,Traveler weight (travel hubs),Strategies (total),90%,T7-R,fig_3f,T7-R^0,17,1.083
2021-11-27,ZA,285,Omicron BA.2,Community,1.080525577277384,2021-11-08,19,Traveler weight (travel hubs),Strategies (total),90%,T11-R,fig_3f,T11-R^0,17,1.0329
2021-11-27,ZA,285,Omicron BA.2,Community,1.080525577277384,2021-11-08,19,Traveler weight (travel hubs),Strategies (total),100%,T3-R,fig_3f,T3-R^0,17,1.081
2021-11-27,ZA,285,Omicron BA.2,Community,1.080525577277384,2021-11-08,19,Traveler weight (travel hubs),Strategies (total),100%,T7-R,fig_3f,T7-R^0,17,1.081
2021-11-27,ZA,285,Omicron BA.2,Community,1.080525577277384,2021-11-08,19,Traveler weight (travel hubs),Strategies (total),100%,T11-R,fig_3f,T11-R^0,17,1.0298
2021-11-18,TR,285,Omicron BA.2,Imported,1,2021-11-08,10,Traveler weight (travel hubs),Strategies (total),100%,T11-M,fig_3f,T11-R^90,17,1
2021-11-22,US,286,Omicron BA.2,Imported,1,2021-11-08,14,Traveler weight (travel hubs),Strategies (total),50%,T11-R,fig_3f,T11-R^0,17,1.0547
2021-11-22,US,286,Omicron BA.2,Imported,1,2021-11-08,14,Traveler weight (travel hubs),Strategies (total),70%,T3-R,fig_3f,T3-R^0,17,1.0872
2021-11-22,US,286,Omicron BA.2,Imported,1,2021-11-08,14,Traveler weight (travel hubs),Strategies (total),70%,T7-R,fig_3f,T7-R^0,17,1.0872
2021-11-22,US,286,Omicron BA.2,Imported,1,2021-11-08,14,Traveler weight (travel hubs),Strategies (total),70%,T11-R,fig_3f,T11-R^0,17,1.0367
2021-11-22,US,286,Omicron BA.2,Imported,1,2021-11-08,14,Traveler weight (travel hubs),Strategies (total),90%,T3-R,fig_3f,T3-R^0,17,1.083
2021-11-22,US,286,Omicron BA.2,Imported,1,2021-11-08,14,Traveler weight (travel hubs),Strategies (total),90%,T7-R,fig_3f,T7-R^0,17,1.083
2021-11-22,US,286,Omicron BA.2,Imported,1,2021-11-08,14,Traveler weight (travel hubs),Strategies (total),90%,T11-R,fig_3f,T11-R^0,17,1.0329
2021-11-22,US,286,Omicron BA.2,Imported,1,2021-11-08,14,Traveler weight (travel hubs),Strategies (total),100%,T3-R,fig_3f,T3-R^0,17,1.081
2021-11-22,US,286,Omicron BA.2,Imported,1,2021-11-08,14,Traveler weight (travel hubs),Strategies (total),100%,T7-R,fig_3f,T7-R^0,17,1.081
2021-11-22,US,286,Omicron BA.2,Imported,1,2021-11-08,14,Traveler weight (travel hubs),Strategies (total),100%,T11-R,fig_3f,T11-R^0,17,1.0298
2021-11-22,US,286,Omicron BA.2,Imported,1,2021-11-08,14,Traveler weight (travel hubs),Strategies (total),100%,T11-M,fig_3f,T11-R^90,17,1
2021-11-27,ZA,287,Omicron BA.2,Community,1.072952645076836,2021-11-08,19,Traveler weight (travel hubs),Strategies (total),50%,T11-R,fig_3f,T11-R^0,17,1.0547
2021-11-27,ZA,287,Omicron BA.2,Community,1.072952645076836,2021-11-08,19,Traveler weight (travel hubs),Strategies (total),70%,T3-R,fig_3f,T3-R^0,17,1.0872
2021-11-27,ZA,287,Omicron BA.2,Community,1.072952645076836,2021-11-08,19,Traveler weight (travel hubs),Strategies (total),70%,T7-R,fig_3f,T7-R^0,17,1.0872
2021-11-27,ZA,287,Omicron BA.2,Community,1.072952645076836,2021-11-08,19,Traveler weight (travel hubs),Strategies (total),70%,T11-R,fig_3f,T11-R^0,17,1.0367
2021-11-27,ZA,287,Omicron BA.2,Community,1.072952645076836,2021-11-08,19,Traveler weight (travel hubs),Strategies (total),90%,T3-R,fig_3f,T3-R^0,17,1.083
2021-11-27,ZA,287,Omicron BA.2,Community,1.072952645076836,2021-11-08,19,Traveler weight (travel hubs),Strategies (total),90%,T7-R,fig_3f,T7-R^0,17,1.083
2021-11-27,ZA,287,Omicron BA.2,Community,1.072952645076836,2021-11-08,19,Traveler weight (travel hubs),Strategies (total),90%,T11-R,fig_3f,T11-R^0,17,1.0329
2021-11-27,ZA,287,Omicron BA.2,Community,1.072952645076836,2021-11-08,19,Traveler weight (travel hubs),Strategies (total),100%,T3-R,fig_3f,T3-R^0,17,1.081
2021-11-27,ZA,287,Omicron BA.2,Community,1.072952645076836,2021-11-08,19,Traveler weight (travel hubs),Strategies (total),100%,T7-R,fig_3f,T7-R^0,17,1.081
2021-11-27,ZA,287,Omicron BA.2,Community,1.072952645076836,2021-11-08,19,Traveler weight (travel hubs),Strategies (total),100%,T11-R,fig_3f,T11-R^0,17,1.0298
2021-11-27,US,287,Omicron BA.2,Imported,1,2021-11-08,19,Traveler weight (travel hubs),Strategies (total),100%,T11-M,fig_3f,T11-R^90,17,1
2021-11-28,ZA,288,Omicron BA.2,Community,1.1151012249666283,2021-11-08,20,Traveler weight (travel hubs),Strategies (total),50%,T11-R,fig_3f,T11-R^0,17,1.0547
2021-11-28,ZA,288,Omicron BA.2,Community,1.1151012249666283,2021-11-08,20,Traveler weight (travel hubs),Strategies (total),70%,T3-R,fig_3f,T3-R^0,17,1.0872
2021-11-28,ZA,288,Omicron BA.2,Community,1.1151012249666283,2021-11-08,20,Traveler weight (travel hubs),Strategies (total),70%,T7-R,fig_3f,T7-R^0,17,1.0872
2021-11-28,ZA,288,Omicron BA.2,Community,1.1151012249666283,2021-11-08,20,Traveler weight (travel hubs),Strategies (total),70%,T11-R,fig_3f,T11-R^0,17,1.0367
2021-11-28,ZA,288,Omicron BA.2,Community,1.1151012249666283,2021-11-08,20,Traveler weight (travel hubs),Strategies (total),90%,T3-R,fig_3f,T3-R^0,17,1.083
2021-11-28,ZA,288,Omicron BA.2,Community,1.1151012249666283,2021-11-08,20,Traveler weight (travel hubs),Strategies (total),90%,T7-R,fig_3f,T7-R^0,17,1.083
2021-11-28,ZA,288,Omicron BA.2,Community,1.1151012249666283,2021-11-08,20,Traveler weight (travel hubs),Strategies (total),90%,T11-R,fig_3f,T11-R^0,17,1.0329
2021-11-28,ZA,288,Omicron BA.2,Community,1.1151012249666283,2021-11-08,20,Traveler weight (travel hubs),Strategies (total),100%,T3-R,fig_3f,T3-R^0,17,1.081
2021-11-28,ZA,288,Omicron BA.2,Community,1.1151012249666283,2021-11-08,20,Traveler weight (travel hubs),Strategies (total),100%,T7-R,fig_3f,T7-R^0,17,1.081
2021-11-28,ZA,288,Omicron BA.2,Community,1.1151012249666283,2021-11-08,20,Traveler weight (travel hubs),Strategies (total),100%,T11-R,fig_3f,T11-R^0,17,1.0298
2021-12-04,TR,288,Omicron BA.2,Imported,1,2021-11-08,26,Traveler weight (travel hubs),Strategies (total),100%,T11-M,fig_3f,T11-R^90,17,1
2021-12-02,US,289,Omicron BA.2,Imported,1,2021-11-08,24,Traveler weight (travel hubs),Strategies (total),50%,T11-R,fig_3f,T11-R^0,17,1.0547
2021-12-02,US,289,Omicron BA.2,Imported,1,2021-11-08,24,Traveler weight (travel hubs),Strategies (total),70%,T3-R,fig_3f,T3-R^0,17,1.0872
2021-12-02,US,289,Omicron BA.2,Imported,1,2021-11-08,24,Traveler weight (travel hubs),Strategies (total),70%,T7-R,fig_3f,T7-R^0,17,1.0872
2021-12-02,US,289,Omicron BA.2,Imported,1,2021-11-08,24,Traveler weight (travel hubs),Strategies (total),70%,T11-R,fig_3f,T11-R^0,17,1.0367
2021-12-02,US,289,Omicron BA.2,Imported,1,2021-11-08,24,Traveler weight (travel hubs),Strategies (total),90%,T3-R,fig_3f,T3-R^0,17,1.083
2021-12-02,US,289,Omicron BA.2,Imported,1,2021-11-08,24,Traveler weight (travel hubs),Strategies (total),90%,T7-R,fig_3f,T7-R^0,17,1.083
2021-12-02,US,289,Omicron BA.2,Imported,1,2021-11-08,24,Traveler weight (travel hubs),Strategies (total),90%,T11-R,fig_3f,T11-R^0,17,1.0329
2021-12-02,US,289,Omicron BA.2,Imported,1,2021-11-08,24,Traveler weight (travel hubs),Strategies (total),100%,T3-R,fig_3f,T3-R^0,17,1.081
2021-12-02,US,289,Omicron BA.2,Imported,1,2021-11-08,24,Traveler weight (travel hubs),Strategies (total),100%,T7-R,fig_3f,T7-R^0,17,1.081
2021-12-02,US,289,Omicron BA.2,Imported,1,2021-11-08,24,Traveler weight (travel hubs),Strategies (total),100%,T11-R,fig_3f,T11-R^0,17,1.0298
2021-12-02,US,289,Omicron BA.2,Imported,1,2021-11-08,24,Traveler weight (travel hubs),Strategies (total),100%,T11-M,fig_3f,T11-R^90,17,1
2021-12-01,ZA,29,Omicron BA.2,Community,1.00500856857151,2021-11-08,23,Traveler weight (travel hubs),Strategies (total),50%,T11-R,fig_3f,T11-R^0,17,1.0547
2021-12-01,ZA,29,Omicron BA.2,Community,1.00500856857151,2021-11-08,23,Traveler weight (travel hubs),Strategies (total),70%,T3-R,fig_3f,T3-R^0,17,1.0872
2021-12-01,ZA,29,Omicron BA.2,Community,1.00500856857151,2021-11-08,23,Traveler weight (travel hubs),Strategies (total),70%,T7-R,fig_3f,T7-R^0,17,1.0872
2021-12-01,ZA,29,Omicron BA.2,Community,1.00500856857151,2021-11-08,23,Traveler weight (travel hubs),Strategies (total),70%,T11-R,fig_3f,T11-R^0,17,1.0367
2021-12-01,ZA,29,Omicron BA.2,Community,1.00500856857151,2021-11-08,23,Traveler weight (travel hubs),Strategies (total),90%,T3-R,fig_3f,T3-R^0,17,1.083
2021-12-01,ZA,29,Omicron BA.2,Community,1.00500856857151,2021-11-08,23,Traveler weight (travel hubs),Strategies (total),90%,T7-R,fig_3f,T7-R^0,17,1.083
2021-12-01,ZA,29,Omicron BA.2,Community,1.00500856857151,2021-11-08,23,Traveler weight (travel hubs),Strategies (total),90%,T11-R,fig_3f,T11-R^0,17,1.0329
2021-12-01,ZA,29,Omicron BA.2,Community,1.00500856857151,2021-11-08,23,Traveler weight (travel hubs),Strategies (total),100%,T3-R,fig_3f,T3-R^0,17,1.081
2021-12-01,ZA,29,Omicron BA.2,Community,1.00500856857151,2021-11-08,23,Traveler weight (travel hubs),Strategies (total),100%,T7-R,fig_3f,T7-R^0,17,1.081
2021-12-01,ZA,29,Omicron BA.2,Community,1.00500856857151,2021-11-08,23,Traveler weight (travel hubs),Strategies (total),100%,T11-R,fig_3f,T11-R^0,17,1.0298
2021-12-07,TR,29,Omicron BA.2,Imported,1,2021-11-08,29,Traveler weight (travel hubs),Strategies (total),100%,T11-M,fig_3f,T11-R^90,17,1
2021-11-25,ZA,290,Omicron BA.2,Community,1.1231531743823822,2021-11-08,17,Traveler weight (travel hubs),Strategies (total),50%,T11-R,fig_3f,T11-R^0,17,1.0547
2021-11-25,ZA,290,Omicron BA.2,Community,1.1231531743823822,2021-11-08,17,Traveler weight (travel hubs),Strategies (total),70%,T3-R,fig_3f,T3-R^0,17,1.0872
2021-11-25,ZA,290,Omicron BA.2,Community,1.1231531743823822,2021-11-08,17,Traveler weight (travel hubs),Strategies (total),70%,T7-R,fig_3f,T7-R^0,17,1.0872
2021-11-25,ZA,290,Omicron BA.2,Community,1.1231531743823822,2021-11-08,17,Traveler weight (travel hubs),Strategies (total),70%,T11-R,fig_3f,T11-R^0,17,1.0367
2021-11-25,ZA,290,Omicron BA.2,Community,1.1231531743823822,2021-11-08,17,Traveler weight (travel hubs),Strategies (total),90%,T3-R,fig_3f,T3-R^0,17,1.083
2021-11-25,ZA,290,Omicron BA.2,Community,1.1231531743823822,2021-11-08,17,Traveler weight (travel hubs),Strategies (total),90%,T7-R,fig_3f,T7-R^0,17,1.083
2021-11-25,ZA,290,Omicron BA.2,Community,1.1231531743823822,2021-11-08,17,Traveler weight (travel hubs),Strategies (total),90%,T11-R,fig_3f,T11-R^0,17,1.0329
2021-11-25,ZA,290,Omicron BA.2,Community,1.1231531743823822,2021-11-08,17,Traveler weight (travel hubs),Strategies (total),100%,T3-R,fig_3f,T3-R^0,17,1.081
2021-11-25,ZA,290,Omicron BA.2,Community,1.1231531743823822,2021-11-08,17,Traveler weight (travel hubs),Strategies (total),100%,T7-R,fig_3f,T7-R^0,17,1.081
2021-11-25,ZA,290,Omicron BA.2,Community,1.1231531743823822,2021-11-08,17,Traveler weight (travel hubs),Strategies (total),100%,T11-R,fig_3f,T11-R^0,17,1.0298
2021-11-27,US,290,Omicron BA.2,Imported,1,2021-11-08,19,Traveler weight (travel hubs),Strategies (total),100%,T11-M,fig_3f,T11-R^90,17,1
2021-11-22,ZA,291,Omicron BA.2,Community,1.0386056685025244,2021-11-08,14,Traveler weight (travel hubs),Strategies (total),50%,T11-R,fig_3f,T11-R^0,17,1.0547
2021-11-22,ZA,291,Omicron BA.2,Community,1.0386056685025244,2021-11-08,14,Traveler weight (travel hubs),Strategies (total),70%,T3-R,fig_3f,T3-R^0,17,1.0872
2021-11-22,ZA,291,Omicron BA.2,Community,1.0386056685025244,2021-11-08,14,Traveler weight (travel hubs),Strategies (total),70%,T7-R,fig_3f,T7-R^0,17,1.0872
2021-11-22,ZA,291,Omicron BA.2,Community,1.0386056685025244,2021-11-08,14,Traveler weight (travel hubs),Strategies (total),70%,T11-R,fig_3f,T11-R^0,17,1.0367
2021-11-22,ZA,291,Omicron BA.2,Community,1.0386056685025244,2021-11-08,14,Traveler weight (travel hubs),Strategies (total),90%,T3-R,fig_3f,T3-R^0,17,1.083
2021-11-22,ZA,291,Omicron BA.2,Community,1.0386056685025244,2021-11-08,14,Traveler weight (travel hubs),Strategies (total),90%,T7-R,fig_3f,T7-R^0,17,1.083
2021-11-22,ZA,291,Omicron BA.2,Community,1.0386056685025244,2021-11-08,14,Traveler weight (travel hubs),Strategies (total),90%,T11-R,fig_3f,T11-R^0,17,1.0329
2021-11-22,ZA,291,Omicron BA.2,Community,1.0386056685025244,2021-11-08,14,Traveler weight (travel hubs),Strategies (total),100%,T3-R,fig_3f,T3-R^0,17,1.081
2021-11-22,ZA,291,Omicron BA.2,Community,1.0386056685025244,2021-11-08,14,Traveler weight (travel hubs),Strategies (total),100%,T7-R,fig_3f,T7-R^0,17,1.081
2021-11-22,ZA,291,Omicron BA.2,Community,1.0386056685025244,2021-11-08,14,Traveler weight (travel hubs),Strategies (total),100%,T11-R,fig_3f,T11-R^0,17,1.0298
2021-11-18,TR,291,Omicron BA.2,Imported,1,2021-11-08,10,Traveler weight (travel hubs),Strategies (total),100%,T11-M,fig_3f,T11-R^90,17,1
2021-11-22,IN,292,Omicron BA.2,Imported,1,2021-11-08,14,Traveler weight (travel hubs),Strategies (total),50%,T11-R,fig_3f,T11-R^0,17,1.0547
2021-11-23,ZA,292,Omicron BA.2,Community,1.0944177729274929,2021-11-08,15,Traveler weight (travel hubs),Strategies (total),70%,T3-R,fig_3f,T3-R^0,17,1.0872
2021-11-23,ZA,292,Omicron BA.2,Community,1.0944177729274929,2021-11-08,15,Traveler weight (travel hubs),Strategies (total),70%,T7-R,fig_3f,T7-R^0,17,1.0872
2021-11-22,IN,292,Omicron BA.2,Imported,1,2021-11-08,14,Traveler weight (travel hubs),Strategies (total),70%,T11-R,fig_3f,T11-R^0,17,1.0367
2021-11-23,ZA,292,Omicron BA.2,Community,1.0944177729274929,2021-11-08,15,Traveler weight (travel hubs),Strategies (total),90%,T3-R,fig_3f,T3-R^0,17,1.083
2021-11-23,ZA,292,Omicron BA.2,Community,1.0944177729274929,2021-11-08,15,Traveler weight (travel hubs),Strategies (total),90%,T7-R,fig_3f,T7-R^0,17,1.083
2021-11-22,IN,292,Omicron BA.2,Imported,1,2021-11-08,14,Traveler weight (travel hubs),Strategies (total),90%,T11-R,fig_3f,T11-R^0,17,1.0329
2021-11-23,ZA,292,Omicron BA.2,Community,1.0944177729274929,2021-11-08,15,Traveler weight (travel hubs),Strategies (total),100%,T3-R,fig_3f,T3-R^0,17,1.081
2021-11-23,ZA,292,Omicron BA.2,Community,1.0944177729274929,2021-11-08,15,Traveler weight (travel hubs),Strategies (total),100%,T7-R,fig_3f,T7-R^0,17,1.081
2021-11-22,IN,292,Omicron BA.2,Imported,1,2021-11-08,14,Traveler weight (travel hubs),Strategies (total),100%,T11-R,fig_3f,T11-R^0,17,1.0298
2021-11-22,IN,292,Omicron BA.2,Imported,1,2021-11-08,14,Traveler weight (travel hubs),Strategies (total),100%,T11-M,fig_3f,T11-R^90,17,1
2021-11-22,IN,293,Omicron BA.2,Imported,1,2021-11-08,14,Traveler weight (travel hubs),Strategies (total),50%,T11-R,fig_3f,T11-R^0,17,1.0547
2021-11-23,ZA,293,Omicron BA.2,Community,1.4247042555351999,2021-11-08,15,Traveler weight (travel hubs),Strategies (total),70%,T3-R,fig_3f,T3-R^0,17,1.0872
2021-11-23,ZA,293,Omicron BA.2,Community,1.4247042555351999,2021-11-08,15,Traveler weight (travel hubs),Strategies (total),70%,T7-R,fig_3f,T7-R^0,17,1.0872
2021-11-22,IN,293,Omicron BA.2,Imported,1,2021-11-08,14,Traveler weight (travel hubs),Strategies (total),70%,T11-R,fig_3f,T11-R^0,17,1.0367
2021-11-23,ZA,293,Omicron BA.2,Community,1.4247042555351999,2021-11-08,15,Traveler weight (travel hubs),Strategies (total),90%,T3-R,fig_3f,T3-R^0,17,1.083
2021-11-23,ZA,293,Omicron BA.2,Community,1.4247042555351999,2021-11-08,15,Traveler weight (travel hubs),Strategies (total),90%,T7-R,fig_3f,T7-R^0,17,1.083
2021-11-22,IN,293,Omicron BA.2,Imported,1,2021-11-08,14,Traveler weight (travel hubs),Strategies (total),90%,T11-R,fig_3f,T11-R^0,17,1.0329
2021-11-23,ZA,293,Omicron BA.2,Community,1.4247042555351999,2021-11-08,15,Traveler weight (travel hubs),Strategies (total),100%,T3-R,fig_3f,T3-R^0,17,1.081
2021-11-23,ZA,293,Omicron BA.2,Community,1.4247042555351999,2021-11-08,15,Traveler weight (travel hubs),Strategies (total),100%,T7-R,fig_3f,T7-R^0,17,1.081
2021-11-22,IN,293,Omicron BA.2,Imported,1,2021-11-08,14,Traveler weight (travel hubs),Strategies (total),100%,T11-R,fig_3f,T11-R^0,17,1.0298
2021-11-17,TR,293,Omicron BA.2,Imported,1,2021-11-08,9,Traveler weight (travel hubs),Strategies (total),100%,T11-M,fig_3f,T11-R^90,17,1
2021-11-20,US,294,Omicron BA.2,Imported,1,2021-11-08,12,Traveler weight (travel hubs),Strategies (total),50%,T11-R,fig_3f,T11-R^0,17,1.0547
2021-11-20,US,294,Omicron BA.2,Imported,1,2021-11-08,12,Traveler weight (travel hubs),Strategies (total),70%,T3-R,fig_3f,T3-R^0,17,1.0872
2021-11-20,US,294,Omicron BA.2,Imported,1,2021-11-08,12,Traveler weight (travel hubs),Strategies (total),70%,T7-R,fig_3f,T7-R^0,17,1.0872
2021-11-20,US,294,Omicron BA.2,Imported,1,2021-11-08,12,Traveler weight (travel hubs),Strategies (total),70%,T11-R,fig_3f,T11-R^0,17,1.0367
2021-11-20,US,294,Omicron BA.2,Imported,1,2021-11-08,12,Traveler weight (travel hubs),Strategies (total),90%,T3-R,fig_3f,T3-R^0,17,1.083
2021-11-20,US,294,Omicron BA.2,Imported,1,2021-11-08,12,Traveler weight (travel hubs),Strategies (total),90%,T7-R,fig_3f,T7-R^0,17,1.083
2021-11-20,US,294,Omicron BA.2,Imported,1,2021-11-08,12,Traveler weight (travel hubs),Strategies (total),90%,T11-R,fig_3f,T11-R^0,17,1.0329
2021-11-20,US,294,Omicron BA.2,Imported,1,2021-11-08,12,Traveler weight (travel hubs),Strategies (total),100%,T3-R,fig_3f,T3-R^0,17,1.081
2021-11-20,US,294,Omicron BA.2,Imported,1,2021-11-08,12,Traveler weight (travel hubs),Strategies (total),100%,T7-R,fig_3f,T7-R^0,17,1.081
2021-11-20,US,294,Omicron BA.2,Imported,1,2021-11-08,12,Traveler weight (travel hubs),Strategies (total),100%,T11-R,fig_3f,T11-R^0,17,1.0298
2021-11-17,TR,294,Omicron BA.2,Imported,1,2021-11-08,9,Traveler weight (travel hubs),Strategies (total),100%,T11-M,fig_3f,T11-R^90,17,1
2021-11-25,ZA,295,Omicron BA.2,Community,1.0827808123588578,2021-11-08,17,Traveler weight (travel hubs),Strategies (total),50%,T11-R,fig_3f,T11-R^0,17,1.0547
2021-11-25,ZA,295,Omicron BA.2,Community,1.0827808123588578,2021-11-08,17,Traveler weight (travel hubs),Strategies (total),70%,T3-R,fig_3f,T3-R^0,17,1.0872
2021-11-25,ZA,295,Omicron BA.2,Community,1.0827808123588578,2021-11-08,17,Traveler weight (travel hubs),Strategies (total),70%,T7-R,fig_3f,T7-R^0,17,1.0872
2021-11-25,ZA,295,Omicron BA.2,Community,1.0827808123588578,2021-11-08,17,Traveler weight (travel hubs),Strategies (total),70%,T11-R,fig_3f,T11-R^0,17,1.0367
2021-11-25,ZA,295,Omicron BA.2,Community,1.0827808123588578,2021-11-08,17,Traveler weight (travel hubs),Strategies (total),90%,T3-R,fig_3f,T3-R^0,17,1.083
2021-11-25,ZA,295,Omicron BA.2,Community,1.0827808123588578,2021-11-08,17,Traveler weight (travel hubs),Strategies (total),90%,T7-R,fig_3f,T7-R^0,17,1.083
2021-11-25,ZA,295,Omicron BA.2,Community,1.0827808123588578,2021-11-08,17,Traveler weight (travel hubs),Strategies (total),90%,T11-R,fig_3f,T11-R^0,17,1.0329
2021-11-25,ZA,295,Omicron BA.2,Community,1.0827808123588578,2021-11-08,17,Traveler weight (travel hubs),Strategies (total),100%,T3-R,fig_3f,T3-R^0,17,1.081
2021-11-25,ZA,295,Omicron BA.2,Community,1.0827808123588578,2021-11-08,17,Traveler weight (travel hubs),Strategies (total),100%,T7-R,fig_3f,T7-R^0,17,1.081
2021-11-25,ZA,295,Omicron BA.2,Community,1.0827808123588578,2021-11-08,17,Traveler weight (travel hubs),Strategies (total),100%,T11-R,fig_3f,T11-R^0,17,1.0298
2021-12-03,US,295,Omicron BA.2,Imported,1.695169960777074,2021-11-08,25,Traveler weight (travel hubs),Strategies (total),100%,T11-M,fig_3f,T11-R^90,17,1
2021-11-18,US,296,Omicron BA.2,Imported,1,2021-11-08,10,Traveler weight (travel hubs),Strategies (total),50%,T11-R,fig_3f,T11-R^0,17,1.0547
2021-11-18,US,296,Omicron BA.2,Imported,1,2021-11-08,10,Traveler weight (travel hubs),Strategies (total),70%,T3-R,fig_3f,T3-R^0,17,1.0872
2021-11-18,US,296,Omicron BA.2,Imported,1,2021-11-08,10,Traveler weight (travel hubs),Strategies (total),70%,T7-R,fig_3f,T7-R^0,17,1.0872
2021-11-18,US,296,Omicron BA.2,Imported,1,2021-11-08,10,Traveler weight (travel hubs),Strategies (total),70%,T11-R,fig_3f,T11-R^0,17,1.0367
2021-11-18,US,296,Omicron BA.2,Imported,1,2021-11-08,10,Traveler weight (travel hubs),Strategies (total),90%,T3-R,fig_3f,T3-R^0,17,1.083
2021-11-18,US,296,Omicron BA.2,Imported,1,2021-11-08,10,Traveler weight (travel hubs),Strategies (total),90%,T7-R,fig_3f,T7-R^0,17,1.083
2021-11-18,US,296,Omicron BA.2,Imported,1,2021-11-08,10,Traveler weight (travel hubs),Strategies (total),90%,T11-R,fig_3f,T11-R^0,17,1.0329
2021-11-18,US,296,Omicron BA.2,Imported,1,2021-11-08,10,Traveler weight (travel hubs),Strategies (total),100%,T3-R,fig_3f,T3-R^0,17,1.081
2021-11-18,US,296,Omicron BA.2,Imported,1,2021-11-08,10,Traveler weight (travel hubs),Strategies (total),100%,T7-R,fig_3f,T7-R^0,17,1.081
2021-11-18,US,296,Omicron BA.2,Imported,1,2021-11-08,10,Traveler weight (travel hubs),Strategies (total),100%,T11-R,fig_3f,T11-R^0,17,1.0298
2021-11-18,TR,296,Omicron BA.2,Imported,1,2021-11-08,10,Traveler weight (travel hubs),Strategies (total),100%,T11-M,fig_3f,T11-R^90,17,1
2021-11-16,US,297,Omicron BA.2,Imported,1,2021-11-08,8,Traveler weight (travel hubs),Strategies (total),50%,T11-R,fig_3f,T11-R^0,17,1.0547
2021-11-16,US,297,Omicron BA.2,Imported,1,2021-11-08,8,Traveler weight (travel hubs),Strategies (total),70%,T3-R,fig_3f,T3-R^0,17,1.0872
2021-11-16,US,297,Omicron BA.2,Imported,1,2021-11-08,8,Traveler weight (travel hubs),Strategies (total),70%,T7-R,fig_3f,T7-R^0,17,1.0872
2021-11-16,US,297,Omicron BA.2,Imported,1,2021-11-08,8,Traveler weight (travel hubs),Strategies (total),70%,T11-R,fig_3f,T11-R^0,17,1.0367
2021-11-16,US,297,Omicron BA.2,Imported,1,2021-11-08,8,Traveler weight (travel hubs),Strategies (total),90%,T3-R,fig_3f,T3-R^0,17,1.083
2021-11-16,US,297,Omicron BA.2,Imported,1,2021-11-08,8,Traveler weight (travel hubs),Strategies (total),90%,T7-R,fig_3f,T7-R^0,17,1.083
2021-11-16,US,297,Omicron BA.2,Imported,1,2021-11-08,8,Traveler weight (travel hubs),Strategies (total),90%,T11-R,fig_3f,T11-R^0,17,1.0329
2021-11-16,US,297,Omicron BA.2,Imported,1,2021-11-08,8,Traveler weight (travel hubs),Strategies (total),100%,T3-R,fig_3f,T3-R^0,17,1.081
2021-11-16,US,297,Omicron BA.2,Imported,1,2021-11-08,8,Traveler weight (travel hubs),Strategies (total),100%,T7-R,fig_3f,T7-R^0,17,1.081
2021-11-16,US,297,Omicron BA.2,Imported,1,2021-11-08,8,Traveler weight (travel hubs),Strategies (total),100%,T11-R,fig_3f,T11-R^0,17,1.0298
2021-11-16,US,297,Omicron BA.2,Imported,1,2021-11-08,8,Traveler weight (travel hubs),Strategies (total),100%,T11-M,fig_3f,T11-R^90,17,1
2021-11-26,IN,298,Omicron BA.2,Imported,1,2021-11-08,18,Traveler weight (travel hubs),Strategies (total),50%,T11-R,fig_3f,T11-R^0,17,1.0547
2021-11-27,US,298,Omicron BA.2,Imported,1,2021-11-08,19,Traveler weight (travel hubs),Strategies (total),70%,T3-R,fig_3f,T3-R^0,17,1.0872
2021-11-27,US,298,Omicron BA.2,Imported,1,2021-11-08,19,Traveler weight (travel hubs),Strategies (total),70%,T7-R,fig_3f,T7-R^0,17,1.0872
2021-11-26,IN,298,Omicron BA.2,Imported,1,2021-11-08,18,Traveler weight (travel hubs),Strategies (total),70%,T11-R,fig_3f,T11-R^0,17,1.0367
2021-11-27,US,298,Omicron BA.2,Imported,1,2021-11-08,19,Traveler weight (travel hubs),Strategies (total),90%,T3-R,fig_3f,T3-R^0,17,1.083
2021-11-27,US,298,Omicron BA.2,Imported,1,2021-11-08,19,Traveler weight (travel hubs),Strategies (total),90%,T7-R,fig_3f,T7-R^0,17,1.083
2021-11-26,IN,298,Omicron BA.2,Imported,1,2021-11-08,18,Traveler weight (travel hubs),Strategies (total),90%,T11-R,fig_3f,T11-R^0,17,1.0329
2021-11-27,US,298,Omicron BA.2,Imported,1,2021-11-08,19,Traveler weight (travel hubs),Strategies (total),100%,T3-R,fig_3f,T3-R^0,17,1.081
2021-11-27,US,298,Omicron BA.2,Imported,1,2021-11-08,19,Traveler weight (travel hubs),Strategies (total),100%,T7-R,fig_3f,T7-R^0,17,1.081
2021-11-26,IN,298,Omicron BA.2,Imported,1,2021-11-08,18,Traveler weight (travel hubs),Strategies (total),100%,T11-R,fig_3f,T11-R^0,17,1.0298
2021-11-26,IN,298,Omicron BA.2,Imported,1,2021-11-08,18,Traveler weight (travel hubs),Strategies (total),100%,T11-M,fig_3f,T11-R^90,17,1
2021-11-16,US,299,Omicron BA.2,Imported,1,2021-11-08,8,Traveler weight (travel hubs),Strategies (total),50%,T11-R,fig_3f,T11-R^0,17,1.0547
2021-11-16,US,299,Omicron BA.2,Imported,1,2021-11-08,8,Traveler weight (travel hubs),Strategies (total),70%,T3-R,fig_3f,T3-R^0,17,1.0872
2021-11-16,US,299,Omicron BA.2,Imported,1,2021-11-08,8,Traveler weight (travel hubs),Strategies (total),70%,T7-R,fig_3f,T7-R^0,17,1.0872
2021-11-16,US,299,Omicron BA.2,Imported,1,2021-11-08,8,Traveler weight (travel hubs),Strategies (total),70%,T11-R,fig_3f,T11-R^0,17,1.0367
2021-11-16,US,299,Omicron BA.2,Imported,1,2021-11-08,8,Traveler weight (travel hubs),Strategies (total),90%,T3-R,fig_3f,T3-R^0,17,1.083
2021-11-16,US,299,Omicron BA.2,Imported,1,2021-11-08,8,Traveler weight (travel hubs),Strategies (total),90%,T7-R,fig_3f,T7-R^0,17,1.083
2021-11-16,US,299,Omicron BA.2,Imported,1,2021-11-08,8,Traveler weight (travel hubs),Strategies (total),90%,T11-R,fig_3f,T11-R^0,17,1.0329
2021-11-16,US,299,Omicron BA.2,Imported,1,2021-11-08,8,Traveler weight (travel hubs),Strategies (total),100%,T3-R,fig_3f,T3-R^0,17,1.081
2021-11-16,US,299,Omicron BA.2,Imported,1,2021-11-08,8,Traveler weight (travel hubs),Strategies (total),100%,T7-R,fig_3f,T7-R^0,17,1.081
2021-11-16,US,299,Omicron BA.2,Imported,1,2021-11-08,8,Traveler weight (travel hubs),Strategies (total),100%,T11-R,fig_3f,T11-R^0,17,1.0298
2021-11-16,US,299,Omicron BA.2,Imported,1,2021-11-08,8,Traveler weight (travel hubs),Strategies (total),100%,T11-M,fig_3f,T11-R^90,17,1
2021-11-17,IN,3,Omicron BA.2,Imported,1,2021-11-08,9,Traveler weight (travel hubs),Strategies (total),50%,T11-R,fig_3f,T11-R^0,17,1.0547
2021-11-26,ZA,3,Omicron BA.2,Community,1.2738428122973369,2021-11-08,18,Traveler weight (travel hubs),Strategies (total),70%,T3-R,fig_3f,T3-R^0,17,1.0872
2021-11-26,ZA,3,Omicron BA.2,Community,1.2738428122973369,2021-11-08,18,Traveler weight (travel hubs),Strategies (total),70%,T7-R,fig_3f,T7-R^0,17,1.0872
2021-11-17,IN,3,Omicron BA.2,Imported,1,2021-11-08,9,Traveler weight (travel hubs),Strategies (total),70%,T11-R,fig_3f,T11-R^0,17,1.0367
2021-11-26,ZA,3,Omicron BA.2,Community,1.2738428122973369,2021-11-08,18,Traveler weight (travel hubs),Strategies (total),90%,T3-R,fig_3f,T3-R^0,17,1.083
2021-11-26,ZA,3,Omicron BA.2,Community,1.2738428122973369,2021-11-08,18,Traveler weight (travel hubs),Strategies (total),90%,T7-R,fig_3f,T7-R^0,17,1.083
2021-11-17,IN,3,Omicron BA.2,Imported,1,2021-11-08,9,Traveler weight (travel hubs),Strategies (total),90%,T11-R,fig_3f,T11-R^0,17,1.0329
2021-11-26,ZA,3,Omicron BA.2,Community,1.2738428122973369,2021-11-08,18,Traveler weight (travel hubs),Strategies (total),100%,T3-R,fig_3f,T3-R^0,17,1.081
2021-11-26,ZA,3,Omicron BA.2,Community,1.2738428122973369,2021-11-08,18,Traveler weight (travel hubs),Strategies (total),100%,T7-R,fig_3f,T7-R^0,17,1.081
2021-11-17,IN,3,Omicron BA.2,Imported,1,2021-11-08,9,Traveler weight (travel hubs),Strategies (total),100%,T11-R,fig_3f,T11-R^0,17,1.0298
2021-11-17,IN,3,Omicron BA.2,Imported,1,2021-11-08,9,Traveler weight (travel hubs),Strategies (total),100%,T11-M,fig_3f,T11-R^90,17,1
2021-11-27,ZA,30,Omicron BA.2,Community,1.0335585803725453,2021-11-08,19,Traveler weight (travel hubs),Strategies (total),50%,T11-R,fig_3f,T11-R^0,17,1.0547
2021-11-27,ZA,30,Omicron BA.2,Community,1.0335585803725453,2021-11-08,19,Traveler weight (travel hubs),Strategies (total),70%,T3-R,fig_3f,T3-R^0,17,1.0872
2021-11-27,ZA,30,Omicron BA.2,Community,1.0335585803725453,2021-11-08,19,Traveler weight (travel hubs),Strategies (total),70%,T7-R,fig_3f,T7-R^0,17,1.0872
2021-11-27,ZA,30,Omicron BA.2,Community,1.0335585803725453,2021-11-08,19,Traveler weight (travel hubs),Strategies (total),70%,T11-R,fig_3f,T11-R^0,17,1.0367
2021-11-27,ZA,30,Omicron BA.2,Community,1.0335585803725453,2021-11-08,19,Traveler weight (travel hubs),Strategies (total),90%,T3-R,fig_3f,T3-R^0,17,1.083
2021-11-27,ZA,30,Omicron BA.2,Community,1.0335585803725453,2021-11-08,19,Traveler weight (travel hubs),Strategies (total),90%,T7-R,fig_3f,T7-R^0,17,1.083
2021-11-27,ZA,30,Omicron BA.2,Community,1.0335585803725453,2021-11-08,19,Traveler weight (travel hubs),Strategies (total),90%,T11-R,fig_3f,T11-R^0,17,1.0329
2021-11-27,ZA,30,Omicron BA.2,Community,1.0335585803725453,2021-11-08,19,Traveler weight (travel hubs),Strategies (total),100%,T3-R,fig_3f,T3-R^0,17,1.081
2021-11-27,ZA,30,Omicron BA.2,Community,1.0335585803725453,2021-11-08,19,Traveler weight (travel hubs),Strategies (total),100%,T7-R,fig_3f,T7-R^0,17,1.081
2021-11-27,ZA,30,Omicron BA.2,Community,1.0335585803725453,2021-11-08,19,Traveler weight (travel hubs),Strategies (total),100%,T11-R,fig_3f,T11-R^0,17,1.0298
2021-12-02,TR,30,Omicron BA.2,Imported,1.9431324490265647,2021-11-08,24,Traveler weight (travel hubs),Strategies (total),100%,T11-M,fig_3f,T11-R^90,17,1
2021-11-23,US,300,Omicron BA.2,Imported,1,2021-11-08,15,Traveler weight (travel hubs),Strategies (total),50%,T11-R,fig_3f,T11-R^0,17,1.0547
2021-11-23,US,300,Omicron BA.2,Imported,1,2021-11-08,15,Traveler weight (travel hubs),Strategies (total),70%,T3-R,fig_3f,T3-R^0,17,1.0872
2021-11-23,US,300,Omicron BA.2,Imported,1,2021-11-08,15,Traveler weight (travel hubs),Strategies (total),70%,T7-R,fig_3f,T7-R^0,17,1.0872
2021-11-23,US,300,Omicron BA.2,Imported,1,2021-11-08,15,Traveler weight (travel hubs),Strategies (total),70%,T11-R,fig_3f,T11-R^0,17,1.0367
2021-11-23,US,300,Omicron BA.2,Imported,1,2021-11-08,15,Traveler weight (travel hubs),Strategies (total),90%,T3-R,fig_3f,T3-R^0,17,1.083
2021-11-23,US,300,Omicron BA.2,Imported,1,2021-11-08,15,Traveler weight (travel hubs),Strategies (total),90%,T7-R,fig_3f,T7-R^0,17,1.083
2021-11-23,US,300,Omicron BA.2,Imported,1,2021-11-08,15,Traveler weight (travel hubs),Strategies (total),90%,T11-R,fig_3f,T11-R^0,17,1.0329
2021-11-23,US,300,Omicron BA.2,Imported,1,2021-11-08,15,Traveler weight (travel hubs),Strategies (total),100%,T3-R,fig_3f,T3-R^0,17,1.081
2021-11-23,US,300,Omicron BA.2,Imported,1,2021-11-08,15,Traveler weight (travel hubs),Strategies (total),100%,T7-R,fig_3f,T7-R^0,17,1.081
2021-11-23,US,300,Omicron BA.2,Imported,1,2021-11-08,15,Traveler weight (travel hubs),Strategies (total),100%,T11-R,fig_3f,T11-R^0,17,1.0298
2021-11-23,US,300,Omicron BA.2,Imported,1,2021-11-08,15,Traveler weight (travel hubs),Strategies (total),100%,T11-M,fig_3f,T11-R^90,17,1
2021-11-27,IN,301,Omicron BA.2,Imported,1,2021-11-08,19,Traveler weight (travel hubs),Strategies (total),50%,T11-R,fig_3f,T11-R^0,17,1.0547
2021-12-01,ZA,301,Omicron BA.2,Community,1.1973877111541213,2021-11-08,23,Traveler weight (travel hubs),Strategies (total),70%,T3-R,fig_3f,T3-R^0,17,1.0872
2021-12-01,ZA,301,Omicron BA.2,Community,1.1973877111541213,2021-11-08,23,Traveler weight (travel hubs),Strategies (total),70%,T7-R,fig_3f,T7-R^0,17,1.0872
2021-11-27,IN,301,Omicron BA.2,Imported,1,2021-11-08,19,Traveler weight (travel hubs),Strategies (total),70%,T11-R,fig_3f,T11-R^0,17,1.0367
2021-12-01,ZA,301,Omicron BA.2,Community,1.1973877111541213,2021-11-08,23,Traveler weight (travel hubs),Strategies (total),90%,T3-R,fig_3f,T3-R^0,17,1.083
2021-12-01,ZA,301,Omicron BA.2,Community,1.1973877111541213,2021-11-08,23,Traveler weight (travel hubs),Strategies (total),90%,T7-R,fig_3f,T7-R^0,17,1.083
2021-11-27,IN,301,Omicron BA.2,Imported,1,2021-11-08,19,Traveler weight (travel hubs),Strategies (total),90%,T11-R,fig_3f,T11-R^0,17,1.0329
2021-12-01,ZA,301,Omicron BA.2,Community,1.1973877111541213,2021-11-08,23,Traveler weight (travel hubs),Strategies (total),100%,T3-R,fig_3f,T3-R^0,17,1.081
2021-12-01,ZA,301,Omicron BA.2,Community,1.1973877111541213,2021-11-08,23,Traveler weight (travel hubs),Strategies (total),100%,T7-R,fig_3f,T7-R^0,17,1.081
2021-11-27,IN,301,Omicron BA.2,Imported,1,2021-11-08,19,Traveler weight (travel hubs),Strategies (total),100%,T11-R,fig_3f,T11-R^0,17,1.0298
2021-11-22,TR,301,Omicron BA.2,Imported,1,2021-11-08,14,Traveler weight (travel hubs),Strategies (total),100%,T11-M,fig_3f,T11-R^90,17,1
2021-11-27,ZA,302,Omicron BA.2,Community,1.0641591939796964,2021-11-08,19,Traveler weight (travel hubs),Strategies (total),50%,T11-R,fig_3f,T11-R^0,17,1.0547
2021-11-27,ZA,302,Omicron BA.2,Community,1.0641591939796964,2021-11-08,19,Traveler weight (travel hubs),Strategies (total),70%,T3-R,fig_3f,T3-R^0,17,1.0872
2021-11-27,ZA,302,Omicron BA.2,Community,1.0641591939796964,2021-11-08,19,Traveler weight (travel hubs),Strategies (total),70%,T7-R,fig_3f,T7-R^0,17,1.0872
2021-11-27,ZA,302,Omicron BA.2,Community,1.0641591939796964,2021-11-08,19,Traveler weight (travel hubs),Strategies (total),70%,T11-R,fig_3f,T11-R^0,17,1.0367
2021-11-27,ZA,302,Omicron BA.2,Community,1.0641591939796964,2021-11-08,19,Traveler weight (travel hubs),Strategies (total),90%,T3-R,fig_3f,T3-R^0,17,1.083
2021-11-27,ZA,302,Omicron BA.2,Community,1.0641591939796964,2021-11-08,19,Traveler weight (travel hubs),Strategies (total),90%,T7-R,fig_3f,T7-R^0,17,1.083
2021-11-27,ZA,302,Omicron BA.2,Community,1.0641591939796964,2021-11-08,19,Traveler weight (travel hubs),Strategies (total),90%,T11-R,fig_3f,T11-R^0,17,1.0329
2021-11-27,ZA,302,Omicron BA.2,Community,1.0641591939796964,2021-11-08,19,Traveler weight (travel hubs),Strategies (total),100%,T3-R,fig_3f,T3-R^0,17,1.081
2021-11-27,ZA,302,Omicron BA.2,Community,1.0641591939796964,2021-11-08,19,Traveler weight (travel hubs),Strategies (total),100%,T7-R,fig_3f,T7-R^0,17,1.081
2021-11-27,ZA,302,Omicron BA.2,Community,1.0641591939796964,2021-11-08,19,Traveler weight (travel hubs),Strategies (total),100%,T11-R,fig_3f,T11-R^0,17,1.0298
2021-12-01,GB,302,Omicron BA.2,Imported,1,2021-11-08,23,Traveler weight (travel hubs),Strategies (total),100%,T11-M,fig_3f,T11-R^90,17,1
2021-11-22,ZA,303,Omicron BA.2,Community,1.2066003346985135,2021-11-08,14,Traveler weight (travel hubs),Strategies (total),50%,T11-R,fig_3f,T11-R^0,17,1.0547
2021-11-22,ZA,303,Omicron BA.2,Community,1.2066003346985135,2021-11-08,14,Traveler weight (travel hubs),Strategies (total),70%,T3-R,fig_3f,T3-R^0,17,1.0872
2021-11-22,ZA,303,Omicron BA.2,Community,1.2066003346985135,2021-11-08,14,Traveler weight (travel hubs),Strategies (total),70%,T7-R,fig_3f,T7-R^0,17,1.0872
2021-11-22,ZA,303,Omicron BA.2,Community,1.2066003346985135,2021-11-08,14,Traveler weight (travel hubs),Strategies (total),70%,T11-R,fig_3f,T11-R^0,17,1.0367
2021-11-22,ZA,303,Omicron BA.2,Community,1.2066003346985135,2021-11-08,14,Traveler weight (travel hubs),Strategies (total),90%,T3-R,fig_3f,T3-R^0,17,1.083
2021-11-22,ZA,303,Omicron BA.2,Community,1.2066003346985135,2021-11-08,14,Traveler weight (travel hubs),Strategies (total),90%,T7-R,fig_3f,T7-R^0,17,1.083
2021-11-22,ZA,303,Omicron BA.2,Community,1.2066003346985135,2021-11-08,14,Traveler weight (travel hubs),Strategies (total),90%,T11-R,fig_3f,T11-R^0,17,1.0329
2021-11-21,GB,303,Omicron BA.2,Imported,1.0858685614949797,2021-11-08,13,Traveler weight (travel hubs),Strategies (total),100%,T3-R,fig_3f,T3-R^0,17,1.081
2021-11-21,GB,303,Omicron BA.2,Imported,1.0858685614949797,2021-11-08,13,Traveler weight (travel hubs),Strategies (total),100%,T7-R,fig_3f,T7-R^0,17,1.081
2021-11-21,GB,303,Omicron BA.2,Imported,1.0858685614949797,2021-11-08,13,Traveler weight (travel hubs),Strategies (total),100%,T11-R,fig_3f,T11-R^0,17,1.0298
2021-11-21,GB,303,Omicron BA.2,Imported,1.1873407276835817,2021-11-08,13,Traveler weight (travel hubs),Strategies (total),100%,T11-M,fig_3f,T11-R^90,17,1
2021-12-01,ZA,304,Omicron BA.2,Community,1.0829949341403575,2021-11-08,23,Traveler weight (travel hubs),Strategies (total),50%,T11-R,fig_3f,T11-R^0,17,1.0547
2021-12-01,ZA,304,Omicron BA.2,Community,1.0829949341403575,2021-11-08,23,Traveler weight (travel hubs),Strategies (total),70%,T3-R,fig_3f,T3-R^0,17,1.0872
2021-12-01,ZA,304,Omicron BA.2,Community,1.0829949341403575,2021-11-08,23,Traveler weight (travel hubs),Strategies (total),70%,T7-R,fig_3f,T7-R^0,17,1.0872
2021-12-01,ZA,304,Omicron BA.2,Community,1.0829949341403575,2021-11-08,23,Traveler weight (travel hubs),Strategies (total),70%,T11-R,fig_3f,T11-R^0,17,1.0367
2021-12-01,ZA,304,Omicron BA.2,Community,1.0829949341403575,2021-11-08,23,Traveler weight (travel hubs),Strategies (total),90%,T3-R,fig_3f,T3-R^0,17,1.083
2021-12-01,ZA,304,Omicron BA.2,Community,1.0829949341403575,2021-11-08,23,Traveler weight (travel hubs),Strategies (total),90%,T7-R,fig_3f,T7-R^0,17,1.083
2021-12-01,ZA,304,Omicron BA.2,Community,1.0829949341403575,2021-11-08,23,Traveler weight (travel hubs),Strategies (total),90%,T11-R,fig_3f,T11-R^0,17,1.0329
2021-12-01,ZA,304,Omicron BA.2,Community,1.0829949341403575,2021-11-08,23,Traveler weight (travel hubs),Strategies (total),100%,T3-R,fig_3f,T3-R^0,17,1.081
2021-12-01,ZA,304,Omicron BA.2,Community,1.0829949341403575,2021-11-08,23,Traveler weight (travel hubs),Strategies (total),100%,T7-R,fig_3f,T7-R^0,17,1.081
2021-12-01,ZA,304,Omicron BA.2,Community,1.0829949341403575,2021-11-08,23,Traveler weight (travel hubs),Strategies (total),100%,T11-R,fig_3f,T11-R^0,17,1.0298
2021-12-09,US,304,Omicron BA.2,Imported,2,2021-11-08,31,Traveler weight (travel hubs),Strategies (total),100%,T11-M,fig_3f,T11-R^90,17,1
2021-12-01,ZA,305,Omicron BA.2,Community,1.167112905847296,2021-11-08,23,Traveler weight (travel hubs),Strategies (total),50%,T11-R,fig_3f,T11-R^0,17,1.0547
2021-12-01,ZA,305,Omicron BA.2,Community,1.167112905847296,2021-11-08,23,Traveler weight (travel hubs),Strategies (total),70%,T3-R,fig_3f,T3-R^0,17,1.0872
2021-12-01,ZA,305,Omicron BA.2,Community,1.167112905847296,2021-11-08,23,Traveler weight (travel hubs),Strategies (total),70%,T7-R,fig_3f,T7-R^0,17,1.0872
2021-12-01,ZA,305,Omicron BA.2,Community,1.167112905847296,2021-11-08,23,Traveler weight (travel hubs),Strategies (total),70%,T11-R,fig_3f,T11-R^0,17,1.0367
2021-12-01,ZA,305,Omicron BA.2,Community,1.167112905847296,2021-11-08,23,Traveler weight (travel hubs),Strategies (total),90%,T3-R,fig_3f,T3-R^0,17,1.083
2021-12-01,ZA,305,Omicron BA.2,Community,1.167112905847296,2021-11-08,23,Traveler weight (travel hubs),Strategies (total),90%,T7-R,fig_3f,T7-R^0,17,1.083
2021-12-01,ZA,305,Omicron BA.2,Community,1.167112905847296,2021-11-08,23,Traveler weight (travel hubs),Strategies (total),90%,T11-R,fig_3f,T11-R^0,17,1.0329
2021-12-01,ZA,305,Omicron BA.2,Community,1.167112905847296,2021-11-08,23,Traveler weight (travel hubs),Strategies (total),100%,T3-R,fig_3f,T3-R^0,17,1.081
2021-12-01,ZA,305,Omicron BA.2,Community,1.167112905847296,2021-11-08,23,Traveler weight (travel hubs),Strategies (total),100%,T7-R,fig_3f,T7-R^0,17,1.081
2021-12-01,ZA,305,Omicron BA.2,Community,1.167112905847296,2021-11-08,23,Traveler weight (travel hubs),Strategies (total),100%,T11-R,fig_3f,T11-R^0,17,1.0298
2021-12-04,US,305,Omicron BA.2,Imported,1.9760951247625826,2021-11-08,26,Traveler weight (travel hubs),Strategies (total),100%,T11-M,fig_3f,T11-R^90,17,1
2021-11-25,ZA,306,Omicron BA.2,Community,1.3312489521654003,2021-11-08,17,Traveler weight (travel hubs),Strategies (total),50%,T11-R,fig_3f,T11-R^0,17,1.0547
2021-11-23,US,306,Omicron BA.2,Imported,1,2021-11-08,15,Traveler weight (travel hubs),Strategies (total),70%,T3-R,fig_3f,T3-R^0,17,1.0872
2021-11-23,US,306,Omicron BA.2,Imported,1,2021-11-08,15,Traveler weight (travel hubs),Strategies (total),70%,T7-R,fig_3f,T7-R^0,17,1.0872
2021-11-23,US,306,Omicron BA.2,Imported,1,2021-11-08,15,Traveler weight (travel hubs),Strategies (total),70%,T11-R,fig_3f,T11-R^0,17,1.0367
2021-11-23,US,306,Omicron BA.2,Imported,1,2021-11-08,15,Traveler weight (travel hubs),Strategies (total),90%,T3-R,fig_3f,T3-R^0,17,1.083
2021-11-23,US,306,Omicron BA.2,Imported,1,2021-11-08,15,Traveler weight (travel hubs),Strategies (total),90%,T7-R,fig_3f,T7-R^0,17,1.083
2021-11-23,US,306,Omicron BA.2,Imported,1,2021-11-08,15,Traveler weight (travel hubs),Strategies (total),90%,T11-R,fig_3f,T11-R^0,17,1.0329
2021-11-23,US,306,Omicron BA.2,Imported,1,2021-11-08,15,Traveler weight (travel hubs),Strategies (total),100%,T3-R,fig_3f,T3-R^0,17,1.081
2021-11-23,US,306,Omicron BA.2,Imported,1,2021-11-08,15,Traveler weight (travel hubs),Strategies (total),100%,T7-R,fig_3f,T7-R^0,17,1.081
2021-11-23,US,306,Omicron BA.2,Imported,1,2021-11-08,15,Traveler weight (travel hubs),Strategies (total),100%,T11-R,fig_3f,T11-R^0,17,1.0298
2021-11-23,US,306,Omicron BA.2,Imported,1,2021-11-08,15,Traveler weight (travel hubs),Strategies (total),100%,T11-M,fig_3f,T11-R^90,17,1
2021-11-25,IN,307,Omicron BA.2,Imported,1,2021-11-08,17,Traveler weight (travel hubs),Strategies (total),50%,T11-R,fig_3f,T11-R^0,17,1.0547
2021-11-27,ZA,307,Omicron BA.2,Community,1.2144526805726974,2021-11-08,19,Traveler weight (travel hubs),Strategies (total),70%,T3-R,fig_3f,T3-R^0,17,1.0872
2021-11-27,ZA,307,Omicron BA.2,Community,1.2144526805726974,2021-11-08,19,Traveler weight (travel hubs),Strategies (total),70%,T7-R,fig_3f,T7-R^0,17,1.0872
2021-11-25,IN,307,Omicron BA.2,Imported,1,2021-11-08,17,Traveler weight (travel hubs),Strategies (total),70%,T11-R,fig_3f,T11-R^0,17,1.0367
2021-11-27,ZA,307,Omicron BA.2,Community,1.2144526805726974,2021-11-08,19,Traveler weight (travel hubs),Strategies (total),90%,T3-R,fig_3f,T3-R^0,17,1.083
2021-11-27,ZA,307,Omicron BA.2,Community,1.2144526805726974,2021-11-08,19,Traveler weight (travel hubs),Strategies (total),90%,T7-R,fig_3f,T7-R^0,17,1.083
2021-11-25,IN,307,Omicron BA.2,Imported,1,2021-11-08,17,Traveler weight (travel hubs),Strategies (total),90%,T11-R,fig_3f,T11-R^0,17,1.0329
2021-11-27,ZA,307,Omicron BA.2,Community,1.2144526805726974,2021-11-08,19,Traveler weight (travel hubs),Strategies (total),100%,T3-R,fig_3f,T3-R^0,17,1.081
2021-11-27,ZA,307,Omicron BA.2,Community,1.2144526805726974,2021-11-08,19,Traveler weight (travel hubs),Strategies (total),100%,T7-R,fig_3f,T7-R^0,17,1.081
2021-11-25,IN,307,Omicron BA.2,Imported,1,2021-11-08,17,Traveler weight (travel hubs),Strategies (total),100%,T11-R,fig_3f,T11-R^0,17,1.0298
2021-11-25,IN,307,Omicron BA.2,Imported,1,2021-11-08,17,Traveler weight (travel hubs),Strategies (total),100%,T11-M,fig_3f,T11-R^90,17,1
2021-11-25,IN,308,Omicron BA.2,Imported,1,2021-11-08,17,Traveler weight (travel hubs),Strategies (total),50%,T11-R,fig_3f,T11-R^0,17,1.0547
2021-11-26,ZA,308,Omicron BA.2,Community,1.0671093725927574,2021-11-08,18,Traveler weight (travel hubs),Strategies (total),70%,T3-R,fig_3f,T3-R^0,17,1.0872
2021-11-26,ZA,308,Omicron BA.2,Community,1.0671093725927574,2021-11-08,18,Traveler weight (travel hubs),Strategies (total),70%,T7-R,fig_3f,T7-R^0,17,1.0872
2021-11-25,IN,308,Omicron BA.2,Imported,1,2021-11-08,17,Traveler weight (travel hubs),Strategies (total),70%,T11-R,fig_3f,T11-R^0,17,1.0367
2021-11-26,ZA,308,Omicron BA.2,Community,1.0671093725927574,2021-11-08,18,Traveler weight (travel hubs),Strategies (total),90%,T3-R,fig_3f,T3-R^0,17,1.083
2021-11-26,ZA,308,Omicron BA.2,Community,1.0671093725927574,2021-11-08,18,Traveler weight (travel hubs),Strategies (total),90%,T7-R,fig_3f,T7-R^0,17,1.083
2021-11-25,IN,308,Omicron BA.2,Imported,1,2021-11-08,17,Traveler weight (travel hubs),Strategies (total),90%,T11-R,fig_3f,T11-R^0,17,1.0329
2021-11-26,ZA,308,Omicron BA.2,Community,1.0671093725927574,2021-11-08,18,Traveler weight (travel hubs),Strategies (total),100%,T3-R,fig_3f,T3-R^0,17,1.081
2021-11-26,ZA,308,Omicron BA.2,Community,1.0671093725927574,2021-11-08,18,Traveler weight (travel hubs),Strategies (total),100%,T7-R,fig_3f,T7-R^0,17,1.081
2021-11-25,IN,308,Omicron BA.2,Imported,1,2021-11-08,17,Traveler weight (travel hubs),Strategies (total),100%,T11-R,fig_3f,T11-R^0,17,1.0298
2021-11-21,TR,308,Omicron BA.2,Imported,1,2021-11-08,13,Traveler weight (travel hubs),Strategies (total),100%,T11-M,fig_3f,T11-R^90,17,1
2021-11-25,US,309,Omicron BA.2,Imported,1,2021-11-08,17,Traveler weight (travel hubs),Strategies (total),50%,T11-R,fig_3f,T11-R^0,17,1.0547
2021-11-25,US,309,Omicron BA.2,Imported,1,2021-11-08,17,Traveler weight (travel hubs),Strategies (total),70%,T3-R,fig_3f,T3-R^0,17,1.0872
2021-11-25,US,309,Omicron BA.2,Imported,1,2021-11-08,17,Traveler weight (travel hubs),Strategies (total),70%,T7-R,fig_3f,T7-R^0,17,1.0872
2021-11-25,US,309,Omicron BA.2,Imported,1,2021-11-08,17,Traveler weight (travel hubs),Strategies (total),70%,T11-R,fig_3f,T11-R^0,17,1.0367
2021-11-25,US,309,Omicron BA.2,Imported,1,2021-11-08,17,Traveler weight (travel hubs),Strategies (total),90%,T3-R,fig_3f,T3-R^0,17,1.083
2021-11-25,US,309,Omicron BA.2,Imported,1,2021-11-08,17,Traveler weight (travel hubs),Strategies (total),90%,T7-R,fig_3f,T7-R^0,17,1.083
2021-11-25,US,309,Omicron BA.2,Imported,1,2021-11-08,17,Traveler weight (travel hubs),Strategies (total),90%,T11-R,fig_3f,T11-R^0,17,1.0329
2021-11-25,US,309,Omicron BA.2,Imported,1,2021-11-08,17,Traveler weight (travel hubs),Strategies (total),100%,T3-R,fig_3f,T3-R^0,17,1.081
2021-11-25,US,309,Omicron BA.2,Imported,1,2021-11-08,17,Traveler weight (travel hubs),Strategies (total),100%,T7-R,fig_3f,T7-R^0,17,1.081
2021-11-25,US,309,Omicron BA.2,Imported,1,2021-11-08,17,Traveler weight (travel hubs),Strategies (total),100%,T11-R,fig_3f,T11-R^0,17,1.0298
2021-11-15,TR,309,Omicron BA.2,Imported,1,2021-11-08,7,Traveler weight (travel hubs),Strategies (total),100%,T11-M,fig_3f,T11-R^90,17,1
2021-11-22,ZA,31,Omicron BA.2,Community,1.510129680740758,2021-11-08,14,Traveler weight (travel hubs),Strategies (total),50%,T11-R,fig_3f,T11-R^0,17,1.0547
2021-11-22,ZA,31,Omicron BA.2,Community,1.510129680740758,2021-11-08,14,Traveler weight (travel hubs),Strategies (total),70%,T3-R,fig_3f,T3-R^0,17,1.0872
2021-11-22,ZA,31,Omicron BA.2,Community,1.510129680740758,2021-11-08,14,Traveler weight (travel hubs),Strategies (total),70%,T7-R,fig_3f,T7-R^0,17,1.0872
2021-11-22,ZA,31,Omicron BA.2,Community,1.510129680740758,2021-11-08,14,Traveler weight (travel hubs),Strategies (total),70%,T11-R,fig_3f,T11-R^0,17,1.0367
2021-11-22,ZA,31,Omicron BA.2,Community,1.510129680740758,2021-11-08,14,Traveler weight (travel hubs),Strategies (total),90%,T3-R,fig_3f,T3-R^0,17,1.083
2021-11-22,ZA,31,Omicron BA.2,Community,1.510129680740758,2021-11-08,14,Traveler weight (travel hubs),Strategies (total),90%,T7-R,fig_3f,T7-R^0,17,1.083
2021-11-22,ZA,31,Omicron BA.2,Community,1.510129680740758,2021-11-08,14,Traveler weight (travel hubs),Strategies (total),90%,T11-R,fig_3f,T11-R^0,17,1.0329
2021-11-22,ZA,31,Omicron BA.2,Community,1.510129680740758,2021-11-08,14,Traveler weight (travel hubs),Strategies (total),100%,T3-R,fig_3f,T3-R^0,17,1.081
2021-11-22,ZA,31,Omicron BA.2,Community,1.510129680740758,2021-11-08,14,Traveler weight (travel hubs),Strategies (total),100%,T7-R,fig_3f,T7-R^0,17,1.081
2021-11-22,ZA,31,Omicron BA.2,Community,1.510129680740758,2021-11-08,14,Traveler weight (travel hubs),Strategies (total),100%,T11-R,fig_3f,T11-R^0,17,1.0298
2021-11-23,AE,31,Omicron BA.2,Imported,1,2021-11-08,15,Traveler weight (travel hubs),Strategies (total),100%,T11-M,fig_3f,T11-R^90,17,1
2021-11-25,ZA,310,Omicron BA.2,Community,1.0787732617168169,2021-11-08,17,Traveler weight (travel hubs),Strategies (total),50%,T11-R,fig_3f,T11-R^0,17,1.0547
2021-11-25,ZA,310,Omicron BA.2,Community,1.0787732617168169,2021-11-08,17,Traveler weight (travel hubs),Strategies (total),70%,T3-R,fig_3f,T3-R^0,17,1.0872
2021-11-25,ZA,310,Omicron BA.2,Community,1.0787732617168169,2021-11-08,17,Traveler weight (travel hubs),Strategies (total),70%,T7-R,fig_3f,T7-R^0,17,1.0872
2021-11-25,ZA,310,Omicron BA.2,Community,1.0787732617168169,2021-11-08,17,Traveler weight (travel hubs),Strategies (total),70%,T11-R,fig_3f,T11-R^0,17,1.0367
2021-11-25,ZA,310,Omicron BA.2,Community,1.0787732617168169,2021-11-08,17,Traveler weight (travel hubs),Strategies (total),90%,T3-R,fig_3f,T3-R^0,17,1.083
2021-11-25,ZA,310,Omicron BA.2,Community,1.0787732617168169,2021-11-08,17,Traveler weight (travel hubs),Strategies (total),90%,T7-R,fig_3f,T7-R^0,17,1.083
2021-11-25,ZA,310,Omicron BA.2,Community,1.0787732617168169,2021-11-08,17,Traveler weight (travel hubs),Strategies (total),90%,T11-R,fig_3f,T11-R^0,17,1.0329
2021-11-25,ZA,310,Omicron BA.2,Community,1.0787732617168169,2021-11-08,17,Traveler weight (travel hubs),Strategies (total),100%,T3-R,fig_3f,T3-R^0,17,1.081
2021-11-25,ZA,310,Omicron BA.2,Community,1.0787732617168169,2021-11-08,17,Traveler weight (travel hubs),Strategies (total),100%,T7-R,fig_3f,T7-R^0,17,1.081
2021-11-25,ZA,310,Omicron BA.2,Community,1.0787732617168169,2021-11-08,17,Traveler weight (travel hubs),Strategies (total),100%,T11-R,fig_3f,T11-R^0,17,1.0298
2021-12-01,AE,310,Omicron BA.2,Imported,1,2021-11-08,23,Traveler weight (travel hubs),Strategies (total),100%,T11-M,fig_3f,T11-R^90,17,1
2021-11-25,ZA,311,Omicron BA.2,Community,1.252879072943265,2021-11-08,17,Traveler weight (travel hubs),Strategies (total),50%,T11-R,fig_3f,T11-R^0,17,1.0547
2021-11-25,ZA,311,Omicron BA.2,Community,1.252879072943265,2021-11-08,17,Traveler weight (travel hubs),Strategies (total),70%,T3-R,fig_3f,T3-R^0,17,1.0872
2021-11-25,ZA,311,Omicron BA.2,Community,1.252879072943265,2021-11-08,17,Traveler weight (travel hubs),Strategies (total),70%,T7-R,fig_3f,T7-R^0,17,1.0872
2021-11-25,ZA,311,Omicron BA.2,Community,1.252879072943265,2021-11-08,17,Traveler weight (travel hubs),Strategies (total),70%,T11-R,fig_3f,T11-R^0,17,1.0367
2021-11-25,ZA,311,Omicron BA.2,Community,1.252879072943265,2021-11-08,17,Traveler weight (travel hubs),Strategies (total),90%,T3-R,fig_3f,T3-R^0,17,1.083
2021-11-25,ZA,311,Omicron BA.2,Community,1.252879072943265,2021-11-08,17,Traveler weight (travel hubs),Strategies (total),90%,T7-R,fig_3f,T7-R^0,17,1.083
2021-11-25,ZA,311,Omicron BA.2,Community,1.252879072943265,2021-11-08,17,Traveler weight (travel hubs),Strategies (total),90%,T11-R,fig_3f,T11-R^0,17,1.0329
2021-11-25,ZA,311,Omicron BA.2,Community,1.252879072943265,2021-11-08,17,Traveler weight (travel hubs),Strategies (total),100%,T3-R,fig_3f,T3-R^0,17,1.081
2021-11-25,ZA,311,Omicron BA.2,Community,1.252879072943265,2021-11-08,17,Traveler weight (travel hubs),Strategies (total),100%,T7-R,fig_3f,T7-R^0,17,1.081
2021-11-25,ZA,311,Omicron BA.2,Community,1.252879072943265,2021-11-08,17,Traveler weight (travel hubs),Strategies (total),100%,T11-R,fig_3f,T11-R^0,17,1.0298
2021-11-29,US,311,Omicron BA.2,Imported,1,2021-11-08,21,Traveler weight (travel hubs),Strategies (total),100%,T11-M,fig_3f,T11-R^90,17,1
2021-11-29,ZA,312,Omicron BA.2,Community,1.2198759997440978,2021-11-08,21,Traveler weight (travel hubs),Strategies (total),50%,T11-R,fig_3f,T11-R^0,17,1.0547
2021-11-29,ZA,312,Omicron BA.2,Community,1.2198759997440978,2021-11-08,21,Traveler weight (travel hubs),Strategies (total),70%,T3-R,fig_3f,T3-R^0,17,1.0872
2021-11-29,ZA,312,Omicron BA.2,Community,1.2198759997440978,2021-11-08,21,Traveler weight (travel hubs),Strategies (total),70%,T7-R,fig_3f,T7-R^0,17,1.0872
2021-11-22,IN,312,Omicron BA.2,Imported,1,2021-11-08,14,Traveler weight (travel hubs),Strategies (total),70%,T11-R,fig_3f,T11-R^0,17,1.0367
2021-11-29,ZA,312,Omicron BA.2,Community,1.2198759997440978,2021-11-08,21,Traveler weight (travel hubs),Strategies (total),90%,T3-R,fig_3f,T3-R^0,17,1.083
2021-11-29,ZA,312,Omicron BA.2,Community,1.2198759997440978,2021-11-08,21,Traveler weight (travel hubs),Strategies (total),90%,T7-R,fig_3f,T7-R^0,17,1.083
2021-11-22,IN,312,Omicron BA.2,Imported,1,2021-11-08,14,Traveler weight (travel hubs),Strategies (total),90%,T11-R,fig_3f,T11-R^0,17,1.0329
2021-11-29,ZA,312,Omicron BA.2,Community,1.2198759997440978,2021-11-08,21,Traveler weight (travel hubs),Strategies (total),100%,T3-R,fig_3f,T3-R^0,17,1.081
2021-11-29,ZA,312,Omicron BA.2,Community,1.2198759997440978,2021-11-08,21,Traveler weight (travel hubs),Strategies (total),100%,T7-R,fig_3f,T7-R^0,17,1.081
2021-11-22,IN,312,Omicron BA.2,Imported,1,2021-11-08,14,Traveler weight (travel hubs),Strategies (total),100%,T11-R,fig_3f,T11-R^0,17,1.0298
2021-11-22,IN,312,Omicron BA.2,Imported,1,2021-11-08,14,Traveler weight (travel hubs),Strategies (total),100%,T11-M,fig_3f,T11-R^90,17,1
2021-11-27,ZA,313,Omicron BA.2,Community,1.1163912840047157,2021-11-08,19,Traveler weight (travel hubs),Strategies (total),50%,T11-R,fig_3f,T11-R^0,17,1.0547
2021-11-27,ZA,313,Omicron BA.2,Community,1.1163912840047157,2021-11-08,19,Traveler weight (travel hubs),Strategies (total),70%,T3-R,fig_3f,T3-R^0,17,1.0872
2021-11-27,ZA,313,Omicron BA.2,Community,1.1163912840047157,2021-11-08,19,Traveler weight (travel hubs),Strategies (total),70%,T7-R,fig_3f,T7-R^0,17,1.0872
2021-11-27,ZA,313,Omicron BA.2,Community,1.1163912840047157,2021-11-08,19,Traveler weight (travel hubs),Strategies (total),70%,T11-R,fig_3f,T11-R^0,17,1.0367
2021-11-27,ZA,313,Omicron BA.2,Community,1.1163912840047157,2021-11-08,19,Traveler weight (travel hubs),Strategies (total),90%,T3-R,fig_3f,T3-R^0,17,1.083
2021-11-27,ZA,313,Omicron BA.2,Community,1.1163912840047157,2021-11-08,19,Traveler weight (travel hubs),Strategies (total),90%,T7-R,fig_3f,T7-R^0,17,1.083
2021-11-27,ZA,313,Omicron BA.2,Community,1.1163912840047157,2021-11-08,19,Traveler weight (travel hubs),Strategies (total),90%,T11-R,fig_3f,T11-R^0,17,1.0329
2021-11-27,ZA,313,Omicron BA.2,Community,1.1163912840047157,2021-11-08,19,Traveler weight (travel hubs),Strategies (total),100%,T3-R,fig_3f,T3-R^0,17,1.081
2021-11-27,ZA,313,Omicron BA.2,Community,1.1163912840047157,2021-11-08,19,Traveler weight (travel hubs),Strategies (total),100%,T7-R,fig_3f,T7-R^0,17,1.081
2021-11-27,ZA,313,Omicron BA.2,Community,1.1163912840047157,2021-11-08,19,Traveler weight (travel hubs),Strategies (total),100%,T11-R,fig_3f,T11-R^0,17,1.0298
2021-12-02,US,313,Omicron BA.2,Imported,1,2021-11-08,24,Traveler weight (travel hubs),Strategies (total),100%,T11-M,fig_3f,T11-R^90,17,1
2021-11-27,US,314,Omicron BA.2,Imported,1,2021-11-08,19,Traveler weight (travel hubs),Strategies (total),50%,T11-R,fig_3f,T11-R^0,17,1.0547
2021-11-27,US,314,Omicron BA.2,Imported,1,2021-11-08,19,Traveler weight (travel hubs),Strategies (total),70%,T3-R,fig_3f,T3-R^0,17,1.0872
2021-11-27,US,314,Omicron BA.2,Imported,1,2021-11-08,19,Traveler weight (travel hubs),Strategies (total),70%,T7-R,fig_3f,T7-R^0,17,1.0872
2021-11-27,US,314,Omicron BA.2,Imported,1,2021-11-08,19,Traveler weight (travel hubs),Strategies (total),70%,T11-R,fig_3f,T11-R^0,17,1.0367
2021-11-27,US,314,Omicron BA.2,Imported,1,2021-11-08,19,Traveler weight (travel hubs),Strategies (total),90%,T3-R,fig_3f,T3-R^0,17,1.083
2021-11-27,US,314,Omicron BA.2,Imported,1,2021-11-08,19,Traveler weight (travel hubs),Strategies (total),90%,T7-R,fig_3f,T7-R^0,17,1.083
2021-11-27,US,314,Omicron BA.2,Imported,1,2021-11-08,19,Traveler weight (travel hubs),Strategies (total),90%,T11-R,fig_3f,T11-R^0,17,1.0329
2021-11-27,US,314,Omicron BA.2,Imported,1,2021-11-08,19,Traveler weight (travel hubs),Strategies (total),100%,T3-R,fig_3f,T3-R^0,17,1.081
2021-11-27,US,314,Omicron BA.2,Imported,1,2021-11-08,19,Traveler weight (travel hubs),Strategies (total),100%,T7-R,fig_3f,T7-R^0,17,1.081
2021-11-27,US,314,Omicron BA.2,Imported,1,2021-11-08,19,Traveler weight (travel hubs),Strategies (total),100%,T11-R,fig_3f,T11-R^0,17,1.0298
2021-11-21,TR,314,Omicron BA.2,Imported,1,2021-11-08,13,Traveler weight (travel hubs),Strategies (total),100%,T11-M,fig_3f,T11-R^90,17,1
2021-11-22,IN,315,Omicron BA.2,Imported,1,2021-11-08,14,Traveler weight (travel hubs),Strategies (total),50%,T11-R,fig_3f,T11-R^0,17,1.0547
2021-11-25,US,315,Omicron BA.2,Imported,1,2021-11-08,17,Traveler weight (travel hubs),Strategies (total),70%,T3-R,fig_3f,T3-R^0,17,1.0872
2021-11-25,US,315,Omicron BA.2,Imported,1,2021-11-08,17,Traveler weight (travel hubs),Strategies (total),70%,T7-R,fig_3f,T7-R^0,17,1.0872
2021-11-22,IN,315,Omicron BA.2,Imported,1,2021-11-08,14,Traveler weight (travel hubs),Strategies (total),70%,T11-R,fig_3f,T11-R^0,17,1.0367
2021-11-25,US,315,Omicron BA.2,Imported,1,2021-11-08,17,Traveler weight (travel hubs),Strategies (total),90%,T3-R,fig_3f,T3-R^0,17,1.083
2021-11-25,US,315,Omicron BA.2,Imported,1,2021-11-08,17,Traveler weight (travel hubs),Strategies (total),90%,T7-R,fig_3f,T7-R^0,17,1.083
2021-11-22,IN,315,Omicron BA.2,Imported,1,2021-11-08,14,Traveler weight (travel hubs),Strategies (total),90%,T11-R,fig_3f,T11-R^0,17,1.0329
2021-11-25,US,315,Omicron BA.2,Imported,1,2021-11-08,17,Traveler weight (travel hubs),Strategies (total),100%,T3-R,fig_3f,T3-R^0,17,1.081
2021-11-25,US,315,Omicron BA.2,Imported,1,2021-11-08,17,Traveler weight (travel hubs),Strategies (total),100%,T7-R,fig_3f,T7-R^0,17,1.081
2021-11-22,IN,315,Omicron BA.2,Imported,1,2021-11-08,14,Traveler weight (travel hubs),Strategies (total),100%,T11-R,fig_3f,T11-R^0,17,1.0298
2021-11-22,IN,315,Omicron BA.2,Imported,1,2021-11-08,14,Traveler weight (travel hubs),Strategies (total),100%,T11-M,fig_3f,T11-R^90,17,1
2021-11-25,ZA,316,Omicron BA.2,Community,1.3028992420679992,2021-11-08,17,Traveler weight (travel hubs),Strategies (total),50%,T11-R,fig_3f,T11-R^0,17,1.0547
2021-11-25,ZA,316,Omicron BA.2,Community,1.3028992420679992,2021-11-08,17,Traveler weight (travel hubs),Strategies (total),70%,T3-R,fig_3f,T3-R^0,17,1.0872
2021-11-25,ZA,316,Omicron BA.2,Community,1.3028992420679992,2021-11-08,17,Traveler weight (travel hubs),Strategies (total),70%,T7-R,fig_3f,T7-R^0,17,1.0872
2021-11-25,ZA,316,Omicron BA.2,Community,1.3028992420679992,2021-11-08,17,Traveler weight (travel hubs),Strategies (total),70%,T11-R,fig_3f,T11-R^0,17,1.0367
2021-11-25,ZA,316,Omicron BA.2,Community,1.3028992420679992,2021-11-08,17,Traveler weight (travel hubs),Strategies (total),90%,T3-R,fig_3f,T3-R^0,17,1.083
2021-11-25,ZA,316,Omicron BA.2,Community,1.3028992420679992,2021-11-08,17,Traveler weight (travel hubs),Strategies (total),90%,T7-R,fig_3f,T7-R^0,17,1.083
2021-11-25,ZA,316,Omicron BA.2,Community,1.3028992420679992,2021-11-08,17,Traveler weight (travel hubs),Strategies (total),90%,T11-R,fig_3f,T11-R^0,17,1.0329
2021-11-25,ZA,316,Omicron BA.2,Community,1.3028992420679992,2021-11-08,17,Traveler weight (travel hubs),Strategies (total),100%,T3-R,fig_3f,T3-R^0,17,1.081
2021-11-25,ZA,316,Omicron BA.2,Community,1.3028992420679992,2021-11-08,17,Traveler weight (travel hubs),Strategies (total),100%,T7-R,fig_3f,T7-R^0,17,1.081
2021-11-25,ZA,316,Omicron BA.2,Community,1.3028992420679992,2021-11-08,17,Traveler weight (travel hubs),Strategies (total),100%,T11-R,fig_3f,T11-R^0,17,1.0298
2021-11-27,US,316,Omicron BA.2,Imported,1,2021-11-08,19,Traveler weight (travel hubs),Strategies (total),100%,T11-M,fig_3f,T11-R^90,17,1
2021-11-27,ZA,317,Omicron BA.2,Community,1.1309083557753021,2021-11-08,19,Traveler weight (travel hubs),Strategies (total),50%,T11-R,fig_3f,T11-R^0,17,1.0547
2021-11-27,ZA,317,Omicron BA.2,Community,1.1309083557753021,2021-11-08,19,Traveler weight (travel hubs),Strategies (total),70%,T3-R,fig_3f,T3-R^0,17,1.0872
2021-11-27,ZA,317,Omicron BA.2,Community,1.1309083557753021,2021-11-08,19,Traveler weight (travel hubs),Strategies (total),70%,T7-R,fig_3f,T7-R^0,17,1.0872
2021-11-27,ZA,317,Omicron BA.2,Community,1.1309083557753021,2021-11-08,19,Traveler weight (travel hubs),Strategies (total),70%,T11-R,fig_3f,T11-R^0,17,1.0367
2021-11-27,ZA,317,Omicron BA.2,Community,1.1309083557753021,2021-11-08,19,Traveler weight (travel hubs),Strategies (total),90%,T3-R,fig_3f,T3-R^0,17,1.083
2021-11-27,ZA,317,Omicron BA.2,Community,1.1309083557753021,2021-11-08,19,Traveler weight (travel hubs),Strategies (total),90%,T7-R,fig_3f,T7-R^0,17,1.083
2021-11-27,ZA,317,Omicron BA.2,Community,1.1309083557753021,2021-11-08,19,Traveler weight (travel hubs),Strategies (total),90%,T11-R,fig_3f,T11-R^0,17,1.0329
2021-11-27,ZA,317,Omicron BA.2,Community,1.1309083557753021,2021-11-08,19,Traveler weight (travel hubs),Strategies (total),100%,T3-R,fig_3f,T3-R^0,17,1.081
2021-11-27,ZA,317,Omicron BA.2,Community,1.1309083557753021,2021-11-08,19,Traveler weight (travel hubs),Strategies (total),100%,T7-R,fig_3f,T7-R^0,17,1.081
2021-11-27,ZA,317,Omicron BA.2,Community,1.1309083557753021,2021-11-08,19,Traveler weight (travel hubs),Strategies (total),100%,T11-R,fig_3f,T11-R^0,17,1.0298
2021-11-27,US,317,Omicron BA.2,Imported,1,2021-11-08,19,Traveler weight (travel hubs),Strategies (total),100%,T11-M,fig_3f,T11-R^90,17,1
2021-11-25,US,318,Omicron BA.2,Imported,1,2021-11-08,17,Traveler weight (travel hubs),Strategies (total),50%,T11-R,fig_3f,T11-R^0,17,1.0547
2021-11-25,US,318,Omicron BA.2,Imported,1,2021-11-08,17,Traveler weight (travel hubs),Strategies (total),70%,T3-R,fig_3f,T3-R^0,17,1.0872
2021-11-25,US,318,Omicron BA.2,Imported,1,2021-11-08,17,Traveler weight (travel hubs),Strategies (total),70%,T7-R,fig_3f,T7-R^0,17,1.0872
2021-11-25,US,318,Omicron BA.2,Imported,1,2021-11-08,17,Traveler weight (travel hubs),Strategies (total),70%,T11-R,fig_3f,T11-R^0,17,1.0367
2021-11-25,US,318,Omicron BA.2,Imported,1,2021-11-08,17,Traveler weight (travel hubs),Strategies (total),90%,T3-R,fig_3f,T3-R^0,17,1.083
2021-11-25,US,318,Omicron BA.2,Imported,1,2021-11-08,17,Traveler weight (travel hubs),Strategies (total),90%,T7-R,fig_3f,T7-R^0,17,1.083
2021-11-25,US,318,Omicron BA.2,Imported,1,2021-11-08,17,Traveler weight (travel hubs),Strategies (total),90%,T11-R,fig_3f,T11-R^0,17,1.0329
2021-11-25,US,318,Omicron BA.2,Imported,1,2021-11-08,17,Traveler weight (travel hubs),Strategies (total),100%,T3-R,fig_3f,T3-R^0,17,1.081
2021-11-25,US,318,Omicron BA.2,Imported,1,2021-11-08,17,Traveler weight (travel hubs),Strategies (total),100%,T7-R,fig_3f,T7-R^0,17,1.081
2021-11-25,US,318,Omicron BA.2,Imported,1,2021-11-08,17,Traveler weight (travel hubs),Strategies (total),100%,T11-R,fig_3f,T11-R^0,17,1.0298
2021-11-25,US,318,Omicron BA.2,Imported,1,2021-11-08,17,Traveler weight (travel hubs),Strategies (total),100%,T11-M,fig_3f,T11-R^90,17,1
2021-12-01,ZA,319,Omicron BA.2,Community,1.3570010834363075,2021-11-08,23,Traveler weight (travel hubs),Strategies (total),50%,T11-R,fig_3f,T11-R^0,17,1.0547
2021-12-01,ZA,319,Omicron BA.2,Community,1.3570010834363075,2021-11-08,23,Traveler weight (travel hubs),Strategies (total),70%,T3-R,fig_3f,T3-R^0,17,1.0872
2021-12-01,ZA,319,Omicron BA.2,Community,1.3570010834363075,2021-11-08,23,Traveler weight (travel hubs),Strategies (total),70%,T7-R,fig_3f,T7-R^0,17,1.0872
2021-12-01,ZA,319,Omicron BA.2,Community,1.3570010834363075,2021-11-08,23,Traveler weight (travel hubs),Strategies (total),70%,T11-R,fig_3f,T11-R^0,17,1.0367
2021-12-01,ZA,319,Omicron BA.2,Community,1.3570010834363075,2021-11-08,23,Traveler weight (travel hubs),Strategies (total),90%,T3-R,fig_3f,T3-R^0,17,1.083
2021-12-01,ZA,319,Omicron BA.2,Community,1.3570010834363075,2021-11-08,23,Traveler weight (travel hubs),Strategies (total),90%,T7-R,fig_3f,T7-R^0,17,1.083
2021-12-01,ZA,319,Omicron BA.2,Community,1.3570010834363075,2021-11-08,23,Traveler weight (travel hubs),Strategies (total),90%,T11-R,fig_3f,T11-R^0,17,1.0329
2021-12-01,ZA,319,Omicron BA.2,Community,1.3570010834363075,2021-11-08,23,Traveler weight (travel hubs),Strategies (total),100%,T3-R,fig_3f,T3-R^0,17,1.081
2021-12-01,ZA,319,Omicron BA.2,Community,1.3570010834363075,2021-11-08,23,Traveler weight (travel hubs),Strategies (total),100%,T7-R,fig_3f,T7-R^0,17,1.081
2021-12-01,ZA,319,Omicron BA.2,Community,1.3570010834363075,2021-11-08,23,Traveler weight (travel hubs),Strategies (total),100%,T11-R,fig_3f,T11-R^0,17,1.0298
2021-12-11,IN,319,Omicron BA.2,Imported,1,2021-11-08,33,Traveler weight (travel hubs),Strategies (total),100%,T11-M,fig_3f,T11-R^90,17,1
2021-11-22,ZA,32,Omicron BA.2,Community,1.3962349917943246,2021-11-08,14,Traveler weight (travel hubs),Strategies (total),50%,T11-R,fig_3f,T11-R^0,17,1.0547
2021-11-22,ZA,32,Omicron BA.2,Community,1.3962349917943246,2021-11-08,14,Traveler weight (travel hubs),Strategies (total),70%,T3-R,fig_3f,T3-R^0,17,1.0872
2021-11-22,ZA,32,Omicron BA.2,Community,1.3962349917943246,2021-11-08,14,Traveler weight (travel hubs),Strategies (total),70%,T7-R,fig_3f,T7-R^0,17,1.0872
2021-11-22,ZA,32,Omicron BA.2,Community,1.3962349917943246,2021-11-08,14,Traveler weight (travel hubs),Strategies (total),70%,T11-R,fig_3f,T11-R^0,17,1.0367
2021-11-22,ZA,32,Omicron BA.2,Community,1.3962349917943246,2021-11-08,14,Traveler weight (travel hubs),Strategies (total),90%,T3-R,fig_3f,T3-R^0,17,1.083
2021-11-22,ZA,32,Omicron BA.2,Community,1.3962349917943246,2021-11-08,14,Traveler weight (travel hubs),Strategies (total),90%,T7-R,fig_3f,T7-R^0,17,1.083
2021-11-22,ZA,32,Omicron BA.2,Community,1.3962349917943246,2021-11-08,14,Traveler weight (travel hubs),Strategies (total),90%,T11-R,fig_3f,T11-R^0,17,1.0329
2021-11-22,ZA,32,Omicron BA.2,Community,1.3962349917943246,2021-11-08,14,Traveler weight (travel hubs),Strategies (total),100%,T3-R,fig_3f,T3-R^0,17,1.081
2021-11-22,ZA,32,Omicron BA.2,Community,1.3962349917943246,2021-11-08,14,Traveler weight (travel hubs),Strategies (total),100%,T7-R,fig_3f,T7-R^0,17,1.081
2021-11-22,ZA,32,Omicron BA.2,Community,1.3962349917943246,2021-11-08,14,Traveler weight (travel hubs),Strategies (total),100%,T11-R,fig_3f,T11-R^0,17,1.0298
2021-11-27,IN,32,Omicron BA.2,Imported,1,2021-11-08,19,Traveler weight (travel hubs),Strategies (total),100%,T11-M,fig_3f,T11-R^90,17,1
2021-11-29,ZA,320,Omicron BA.2,Community,1.10737387318542,2021-11-08,21,Traveler weight (travel hubs),Strategies (total),50%,T11-R,fig_3f,T11-R^0,17,1.0547
2021-11-29,ZA,320,Omicron BA.2,Community,1.10737387318542,2021-11-08,21,Traveler weight (travel hubs),Strategies (total),70%,T3-R,fig_3f,T3-R^0,17,1.0872
2021-11-29,ZA,320,Omicron BA.2,Community,1.10737387318542,2021-11-08,21,Traveler weight (travel hubs),Strategies (total),70%,T7-R,fig_3f,T7-R^0,17,1.0872
2021-11-29,ZA,320,Omicron BA.2,Community,1.10737387318542,2021-11-08,21,Traveler weight (travel hubs),Strategies (total),70%,T11-R,fig_3f,T11-R^0,17,1.0367
2021-11-29,ZA,320,Omicron BA.2,Community,1.10737387318542,2021-11-08,21,Traveler weight (travel hubs),Strategies (total),90%,T3-R,fig_3f,T3-R^0,17,1.083
2021-11-29,ZA,320,Omicron BA.2,Community,1.10737387318542,2021-11-08,21,Traveler weight (travel hubs),Strategies (total),90%,T7-R,fig_3f,T7-R^0,17,1.083
2021-11-29,ZA,320,Omicron BA.2,Community,1.10737387318542,2021-11-08,21,Traveler weight (travel hubs),Strategies (total),90%,T11-R,fig_3f,T11-R^0,17,1.0329
2021-11-29,ZA,320,Omicron BA.2,Community,1.10737387318542,2021-11-08,21,Traveler weight (travel hubs),Strategies (total),100%,T3-R,fig_3f,T3-R^0,17,1.081
2021-11-29,ZA,320,Omicron BA.2,Community,1.10737387318542,2021-11-08,21,Traveler weight (travel hubs),Strategies (total),100%,T7-R,fig_3f,T7-R^0,17,1.081
2021-11-29,ZA,320,Omicron BA.2,Community,1.10737387318542,2021-11-08,21,Traveler weight (travel hubs),Strategies (total),100%,T11-R,fig_3f,T11-R^0,17,1.0298
2021-12-01,US,320,Omicron BA.2,Imported,1,2021-11-08,23,Traveler weight (travel hubs),Strategies (total),100%,T11-M,fig_3f,T11-R^90,17,1
2021-12-03,ZA,321,Omicron BA.2,Community,1.3438619945203878,2021-11-08,25,Traveler weight (travel hubs),Strategies (total),50%,T11-R,fig_3f,T11-R^0,17,1.0547
2021-12-03,ZA,321,Omicron BA.2,Community,1.3438619945203878,2021-11-08,25,Traveler weight (travel hubs),Strategies (total),70%,T3-R,fig_3f,T3-R^0,17,1.0872
2021-12-03,ZA,321,Omicron BA.2,Community,1.3438619945203878,2021-11-08,25,Traveler weight (travel hubs),Strategies (total),70%,T7-R,fig_3f,T7-R^0,17,1.0872
2021-12-03,ZA,321,Omicron BA.2,Community,1.3438619945203878,2021-11-08,25,Traveler weight (travel hubs),Strategies (total),70%,T11-R,fig_3f,T11-R^0,17,1.0367
2021-12-03,ZA,321,Omicron BA.2,Community,1.3438619945203878,2021-11-08,25,Traveler weight (travel hubs),Strategies (total),90%,T3-R,fig_3f,T3-R^0,17,1.083
2021-12-03,ZA,321,Omicron BA.2,Community,1.3438619945203878,2021-11-08,25,Traveler weight (travel hubs),Strategies (total),90%,T7-R,fig_3f,T7-R^0,17,1.083
2021-12-03,ZA,321,Omicron BA.2,Community,1.3438619945203878,2021-11-08,25,Traveler weight (travel hubs),Strategies (total),90%,T11-R,fig_3f,T11-R^0,17,1.0329
2021-12-03,ZA,321,Omicron BA.2,Community,1.3438619945203878,2021-11-08,25,Traveler weight (travel hubs),Strategies (total),100%,T3-R,fig_3f,T3-R^0,17,1.081
2021-12-03,ZA,321,Omicron BA.2,Community,1.3438619945203878,2021-11-08,25,Traveler weight (travel hubs),Strategies (total),100%,T7-R,fig_3f,T7-R^0,17,1.081
2021-12-03,ZA,321,Omicron BA.2,Community,1.3438619945203878,2021-11-08,25,Traveler weight (travel hubs),Strategies (total),100%,T11-R,fig_3f,T11-R^0,17,1.0298
2021-12-03,IN,321,Omicron BA.2,Imported,1,2021-11-08,25,Traveler weight (travel hubs),Strategies (total),100%,T11-M,fig_3f,T11-R^90,17,1
2021-11-28,ZA,322,Omicron BA.2,Community,1.167962524043284,2021-11-08,20,Traveler weight (travel hubs),Strategies (total),50%,T11-R,fig_3f,T11-R^0,17,1.0547
2021-11-28,ZA,322,Omicron BA.2,Community,1.167962524043284,2021-11-08,20,Traveler weight (travel hubs),Strategies (total),70%,T3-R,fig_3f,T3-R^0,17,1.0872
2021-11-28,ZA,322,Omicron BA.2,Community,1.167962524043284,2021-11-08,20,Traveler weight (travel hubs),Strategies (total),70%,T7-R,fig_3f,T7-R^0,17,1.0872
2021-11-28,ZA,322,Omicron BA.2,Community,1.167962524043284,2021-11-08,20,Traveler weight (travel hubs),Strategies (total),70%,T11-R,fig_3f,T11-R^0,17,1.0367
2021-11-28,ZA,322,Omicron BA.2,Community,1.167962524043284,2021-11-08,20,Traveler weight (travel hubs),Strategies (total),90%,T3-R,fig_3f,T3-R^0,17,1.083
2021-11-28,ZA,322,Omicron BA.2,Community,1.167962524043284,2021-11-08,20,Traveler weight (travel hubs),Strategies (total),90%,T7-R,fig_3f,T7-R^0,17,1.083
2021-11-28,ZA,322,Omicron BA.2,Community,1.167962524043284,2021-11-08,20,Traveler weight (travel hubs),Strategies (total),90%,T11-R,fig_3f,T11-R^0,17,1.0329
2021-11-28,ZA,322,Omicron BA.2,Community,1.167962524043284,2021-11-08,20,Traveler weight (travel hubs),Strategies (total),100%,T3-R,fig_3f,T3-R^0,17,1.081
2021-11-28,ZA,322,Omicron BA.2,Community,1.167962524043284,2021-11-08,20,Traveler weight (travel hubs),Strategies (total),100%,T7-R,fig_3f,T7-R^0,17,1.081
2021-11-28,ZA,322,Omicron BA.2,Community,1.167962524043284,2021-11-08,20,Traveler weight (travel hubs),Strategies (total),100%,T11-R,fig_3f,T11-R^0,17,1.0298
2021-12-02,US,322,Omicron BA.2,Imported,1.384338424216581,2021-11-08,24,Traveler weight (travel hubs),Strategies (total),100%,T11-M,fig_3f,T11-R^90,17,1
2021-11-23,ZA,323,Omicron BA.2,Community,1.0208746205727717,2021-11-08,15,Traveler weight (travel hubs),Strategies (total),50%,T11-R,fig_3f,T11-R^0,17,1.0547
2021-11-23,ZA,323,Omicron BA.2,Community,1.0208746205727717,2021-11-08,15,Traveler weight (travel hubs),Strategies (total),70%,T3-R,fig_3f,T3-R^0,17,1.0872
2021-11-23,ZA,323,Omicron BA.2,Community,1.0208746205727717,2021-11-08,15,Traveler weight (travel hubs),Strategies (total),70%,T7-R,fig_3f,T7-R^0,17,1.0872
2021-11-23,ZA,323,Omicron BA.2,Community,1.0208746205727717,2021-11-08,15,Traveler weight (travel hubs),Strategies (total),70%,T11-R,fig_3f,T11-R^0,17,1.0367
2021-11-23,ZA,323,Omicron BA.2,Community,1.0208746205727717,2021-11-08,15,Traveler weight (travel hubs),Strategies (total),90%,T3-R,fig_3f,T3-R^0,17,1.083
2021-11-23,ZA,323,Omicron BA.2,Community,1.0208746205727717,2021-11-08,15,Traveler weight (travel hubs),Strategies (total),90%,T7-R,fig_3f,T7-R^0,17,1.083
2021-11-23,ZA,323,Omicron BA.2,Community,1.0208746205727717,2021-11-08,15,Traveler weight (travel hubs),Strategies (total),90%,T11-R,fig_3f,T11-R^0,17,1.0329
2021-11-23,ZA,323,Omicron BA.2,Community,1.0208746205727717,2021-11-08,15,Traveler weight (travel hubs),Strategies (total),100%,T3-R,fig_3f,T3-R^0,17,1.081
2021-11-23,ZA,323,Omicron BA.2,Community,1.0208746205727717,2021-11-08,15,Traveler weight (travel hubs),Strategies (total),100%,T7-R,fig_3f,T7-R^0,17,1.081
2021-11-23,ZA,323,Omicron BA.2,Community,1.0208746205727717,2021-11-08,15,Traveler weight (travel hubs),Strategies (total),100%,T11-R,fig_3f,T11-R^0,17,1.0298
2021-11-29,US,323,Omicron BA.2,Imported,1,2021-11-08,21,Traveler weight (travel hubs),Strategies (total),100%,T11-M,fig_3f,T11-R^90,17,1
2021-12-01,ZA,324,Omicron BA.2,Community,1.1425864812949313,2021-11-08,23,Traveler weight (travel hubs),Strategies (total),50%,T11-R,fig_3f,T11-R^0,17,1.0547
2021-11-29,US,324,Omicron BA.2,Imported,1,2021-11-08,21,Traveler weight (travel hubs),Strategies (total),70%,T3-R,fig_3f,T3-R^0,17,1.0872
2021-11-29,US,324,Omicron BA.2,Imported,1,2021-11-08,21,Traveler weight (travel hubs),Strategies (total),70%,T7-R,fig_3f,T7-R^0,17,1.0872
2021-11-29,US,324,Omicron BA.2,Imported,1,2021-11-08,21,Traveler weight (travel hubs),Strategies (total),70%,T11-R,fig_3f,T11-R^0,17,1.0367
2021-11-29,US,324,Omicron BA.2,Imported,1,2021-11-08,21,Traveler weight (travel hubs),Strategies (total),90%,T3-R,fig_3f,T3-R^0,17,1.083
2021-11-29,US,324,Omicron BA.2,Imported,1,2021-11-08,21,Traveler weight (travel hubs),Strategies (total),90%,T7-R,fig_3f,T7-R^0,17,1.083
2021-11-29,US,324,Omicron BA.2,Imported,1,2021-11-08,21,Traveler weight (travel hubs),Strategies (total),90%,T11-R,fig_3f,T11-R^0,17,1.0329
2021-11-29,US,324,Omicron BA.2,Imported,1,2021-11-08,21,Traveler weight (travel hubs),Strategies (total),100%,T3-R,fig_3f,T3-R^0,17,1.081
2021-11-29,US,324,Omicron BA.2,Imported,1,2021-11-08,21,Traveler weight (travel hubs),Strategies (total),100%,T7-R,fig_3f,T7-R^0,17,1.081
2021-11-29,US,324,Omicron BA.2,Imported,1,2021-11-08,21,Traveler weight (travel hubs),Strategies (total),100%,T11-R,fig_3f,T11-R^0,17,1.0298
2021-11-16,TR,324,Omicron BA.2,Imported,1,2021-11-08,8,Traveler weight (travel hubs),Strategies (total),100%,T11-M,fig_3f,T11-R^90,17,1
2021-11-25,ZA,325,Omicron BA.2,Community,1.244863971659183,2021-11-08,17,Traveler weight (travel hubs),Strategies (total),50%,T11-R,fig_3f,T11-R^0,17,1.0547
2021-11-25,ZA,325,Omicron BA.2,Community,1.244863971659183,2021-11-08,17,Traveler weight (travel hubs),Strategies (total),70%,T3-R,fig_3f,T3-R^0,17,1.0872
2021-11-25,ZA,325,Omicron BA.2,Community,1.244863971659183,2021-11-08,17,Traveler weight (travel hubs),Strategies (total),70%,T7-R,fig_3f,T7-R^0,17,1.0872
2021-11-14,IN,325,Omicron BA.2,Imported,1,2021-11-08,6,Traveler weight (travel hubs),Strategies (total),70%,T11-R,fig_3f,T11-R^0,17,1.0367
2021-11-25,ZA,325,Omicron BA.2,Community,1.244863971659183,2021-11-08,17,Traveler weight (travel hubs),Strategies (total),90%,T3-R,fig_3f,T3-R^0,17,1.083
2021-11-25,ZA,325,Omicron BA.2,Community,1.244863971659183,2021-11-08,17,Traveler weight (travel hubs),Strategies (total),90%,T7-R,fig_3f,T7-R^0,17,1.083
2021-11-14,IN,325,Omicron BA.2,Imported,1,2021-11-08,6,Traveler weight (travel hubs),Strategies (total),90%,T11-R,fig_3f,T11-R^0,17,1.0329
2021-11-25,ZA,325,Omicron BA.2,Community,1.244863971659183,2021-11-08,17,Traveler weight (travel hubs),Strategies (total),100%,T3-R,fig_3f,T3-R^0,17,1.081
2021-11-25,ZA,325,Omicron BA.2,Community,1.244863971659183,2021-11-08,17,Traveler weight (travel hubs),Strategies (total),100%,T7-R,fig_3f,T7-R^0,17,1.081
2021-11-14,IN,325,Omicron BA.2,Imported,1,2021-11-08,6,Traveler weight (travel hubs),Strategies (total),100%,T11-R,fig_3f,T11-R^0,17,1.0298
2021-11-14,IN,325,Omicron BA.2,Imported,1,2021-11-08,6,Traveler weight (travel hubs),Strategies (total),100%,T11-M,fig_3f,T11-R^90,17,1
2021-11-29,ZA,326,Omicron BA.2,Community,1.1711759841749565,2021-11-08,21,Traveler weight (travel hubs),Strategies (total),50%,T11-R,fig_3f,T11-R^0,17,1.0547
2021-11-29,ZA,326,Omicron BA.2,Community,1.1711759841749565,2021-11-08,21,Traveler weight (travel hubs),Strategies (total),70%,T3-R,fig_3f,T3-R^0,17,1.0872
2021-11-29,ZA,326,Omicron BA.2,Community,1.1711759841749565,2021-11-08,21,Traveler weight (travel hubs),Strategies (total),70%,T7-R,fig_3f,T7-R^0,17,1.0872
2021-11-29,ZA,326,Omicron BA.2,Community,1.1711759841749565,2021-11-08,21,Traveler weight (travel hubs),Strategies (total),70%,T11-R,fig_3f,T11-R^0,17,1.0367
2021-11-29,ZA,326,Omicron BA.2,Community,1.1711759841749565,2021-11-08,21,Traveler weight (travel hubs),Strategies (total),90%,T3-R,fig_3f,T3-R^0,17,1.083
2021-11-29,ZA,326,Omicron BA.2,Community,1.1711759841749565,2021-11-08,21,Traveler weight (travel hubs),Strategies (total),90%,T7-R,fig_3f,T7-R^0,17,1.083
2021-11-29,ZA,326,Omicron BA.2,Community,1.1711759841749565,2021-11-08,21,Traveler weight (travel hubs),Strategies (total),90%,T11-R,fig_3f,T11-R^0,17,1.0329
2021-11-29,ZA,326,Omicron BA.2,Community,1.1711759841749565,2021-11-08,21,Traveler weight (travel hubs),Strategies (total),100%,T3-R,fig_3f,T3-R^0,17,1.081
2021-11-29,ZA,326,Omicron BA.2,Community,1.1711759841749565,2021-11-08,21,Traveler weight (travel hubs),Strategies (total),100%,T7-R,fig_3f,T7-R^0,17,1.081
2021-11-29,ZA,326,Omicron BA.2,Community,1.1711759841749565,2021-11-08,21,Traveler weight (travel hubs),Strategies (total),100%,T11-R,fig_3f,T11-R^0,17,1.0298
2021-12-07,GB,326,Omicron BA.2,Imported,1.1167007825177864,2021-11-08,29,Traveler weight (travel hubs),Strategies (total),100%,T11-M,fig_3f,T11-R^90,17,1
2021-11-25,ZA,327,Omicron BA.2,Community,1.3242728454922181,2021-11-08,17,Traveler weight (travel hubs),Strategies (total),50%,T11-R,fig_3f,T11-R^0,17,1.0547
2021-11-25,ZA,327,Omicron BA.2,Community,1.3242728454922181,2021-11-08,17,Traveler weight (travel hubs),Strategies (total),70%,T3-R,fig_3f,T3-R^0,17,1.0872
2021-11-25,ZA,327,Omicron BA.2,Community,1.3242728454922181,2021-11-08,17,Traveler weight (travel hubs),Strategies (total),70%,T7-R,fig_3f,T7-R^0,17,1.0872
2021-11-25,ZA,327,Omicron BA.2,Community,1.3242728454922181,2021-11-08,17,Traveler weight (travel hubs),Strategies (total),70%,T11-R,fig_3f,T11-R^0,17,1.0367
2021-11-25,ZA,327,Omicron BA.2,Community,1.3242728454922181,2021-11-08,17,Traveler weight (travel hubs),Strategies (total),90%,T3-R,fig_3f,T3-R^0,17,1.083
2021-11-25,ZA,327,Omicron BA.2,Community,1.3242728454922181,2021-11-08,17,Traveler weight (travel hubs),Strategies (total),90%,T7-R,fig_3f,T7-R^0,17,1.083
2021-11-25,ZA,327,Omicron BA.2,Community,1.3242728454922181,2021-11-08,17,Traveler weight (travel hubs),Strategies (total),90%,T11-R,fig_3f,T11-R^0,17,1.0329
2021-11-25,ZA,327,Omicron BA.2,Community,1.3242728454922181,2021-11-08,17,Traveler weight (travel hubs),Strategies (total),100%,T3-R,fig_3f,T3-R^0,17,1.081
2021-11-25,ZA,327,Omicron BA.2,Community,1.3242728454922181,2021-11-08,17,Traveler weight (travel hubs),Strategies (total),100%,T7-R,fig_3f,T7-R^0,17,1.081
2021-11-25,ZA,327,Omicron BA.2,Community,1.3242728454922181,2021-11-08,17,Traveler weight (travel hubs),Strategies (total),100%,T11-R,fig_3f,T11-R^0,17,1.0298
2021-11-29,US,327,Omicron BA.2,Imported,1,2021-11-08,21,Traveler weight (travel hubs),Strategies (total),100%,T11-M,fig_3f,T11-R^90,17,1
2021-11-22,US,328,Omicron BA.2,Imported,1,2021-11-08,14,Traveler weight (travel hubs),Strategies (total),50%,T11-R,fig_3f,T11-R^0,17,1.0547
2021-11-22,US,328,Omicron BA.2,Imported,1,2021-11-08,14,Traveler weight (travel hubs),Strategies (total),70%,T3-R,fig_3f,T3-R^0,17,1.0872
2021-11-22,US,328,Omicron BA.2,Imported,1,2021-11-08,14,Traveler weight (travel hubs),Strategies (total),70%,T7-R,fig_3f,T7-R^0,17,1.0872
2021-11-22,US,328,Omicron BA.2,Imported,1,2021-11-08,14,Traveler weight (travel hubs),Strategies (total),70%,T11-R,fig_3f,T11-R^0,17,1.0367
2021-11-22,US,328,Omicron BA.2,Imported,1,2021-11-08,14,Traveler weight (travel hubs),Strategies (total),90%,T3-R,fig_3f,T3-R^0,17,1.083
2021-11-22,US,328,Omicron BA.2,Imported,1,2021-11-08,14,Traveler weight (travel hubs),Strategies (total),90%,T7-R,fig_3f,T7-R^0,17,1.083
2021-11-22,US,328,Omicron BA.2,Imported,1,2021-11-08,14,Traveler weight (travel hubs),Strategies (total),90%,T11-R,fig_3f,T11-R^0,17,1.0329
2021-11-22,US,328,Omicron BA.2,Imported,1,2021-11-08,14,Traveler weight (travel hubs),Strategies (total),100%,T3-R,fig_3f,T3-R^0,17,1.081
2021-11-22,US,328,Omicron BA.2,Imported,1,2021-11-08,14,Traveler weight (travel hubs),Strategies (total),100%,T7-R,fig_3f,T7-R^0,17,1.081
2021-11-22,US,328,Omicron BA.2,Imported,1,2021-11-08,14,Traveler weight (travel hubs),Strategies (total),100%,T11-R,fig_3f,T11-R^0,17,1.0298
2021-11-22,US,328,Omicron BA.2,Imported,1,2021-11-08,14,Traveler weight (travel hubs),Strategies (total),100%,T11-M,fig_3f,T11-R^90,17,1
2021-11-20,IN,329,Omicron BA.2,Imported,1,2021-11-08,12,Traveler weight (travel hubs),Strategies (total),50%,T11-R,fig_3f,T11-R^0,17,1.0547
2021-11-25,ZA,329,Omicron BA.2,Community,1.7478857911361083,2021-11-08,17,Traveler weight (travel hubs),Strategies (total),70%,T3-R,fig_3f,T3-R^0,17,1.0872
2021-11-25,ZA,329,Omicron BA.2,Community,1.7478857911361083,2021-11-08,17,Traveler weight (travel hubs),Strategies (total),70%,T7-R,fig_3f,T7-R^0,17,1.0872
2021-11-20,IN,329,Omicron BA.2,Imported,1,2021-11-08,12,Traveler weight (travel hubs),Strategies (total),70%,T11-R,fig_3f,T11-R^0,17,1.0367
2021-11-25,ZA,329,Omicron BA.2,Community,1.7478857911361083,2021-11-08,17,Traveler weight (travel hubs),Strategies (total),90%,T3-R,fig_3f,T3-R^0,17,1.083
2021-11-25,ZA,329,Omicron BA.2,Community,1.7478857911361083,2021-11-08,17,Traveler weight (travel hubs),Strategies (total),90%,T7-R,fig_3f,T7-R^0,17,1.083
2021-11-20,IN,329,Omicron BA.2,Imported,1,2021-11-08,12,Traveler weight (travel hubs),Strategies (total),90%,T11-R,fig_3f,T11-R^0,17,1.0329
2021-11-25,ZA,329,Omicron BA.2,Community,1.7478857911361083,2021-11-08,17,Traveler weight (travel hubs),Strategies (total),100%,T3-R,fig_3f,T3-R^0,17,1.081
2021-11-25,ZA,329,Omicron BA.2,Community,1.7478857911361083,2021-11-08,17,Traveler weight (travel hubs),Strategies (total),100%,T7-R,fig_3f,T7-R^0,17,1.081
2021-11-20,IN,329,Omicron BA.2,Imported,1,2021-11-08,12,Traveler weight (travel hubs),Strategies (total),100%,T11-R,fig_3f,T11-R^0,17,1.0298
2021-11-16,TR,329,Omicron BA.2,Imported,1,2021-11-08,8,Traveler weight (travel hubs),Strategies (total),100%,T11-M,fig_3f,T11-R^90,17,1
2021-11-25,ZA,33,Omicron BA.2,Community,1.3860188109399612,2021-11-08,17,Traveler weight (travel hubs),Strategies (total),50%,T11-R,fig_3f,T11-R^0,17,1.0547
2021-11-25,ZA,33,Omicron BA.2,Community,1.3860188109399612,2021-11-08,17,Traveler weight (travel hubs),Strategies (total),70%,T3-R,fig_3f,T3-R^0,17,1.0872
2021-11-25,ZA,33,Omicron BA.2,Community,1.3860188109399612,2021-11-08,17,Traveler weight (travel hubs),Strategies (total),70%,T7-R,fig_3f,T7-R^0,17,1.0872
2021-11-25,ZA,33,Omicron BA.2,Community,1.3860188109399612,2021-11-08,17,Traveler weight (travel hubs),Strategies (total),70%,T11-R,fig_3f,T11-R^0,17,1.0367
2021-11-25,ZA,33,Omicron BA.2,Community,1.3860188109399612,2021-11-08,17,Traveler weight (travel hubs),Strategies (total),90%,T3-R,fig_3f,T3-R^0,17,1.083
2021-11-25,ZA,33,Omicron BA.2,Community,1.3860188109399612,2021-11-08,17,Traveler weight (travel hubs),Strategies (total),90%,T7-R,fig_3f,T7-R^0,17,1.083
2021-11-25,ZA,33,Omicron BA.2,Community,1.3860188109399612,2021-11-08,17,Traveler weight (travel hubs),Strategies (total),90%,T11-R,fig_3f,T11-R^0,17,1.0329
2021-11-25,ZA,33,Omicron BA.2,Community,1.3860188109399612,2021-11-08,17,Traveler weight (travel hubs),Strategies (total),100%,T3-R,fig_3f,T3-R^0,17,1.081
2021-11-25,ZA,33,Omicron BA.2,Community,1.3860188109399612,2021-11-08,17,Traveler weight (travel hubs),Strategies (total),100%,T7-R,fig_3f,T7-R^0,17,1.081
2021-11-25,ZA,33,Omicron BA.2,Community,1.3860188109399612,2021-11-08,17,Traveler weight (travel hubs),Strategies (total),100%,T11-R,fig_3f,T11-R^0,17,1.0298
2021-11-27,GB,33,Omicron BA.2,Imported,1.3448078263403385,2021-11-08,19,Traveler weight (travel hubs),Strategies (total),100%,T11-M,fig_3f,T11-R^90,17,1
2021-11-22,ZA,330,Omicron BA.2,Community,1.4955511605556147,2021-11-08,14,Traveler weight (travel hubs),Strategies (total),50%,T11-R,fig_3f,T11-R^0,17,1.0547
2021-11-22,ZA,330,Omicron BA.2,Community,1.4955511605556147,2021-11-08,14,Traveler weight (travel hubs),Strategies (total),70%,T3-R,fig_3f,T3-R^0,17,1.0872
2021-11-22,ZA,330,Omicron BA.2,Community,1.4955511605556147,2021-11-08,14,Traveler weight (travel hubs),Strategies (total),70%,T7-R,fig_3f,T7-R^0,17,1.0872
2021-11-22,ZA,330,Omicron BA.2,Community,1.4955511605556147,2021-11-08,14,Traveler weight (travel hubs),Strategies (total),70%,T11-R,fig_3f,T11-R^0,17,1.0367
2021-11-22,ZA,330,Omicron BA.2,Community,1.4955511605556147,2021-11-08,14,Traveler weight (travel hubs),Strategies (total),90%,T3-R,fig_3f,T3-R^0,17,1.083
2021-11-22,ZA,330,Omicron BA.2,Community,1.4955511605556147,2021-11-08,14,Traveler weight (travel hubs),Strategies (total),90%,T7-R,fig_3f,T7-R^0,17,1.083
2021-11-22,ZA,330,Omicron BA.2,Community,1.4955511605556147,2021-11-08,14,Traveler weight (travel hubs),Strategies (total),90%,T11-R,fig_3f,T11-R^0,17,1.0329
2021-11-22,ZA,330,Omicron BA.2,Community,1.4955511605556147,2021-11-08,14,Traveler weight (travel hubs),Strategies (total),100%,T3-R,fig_3f,T3-R^0,17,1.081
2021-11-22,ZA,330,Omicron BA.2,Community,1.4955511605556147,2021-11-08,14,Traveler weight (travel hubs),Strategies (total),100%,T7-R,fig_3f,T7-R^0,17,1.081
2021-11-22,ZA,330,Omicron BA.2,Community,1.4955511605556147,2021-11-08,14,Traveler weight (travel hubs),Strategies (total),100%,T11-R,fig_3f,T11-R^0,17,1.0298
2021-11-22,US,330,Omicron BA.2,Imported,1,2021-11-08,14,Traveler weight (travel hubs),Strategies (total),100%,T11-M,fig_3f,T11-R^90,17,1
2021-11-25,ZA,331,Omicron BA.2,Community,1.8678154547942245,2021-11-08,17,Traveler weight (travel hubs),Strategies (total),50%,T11-R,fig_3f,T11-R^0,17,1.0547
2021-11-25,ZA,331,Omicron BA.2,Community,1.8678154547942245,2021-11-08,17,Traveler weight (travel hubs),Strategies (total),70%,T3-R,fig_3f,T3-R^0,17,1.0872
2021-11-25,ZA,331,Omicron BA.2,Community,1.8678154547942245,2021-11-08,17,Traveler weight (travel hubs),Strategies (total),70%,T7-R,fig_3f,T7-R^0,17,1.0872
2021-11-25,ZA,331,Omicron BA.2,Community,1.8678154547942245,2021-11-08,17,Traveler weight (travel hubs),Strategies (total),70%,T11-R,fig_3f,T11-R^0,17,1.0367
2021-11-25,ZA,331,Omicron BA.2,Community,1.8678154547942245,2021-11-08,17,Traveler weight (travel hubs),Strategies (total),90%,T3-R,fig_3f,T3-R^0,17,1.083
2021-11-25,ZA,331,Omicron BA.2,Community,1.8678154547942245,2021-11-08,17,Traveler weight (travel hubs),Strategies (total),90%,T7-R,fig_3f,T7-R^0,17,1.083
2021-11-25,ZA,331,Omicron BA.2,Community,1.8678154547942245,2021-11-08,17,Traveler weight (travel hubs),Strategies (total),90%,T11-R,fig_3f,T11-R^0,17,1.0329
2021-11-25,ZA,331,Omicron BA.2,Community,1.8678154547942245,2021-11-08,17,Traveler weight (travel hubs),Strategies (total),100%,T3-R,fig_3f,T3-R^0,17,1.081
2021-11-25,ZA,331,Omicron BA.2,Community,1.8678154547942245,2021-11-08,17,Traveler weight (travel hubs),Strategies (total),100%,T7-R,fig_3f,T7-R^0,17,1.081
2021-11-25,ZA,331,Omicron BA.2,Community,1.8678154547942245,2021-11-08,17,Traveler weight (travel hubs),Strategies (total),100%,T11-R,fig_3f,T11-R^0,17,1.0298
2021-11-27,IN,331,Omicron BA.2,Imported,1,2021-11-08,19,Traveler weight (travel hubs),Strategies (total),100%,T11-M,fig_3f,T11-R^90,17,1
2021-11-16,IN,332,Omicron BA.2,Imported,1,2021-11-08,8,Traveler weight (travel hubs),Strategies (total),50%,T11-R,fig_3f,T11-R^0,17,1.0547
2021-11-27,ZA,332,Omicron BA.2,Community,1.2777869642777073,2021-11-08,19,Traveler weight (travel hubs),Strategies (total),70%,T3-R,fig_3f,T3-R^0,17,1.0872
2021-11-27,ZA,332,Omicron BA.2,Community,1.2777869642777073,2021-11-08,19,Traveler weight (travel hubs),Strategies (total),70%,T7-R,fig_3f,T7-R^0,17,1.0872
2021-11-16,IN,332,Omicron BA.2,Imported,1,2021-11-08,8,Traveler weight (travel hubs),Strategies (total),70%,T11-R,fig_3f,T11-R^0,17,1.0367
2021-11-27,ZA,332,Omicron BA.2,Community,1.2777869642777073,2021-11-08,19,Traveler weight (travel hubs),Strategies (total),90%,T3-R,fig_3f,T3-R^0,17,1.083
2021-11-27,ZA,332,Omicron BA.2,Community,1.2777869642777073,2021-11-08,19,Traveler weight (travel hubs),Strategies (total),90%,T7-R,fig_3f,T7-R^0,17,1.083
2021-11-16,IN,332,Omicron BA.2,Imported,1,2021-11-08,8,Traveler weight (travel hubs),Strategies (total),90%,T11-R,fig_3f,T11-R^0,17,1.0329
2021-11-27,ZA,332,Omicron BA.2,Community,1.2777869642777073,2021-11-08,19,Traveler weight (travel hubs),Strategies (total),100%,T3-R,fig_3f,T3-R^0,17,1.081
2021-11-27,ZA,332,Omicron BA.2,Community,1.2777869642777073,2021-11-08,19,Traveler weight (travel hubs),Strategies (total),100%,T7-R,fig_3f,T7-R^0,17,1.081
2021-11-16,IN,332,Omicron BA.2,Imported,1,2021-11-08,8,Traveler weight (travel hubs),Strategies (total),100%,T11-R,fig_3f,T11-R^0,17,1.0298
2021-11-16,IN,332,Omicron BA.2,Imported,1,2021-11-08,8,Traveler weight (travel hubs),Strategies (total),100%,T11-M,fig_3f,T11-R^90,17,1
2021-11-26,ZA,333,Omicron BA.2,Community,1.2829634052254804,2021-11-08,18,Traveler weight (travel hubs),Strategies (total),50%,T11-R,fig_3f,T11-R^0,17,1.0547
2021-11-26,ZA,333,Omicron BA.2,Community,1.2829634052254804,2021-11-08,18,Traveler weight (travel hubs),Strategies (total),70%,T3-R,fig_3f,T3-R^0,17,1.0872
2021-11-26,ZA,333,Omicron BA.2,Community,1.2829634052254804,2021-11-08,18,Traveler weight (travel hubs),Strategies (total),70%,T7-R,fig_3f,T7-R^0,17,1.0872
2021-11-26,ZA,333,Omicron BA.2,Community,1.2829634052254804,2021-11-08,18,Traveler weight (travel hubs),Strategies (total),70%,T11-R,fig_3f,T11-R^0,17,1.0367
2021-11-26,ZA,333,Omicron BA.2,Community,1.2829634052254804,2021-11-08,18,Traveler weight (travel hubs),Strategies (total),90%,T3-R,fig_3f,T3-R^0,17,1.083
2021-11-26,ZA,333,Omicron BA.2,Community,1.2829634052254804,2021-11-08,18,Traveler weight (travel hubs),Strategies (total),90%,T7-R,fig_3f,T7-R^0,17,1.083
2021-11-26,ZA,333,Omicron BA.2,Community,1.2829634052254804,2021-11-08,18,Traveler weight (travel hubs),Strategies (total),90%,T11-R,fig_3f,T11-R^0,17,1.0329
2021-11-26,ZA,333,Omicron BA.2,Community,1.2829634052254804,2021-11-08,18,Traveler weight (travel hubs),Strategies (total),100%,T3-R,fig_3f,T3-R^0,17,1.081
2021-11-26,ZA,333,Omicron BA.2,Community,1.2829634052254804,2021-11-08,18,Traveler weight (travel hubs),Strategies (total),100%,T7-R,fig_3f,T7-R^0,17,1.081
2021-11-26,ZA,333,Omicron BA.2,Community,1.2829634052254804,2021-11-08,18,Traveler weight (travel hubs),Strategies (total),100%,T11-R,fig_3f,T11-R^0,17,1.0298
2021-11-28,US,333,Omicron BA.2,Imported,1,2021-11-08,20,Traveler weight (travel hubs),Strategies (total),100%,T11-M,fig_3f,T11-R^90,17,1
2021-11-21,IN,334,Omicron BA.2,Imported,1,2021-11-08,13,Traveler weight (travel hubs),Strategies (total),50%,T11-R,fig_3f,T11-R^0,17,1.0547
2021-11-22,ZA,334,Omicron BA.2,Community,1.0364416694125422,2021-11-08,14,Traveler weight (travel hubs),Strategies (total),70%,T3-R,fig_3f,T3-R^0,17,1.0872
2021-11-22,ZA,334,Omicron BA.2,Community,1.0364416694125422,2021-11-08,14,Traveler weight (travel hubs),Strategies (total),70%,T7-R,fig_3f,T7-R^0,17,1.0872
2021-11-21,IN,334,Omicron BA.2,Imported,1,2021-11-08,13,Traveler weight (travel hubs),Strategies (total),70%,T11-R,fig_3f,T11-R^0,17,1.0367
2021-11-22,ZA,334,Omicron BA.2,Community,1.0364416694125422,2021-11-08,14,Traveler weight (travel hubs),Strategies (total),90%,T3-R,fig_3f,T3-R^0,17,1.083
2021-11-22,ZA,334,Omicron BA.2,Community,1.0364416694125422,2021-11-08,14,Traveler weight (travel hubs),Strategies (total),90%,T7-R,fig_3f,T7-R^0,17,1.083
2021-11-21,IN,334,Omicron BA.2,Imported,1,2021-11-08,13,Traveler weight (travel hubs),Strategies (total),90%,T11-R,fig_3f,T11-R^0,17,1.0329
2021-11-22,ZA,334,Omicron BA.2,Community,1.0364416694125422,2021-11-08,14,Traveler weight (travel hubs),Strategies (total),100%,T3-R,fig_3f,T3-R^0,17,1.081
2021-11-22,ZA,334,Omicron BA.2,Community,1.0364416694125422,2021-11-08,14,Traveler weight (travel hubs),Strategies (total),100%,T7-R,fig_3f,T7-R^0,17,1.081
2021-11-21,IN,334,Omicron BA.2,Imported,1,2021-11-08,13,Traveler weight (travel hubs),Strategies (total),100%,T11-R,fig_3f,T11-R^0,17,1.0298
2021-11-21,IN,334,Omicron BA.2,Imported,1,2021-11-08,13,Traveler weight (travel hubs),Strategies (total),100%,T11-M,fig_3f,T11-R^90,17,1
2021-11-23,ZA,335,Omicron BA.2,Community,1.2135218050336753,2021-11-08,15,Traveler weight (travel hubs),Strategies (total),50%,T11-R,fig_3f,T11-R^0,17,1.0547
2021-11-23,ZA,335,Omicron BA.2,Community,1.2135218050336753,2021-11-08,15,Traveler weight (travel hubs),Strategies (total),70%,T3-R,fig_3f,T3-R^0,17,1.0872
2021-11-23,ZA,335,Omicron BA.2,Community,1.2135218050336753,2021-11-08,15,Traveler weight (travel hubs),Strategies (total),70%,T7-R,fig_3f,T7-R^0,17,1.0872
2021-11-23,ZA,335,Omicron BA.2,Community,1.2135218050336753,2021-11-08,15,Traveler weight (travel hubs),Strategies (total),70%,T11-R,fig_3f,T11-R^0,17,1.0367
2021-11-23,ZA,335,Omicron BA.2,Community,1.2135218050336753,2021-11-08,15,Traveler weight (travel hubs),Strategies (total),90%,T3-R,fig_3f,T3-R^0,17,1.083
2021-11-23,ZA,335,Omicron BA.2,Community,1.2135218050336753,2021-11-08,15,Traveler weight (travel hubs),Strategies (total),90%,T7-R,fig_3f,T7-R^0,17,1.083
2021-11-23,ZA,335,Omicron BA.2,Community,1.2135218050336753,2021-11-08,15,Traveler weight (travel hubs),Strategies (total),90%,T11-R,fig_3f,T11-R^0,17,1.0329
2021-11-23,ZA,335,Omicron BA.2,Community,1.2135218050336753,2021-11-08,15,Traveler weight (travel hubs),Strategies (total),100%,T3-R,fig_3f,T3-R^0,17,1.081
2021-11-23,ZA,335,Omicron BA.2,Community,1.2135218050336753,2021-11-08,15,Traveler weight (travel hubs),Strategies (total),100%,T7-R,fig_3f,T7-R^0,17,1.081
2021-11-23,ZA,335,Omicron BA.2,Community,1.2135218050336753,2021-11-08,15,Traveler weight (travel hubs),Strategies (total),100%,T11-R,fig_3f,T11-R^0,17,1.0298
2021-12-03,TR,335,Omicron BA.2,Imported,4.867299007317504,2021-11-08,25,Traveler weight (travel hubs),Strategies (total),100%,T11-M,fig_3f,T11-R^90,17,1
2021-11-23,ZA,336,Omicron BA.2,Community,1.2120868166950467,2021-11-08,15,Traveler weight (travel hubs),Strategies (total),50%,T11-R,fig_3f,T11-R^0,17,1.0547
2021-11-23,ZA,336,Omicron BA.2,Community,1.2120868166950467,2021-11-08,15,Traveler weight (travel hubs),Strategies (total),70%,T3-R,fig_3f,T3-R^0,17,1.0872
2021-11-23,ZA,336,Omicron BA.2,Community,1.2120868166950467,2021-11-08,15,Traveler weight (travel hubs),Strategies (total),70%,T7-R,fig_3f,T7-R^0,17,1.0872
2021-11-23,ZA,336,Omicron BA.2,Community,1.2120868166950467,2021-11-08,15,Traveler weight (travel hubs),Strategies (total),70%,T11-R,fig_3f,T11-R^0,17,1.0367
2021-11-23,ZA,336,Omicron BA.2,Community,1.2120868166950467,2021-11-08,15,Traveler weight (travel hubs),Strategies (total),90%,T3-R,fig_3f,T3-R^0,17,1.083
2021-11-23,ZA,336,Omicron BA.2,Community,1.2120868166950467,2021-11-08,15,Traveler weight (travel hubs),Strategies (total),90%,T7-R,fig_3f,T7-R^0,17,1.083
2021-11-23,ZA,336,Omicron BA.2,Community,1.2120868166950467,2021-11-08,15,Traveler weight (travel hubs),Strategies (total),90%,T11-R,fig_3f,T11-R^0,17,1.0329
2021-11-23,ZA,336,Omicron BA.2,Community,1.2120868166950467,2021-11-08,15,Traveler weight (travel hubs),Strategies (total),100%,T3-R,fig_3f,T3-R^0,17,1.081
2021-11-23,ZA,336,Omicron BA.2,Community,1.2120868166950467,2021-11-08,15,Traveler weight (travel hubs),Strategies (total),100%,T7-R,fig_3f,T7-R^0,17,1.081
2021-11-23,ZA,336,Omicron BA.2,Community,1.2120868166950467,2021-11-08,15,Traveler weight (travel hubs),Strategies (total),100%,T11-R,fig_3f,T11-R^0,17,1.0298
2021-11-21,TR,336,Omicron BA.2,Imported,1,2021-11-08,13,Traveler weight (travel hubs),Strategies (total),100%,T11-M,fig_3f,T11-R^90,17,1
2021-11-25,ZA,337,Omicron BA.2,Community,1.3668716245390984,2021-11-08,17,Traveler weight (travel hubs),Strategies (total),50%,T11-R,fig_3f,T11-R^0,17,1.0547
2021-11-25,ZA,337,Omicron BA.2,Community,1.3668716245390984,2021-11-08,17,Traveler weight (travel hubs),Strategies (total),70%,T3-R,fig_3f,T3-R^0,17,1.0872
2021-11-25,ZA,337,Omicron BA.2,Community,1.3668716245390984,2021-11-08,17,Traveler weight (travel hubs),Strategies (total),70%,T7-R,fig_3f,T7-R^0,17,1.0872
2021-11-25,ZA,337,Omicron BA.2,Community,1.3668716245390984,2021-11-08,17,Traveler weight (travel hubs),Strategies (total),70%,T11-R,fig_3f,T11-R^0,17,1.0367
2021-11-25,ZA,337,Omicron BA.2,Community,1.3668716245390984,2021-11-08,17,Traveler weight (travel hubs),Strategies (total),90%,T3-R,fig_3f,T3-R^0,17,1.083
2021-11-25,ZA,337,Omicron BA.2,Community,1.3668716245390984,2021-11-08,17,Traveler weight (travel hubs),Strategies (total),90%,T7-R,fig_3f,T7-R^0,17,1.083
2021-11-25,ZA,337,Omicron BA.2,Community,1.3668716245390984,2021-11-08,17,Traveler weight (travel hubs),Strategies (total),90%,T11-R,fig_3f,T11-R^0,17,1.0329
2021-11-25,ZA,337,Omicron BA.2,Community,1.3668716245390984,2021-11-08,17,Traveler weight (travel hubs),Strategies (total),100%,T3-R,fig_3f,T3-R^0,17,1.081
2021-11-25,ZA,337,Omicron BA.2,Community,1.3668716245390984,2021-11-08,17,Traveler weight (travel hubs),Strategies (total),100%,T7-R,fig_3f,T7-R^0,17,1.081
2021-11-25,ZA,337,Omicron BA.2,Community,1.3668716245390984,2021-11-08,17,Traveler weight (travel hubs),Strategies (total),100%,T11-R,fig_3f,T11-R^0,17,1.0298
2021-11-25,US,337,Omicron BA.2,Imported,1,2021-11-08,17,Traveler weight (travel hubs),Strategies (total),100%,T11-M,fig_3f,T11-R^90,17,1
2021-11-27,ZA,338,Omicron BA.2,Community,1.451991825524746,2021-11-08,19,Traveler weight (travel hubs),Strategies (total),50%,T11-R,fig_3f,T11-R^0,17,1.0547
2021-11-27,ZA,338,Omicron BA.2,Community,1.451991825524746,2021-11-08,19,Traveler weight (travel hubs),Strategies (total),70%,T3-R,fig_3f,T3-R^0,17,1.0872
2021-11-27,ZA,338,Omicron BA.2,Community,1.451991825524746,2021-11-08,19,Traveler weight (travel hubs),Strategies (total),70%,T7-R,fig_3f,T7-R^0,17,1.0872
2021-11-27,ZA,338,Omicron BA.2,Community,1.451991825524746,2021-11-08,19,Traveler weight (travel hubs),Strategies (total),70%,T11-R,fig_3f,T11-R^0,17,1.0367
2021-11-27,ZA,338,Omicron BA.2,Community,1.451991825524746,2021-11-08,19,Traveler weight (travel hubs),Strategies (total),90%,T3-R,fig_3f,T3-R^0,17,1.083
2021-11-27,ZA,338,Omicron BA.2,Community,1.451991825524746,2021-11-08,19,Traveler weight (travel hubs),Strategies (total),90%,T7-R,fig_3f,T7-R^0,17,1.083
2021-11-27,ZA,338,Omicron BA.2,Community,1.451991825524746,2021-11-08,19,Traveler weight (travel hubs),Strategies (total),90%,T11-R,fig_3f,T11-R^0,17,1.0329
2021-11-27,ZA,338,Omicron BA.2,Community,1.451991825524746,2021-11-08,19,Traveler weight (travel hubs),Strategies (total),100%,T3-R,fig_3f,T3-R^0,17,1.081
2021-11-27,ZA,338,Omicron BA.2,Community,1.451991825524746,2021-11-08,19,Traveler weight (travel hubs),Strategies (total),100%,T7-R,fig_3f,T7-R^0,17,1.081
2021-11-27,ZA,338,Omicron BA.2,Community,1.451991825524746,2021-11-08,19,Traveler weight (travel hubs),Strategies (total),100%,T11-R,fig_3f,T11-R^0,17,1.0298
2021-12-01,IN,338,Omicron BA.2,Imported,1,2021-11-08,23,Traveler weight (travel hubs),Strategies (total),100%,T11-M,fig_3f,T11-R^90,17,1
2021-11-25,ZA,339,Omicron BA.2,Community,1.31046905994741,2021-11-08,17,Traveler weight (travel hubs),Strategies (total),50%,T11-R,fig_3f,T11-R^0,17,1.0547
2021-11-25,ZA,339,Omicron BA.2,Community,1.31046905994741,2021-11-08,17,Traveler weight (travel hubs),Strategies (total),70%,T3-R,fig_3f,T3-R^0,17,1.0872
2021-11-25,ZA,339,Omicron BA.2,Community,1.31046905994741,2021-11-08,17,Traveler weight (travel hubs),Strategies (total),70%,T7-R,fig_3f,T7-R^0,17,1.0872
2021-11-25,ZA,339,Omicron BA.2,Community,1.31046905994741,2021-11-08,17,Traveler weight (travel hubs),Strategies (total),70%,T11-R,fig_3f,T11-R^0,17,1.0367
2021-11-25,ZA,339,Omicron BA.2,Community,1.31046905994741,2021-11-08,17,Traveler weight (travel hubs),Strategies (total),90%,T3-R,fig_3f,T3-R^0,17,1.083
2021-11-25,ZA,339,Omicron BA.2,Community,1.31046905994741,2021-11-08,17,Traveler weight (travel hubs),Strategies (total),90%,T7-R,fig_3f,T7-R^0,17,1.083
2021-11-25,ZA,339,Omicron BA.2,Community,1.31046905994741,2021-11-08,17,Traveler weight (travel hubs),Strategies (total),90%,T11-R,fig_3f,T11-R^0,17,1.0329
2021-11-25,ZA,339,Omicron BA.2,Community,1.31046905994741,2021-11-08,17,Traveler weight (travel hubs),Strategies (total),100%,T3-R,fig_3f,T3-R^0,17,1.081
2021-11-25,ZA,339,Omicron BA.2,Community,1.31046905994741,2021-11-08,17,Traveler weight (travel hubs),Strategies (total),100%,T7-R,fig_3f,T7-R^0,17,1.081
2021-11-25,ZA,339,Omicron BA.2,Community,1.31046905994741,2021-11-08,17,Traveler weight (travel hubs),Strategies (total),100%,T11-R,fig_3f,T11-R^0,17,1.0298
2021-11-26,IN,339,Omicron BA.2,Imported,1,2021-11-08,18,Traveler weight (travel hubs),Strategies (total),100%,T11-M,fig_3f,T11-R^90,17,1
2021-11-16,US,34,Omicron BA.2,Imported,1,2021-11-08,8,Traveler weight (travel hubs),Strategies (total),50%,T11-R,fig_3f,T11-R^0,17,1.0547
2021-11-16,US,34,Omicron BA.2,Imported,1,2021-11-08,8,Traveler weight (travel hubs),Strategies (total),70%,T3-R,fig_3f,T3-R^0,17,1.0872
2021-11-16,US,34,Omicron BA.2,Imported,1,2021-11-08,8,Traveler weight (travel hubs),Strategies (total),70%,T7-R,fig_3f,T7-R^0,17,1.0872
2021-11-16,US,34,Omicron BA.2,Imported,1,2021-11-08,8,Traveler weight (travel hubs),Strategies (total),70%,T11-R,fig_3f,T11-R^0,17,1.0367
2021-11-16,US,34,Omicron BA.2,Imported,1,2021-11-08,8,Traveler weight (travel hubs),Strategies (total),90%,T3-R,fig_3f,T3-R^0,17,1.083
2021-11-16,US,34,Omicron BA.2,Imported,1,2021-11-08,8,Traveler weight (travel hubs),Strategies (total),90%,T7-R,fig_3f,T7-R^0,17,1.083
2021-11-16,US,34,Omicron BA.2,Imported,1,2021-11-08,8,Traveler weight (travel hubs),Strategies (total),90%,T11-R,fig_3f,T11-R^0,17,1.0329
2021-11-16,US,34,Omicron BA.2,Imported,1,2021-11-08,8,Traveler weight (travel hubs),Strategies (total),100%,T3-R,fig_3f,T3-R^0,17,1.081
2021-11-16,US,34,Omicron BA.2,Imported,1,2021-11-08,8,Traveler weight (travel hubs),Strategies (total),100%,T7-R,fig_3f,T7-R^0,17,1.081
2021-11-16,US,34,Omicron BA.2,Imported,1,2021-11-08,8,Traveler weight (travel hubs),Strategies (total),100%,T11-R,fig_3f,T11-R^0,17,1.0298
2021-11-16,US,34,Omicron BA.2,Imported,1,2021-11-08,8,Traveler weight (travel hubs),Strategies (total),100%,T11-M,fig_3f,T11-R^90,17,1
2021-11-23,IN,340,Omicron BA.2,Imported,1,2021-11-08,15,Traveler weight (travel hubs),Strategies (total),50%,T11-R,fig_3f,T11-R^0,17,1.0547
2021-11-25,ZA,340,Omicron BA.2,Community,1.2638627302584884,2021-11-08,17,Traveler weight (travel hubs),Strategies (total),70%,T3-R,fig_3f,T3-R^0,17,1.0872
2021-11-25,ZA,340,Omicron BA.2,Community,1.2638627302584884,2021-11-08,17,Traveler weight (travel hubs),Strategies (total),70%,T7-R,fig_3f,T7-R^0,17,1.0872
2021-11-23,IN,340,Omicron BA.2,Imported,1,2021-11-08,15,Traveler weight (travel hubs),Strategies (total),70%,T11-R,fig_3f,T11-R^0,17,1.0367
2021-11-25,ZA,340,Omicron BA.2,Community,1.2638627302584884,2021-11-08,17,Traveler weight (travel hubs),Strategies (total),90%,T3-R,fig_3f,T3-R^0,17,1.083
2021-11-25,ZA,340,Omicron BA.2,Community,1.2638627302584884,2021-11-08,17,Traveler weight (travel hubs),Strategies (total),90%,T7-R,fig_3f,T7-R^0,17,1.083
2021-11-23,IN,340,Omicron BA.2,Imported,1,2021-11-08,15,Traveler weight (travel hubs),Strategies (total),90%,T11-R,fig_3f,T11-R^0,17,1.0329
2021-11-25,ZA,340,Omicron BA.2,Community,1.2638627302584884,2021-11-08,17,Traveler weight (travel hubs),Strategies (total),100%,T3-R,fig_3f,T3-R^0,17,1.081
2021-11-25,ZA,340,Omicron BA.2,Community,1.2638627302584884,2021-11-08,17,Traveler weight (travel hubs),Strategies (total),100%,T7-R,fig_3f,T7-R^0,17,1.081
2021-11-23,IN,340,Omicron BA.2,Imported,1,2021-11-08,15,Traveler weight (travel hubs),Strategies (total),100%,T11-R,fig_3f,T11-R^0,17,1.0298
2021-11-23,IN,340,Omicron BA.2,Imported,1,2021-11-08,15,Traveler weight (travel hubs),Strategies (total),100%,T11-M,fig_3f,T11-R^90,17,1
2021-11-23,ZA,341,Omicron BA.2,Community,1.0608151293312706,2021-11-08,15,Traveler weight (travel hubs),Strategies (total),50%,T11-R,fig_3f,T11-R^0,17,1.0547
2021-11-23,ZA,341,Omicron BA.2,Community,1.0608151293312706,2021-11-08,15,Traveler weight (travel hubs),Strategies (total),70%,T3-R,fig_3f,T3-R^0,17,1.0872
2021-11-23,ZA,341,Omicron BA.2,Community,1.0608151293312706,2021-11-08,15,Traveler weight (travel hubs),Strategies (total),70%,T7-R,fig_3f,T7-R^0,17,1.0872
2021-11-23,ZA,341,Omicron BA.2,Community,1.0608151293312706,2021-11-08,15,Traveler weight (travel hubs),Strategies (total),70%,T11-R,fig_3f,T11-R^0,17,1.0367
2021-11-23,ZA,341,Omicron BA.2,Community,1.0608151293312706,2021-11-08,15,Traveler weight (travel hubs),Strategies (total),90%,T3-R,fig_3f,T3-R^0,17,1.083
2021-11-23,ZA,341,Omicron BA.2,Community,1.0608151293312706,2021-11-08,15,Traveler weight (travel hubs),Strategies (total),90%,T7-R,fig_3f,T7-R^0,17,1.083
2021-11-23,ZA,341,Omicron BA.2,Community,1.0608151293312706,2021-11-08,15,Traveler weight (travel hubs),Strategies (total),90%,T11-R,fig_3f,T11-R^0,17,1.0329
2021-11-23,ZA,341,Omicron BA.2,Community,1.0608151293312706,2021-11-08,15,Traveler weight (travel hubs),Strategies (total),100%,T3-R,fig_3f,T3-R^0,17,1.081
2021-11-23,ZA,341,Omicron BA.2,Community,1.0608151293312706,2021-11-08,15,Traveler weight (travel hubs),Strategies (total),100%,T7-R,fig_3f,T7-R^0,17,1.081
2021-11-23,ZA,341,Omicron BA.2,Community,1.0608151293312706,2021-11-08,15,Traveler weight (travel hubs),Strategies (total),100%,T11-R,fig_3f,T11-R^0,17,1.0298
2021-11-22,TR,341,Omicron BA.2,Imported,1,2021-11-08,14,Traveler weight (travel hubs),Strategies (total),100%,T11-M,fig_3f,T11-R^90,17,1
2021-11-25,ZA,342,Omicron BA.2,Community,1.1877192680597097,2021-11-08,17,Traveler weight (travel hubs),Strategies (total),50%,T11-R,fig_3f,T11-R^0,17,1.0547
2021-11-25,ZA,342,Omicron BA.2,Community,1.1877192680597097,2021-11-08,17,Traveler weight (travel hubs),Strategies (total),70%,T3-R,fig_3f,T3-R^0,17,1.0872
2021-11-25,ZA,342,Omicron BA.2,Community,1.1877192680597097,2021-11-08,17,Traveler weight (travel hubs),Strategies (total),70%,T7-R,fig_3f,T7-R^0,17,1.0872
2021-11-25,ZA,342,Omicron BA.2,Community,1.1877192680597097,2021-11-08,17,Traveler weight (travel hubs),Strategies (total),70%,T11-R,fig_3f,T11-R^0,17,1.0367
2021-11-25,ZA,342,Omicron BA.2,Community,1.1877192680597097,2021-11-08,17,Traveler weight (travel hubs),Strategies (total),90%,T3-R,fig_3f,T3-R^0,17,1.083
2021-11-25,ZA,342,Omicron BA.2,Community,1.1877192680597097,2021-11-08,17,Traveler weight (travel hubs),Strategies (total),90%,T7-R,fig_3f,T7-R^0,17,1.083
2021-11-25,ZA,342,Omicron BA.2,Community,1.1877192680597097,2021-11-08,17,Traveler weight (travel hubs),Strategies (total),90%,T11-R,fig_3f,T11-R^0,17,1.0329
2021-11-25,ZA,342,Omicron BA.2,Community,1.1877192680597097,2021-11-08,17,Traveler weight (travel hubs),Strategies (total),100%,T3-R,fig_3f,T3-R^0,17,1.081
2021-11-25,ZA,342,Omicron BA.2,Community,1.1877192680597097,2021-11-08,17,Traveler weight (travel hubs),Strategies (total),100%,T7-R,fig_3f,T7-R^0,17,1.081
2021-11-25,ZA,342,Omicron BA.2,Community,1.1877192680597097,2021-11-08,17,Traveler weight (travel hubs),Strategies (total),100%,T11-R,fig_3f,T11-R^0,17,1.0298
2021-11-22,TR,342,Omicron BA.2,Imported,1,2021-11-08,14,Traveler weight (travel hubs),Strategies (total),100%,T11-M,fig_3f,T11-R^90,17,1
2021-11-27,ZA,343,Omicron BA.2,Community,1.1293427892118073,2021-11-08,19,Traveler weight (travel hubs),Strategies (total),50%,T11-R,fig_3f,T11-R^0,17,1.0547
2021-11-27,ZA,343,Omicron BA.2,Community,1.1293427892118073,2021-11-08,19,Traveler weight (travel hubs),Strategies (total),70%,T3-R,fig_3f,T3-R^0,17,1.0872
2021-11-27,ZA,343,Omicron BA.2,Community,1.1293427892118073,2021-11-08,19,Traveler weight (travel hubs),Strategies (total),70%,T7-R,fig_3f,T7-R^0,17,1.0872
2021-11-27,ZA,343,Omicron BA.2,Community,1.1293427892118073,2021-11-08,19,Traveler weight (travel hubs),Strategies (total),70%,T11-R,fig_3f,T11-R^0,17,1.0367
2021-11-27,ZA,343,Omicron BA.2,Community,1.1293427892118073,2021-11-08,19,Traveler weight (travel hubs),Strategies (total),90%,T3-R,fig_3f,T3-R^0,17,1.083
2021-11-27,ZA,343,Omicron BA.2,Community,1.1293427892118073,2021-11-08,19,Traveler weight (travel hubs),Strategies (total),90%,T7-R,fig_3f,T7-R^0,17,1.083
2021-11-27,ZA,343,Omicron BA.2,Community,1.1293427892118073,2021-11-08,19,Traveler weight (travel hubs),Strategies (total),90%,T11-R,fig_3f,T11-R^0,17,1.0329
2021-11-27,ZA,343,Omicron BA.2,Community,1.1293427892118073,2021-11-08,19,Traveler weight (travel hubs),Strategies (total),100%,T3-R,fig_3f,T3-R^0,17,1.081
2021-11-27,ZA,343,Omicron BA.2,Community,1.1293427892118073,2021-11-08,19,Traveler weight (travel hubs),Strategies (total),100%,T7-R,fig_3f,T7-R^0,17,1.081
2021-11-27,ZA,343,Omicron BA.2,Community,1.1293427892118073,2021-11-08,19,Traveler weight (travel hubs),Strategies (total),100%,T11-R,fig_3f,T11-R^0,17,1.0298
2021-11-27,US,343,Omicron BA.2,Imported,1,2021-11-08,19,Traveler weight (travel hubs),Strategies (total),100%,T11-M,fig_3f,T11-R^90,17,1
2021-11-22,US,344,Omicron BA.2,Imported,1,2021-11-08,14,Traveler weight (travel hubs),Strategies (total),50%,T11-R,fig_3f,T11-R^0,17,1.0547
2021-11-22,US,344,Omicron BA.2,Imported,1,2021-11-08,14,Traveler weight (travel hubs),Strategies (total),70%,T3-R,fig_3f,T3-R^0,17,1.0872
2021-11-22,US,344,Omicron BA.2,Imported,1,2021-11-08,14,Traveler weight (travel hubs),Strategies (total),70%,T7-R,fig_3f,T7-R^0,17,1.0872
2021-11-22,US,344,Omicron BA.2,Imported,1,2021-11-08,14,Traveler weight (travel hubs),Strategies (total),70%,T11-R,fig_3f,T11-R^0,17,1.0367
2021-11-22,US,344,Omicron BA.2,Imported,1,2021-11-08,14,Traveler weight (travel hubs),Strategies (total),90%,T3-R,fig_3f,T3-R^0,17,1.083
2021-11-22,US,344,Omicron BA.2,Imported,1,2021-11-08,14,Traveler weight (travel hubs),Strategies (total),90%,T7-R,fig_3f,T7-R^0,17,1.083
2021-11-22,US,344,Omicron BA.2,Imported,1,2021-11-08,14,Traveler weight (travel hubs),Strategies (total),90%,T11-R,fig_3f,T11-R^0,17,1.0329
2021-11-22,US,344,Omicron BA.2,Imported,1,2021-11-08,14,Traveler weight (travel hubs),Strategies (total),100%,T3-R,fig_3f,T3-R^0,17,1.081
2021-11-22,US,344,Omicron BA.2,Imported,1,2021-11-08,14,Traveler weight (travel hubs),Strategies (total),100%,T7-R,fig_3f,T7-R^0,17,1.081
2021-11-22,US,344,Omicron BA.2,Imported,1,2021-11-08,14,Traveler weight (travel hubs),Strategies (total),100%,T11-R,fig_3f,T11-R^0,17,1.0298
2021-11-22,TR,344,Omicron BA.2,Imported,1,2021-11-08,14,Traveler weight (travel hubs),Strategies (total),100%,T11-M,fig_3f,T11-R^90,17,1
2021-11-14,IN,345,Omicron BA.2,Imported,1,2021-11-08,6,Traveler weight (travel hubs),Strategies (total),50%,T11-R,fig_3f,T11-R^0,17,1.0547
2021-11-27,ZA,345,Omicron BA.2,Community,1.0675740720702922,2021-11-08,19,Traveler weight (travel hubs),Strategies (total),70%,T3-R,fig_3f,T3-R^0,17,1.0872
2021-11-27,ZA,345,Omicron BA.2,Community,1.0675740720702922,2021-11-08,19,Traveler weight (travel hubs),Strategies (total),70%,T7-R,fig_3f,T7-R^0,17,1.0872
2021-11-14,IN,345,Omicron BA.2,Imported,1,2021-11-08,6,Traveler weight (travel hubs),Strategies (total),70%,T11-R,fig_3f,T11-R^0,17,1.0367
2021-11-27,ZA,345,Omicron BA.2,Community,1.0675740720702922,2021-11-08,19,Traveler weight (travel hubs),Strategies (total),90%,T3-R,fig_3f,T3-R^0,17,1.083
2021-11-27,ZA,345,Omicron BA.2,Community,1.0675740720702922,2021-11-08,19,Traveler weight (travel hubs),Strategies (total),90%,T7-R,fig_3f,T7-R^0,17,1.083
2021-11-14,IN,345,Omicron BA.2,Imported,1,2021-11-08,6,Traveler weight (travel hubs),Strategies (total),90%,T11-R,fig_3f,T11-R^0,17,1.0329
2021-11-27,ZA,345,Omicron BA.2,Community,1.0675740720702922,2021-11-08,19,Traveler weight (travel hubs),Strategies (total),100%,T3-R,fig_3f,T3-R^0,17,1.081
2021-11-27,ZA,345,Omicron BA.2,Community,1.0675740720702922,2021-11-08,19,Traveler weight (travel hubs),Strategies (total),100%,T7-R,fig_3f,T7-R^0,17,1.081
2021-11-14,IN,345,Omicron BA.2,Imported,1,2021-11-08,6,Traveler weight (travel hubs),Strategies (total),100%,T11-R,fig_3f,T11-R^0,17,1.0298
2021-11-14,IN,345,Omicron BA.2,Imported,1,2021-11-08,6,Traveler weight (travel hubs),Strategies (total),100%,T11-M,fig_3f,T11-R^90,17,1
2021-12-01,ZA,346,Omicron BA.2,Community,1.0052001812633253,2021-11-08,23,Traveler weight (travel hubs),Strategies (total),50%,T11-R,fig_3f,T11-R^0,17,1.0547
2021-12-01,ZA,346,Omicron BA.2,Community,1.0052001812633253,2021-11-08,23,Traveler weight (travel hubs),Strategies (total),70%,T3-R,fig_3f,T3-R^0,17,1.0872
2021-12-01,ZA,346,Omicron BA.2,Community,1.0052001812633253,2021-11-08,23,Traveler weight (travel hubs),Strategies (total),70%,T7-R,fig_3f,T7-R^0,17,1.0872
2021-12-01,ZA,346,Omicron BA.2,Community,1.0052001812633253,2021-11-08,23,Traveler weight (travel hubs),Strategies (total),70%,T11-R,fig_3f,T11-R^0,17,1.0367
2021-12-01,ZA,346,Omicron BA.2,Community,1.0052001812633253,2021-11-08,23,Traveler weight (travel hubs),Strategies (total),90%,T3-R,fig_3f,T3-R^0,17,1.083
2021-12-01,ZA,346,Omicron BA.2,Community,1.0052001812633253,2021-11-08,23,Traveler weight (travel hubs),Strategies (total),90%,T7-R,fig_3f,T7-R^0,17,1.083
2021-12-01,ZA,346,Omicron BA.2,Community,1.0052001812633253,2021-11-08,23,Traveler weight (travel hubs),Strategies (total),90%,T11-R,fig_3f,T11-R^0,17,1.0329
2021-12-01,ZA,346,Omicron BA.2,Community,1.0052001812633253,2021-11-08,23,Traveler weight (travel hubs),Strategies (total),100%,T3-R,fig_3f,T3-R^0,17,1.081
2021-12-01,ZA,346,Omicron BA.2,Community,1.0052001812633253,2021-11-08,23,Traveler weight (travel hubs),Strategies (total),100%,T7-R,fig_3f,T7-R^0,17,1.081
2021-12-01,ZA,346,Omicron BA.2,Community,1.0052001812633253,2021-11-08,23,Traveler weight (travel hubs),Strategies (total),100%,T11-R,fig_3f,T11-R^0,17,1.0298
2021-12-02,GB,346,Omicron BA.2,Imported,1,2021-11-08,24,Traveler weight (travel hubs),Strategies (total),100%,T11-M,fig_3f,T11-R^90,17,1
2021-11-29,ZA,347,Omicron BA.2,Community,1.1513226677234252,2021-11-08,21,Traveler weight (travel hubs),Strategies (total),50%,T11-R,fig_3f,T11-R^0,17,1.0547
2021-11-29,ZA,347,Omicron BA.2,Community,1.1513226677234252,2021-11-08,21,Traveler weight (travel hubs),Strategies (total),70%,T3-R,fig_3f,T3-R^0,17,1.0872
2021-11-29,ZA,347,Omicron BA.2,Community,1.1513226677234252,2021-11-08,21,Traveler weight (travel hubs),Strategies (total),70%,T7-R,fig_3f,T7-R^0,17,1.0872
2021-11-29,ZA,347,Omicron BA.2,Community,1.1513226677234252,2021-11-08,21,Traveler weight (travel hubs),Strategies (total),70%,T11-R,fig_3f,T11-R^0,17,1.0367
2021-11-29,ZA,347,Omicron BA.2,Community,1.1513226677234252,2021-11-08,21,Traveler weight (travel hubs),Strategies (total),90%,T3-R,fig_3f,T3-R^0,17,1.083
2021-11-29,ZA,347,Omicron BA.2,Community,1.1513226677234252,2021-11-08,21,Traveler weight (travel hubs),Strategies (total),90%,T7-R,fig_3f,T7-R^0,17,1.083
2021-11-29,ZA,347,Omicron BA.2,Community,1.1513226677234252,2021-11-08,21,Traveler weight (travel hubs),Strategies (total),90%,T11-R,fig_3f,T11-R^0,17,1.0329
2021-11-29,ZA,347,Omicron BA.2,Community,1.1513226677234252,2021-11-08,21,Traveler weight (travel hubs),Strategies (total),100%,T3-R,fig_3f,T3-R^0,17,1.081
2021-11-29,ZA,347,Omicron BA.2,Community,1.1513226677234252,2021-11-08,21,Traveler weight (travel hubs),Strategies (total),100%,T7-R,fig_3f,T7-R^0,17,1.081
2021-11-29,ZA,347,Omicron BA.2,Community,1.1513226677234252,2021-11-08,21,Traveler weight (travel hubs),Strategies (total),100%,T11-R,fig_3f,T11-R^0,17,1.0298
2021-12-04,US,347,Omicron BA.2,Imported,1,2021-11-08,26,Traveler weight (travel hubs),Strategies (total),100%,T11-M,fig_3f,T11-R^90,17,1
2021-11-29,ZA,348,Omicron BA.2,Community,2.1794529615681166,2021-11-08,21,Traveler weight (travel hubs),Strategies (total),50%,T11-R,fig_3f,T11-R^0,17,1.0547
2021-11-29,ZA,348,Omicron BA.2,Community,2.1794529615681166,2021-11-08,21,Traveler weight (travel hubs),Strategies (total),70%,T3-R,fig_3f,T3-R^0,17,1.0872
2021-11-29,ZA,348,Omicron BA.2,Community,2.1794529615681166,2021-11-08,21,Traveler weight (travel hubs),Strategies (total),70%,T7-R,fig_3f,T7-R^0,17,1.0872
2021-11-29,ZA,348,Omicron BA.2,Community,2.1794529615681166,2021-11-08,21,Traveler weight (travel hubs),Strategies (total),70%,T11-R,fig_3f,T11-R^0,17,1.0367
2021-11-29,ZA,348,Omicron BA.2,Community,2.1794529615681166,2021-11-08,21,Traveler weight (travel hubs),Strategies (total),90%,T3-R,fig_3f,T3-R^0,17,1.083
2021-11-29,ZA,348,Omicron BA.2,Community,2.1794529615681166,2021-11-08,21,Traveler weight (travel hubs),Strategies (total),90%,T7-R,fig_3f,T7-R^0,17,1.083
2021-11-29,ZA,348,Omicron BA.2,Community,2.1794529615681166,2021-11-08,21,Traveler weight (travel hubs),Strategies (total),90%,T11-R,fig_3f,T11-R^0,17,1.0329
2021-11-29,ZA,348,Omicron BA.2,Community,2.1794529615681166,2021-11-08,21,Traveler weight (travel hubs),Strategies (total),100%,T3-R,fig_3f,T3-R^0,17,1.081
2021-11-29,ZA,348,Omicron BA.2,Community,2.1794529615681166,2021-11-08,21,Traveler weight (travel hubs),Strategies (total),100%,T7-R,fig_3f,T7-R^0,17,1.081
2021-11-29,ZA,348,Omicron BA.2,Community,2.1794529615681166,2021-11-08,21,Traveler weight (travel hubs),Strategies (total),100%,T11-R,fig_3f,T11-R^0,17,1.0298
2021-12-03,US,348,Omicron BA.2,Imported,1,2021-11-08,25,Traveler weight (travel hubs),Strategies (total),100%,T11-M,fig_3f,T11-R^90,17,1
2021-11-25,ZA,349,Omicron BA.2,Community,1.3771131428465364,2021-11-08,17,Traveler weight (travel hubs),Strategies (total),50%,T11-R,fig_3f,T11-R^0,17,1.0547
2021-11-25,ZA,349,Omicron BA.2,Community,1.3771131428465364,2021-11-08,17,Traveler weight (travel hubs),Strategies (total),70%,T3-R,fig_3f,T3-R^0,17,1.0872
2021-11-25,ZA,349,Omicron BA.2,Community,1.3771131428465364,2021-11-08,17,Traveler weight (travel hubs),Strategies (total),70%,T7-R,fig_3f,T7-R^0,17,1.0872
2021-11-25,ZA,349,Omicron BA.2,Community,1.3771131428465364,2021-11-08,17,Traveler weight (travel hubs),Strategies (total),70%,T11-R,fig_3f,T11-R^0,17,1.0367
2021-11-25,ZA,349,Omicron BA.2,Community,1.3771131428465364,2021-11-08,17,Traveler weight (travel hubs),Strategies (total),90%,T3-R,fig_3f,T3-R^0,17,1.083
2021-11-25,ZA,349,Omicron BA.2,Community,1.3771131428465364,2021-11-08,17,Traveler weight (travel hubs),Strategies (total),90%,T7-R,fig_3f,T7-R^0,17,1.083
2021-11-25,ZA,349,Omicron BA.2,Community,1.3771131428465364,2021-11-08,17,Traveler weight (travel hubs),Strategies (total),90%,T11-R,fig_3f,T11-R^0,17,1.0329
2021-11-25,ZA,349,Omicron BA.2,Community,1.3771131428465364,2021-11-08,17,Traveler weight (travel hubs),Strategies (total),100%,T3-R,fig_3f,T3-R^0,17,1.081
2021-11-25,ZA,349,Omicron BA.2,Community,1.3771131428465364,2021-11-08,17,Traveler weight (travel hubs),Strategies (total),100%,T7-R,fig_3f,T7-R^0,17,1.081
2021-11-25,ZA,349,Omicron BA.2,Community,1.3771131428465364,2021-11-08,17,Traveler weight (travel hubs),Strategies (total),100%,T11-R,fig_3f,T11-R^0,17,1.0298
2021-11-22,TR,349,Omicron BA.2,Imported,1,2021-11-08,14,Traveler weight (travel hubs),Strategies (total),100%,T11-M,fig_3f,T11-R^90,17,1
2021-11-23,ZA,35,Omicron BA.2,Community,1.0616522058621374,2021-11-08,15,Traveler weight (travel hubs),Strategies (total),50%,T11-R,fig_3f,T11-R^0,17,1.0547
2021-11-23,ZA,35,Omicron BA.2,Community,1.0616522058621374,2021-11-08,15,Traveler weight (travel hubs),Strategies (total),70%,T3-R,fig_3f,T3-R^0,17,1.0872
2021-11-23,ZA,35,Omicron BA.2,Community,1.0616522058621374,2021-11-08,15,Traveler weight (travel hubs),Strategies (total),70%,T7-R,fig_3f,T7-R^0,17,1.0872
2021-11-23,ZA,35,Omicron BA.2,Community,1.0616522058621374,2021-11-08,15,Traveler weight (travel hubs),Strategies (total),70%,T11-R,fig_3f,T11-R^0,17,1.0367
2021-11-23,ZA,35,Omicron BA.2,Community,1.0616522058621374,2021-11-08,15,Traveler weight (travel hubs),Strategies (total),90%,T3-R,fig_3f,T3-R^0,17,1.083
2021-11-23,ZA,35,Omicron BA.2,Community,1.0616522058621374,2021-11-08,15,Traveler weight (travel hubs),Strategies (total),90%,T7-R,fig_3f,T7-R^0,17,1.083
2021-11-23,ZA,35,Omicron BA.2,Community,1.0616522058621374,2021-11-08,15,Traveler weight (travel hubs),Strategies (total),90%,T11-R,fig_3f,T11-R^0,17,1.0329
2021-11-23,ZA,35,Omicron BA.2,Community,1.0616522058621374,2021-11-08,15,Traveler weight (travel hubs),Strategies (total),100%,T3-R,fig_3f,T3-R^0,17,1.081
2021-11-23,ZA,35,Omicron BA.2,Community,1.0616522058621374,2021-11-08,15,Traveler weight (travel hubs),Strategies (total),100%,T7-R,fig_3f,T7-R^0,17,1.081
2021-11-23,ZA,35,Omicron BA.2,Community,1.0616522058621374,2021-11-08,15,Traveler weight (travel hubs),Strategies (total),100%,T11-R,fig_3f,T11-R^0,17,1.0298
2021-12-07,US,35,Omicron BA.2,Imported,2,2021-11-08,29,Traveler weight (travel hubs),Strategies (total),100%,T11-M,fig_3f,T11-R^90,17,1
2021-11-23,ZA,350,Omicron BA.2,Community,1.1335212051551251,2021-11-08,15,Traveler weight (travel hubs),Strategies (total),50%,T11-R,fig_3f,T11-R^0,17,1.0547
2021-11-23,ZA,350,Omicron BA.2,Community,1.1335212051551251,2021-11-08,15,Traveler weight (travel hubs),Strategies (total),70%,T3-R,fig_3f,T3-R^0,17,1.0872
2021-11-23,ZA,350,Omicron BA.2,Community,1.1335212051551251,2021-11-08,15,Traveler weight (travel hubs),Strategies (total),70%,T7-R,fig_3f,T7-R^0,17,1.0872
2021-11-23,ZA,350,Omicron BA.2,Community,1.1335212051551251,2021-11-08,15,Traveler weight (travel hubs),Strategies (total),70%,T11-R,fig_3f,T11-R^0,17,1.0367
2021-11-23,ZA,350,Omicron BA.2,Community,1.1335212051551251,2021-11-08,15,Traveler weight (travel hubs),Strategies (total),90%,T3-R,fig_3f,T3-R^0,17,1.083
2021-11-23,ZA,350,Omicron BA.2,Community,1.1335212051551251,2021-11-08,15,Traveler weight (travel hubs),Strategies (total),90%,T7-R,fig_3f,T7-R^0,17,1.083
2021-11-23,ZA,350,Omicron BA.2,Community,1.1335212051551251,2021-11-08,15,Traveler weight (travel hubs),Strategies (total),90%,T11-R,fig_3f,T11-R^0,17,1.0329
2021-11-23,ZA,350,Omicron BA.2,Community,1.1335212051551251,2021-11-08,15,Traveler weight (travel hubs),Strategies (total),100%,T3-R,fig_3f,T3-R^0,17,1.081
2021-11-23,ZA,350,Omicron BA.2,Community,1.1335212051551251,2021-11-08,15,Traveler weight (travel hubs),Strategies (total),100%,T7-R,fig_3f,T7-R^0,17,1.081
2021-11-23,ZA,350,Omicron BA.2,Community,1.1335212051551251,2021-11-08,15,Traveler weight (travel hubs),Strategies (total),100%,T11-R,fig_3f,T11-R^0,17,1.0298
2021-12-03,US,350,Omicron BA.2,Imported,1,2021-11-08,25,Traveler weight (travel hubs),Strategies (total),100%,T11-M,fig_3f,T11-R^90,17,1
2021-11-27,ZA,351,Omicron BA.2,Community,2.510741795146251,2021-11-08,19,Traveler weight (travel hubs),Strategies (total),50%,T11-R,fig_3f,T11-R^0,17,1.0547
2021-11-27,ZA,351,Omicron BA.2,Community,2.510741795146251,2021-11-08,19,Traveler weight (travel hubs),Strategies (total),70%,T3-R,fig_3f,T3-R^0,17,1.0872
2021-11-27,ZA,351,Omicron BA.2,Community,2.510741795146251,2021-11-08,19,Traveler weight (travel hubs),Strategies (total),70%,T7-R,fig_3f,T7-R^0,17,1.0872
2021-11-27,ZA,351,Omicron BA.2,Community,2.510741795146251,2021-11-08,19,Traveler weight (travel hubs),Strategies (total),70%,T11-R,fig_3f,T11-R^0,17,1.0367
2021-11-27,ZA,351,Omicron BA.2,Community,2.510741795146251,2021-11-08,19,Traveler weight (travel hubs),Strategies (total),90%,T3-R,fig_3f,T3-R^0,17,1.083
2021-11-27,ZA,351,Omicron BA.2,Community,2.510741795146251,2021-11-08,19,Traveler weight (travel hubs),Strategies (total),90%,T7-R,fig_3f,T7-R^0,17,1.083
2021-11-27,ZA,351,Omicron BA.2,Community,2.510741795146251,2021-11-08,19,Traveler weight (travel hubs),Strategies (total),90%,T11-R,fig_3f,T11-R^0,17,1.0329
2021-11-27,ZA,351,Omicron BA.2,Community,2.510741795146251,2021-11-08,19,Traveler weight (travel hubs),Strategies (total),100%,T3-R,fig_3f,T3-R^0,17,1.081
2021-11-27,ZA,351,Omicron BA.2,Community,2.510741795146251,2021-11-08,19,Traveler weight (travel hubs),Strategies (total),100%,T7-R,fig_3f,T7-R^0,17,1.081
2021-11-27,ZA,351,Omicron BA.2,Community,2.510741795146251,2021-11-08,19,Traveler weight (travel hubs),Strategies (total),100%,T11-R,fig_3f,T11-R^0,17,1.0298
2021-11-16,TR,351,Omicron BA.2,Imported,1,2021-11-08,8,Traveler weight (travel hubs),Strategies (total),100%,T11-M,fig_3f,T11-R^90,17,1
2021-11-17,US,352,Omicron BA.2,Imported,1,2021-11-08,9,Traveler weight (travel hubs),Strategies (total),50%,T11-R,fig_3f,T11-R^0,17,1.0547
2021-11-17,US,352,Omicron BA.2,Imported,1,2021-11-08,9,Traveler weight (travel hubs),Strategies (total),70%,T3-R,fig_3f,T3-R^0,17,1.0872
2021-11-17,US,352,Omicron BA.2,Imported,1,2021-11-08,9,Traveler weight (travel hubs),Strategies (total),70%,T7-R,fig_3f,T7-R^0,17,1.0872
2021-11-17,US,352,Omicron BA.2,Imported,1,2021-11-08,9,Traveler weight (travel hubs),Strategies (total),70%,T11-R,fig_3f,T11-R^0,17,1.0367
2021-11-17,US,352,Omicron BA.2,Imported,1,2021-11-08,9,Traveler weight (travel hubs),Strategies (total),90%,T3-R,fig_3f,T3-R^0,17,1.083
2021-11-17,US,352,Omicron BA.2,Imported,1,2021-11-08,9,Traveler weight (travel hubs),Strategies (total),90%,T7-R,fig_3f,T7-R^0,17,1.083
2021-11-17,US,352,Omicron BA.2,Imported,1,2021-11-08,9,Traveler weight (travel hubs),Strategies (total),90%,T11-R,fig_3f,T11-R^0,17,1.0329
2021-11-17,US,352,Omicron BA.2,Imported,1,2021-11-08,9,Traveler weight (travel hubs),Strategies (total),100%,T3-R,fig_3f,T3-R^0,17,1.081
2021-11-17,US,352,Omicron BA.2,Imported,1,2021-11-08,9,Traveler weight (travel hubs),Strategies (total),100%,T7-R,fig_3f,T7-R^0,17,1.081
2021-11-17,US,352,Omicron BA.2,Imported,1,2021-11-08,9,Traveler weight (travel hubs),Strategies (total),100%,T11-R,fig_3f,T11-R^0,17,1.0298
2021-11-17,US,352,Omicron BA.2,Imported,1,2021-11-08,9,Traveler weight (travel hubs),Strategies (total),100%,T11-M,fig_3f,T11-R^90,17,1
2021-11-26,ZA,353,Omicron BA.2,Community,1.0139059138452546,2021-11-08,18,Traveler weight (travel hubs),Strategies (total),50%,T11-R,fig_3f,T11-R^0,17,1.0547
2021-11-26,ZA,353,Omicron BA.2,Community,1.0139059138452546,2021-11-08,18,Traveler weight (travel hubs),Strategies (total),70%,T3-R,fig_3f,T3-R^0,17,1.0872
2021-11-26,ZA,353,Omicron BA.2,Community,1.0139059138452546,2021-11-08,18,Traveler weight (travel hubs),Strategies (total),70%,T7-R,fig_3f,T7-R^0,17,1.0872
2021-11-26,ZA,353,Omicron BA.2,Community,1.0139059138452546,2021-11-08,18,Traveler weight (travel hubs),Strategies (total),70%,T11-R,fig_3f,T11-R^0,17,1.0367
2021-11-26,ZA,353,Omicron BA.2,Community,1.0139059138452546,2021-11-08,18,Traveler weight (travel hubs),Strategies (total),90%,T3-R,fig_3f,T3-R^0,17,1.083
2021-11-26,ZA,353,Omicron BA.2,Community,1.0139059138452546,2021-11-08,18,Traveler weight (travel hubs),Strategies (total),90%,T7-R,fig_3f,T7-R^0,17,1.083
2021-11-26,ZA,353,Omicron BA.2,Community,1.0139059138452546,2021-11-08,18,Traveler weight (travel hubs),Strategies (total),90%,T11-R,fig_3f,T11-R^0,17,1.0329
2021-11-26,ZA,353,Omicron BA.2,Community,1.0139059138452546,2021-11-08,18,Traveler weight (travel hubs),Strategies (total),100%,T3-R,fig_3f,T3-R^0,17,1.081
2021-11-26,ZA,353,Omicron BA.2,Community,1.0139059138452546,2021-11-08,18,Traveler weight (travel hubs),Strategies (total),100%,T7-R,fig_3f,T7-R^0,17,1.081
2021-11-26,ZA,353,Omicron BA.2,Community,1.0139059138452546,2021-11-08,18,Traveler weight (travel hubs),Strategies (total),100%,T11-R,fig_3f,T11-R^0,17,1.0298
2021-12-02,IN,353,Omicron BA.2,Imported,2,2021-11-08,24,Traveler weight (travel hubs),Strategies (total),100%,T11-M,fig_3f,T11-R^90,17,1
2021-11-21,IN,354,Omicron BA.2,Imported,1,2021-11-08,13,Traveler weight (travel hubs),Strategies (total),50%,T11-R,fig_3f,T11-R^0,17,1.0547
2021-11-25,ZA,354,Omicron BA.2,Community,1.1917268187017507,2021-11-08,17,Traveler weight (travel hubs),Strategies (total),70%,T3-R,fig_3f,T3-R^0,17,1.0872
2021-11-25,ZA,354,Omicron BA.2,Community,1.1917268187017507,2021-11-08,17,Traveler weight (travel hubs),Strategies (total),70%,T7-R,fig_3f,T7-R^0,17,1.0872
2021-11-21,IN,354,Omicron BA.2,Imported,1,2021-11-08,13,Traveler weight (travel hubs),Strategies (total),70%,T11-R,fig_3f,T11-R^0,17,1.0367
2021-11-25,ZA,354,Omicron BA.2,Community,1.1917268187017507,2021-11-08,17,Traveler weight (travel hubs),Strategies (total),90%,T3-R,fig_3f,T3-R^0,17,1.083
2021-11-25,ZA,354,Omicron BA.2,Community,1.1917268187017507,2021-11-08,17,Traveler weight (travel hubs),Strategies (total),90%,T7-R,fig_3f,T7-R^0,17,1.083
2021-11-21,IN,354,Omicron BA.2,Imported,1,2021-11-08,13,Traveler weight (travel hubs),Strategies (total),90%,T11-R,fig_3f,T11-R^0,17,1.0329
2021-11-25,ZA,354,Omicron BA.2,Community,1.1917268187017507,2021-11-08,17,Traveler weight (travel hubs),Strategies (total),100%,T3-R,fig_3f,T3-R^0,17,1.081
2021-11-25,ZA,354,Omicron BA.2,Community,1.1917268187017507,2021-11-08,17,Traveler weight (travel hubs),Strategies (total),100%,T7-R,fig_3f,T7-R^0,17,1.081
2021-11-21,IN,354,Omicron BA.2,Imported,1,2021-11-08,13,Traveler weight (travel hubs),Strategies (total),100%,T11-R,fig_3f,T11-R^0,17,1.0298
2021-11-21,IN,354,Omicron BA.2,Imported,1,2021-11-08,13,Traveler weight (travel hubs),Strategies (total),100%,T11-M,fig_3f,T11-R^90,17,1
2021-11-22,US,355,Omicron BA.2,Imported,1,2021-11-08,14,Traveler weight (travel hubs),Strategies (total),50%,T11-R,fig_3f,T11-R^0,17,1.0547
2021-11-22,US,355,Omicron BA.2,Imported,1,2021-11-08,14,Traveler weight (travel hubs),Strategies (total),70%,T3-R,fig_3f,T3-R^0,17,1.0872
2021-11-22,US,355,Omicron BA.2,Imported,1,2021-11-08,14,Traveler weight (travel hubs),Strategies (total),70%,T7-R,fig_3f,T7-R^0,17,1.0872
2021-11-22,US,355,Omicron BA.2,Imported,1,2021-11-08,14,Traveler weight (travel hubs),Strategies (total),70%,T11-R,fig_3f,T11-R^0,17,1.0367
2021-11-22,US,355,Omicron BA.2,Imported,1,2021-11-08,14,Traveler weight (travel hubs),Strategies (total),90%,T3-R,fig_3f,T3-R^0,17,1.083
2021-11-22,US,355,Omicron BA.2,Imported,1,2021-11-08,14,Traveler weight (travel hubs),Strategies (total),90%,T7-R,fig_3f,T7-R^0,17,1.083
2021-11-22,US,355,Omicron BA.2,Imported,1,2021-11-08,14,Traveler weight (travel hubs),Strategies (total),90%,T11-R,fig_3f,T11-R^0,17,1.0329
2021-11-22,US,355,Omicron BA.2,Imported,1,2021-11-08,14,Traveler weight (travel hubs),Strategies (total),100%,T3-R,fig_3f,T3-R^0,17,1.081
2021-11-22,US,355,Omicron BA.2,Imported,1,2021-11-08,14,Traveler weight (travel hubs),Strategies (total),100%,T7-R,fig_3f,T7-R^0,17,1.081
2021-11-22,US,355,Omicron BA.2,Imported,1,2021-11-08,14,Traveler weight (travel hubs),Strategies (total),100%,T11-R,fig_3f,T11-R^0,17,1.0298
2021-11-22,US,355,Omicron BA.2,Imported,1,2021-11-08,14,Traveler weight (travel hubs),Strategies (total),100%,T11-M,fig_3f,T11-R^90,17,1
2021-11-27,ZA,356,Omicron BA.2,Community,1.0432366282196028,2021-11-08,19,Traveler weight (travel hubs),Strategies (total),50%,T11-R,fig_3f,T11-R^0,17,1.0547
2021-11-27,ZA,356,Omicron BA.2,Community,1.0432366282196028,2021-11-08,19,Traveler weight (travel hubs),Strategies (total),70%,T3-R,fig_3f,T3-R^0,17,1.0872
2021-11-27,ZA,356,Omicron BA.2,Community,1.0432366282196028,2021-11-08,19,Traveler weight (travel hubs),Strategies (total),70%,T7-R,fig_3f,T7-R^0,17,1.0872
2021-11-27,ZA,356,Omicron BA.2,Community,1.0432366282196028,2021-11-08,19,Traveler weight (travel hubs),Strategies (total),70%,T11-R,fig_3f,T11-R^0,17,1.0367
2021-11-27,ZA,356,Omicron BA.2,Community,1.0432366282196028,2021-11-08,19,Traveler weight (travel hubs),Strategies (total),90%,T3-R,fig_3f,T3-R^0,17,1.083
2021-11-27,ZA,356,Omicron BA.2,Community,1.0432366282196028,2021-11-08,19,Traveler weight (travel hubs),Strategies (total),90%,T7-R,fig_3f,T7-R^0,17,1.083
2021-11-27,ZA,356,Omicron BA.2,Community,1.0432366282196028,2021-11-08,19,Traveler weight (travel hubs),Strategies (total),90%,T11-R,fig_3f,T11-R^0,17,1.0329
2021-11-27,ZA,356,Omicron BA.2,Community,1.0432366282196028,2021-11-08,19,Traveler weight (travel hubs),Strategies (total),100%,T3-R,fig_3f,T3-R^0,17,1.081
2021-11-27,ZA,356,Omicron BA.2,Community,1.0432366282196028,2021-11-08,19,Traveler weight (travel hubs),Strategies (total),100%,T7-R,fig_3f,T7-R^0,17,1.081
2021-11-27,ZA,356,Omicron BA.2,Community,1.0432366282196028,2021-11-08,19,Traveler weight (travel hubs),Strategies (total),100%,T11-R,fig_3f,T11-R^0,17,1.0298
2021-12-03,TR,356,Omicron BA.2,Imported,2.123153620773602,2021-11-08,25,Traveler weight (travel hubs),Strategies (total),100%,T11-M,fig_3f,T11-R^90,17,1
2021-12-02,ZA,357,Omicron BA.2,Community,1.0479261960494537,2021-11-08,24,Traveler weight (travel hubs),Strategies (total),50%,T11-R,fig_3f,T11-R^0,17,1.0547
2021-11-22,US,357,Omicron BA.2,Imported,1,2021-11-08,14,Traveler weight (travel hubs),Strategies (total),70%,T3-R,fig_3f,T3-R^0,17,1.0872
2021-11-22,US,357,Omicron BA.2,Imported,1,2021-11-08,14,Traveler weight (travel hubs),Strategies (total),70%,T7-R,fig_3f,T7-R^0,17,1.0872
2021-11-22,US,357,Omicron BA.2,Imported,1,2021-11-08,14,Traveler weight (travel hubs),Strategies (total),70%,T11-R,fig_3f,T11-R^0,17,1.0367
2021-11-22,US,357,Omicron BA.2,Imported,1,2021-11-08,14,Traveler weight (travel hubs),Strategies (total),90%,T3-R,fig_3f,T3-R^0,17,1.083
2021-11-22,US,357,Omicron BA.2,Imported,1,2021-11-08,14,Traveler weight (travel hubs),Strategies (total),90%,T7-R,fig_3f,T7-R^0,17,1.083
2021-11-22,US,357,Omicron BA.2,Imported,1,2021-11-08,14,Traveler weight (travel hubs),Strategies (total),90%,T11-R,fig_3f,T11-R^0,17,1.0329
2021-11-22,US,357,Omicron BA.2,Imported,1,2021-11-08,14,Traveler weight (travel hubs),Strategies (total),100%,T3-R,fig_3f,T3-R^0,17,1.081
2021-11-22,US,357,Omicron BA.2,Imported,1,2021-11-08,14,Traveler weight (travel hubs),Strategies (total),100%,T7-R,fig_3f,T7-R^0,17,1.081
2021-11-22,US,357,Omicron BA.2,Imported,1,2021-11-08,14,Traveler weight (travel hubs),Strategies (total),100%,T11-R,fig_3f,T11-R^0,17,1.0298
2021-11-22,US,357,Omicron BA.2,Imported,1,2021-11-08,14,Traveler weight (travel hubs),Strategies (total),100%,T11-M,fig_3f,T11-R^90,17,1
2021-11-21,ZA,358,Omicron BA.2,Community,1.0223778139238224,2021-11-08,13,Traveler weight (travel hubs),Strategies (total),50%,T11-R,fig_3f,T11-R^0,17,1.0547
2021-11-21,ZA,358,Omicron BA.2,Community,1.0223778139238224,2021-11-08,13,Traveler weight (travel hubs),Strategies (total),70%,T3-R,fig_3f,T3-R^0,17,1.0872
2021-11-21,ZA,358,Omicron BA.2,Community,1.0223778139238224,2021-11-08,13,Traveler weight (travel hubs),Strategies (total),70%,T7-R,fig_3f,T7-R^0,17,1.0872
2021-11-21,ZA,358,Omicron BA.2,Community,1.0223778139238224,2021-11-08,13,Traveler weight (travel hubs),Strategies (total),70%,T11-R,fig_3f,T11-R^0,17,1.0367
2021-11-21,ZA,358,Omicron BA.2,Community,1.0223778139238224,2021-11-08,13,Traveler weight (travel hubs),Strategies (total),90%,T3-R,fig_3f,T3-R^0,17,1.083
2021-11-21,ZA,358,Omicron BA.2,Community,1.0223778139238224,2021-11-08,13,Traveler weight (travel hubs),Strategies (total),90%,T7-R,fig_3f,T7-R^0,17,1.083
2021-11-21,ZA,358,Omicron BA.2,Community,1.0223778139238224,2021-11-08,13,Traveler weight (travel hubs),Strategies (total),90%,T11-R,fig_3f,T11-R^0,17,1.0329
2021-11-21,ZA,358,Omicron BA.2,Community,1.0223778139238224,2021-11-08,13,Traveler weight (travel hubs),Strategies (total),100%,T3-R,fig_3f,T3-R^0,17,1.081
2021-11-21,ZA,358,Omicron BA.2,Community,1.0223778139238224,2021-11-08,13,Traveler weight (travel hubs),Strategies (total),100%,T7-R,fig_3f,T7-R^0,17,1.081
2021-11-21,ZA,358,Omicron BA.2,Community,1.0223778139238224,2021-11-08,13,Traveler weight (travel hubs),Strategies (total),100%,T11-R,fig_3f,T11-R^0,17,1.0298
2021-11-25,US,358,Omicron BA.2,Imported,1,2021-11-08,17,Traveler weight (travel hubs),Strategies (total),100%,T11-M,fig_3f,T11-R^90,17,1
2021-11-25,ZA,359,Omicron BA.2,Community,1.1578852799467374,2021-11-08,17,Traveler weight (travel hubs),Strategies (total),50%,T11-R,fig_3f,T11-R^0,17,1.0547
2021-11-25,ZA,359,Omicron BA.2,Community,1.1578852799467374,2021-11-08,17,Traveler weight (travel hubs),Strategies (total),70%,T3-R,fig_3f,T3-R^0,17,1.0872
2021-11-25,ZA,359,Omicron BA.2,Community,1.1578852799467374,2021-11-08,17,Traveler weight (travel hubs),Strategies (total),70%,T7-R,fig_3f,T7-R^0,17,1.0872
2021-11-25,ZA,359,Omicron BA.2,Community,1.1578852799467374,2021-11-08,17,Traveler weight (travel hubs),Strategies (total),70%,T11-R,fig_3f,T11-R^0,17,1.0367
2021-11-25,ZA,359,Omicron BA.2,Community,1.1578852799467374,2021-11-08,17,Traveler weight (travel hubs),Strategies (total),90%,T3-R,fig_3f,T3-R^0,17,1.083
2021-11-25,ZA,359,Omicron BA.2,Community,1.1578852799467374,2021-11-08,17,Traveler weight (travel hubs),Strategies (total),90%,T7-R,fig_3f,T7-R^0,17,1.083
2021-11-25,ZA,359,Omicron BA.2,Community,1.1578852799467374,2021-11-08,17,Traveler weight (travel hubs),Strategies (total),90%,T11-R,fig_3f,T11-R^0,17,1.0329
2021-11-23,GB,359,Omicron BA.2,Imported,1.0756205064958924,2021-11-08,15,Traveler weight (travel hubs),Strategies (total),100%,T3-R,fig_3f,T3-R^0,17,1.081
2021-11-23,GB,359,Omicron BA.2,Imported,1.0756205064958924,2021-11-08,15,Traveler weight (travel hubs),Strategies (total),100%,T7-R,fig_3f,T7-R^0,17,1.081
2021-11-23,GB,359,Omicron BA.2,Imported,1.0756205064958924,2021-11-08,15,Traveler weight (travel hubs),Strategies (total),100%,T11-R,fig_3f,T11-R^0,17,1.0298
2021-11-23,GB,359,Omicron BA.2,Imported,1.1761350131878927,2021-11-08,15,Traveler weight (travel hubs),Strategies (total),100%,T11-M,fig_3f,T11-R^90,17,1
2021-11-25,ZA,36,Omicron BA.2,Community,1.5564139271274824,2021-11-08,17,Traveler weight (travel hubs),Strategies (total),50%,T11-R,fig_3f,T11-R^0,17,1.0547
2021-11-25,ZA,36,Omicron BA.2,Community,1.5564139271274824,2021-11-08,17,Traveler weight (travel hubs),Strategies (total),70%,T3-R,fig_3f,T3-R^0,17,1.0872
2021-11-25,ZA,36,Omicron BA.2,Community,1.5564139271274824,2021-11-08,17,Traveler weight (travel hubs),Strategies (total),70%,T7-R,fig_3f,T7-R^0,17,1.0872
2021-11-25,ZA,36,Omicron BA.2,Community,1.5564139271274824,2021-11-08,17,Traveler weight (travel hubs),Strategies (total),70%,T11-R,fig_3f,T11-R^0,17,1.0367
2021-11-25,ZA,36,Omicron BA.2,Community,1.5564139271274824,2021-11-08,17,Traveler weight (travel hubs),Strategies (total),90%,T3-R,fig_3f,T3-R^0,17,1.083
2021-11-25,ZA,36,Omicron BA.2,Community,1.5564139271274824,2021-11-08,17,Traveler weight (travel hubs),Strategies (total),90%,T7-R,fig_3f,T7-R^0,17,1.083
2021-11-25,ZA,36,Omicron BA.2,Community,1.5564139271274824,2021-11-08,17,Traveler weight (travel hubs),Strategies (total),90%,T11-R,fig_3f,T11-R^0,17,1.0329
2021-11-25,ZA,36,Omicron BA.2,Community,1.5564139271274824,2021-11-08,17,Traveler weight (travel hubs),Strategies (total),100%,T3-R,fig_3f,T3-R^0,17,1.081
2021-11-25,ZA,36,Omicron BA.2,Community,1.5564139271274824,2021-11-08,17,Traveler weight (travel hubs),Strategies (total),100%,T7-R,fig_3f,T7-R^0,17,1.081
2021-11-25,ZA,36,Omicron BA.2,Community,1.5564139271274824,2021-11-08,17,Traveler weight (travel hubs),Strategies (total),100%,T11-R,fig_3f,T11-R^0,17,1.0298
2021-11-22,TR,36,Omicron BA.2,Imported,1.3763813523763766,2021-11-08,14,Traveler weight (travel hubs),Strategies (total),100%,T11-M,fig_3f,T11-R^90,17,1
2021-11-28,ZA,360,Omicron BA.2,Community,1.2729688444313283,2021-11-08,20,Traveler weight (travel hubs),Strategies (total),50%,T11-R,fig_3f,T11-R^0,17,1.0547
2021-11-28,ZA,360,Omicron BA.2,Community,1.2729688444313283,2021-11-08,20,Traveler weight (travel hubs),Strategies (total),70%,T3-R,fig_3f,T3-R^0,17,1.0872
2021-11-28,ZA,360,Omicron BA.2,Community,1.2729688444313283,2021-11-08,20,Traveler weight (travel hubs),Strategies (total),70%,T7-R,fig_3f,T7-R^0,17,1.0872
2021-11-28,ZA,360,Omicron BA.2,Community,1.2729688444313283,2021-11-08,20,Traveler weight (travel hubs),Strategies (total),70%,T11-R,fig_3f,T11-R^0,17,1.0367
2021-11-28,ZA,360,Omicron BA.2,Community,1.2729688444313283,2021-11-08,20,Traveler weight (travel hubs),Strategies (total),90%,T3-R,fig_3f,T3-R^0,17,1.083
2021-11-28,ZA,360,Omicron BA.2,Community,1.2729688444313283,2021-11-08,20,Traveler weight (travel hubs),Strategies (total),90%,T7-R,fig_3f,T7-R^0,17,1.083
2021-11-28,ZA,360,Omicron BA.2,Community,1.2729688444313283,2021-11-08,20,Traveler weight (travel hubs),Strategies (total),90%,T11-R,fig_3f,T11-R^0,17,1.0329
2021-11-28,ZA,360,Omicron BA.2,Community,1.2729688444313283,2021-11-08,20,Traveler weight (travel hubs),Strategies (total),100%,T3-R,fig_3f,T3-R^0,17,1.081
2021-11-28,ZA,360,Omicron BA.2,Community,1.2729688444313283,2021-11-08,20,Traveler weight (travel hubs),Strategies (total),100%,T7-R,fig_3f,T7-R^0,17,1.081
2021-11-28,ZA,360,Omicron BA.2,Community,1.2729688444313283,2021-11-08,20,Traveler weight (travel hubs),Strategies (total),100%,T11-R,fig_3f,T11-R^0,17,1.0298
2021-11-27,AE,360,Omicron BA.2,Imported,1,2021-11-08,19,Traveler weight (travel hubs),Strategies (total),100%,T11-M,fig_3f,T11-R^90,17,1
2021-12-01,GB,361,Omicron BA.2,Community,1.2578323815472845,2021-11-08,23,Traveler weight (travel hubs),Strategies (total),50%,T11-R,fig_3f,T11-R^0,17,1.0547
2021-12-03,ZA,361,Omicron BA.2,Community,1.7224109894776274,2021-11-08,25,Traveler weight (travel hubs),Strategies (total),70%,T3-R,fig_3f,T3-R^0,17,1.0872
2021-12-03,ZA,361,Omicron BA.2,Community,1.7224109894776274,2021-11-08,25,Traveler weight (travel hubs),Strategies (total),70%,T7-R,fig_3f,T7-R^0,17,1.0872
2021-12-03,ZA,361,Omicron BA.2,Community,1.7224109894776274,2021-11-08,25,Traveler weight (travel hubs),Strategies (total),70%,T11-R,fig_3f,T11-R^0,17,1.0367
2021-12-03,ZA,361,Omicron BA.2,Community,1.7224109894776274,2021-11-08,25,Traveler weight (travel hubs),Strategies (total),90%,T3-R,fig_3f,T3-R^0,17,1.083
2021-12-03,ZA,361,Omicron BA.2,Community,1.7224109894776274,2021-11-08,25,Traveler weight (travel hubs),Strategies (total),90%,T7-R,fig_3f,T7-R^0,17,1.083
2021-12-03,ZA,361,Omicron BA.2,Community,1.7224109894776274,2021-11-08,25,Traveler weight (travel hubs),Strategies (total),90%,T11-R,fig_3f,T11-R^0,17,1.0329
2021-12-03,ZA,361,Omicron BA.2,Community,1.7224109894776274,2021-11-08,25,Traveler weight (travel hubs),Strategies (total),100%,T3-R,fig_3f,T3-R^0,17,1.081
2021-12-03,ZA,361,Omicron BA.2,Community,1.7224109894776274,2021-11-08,25,Traveler weight (travel hubs),Strategies (total),100%,T7-R,fig_3f,T7-R^0,17,1.081
2021-12-03,ZA,361,Omicron BA.2,Community,1.7224109894776274,2021-11-08,25,Traveler weight (travel hubs),Strategies (total),100%,T11-R,fig_3f,T11-R^0,17,1.0298
2021-11-20,TR,361,Omicron BA.2,Imported,1,2021-11-08,12,Traveler weight (travel hubs),Strategies (total),100%,T11-M,fig_3f,T11-R^90,17,1
2021-12-01,ZA,362,Omicron BA.2,Community,1.1481432493575765,2021-11-08,23,Traveler weight (travel hubs),Strategies (total),50%,T11-R,fig_3f,T11-R^0,17,1.0547
2021-11-29,US,362,Omicron BA.2,Imported,1,2021-11-08,21,Traveler weight (travel hubs),Strategies (total),70%,T3-R,fig_3f,T3-R^0,17,1.0872
2021-11-29,US,362,Omicron BA.2,Imported,1,2021-11-08,21,Traveler weight (travel hubs),Strategies (total),70%,T7-R,fig_3f,T7-R^0,17,1.0872
2021-11-29,US,362,Omicron BA.2,Imported,1,2021-11-08,21,Traveler weight (travel hubs),Strategies (total),70%,T11-R,fig_3f,T11-R^0,17,1.0367
2021-11-29,US,362,Omicron BA.2,Imported,1,2021-11-08,21,Traveler weight (travel hubs),Strategies (total),90%,T3-R,fig_3f,T3-R^0,17,1.083
2021-11-29,US,362,Omicron BA.2,Imported,1,2021-11-08,21,Traveler weight (travel hubs),Strategies (total),90%,T7-R,fig_3f,T7-R^0,17,1.083
2021-11-29,US,362,Omicron BA.2,Imported,1,2021-11-08,21,Traveler weight (travel hubs),Strategies (total),90%,T11-R,fig_3f,T11-R^0,17,1.0329
2021-11-29,US,362,Omicron BA.2,Imported,1,2021-11-08,21,Traveler weight (travel hubs),Strategies (total),100%,T3-R,fig_3f,T3-R^0,17,1.081
2021-11-29,US,362,Omicron BA.2,Imported,1,2021-11-08,21,Traveler weight (travel hubs),Strategies (total),100%,T7-R,fig_3f,T7-R^0,17,1.081
2021-11-29,US,362,Omicron BA.2,Imported,1,2021-11-08,21,Traveler weight (travel hubs),Strategies (total),100%,T11-R,fig_3f,T11-R^0,17,1.0298
2021-11-29,US,362,Omicron BA.2,Imported,1,2021-11-08,21,Traveler weight (travel hubs),Strategies (total),100%,T11-M,fig_3f,T11-R^90,17,1
2021-11-29,ZA,363,Omicron BA.2,Community,1.1572616940123448,2021-11-08,21,Traveler weight (travel hubs),Strategies (total),50%,T11-R,fig_3f,T11-R^0,17,1.0547
2021-11-27,US,363,Omicron BA.2,Imported,1,2021-11-08,19,Traveler weight (travel hubs),Strategies (total),70%,T3-R,fig_3f,T3-R^0,17,1.0872
2021-11-27,US,363,Omicron BA.2,Imported,1,2021-11-08,19,Traveler weight (travel hubs),Strategies (total),70%,T7-R,fig_3f,T7-R^0,17,1.0872
2021-11-27,US,363,Omicron BA.2,Imported,1,2021-11-08,19,Traveler weight (travel hubs),Strategies (total),70%,T11-R,fig_3f,T11-R^0,17,1.0367
2021-11-27,US,363,Omicron BA.2,Imported,1,2021-11-08,19,Traveler weight (travel hubs),Strategies (total),90%,T3-R,fig_3f,T3-R^0,17,1.083
2021-11-27,US,363,Omicron BA.2,Imported,1,2021-11-08,19,Traveler weight (travel hubs),Strategies (total),90%,T7-R,fig_3f,T7-R^0,17,1.083
2021-11-27,US,363,Omicron BA.2,Imported,1,2021-11-08,19,Traveler weight (travel hubs),Strategies (total),90%,T11-R,fig_3f,T11-R^0,17,1.0329
2021-11-27,US,363,Omicron BA.2,Imported,1,2021-11-08,19,Traveler weight (travel hubs),Strategies (total),100%,T3-R,fig_3f,T3-R^0,17,1.081
2021-11-27,US,363,Omicron BA.2,Imported,1,2021-11-08,19,Traveler weight (travel hubs),Strategies (total),100%,T7-R,fig_3f,T7-R^0,17,1.081
2021-11-27,US,363,Omicron BA.2,Imported,1,2021-11-08,19,Traveler weight (travel hubs),Strategies (total),100%,T11-R,fig_3f,T11-R^0,17,1.0298
2021-11-27,US,363,Omicron BA.2,Imported,1,2021-11-08,19,Traveler weight (travel hubs),Strategies (total),100%,T11-M,fig_3f,T11-R^90,17,1
2021-11-20,US,364,Omicron BA.2,Imported,1,2021-11-08,12,Traveler weight (travel hubs),Strategies (total),50%,T11-R,fig_3f,T11-R^0,17,1.0547
2021-11-20,US,364,Omicron BA.2,Imported,1,2021-11-08,12,Traveler weight (travel hubs),Strategies (total),70%,T3-R,fig_3f,T3-R^0,17,1.0872
2021-11-20,US,364,Omicron BA.2,Imported,1,2021-11-08,12,Traveler weight (travel hubs),Strategies (total),70%,T7-R,fig_3f,T7-R^0,17,1.0872
2021-11-20,US,364,Omicron BA.2,Imported,1,2021-11-08,12,Traveler weight (travel hubs),Strategies (total),70%,T11-R,fig_3f,T11-R^0,17,1.0367
2021-11-20,US,364,Omicron BA.2,Imported,1,2021-11-08,12,Traveler weight (travel hubs),Strategies (total),90%,T3-R,fig_3f,T3-R^0,17,1.083
2021-11-20,US,364,Omicron BA.2,Imported,1,2021-11-08,12,Traveler weight (travel hubs),Strategies (total),90%,T7-R,fig_3f,T7-R^0,17,1.083
2021-11-20,US,364,Omicron BA.2,Imported,1,2021-11-08,12,Traveler weight (travel hubs),Strategies (total),90%,T11-R,fig_3f,T11-R^0,17,1.0329
2021-11-20,US,364,Omicron BA.2,Imported,1,2021-11-08,12,Traveler weight (travel hubs),Strategies (total),100%,T3-R,fig_3f,T3-R^0,17,1.081
2021-11-20,US,364,Omicron BA.2,Imported,1,2021-11-08,12,Traveler weight (travel hubs),Strategies (total),100%,T7-R,fig_3f,T7-R^0,17,1.081
2021-11-20,US,364,Omicron BA.2,Imported,1,2021-11-08,12,Traveler weight (travel hubs),Strategies (total),100%,T11-R,fig_3f,T11-R^0,17,1.0298
2021-11-20,US,364,Omicron BA.2,Imported,1,2021-11-08,12,Traveler weight (travel hubs),Strategies (total),100%,T11-M,fig_3f,T11-R^90,17,1
2021-11-28,ZA,365,Omicron BA.2,Community,1.0900315031823067,2021-11-08,20,Traveler weight (travel hubs),Strategies (total),50%,T11-R,fig_3f,T11-R^0,17,1.0547
2021-11-28,ZA,365,Omicron BA.2,Community,1.0900315031823067,2021-11-08,20,Traveler weight (travel hubs),Strategies (total),70%,T3-R,fig_3f,T3-R^0,17,1.0872
2021-11-28,ZA,365,Omicron BA.2,Community,1.0900315031823067,2021-11-08,20,Traveler weight (travel hubs),Strategies (total),70%,T7-R,fig_3f,T7-R^0,17,1.0872
2021-11-28,ZA,365,Omicron BA.2,Community,1.0900315031823067,2021-11-08,20,Traveler weight (travel hubs),Strategies (total),70%,T11-R,fig_3f,T11-R^0,17,1.0367
2021-11-28,ZA,365,Omicron BA.2,Community,1.0900315031823067,2021-11-08,20,Traveler weight (travel hubs),Strategies (total),90%,T3-R,fig_3f,T3-R^0,17,1.083
2021-11-28,ZA,365,Omicron BA.2,Community,1.0900315031823067,2021-11-08,20,Traveler weight (travel hubs),Strategies (total),90%,T7-R,fig_3f,T7-R^0,17,1.083
2021-11-28,ZA,365,Omicron BA.2,Community,1.0900315031823067,2021-11-08,20,Traveler weight (travel hubs),Strategies (total),90%,T11-R,fig_3f,T11-R^0,17,1.0329
2021-11-28,ZA,365,Omicron BA.2,Community,1.0900315031823067,2021-11-08,20,Traveler weight (travel hubs),Strategies (total),100%,T3-R,fig_3f,T3-R^0,17,1.081
2021-11-28,ZA,365,Omicron BA.2,Community,1.0900315031823067,2021-11-08,20,Traveler weight (travel hubs),Strategies (total),100%,T7-R,fig_3f,T7-R^0,17,1.081
2021-11-28,ZA,365,Omicron BA.2,Community,1.0900315031823067,2021-11-08,20,Traveler weight (travel hubs),Strategies (total),100%,T11-R,fig_3f,T11-R^0,17,1.0298
2021-11-29,TR,365,Omicron BA.2,Imported,1,2021-11-08,21,Traveler weight (travel hubs),Strategies (total),100%,T11-M,fig_3f,T11-R^90,17,1
2021-11-28,US,366,Omicron BA.2,Imported,1,2021-11-08,20,Traveler weight (travel hubs),Strategies (total),50%,T11-R,fig_3f,T11-R^0,17,1.0547
2021-11-28,US,366,Omicron BA.2,Imported,1,2021-11-08,20,Traveler weight (travel hubs),Strategies (total),70%,T3-R,fig_3f,T3-R^0,17,1.0872
2021-11-28,US,366,Omicron BA.2,Imported,1,2021-11-08,20,Traveler weight (travel hubs),Strategies (total),70%,T7-R,fig_3f,T7-R^0,17,1.0872
2021-11-28,US,366,Omicron BA.2,Imported,1,2021-11-08,20,Traveler weight (travel hubs),Strategies (total),70%,T11-R,fig_3f,T11-R^0,17,1.0367
2021-11-28,US,366,Omicron BA.2,Imported,1,2021-11-08,20,Traveler weight (travel hubs),Strategies (total),90%,T3-R,fig_3f,T3-R^0,17,1.083
2021-11-28,US,366,Omicron BA.2,Imported,1,2021-11-08,20,Traveler weight (travel hubs),Strategies (total),90%,T7-R,fig_3f,T7-R^0,17,1.083
2021-11-28,US,366,Omicron BA.2,Imported,1,2021-11-08,20,Traveler weight (travel hubs),Strategies (total),90%,T11-R,fig_3f,T11-R^0,17,1.0329
2021-11-28,US,366,Omicron BA.2,Imported,1,2021-11-08,20,Traveler weight (travel hubs),Strategies (total),100%,T3-R,fig_3f,T3-R^0,17,1.081
2021-11-28,US,366,Omicron BA.2,Imported,1,2021-11-08,20,Traveler weight (travel hubs),Strategies (total),100%,T7-R,fig_3f,T7-R^0,17,1.081
2021-11-28,US,366,Omicron BA.2,Imported,1,2021-11-08,20,Traveler weight (travel hubs),Strategies (total),100%,T11-R,fig_3f,T11-R^0,17,1.0298
2021-11-28,US,366,Omicron BA.2,Imported,1,2021-11-08,20,Traveler weight (travel hubs),Strategies (total),100%,T11-M,fig_3f,T11-R^90,17,1
2021-11-18,US,367,Omicron BA.2,Imported,1,2021-11-08,10,Traveler weight (travel hubs),Strategies (total),50%,T11-R,fig_3f,T11-R^0,17,1.0547
2021-11-18,US,367,Omicron BA.2,Imported,1,2021-11-08,10,Traveler weight (travel hubs),Strategies (total),70%,T3-R,fig_3f,T3-R^0,17,1.0872
2021-11-18,US,367,Omicron BA.2,Imported,1,2021-11-08,10,Traveler weight (travel hubs),Strategies (total),70%,T7-R,fig_3f,T7-R^0,17,1.0872
2021-11-18,US,367,Omicron BA.2,Imported,1,2021-11-08,10,Traveler weight (travel hubs),Strategies (total),70%,T11-R,fig_3f,T11-R^0,17,1.0367
2021-11-18,US,367,Omicron BA.2,Imported,1,2021-11-08,10,Traveler weight (travel hubs),Strategies (total),90%,T3-R,fig_3f,T3-R^0,17,1.083
2021-11-18,US,367,Omicron BA.2,Imported,1,2021-11-08,10,Traveler weight (travel hubs),Strategies (total),90%,T7-R,fig_3f,T7-R^0,17,1.083
2021-11-18,US,367,Omicron BA.2,Imported,1,2021-11-08,10,Traveler weight (travel hubs),Strategies (total),90%,T11-R,fig_3f,T11-R^0,17,1.0329
2021-11-18,US,367,Omicron BA.2,Imported,1,2021-11-08,10,Traveler weight (travel hubs),Strategies (total),100%,T3-R,fig_3f,T3-R^0,17,1.081
2021-11-18,US,367,Omicron BA.2,Imported,1,2021-11-08,10,Traveler weight (travel hubs),Strategies (total),100%,T7-R,fig_3f,T7-R^0,17,1.081
2021-11-18,US,367,Omicron BA.2,Imported,1,2021-11-08,10,Traveler weight (travel hubs),Strategies (total),100%,T11-R,fig_3f,T11-R^0,17,1.0298
2021-11-18,US,367,Omicron BA.2,Imported,1,2021-11-08,10,Traveler weight (travel hubs),Strategies (total),100%,T11-M,fig_3f,T11-R^90,17,1
2021-11-25,IN,368,Omicron BA.2,Imported,1,2021-11-08,17,Traveler weight (travel hubs),Strategies (total),50%,T11-R,fig_3f,T11-R^0,17,1.0547
2021-11-27,US,368,Omicron BA.2,Imported,1,2021-11-08,19,Traveler weight (travel hubs),Strategies (total),70%,T3-R,fig_3f,T3-R^0,17,1.0872
2021-11-27,US,368,Omicron BA.2,Imported,1,2021-11-08,19,Traveler weight (travel hubs),Strategies (total),70%,T7-R,fig_3f,T7-R^0,17,1.0872
2021-11-25,IN,368,Omicron BA.2,Imported,1,2021-11-08,17,Traveler weight (travel hubs),Strategies (total),70%,T11-R,fig_3f,T11-R^0,17,1.0367
2021-11-27,US,368,Omicron BA.2,Imported,1,2021-11-08,19,Traveler weight (travel hubs),Strategies (total),90%,T3-R,fig_3f,T3-R^0,17,1.083
2021-11-27,US,368,Omicron BA.2,Imported,1,2021-11-08,19,Traveler weight (travel hubs),Strategies (total),90%,T7-R,fig_3f,T7-R^0,17,1.083
2021-11-25,IN,368,Omicron BA.2,Imported,1,2021-11-08,17,Traveler weight (travel hubs),Strategies (total),90%,T11-R,fig_3f,T11-R^0,17,1.0329
2021-11-27,US,368,Omicron BA.2,Imported,1,2021-11-08,19,Traveler weight (travel hubs),Strategies (total),100%,T3-R,fig_3f,T3-R^0,17,1.081
2021-11-27,US,368,Omicron BA.2,Imported,1,2021-11-08,19,Traveler weight (travel hubs),Strategies (total),100%,T7-R,fig_3f,T7-R^0,17,1.081
2021-11-25,IN,368,Omicron BA.2,Imported,1,2021-11-08,17,Traveler weight (travel hubs),Strategies (total),100%,T11-R,fig_3f,T11-R^0,17,1.0298
2021-11-25,IN,368,Omicron BA.2,Imported,1,2021-11-08,17,Traveler weight (travel hubs),Strategies (total),100%,T11-M,fig_3f,T11-R^90,17,1
2021-12-01,ZA,369,Omicron BA.2,Community,1.1370297132322862,2021-11-08,23,Traveler weight (travel hubs),Strategies (total),50%,T11-R,fig_3f,T11-R^0,17,1.0547
2021-12-01,ZA,369,Omicron BA.2,Community,1.1370297132322862,2021-11-08,23,Traveler weight (travel hubs),Strategies (total),70%,T3-R,fig_3f,T3-R^0,17,1.0872
2021-12-01,ZA,369,Omicron BA.2,Community,1.1370297132322862,2021-11-08,23,Traveler weight (travel hubs),Strategies (total),70%,T7-R,fig_3f,T7-R^0,17,1.0872
2021-12-01,ZA,369,Omicron BA.2,Community,1.1370297132322862,2021-11-08,23,Traveler weight (travel hubs),Strategies (total),70%,T11-R,fig_3f,T11-R^0,17,1.0367
2021-12-01,ZA,369,Omicron BA.2,Community,1.1370297132322862,2021-11-08,23,Traveler weight (travel hubs),Strategies (total),90%,T3-R,fig_3f,T3-R^0,17,1.083
2021-12-01,ZA,369,Omicron BA.2,Community,1.1370297132322862,2021-11-08,23,Traveler weight (travel hubs),Strategies (total),90%,T7-R,fig_3f,T7-R^0,17,1.083
2021-12-01,ZA,369,Omicron BA.2,Community,1.1370297132322862,2021-11-08,23,Traveler weight (travel hubs),Strategies (total),90%,T11-R,fig_3f,T11-R^0,17,1.0329
2021-12-01,ZA,369,Omicron BA.2,Community,1.1370297132322862,2021-11-08,23,Traveler weight (travel hubs),Strategies (total),100%,T3-R,fig_3f,T3-R^0,17,1.081
2021-12-01,ZA,369,Omicron BA.2,Community,1.1370297132322862,2021-11-08,23,Traveler weight (travel hubs),Strategies (total),100%,T7-R,fig_3f,T7-R^0,17,1.081
2021-12-01,ZA,369,Omicron BA.2,Community,1.1370297132322862,2021-11-08,23,Traveler weight (travel hubs),Strategies (total),100%,T11-R,fig_3f,T11-R^0,17,1.0298
2021-12-04,US,369,Omicron BA.2,Imported,1,2021-11-08,26,Traveler weight (travel hubs),Strategies (total),100%,T11-M,fig_3f,T11-R^90,17,1
2021-11-25,ZA,37,Omicron BA.2,Community,1.2883533175154056,2021-11-08,17,Traveler weight (travel hubs),Strategies (total),50%,T11-R,fig_3f,T11-R^0,17,1.0547
2021-11-25,ZA,37,Omicron BA.2,Community,1.2883533175154056,2021-11-08,17,Traveler weight (travel hubs),Strategies (total),70%,T3-R,fig_3f,T3-R^0,17,1.0872
2021-11-25,ZA,37,Omicron BA.2,Community,1.2883533175154056,2021-11-08,17,Traveler weight (travel hubs),Strategies (total),70%,T7-R,fig_3f,T7-R^0,17,1.0872
2021-11-25,ZA,37,Omicron BA.2,Community,1.2883533175154056,2021-11-08,17,Traveler weight (travel hubs),Strategies (total),70%,T11-R,fig_3f,T11-R^0,17,1.0367
2021-11-25,ZA,37,Omicron BA.2,Community,1.2883533175154056,2021-11-08,17,Traveler weight (travel hubs),Strategies (total),90%,T3-R,fig_3f,T3-R^0,17,1.083
2021-11-25,ZA,37,Omicron BA.2,Community,1.2883533175154056,2021-11-08,17,Traveler weight (travel hubs),Strategies (total),90%,T7-R,fig_3f,T7-R^0,17,1.083
2021-11-25,ZA,37,Omicron BA.2,Community,1.2883533175154056,2021-11-08,17,Traveler weight (travel hubs),Strategies (total),90%,T11-R,fig_3f,T11-R^0,17,1.0329
2021-11-25,ZA,37,Omicron BA.2,Community,1.2883533175154056,2021-11-08,17,Traveler weight (travel hubs),Strategies (total),100%,T3-R,fig_3f,T3-R^0,17,1.081
2021-11-25,ZA,37,Omicron BA.2,Community,1.2883533175154056,2021-11-08,17,Traveler weight (travel hubs),Strategies (total),100%,T7-R,fig_3f,T7-R^0,17,1.081
2021-11-25,ZA,37,Omicron BA.2,Community,1.2883533175154056,2021-11-08,17,Traveler weight (travel hubs),Strategies (total),100%,T11-R,fig_3f,T11-R^0,17,1.0298
2021-11-20,TR,37,Omicron BA.2,Imported,1,2021-11-08,12,Traveler weight (travel hubs),Strategies (total),100%,T11-M,fig_3f,T11-R^90,17,1
2021-11-29,ZA,370,Omicron BA.2,Community,1.455740186646907,2021-11-08,21,Traveler weight (travel hubs),Strategies (total),50%,T11-R,fig_3f,T11-R^0,17,1.0547
2021-11-29,ZA,370,Omicron BA.2,Community,1.455740186646907,2021-11-08,21,Traveler weight (travel hubs),Strategies (total),70%,T3-R,fig_3f,T3-R^0,17,1.0872
2021-11-29,ZA,370,Omicron BA.2,Community,1.455740186646907,2021-11-08,21,Traveler weight (travel hubs),Strategies (total),70%,T7-R,fig_3f,T7-R^0,17,1.0872
2021-11-29,ZA,370,Omicron BA.2,Community,1.455740186646907,2021-11-08,21,Traveler weight (travel hubs),Strategies (total),70%,T11-R,fig_3f,T11-R^0,17,1.0367
2021-11-29,ZA,370,Omicron BA.2,Community,1.455740186646907,2021-11-08,21,Traveler weight (travel hubs),Strategies (total),90%,T3-R,fig_3f,T3-R^0,17,1.083
2021-11-29,ZA,370,Omicron BA.2,Community,1.455740186646907,2021-11-08,21,Traveler weight (travel hubs),Strategies (total),90%,T7-R,fig_3f,T7-R^0,17,1.083
2021-11-29,ZA,370,Omicron BA.2,Community,1.455740186646907,2021-11-08,21,Traveler weight (travel hubs),Strategies (total),90%,T11-R,fig_3f,T11-R^0,17,1.0329
2021-11-29,ZA,370,Omicron BA.2,Community,1.455740186646907,2021-11-08,21,Traveler weight (travel hubs),Strategies (total),100%,T3-R,fig_3f,T3-R^0,17,1.081
2021-11-29,ZA,370,Omicron BA.2,Community,1.455740186646907,2021-11-08,21,Traveler weight (travel hubs),Strategies (total),100%,T7-R,fig_3f,T7-R^0,17,1.081
2021-11-29,ZA,370,Omicron BA.2,Community,1.455740186646907,2021-11-08,21,Traveler weight (travel hubs),Strategies (total),100%,T11-R,fig_3f,T11-R^0,17,1.0298
2021-11-29,US,370,Omicron BA.2,Imported,1,2021-11-08,21,Traveler weight (travel hubs),Strategies (total),100%,T11-M,fig_3f,T11-R^90,17,1
2021-11-27,ZA,371,Omicron BA.2,Community,1.3445370295757966,2021-11-08,19,Traveler weight (travel hubs),Strategies (total),50%,T11-R,fig_3f,T11-R^0,17,1.0547
2021-11-27,ZA,371,Omicron BA.2,Community,1.3445370295757966,2021-11-08,19,Traveler weight (travel hubs),Strategies (total),70%,T3-R,fig_3f,T3-R^0,17,1.0872
2021-11-27,ZA,371,Omicron BA.2,Community,1.3445370295757966,2021-11-08,19,Traveler weight (travel hubs),Strategies (total),70%,T7-R,fig_3f,T7-R^0,17,1.0872
2021-11-27,ZA,371,Omicron BA.2,Community,1.3445370295757966,2021-11-08,19,Traveler weight (travel hubs),Strategies (total),70%,T11-R,fig_3f,T11-R^0,17,1.0367
2021-11-27,ZA,371,Omicron BA.2,Community,1.3445370295757966,2021-11-08,19,Traveler weight (travel hubs),Strategies (total),90%,T3-R,fig_3f,T3-R^0,17,1.083
2021-11-27,ZA,371,Omicron BA.2,Community,1.3445370295757966,2021-11-08,19,Traveler weight (travel hubs),Strategies (total),90%,T7-R,fig_3f,T7-R^0,17,1.083
2021-11-27,ZA,371,Omicron BA.2,Community,1.3445370295757966,2021-11-08,19,Traveler weight (travel hubs),Strategies (total),90%,T11-R,fig_3f,T11-R^0,17,1.0329
2021-11-27,ZA,371,Omicron BA.2,Community,1.3445370295757966,2021-11-08,19,Traveler weight (travel hubs),Strategies (total),100%,T3-R,fig_3f,T3-R^0,17,1.081
2021-11-27,ZA,371,Omicron BA.2,Community,1.3445370295757966,2021-11-08,19,Traveler weight (travel hubs),Strategies (total),100%,T7-R,fig_3f,T7-R^0,17,1.081
2021-11-27,ZA,371,Omicron BA.2,Community,1.3445370295757966,2021-11-08,19,Traveler weight (travel hubs),Strategies (total),100%,T11-R,fig_3f,T11-R^0,17,1.0298
2021-12-01,US,371,Omicron BA.2,Imported,1,2021-11-08,23,Traveler weight (travel hubs),Strategies (total),100%,T11-M,fig_3f,T11-R^90,17,1
2021-11-28,ZA,372,Omicron BA.2,Community,1.0473413483724332,2021-11-08,20,Traveler weight (travel hubs),Strategies (total),50%,T11-R,fig_3f,T11-R^0,17,1.0547
2021-11-28,ZA,372,Omicron BA.2,Community,1.0473413483724332,2021-11-08,20,Traveler weight (travel hubs),Strategies (total),70%,T3-R,fig_3f,T3-R^0,17,1.0872
2021-11-28,ZA,372,Omicron BA.2,Community,1.0473413483724332,2021-11-08,20,Traveler weight (travel hubs),Strategies (total),70%,T7-R,fig_3f,T7-R^0,17,1.0872
2021-11-28,ZA,372,Omicron BA.2,Community,1.0473413483724332,2021-11-08,20,Traveler weight (travel hubs),Strategies (total),70%,T11-R,fig_3f,T11-R^0,17,1.0367
2021-11-28,ZA,372,Omicron BA.2,Community,1.0473413483724332,2021-11-08,20,Traveler weight (travel hubs),Strategies (total),90%,T3-R,fig_3f,T3-R^0,17,1.083
2021-11-28,ZA,372,Omicron BA.2,Community,1.0473413483724332,2021-11-08,20,Traveler weight (travel hubs),Strategies (total),90%,T7-R,fig_3f,T7-R^0,17,1.083
2021-11-28,ZA,372,Omicron BA.2,Community,1.0473413483724332,2021-11-08,20,Traveler weight (travel hubs),Strategies (total),90%,T11-R,fig_3f,T11-R^0,17,1.0329
2021-11-28,ZA,372,Omicron BA.2,Community,1.0473413483724332,2021-11-08,20,Traveler weight (travel hubs),Strategies (total),100%,T3-R,fig_3f,T3-R^0,17,1.081
2021-11-28,ZA,372,Omicron BA.2,Community,1.0473413483724332,2021-11-08,20,Traveler weight (travel hubs),Strategies (total),100%,T7-R,fig_3f,T7-R^0,17,1.081
2021-11-28,ZA,372,Omicron BA.2,Community,1.0473413483724332,2021-11-08,20,Traveler weight (travel hubs),Strategies (total),100%,T11-R,fig_3f,T11-R^0,17,1.0298
2021-12-01,US,372,Omicron BA.2,Imported,1,2021-11-08,23,Traveler weight (travel hubs),Strategies (total),100%,T11-M,fig_3f,T11-R^90,17,1
2021-11-14,US,373,Omicron BA.2,Imported,1,2021-11-08,6,Traveler weight (travel hubs),Strategies (total),50%,T11-R,fig_3f,T11-R^0,17,1.0547
2021-11-14,US,373,Omicron BA.2,Imported,1,2021-11-08,6,Traveler weight (travel hubs),Strategies (total),70%,T3-R,fig_3f,T3-R^0,17,1.0872
2021-11-14,US,373,Omicron BA.2,Imported,1,2021-11-08,6,Traveler weight (travel hubs),Strategies (total),70%,T7-R,fig_3f,T7-R^0,17,1.0872
2021-11-14,US,373,Omicron BA.2,Imported,1,2021-11-08,6,Traveler weight (travel hubs),Strategies (total),70%,T11-R,fig_3f,T11-R^0,17,1.0367
2021-11-14,US,373,Omicron BA.2,Imported,1,2021-11-08,6,Traveler weight (travel hubs),Strategies (total),90%,T3-R,fig_3f,T3-R^0,17,1.083
2021-11-14,US,373,Omicron BA.2,Imported,1,2021-11-08,6,Traveler weight (travel hubs),Strategies (total),90%,T7-R,fig_3f,T7-R^0,17,1.083
2021-11-14,US,373,Omicron BA.2,Imported,1,2021-11-08,6,Traveler weight (travel hubs),Strategies (total),90%,T11-R,fig_3f,T11-R^0,17,1.0329
2021-11-14,US,373,Omicron BA.2,Imported,1,2021-11-08,6,Traveler weight (travel hubs),Strategies (total),100%,T3-R,fig_3f,T3-R^0,17,1.081
2021-11-14,US,373,Omicron BA.2,Imported,1,2021-11-08,6,Traveler weight (travel hubs),Strategies (total),100%,T7-R,fig_3f,T7-R^0,17,1.081
2021-11-14,US,373,Omicron BA.2,Imported,1,2021-11-08,6,Traveler weight (travel hubs),Strategies (total),100%,T11-R,fig_3f,T11-R^0,17,1.0298
2021-11-14,US,373,Omicron BA.2,Imported,1,2021-11-08,6,Traveler weight (travel hubs),Strategies (total),100%,T11-M,fig_3f,T11-R^90,17,1
2021-11-29,ZA,374,Omicron BA.2,Community,1.3537586209428867,2021-11-08,21,Traveler weight (travel hubs),Strategies (total),50%,T11-R,fig_3f,T11-R^0,17,1.0547
2021-11-29,ZA,374,Omicron BA.2,Community,1.3537586209428867,2021-11-08,21,Traveler weight (travel hubs),Strategies (total),70%,T3-R,fig_3f,T3-R^0,17,1.0872
2021-11-29,ZA,374,Omicron BA.2,Community,1.3537586209428867,2021-11-08,21,Traveler weight (travel hubs),Strategies (total),70%,T7-R,fig_3f,T7-R^0,17,1.0872
2021-11-29,ZA,374,Omicron BA.2,Community,1.3537586209428867,2021-11-08,21,Traveler weight (travel hubs),Strategies (total),70%,T11-R,fig_3f,T11-R^0,17,1.0367
2021-11-29,ZA,374,Omicron BA.2,Community,1.3537586209428867,2021-11-08,21,Traveler weight (travel hubs),Strategies (total),90%,T3-R,fig_3f,T3-R^0,17,1.083
2021-11-29,ZA,374,Omicron BA.2,Community,1.3537586209428867,2021-11-08,21,Traveler weight (travel hubs),Strategies (total),90%,T7-R,fig_3f,T7-R^0,17,1.083
2021-11-29,ZA,374,Omicron BA.2,Community,1.3537586209428867,2021-11-08,21,Traveler weight (travel hubs),Strategies (total),90%,T11-R,fig_3f,T11-R^0,17,1.0329
2021-11-29,ZA,374,Omicron BA.2,Community,1.3537586209428867,2021-11-08,21,Traveler weight (travel hubs),Strategies (total),100%,T3-R,fig_3f,T3-R^0,17,1.081
2021-11-29,ZA,374,Omicron BA.2,Community,1.3537586209428867,2021-11-08,21,Traveler weight (travel hubs),Strategies (total),100%,T7-R,fig_3f,T7-R^0,17,1.081
2021-11-29,ZA,374,Omicron BA.2,Community,1.3537586209428867,2021-11-08,21,Traveler weight (travel hubs),Strategies (total),100%,T11-R,fig_3f,T11-R^0,17,1.0298
2021-12-03,GB,374,Omicron BA.2,Imported,2,2021-11-08,25,Traveler weight (travel hubs),Strategies (total),100%,T11-M,fig_3f,T11-R^90,17,1
2021-12-01,ZA,375,Omicron BA.2,Community,1.5244705760829236,2021-11-08,23,Traveler weight (travel hubs),Strategies (total),50%,T11-R,fig_3f,T11-R^0,17,1.0547
2021-11-22,US,375,Omicron BA.2,Imported,1,2021-11-08,14,Traveler weight (travel hubs),Strategies (total),70%,T3-R,fig_3f,T3-R^0,17,1.0872
2021-11-22,US,375,Omicron BA.2,Imported,1,2021-11-08,14,Traveler weight (travel hubs),Strategies (total),70%,T7-R,fig_3f,T7-R^0,17,1.0872
2021-11-22,US,375,Omicron BA.2,Imported,1,2021-11-08,14,Traveler weight (travel hubs),Strategies (total),70%,T11-R,fig_3f,T11-R^0,17,1.0367
2021-11-22,US,375,Omicron BA.2,Imported,1,2021-11-08,14,Traveler weight (travel hubs),Strategies (total),90%,T3-R,fig_3f,T3-R^0,17,1.083
2021-11-22,US,375,Omicron BA.2,Imported,1,2021-11-08,14,Traveler weight (travel hubs),Strategies (total),90%,T7-R,fig_3f,T7-R^0,17,1.083
2021-11-22,US,375,Omicron BA.2,Imported,1,2021-11-08,14,Traveler weight (travel hubs),Strategies (total),90%,T11-R,fig_3f,T11-R^0,17,1.0329
2021-11-22,US,375,Omicron BA.2,Imported,1,2021-11-08,14,Traveler weight (travel hubs),Strategies (total),100%,T3-R,fig_3f,T3-R^0,17,1.081
2021-11-22,US,375,Omicron BA.2,Imported,1,2021-11-08,14,Traveler weight (travel hubs),Strategies (total),100%,T7-R,fig_3f,T7-R^0,17,1.081
2021-11-22,US,375,Omicron BA.2,Imported,1,2021-11-08,14,Traveler weight (travel hubs),Strategies (total),100%,T11-R,fig_3f,T11-R^0,17,1.0298
2021-11-22,US,375,Omicron BA.2,Imported,1,2021-11-08,14,Traveler weight (travel hubs),Strategies (total),100%,T11-M,fig_3f,T11-R^90,17,1
2021-11-17,IN,376,Omicron BA.2,Imported,1,2021-11-08,9,Traveler weight (travel hubs),Strategies (total),50%,T11-R,fig_3f,T11-R^0,17,1.0547
2021-11-17,US,376,Omicron BA.2,Imported,1,2021-11-08,9,Traveler weight (travel hubs),Strategies (total),70%,T3-R,fig_3f,T3-R^0,17,1.0872
2021-11-17,US,376,Omicron BA.2,Imported,1,2021-11-08,9,Traveler weight (travel hubs),Strategies (total),70%,T7-R,fig_3f,T7-R^0,17,1.0872
2021-11-17,IN,376,Omicron BA.2,Imported,1,2021-11-08,9,Traveler weight (travel hubs),Strategies (total),70%,T11-R,fig_3f,T11-R^0,17,1.0367
2021-11-17,US,376,Omicron BA.2,Imported,1,2021-11-08,9,Traveler weight (travel hubs),Strategies (total),90%,T3-R,fig_3f,T3-R^0,17,1.083
2021-11-17,US,376,Omicron BA.2,Imported,1,2021-11-08,9,Traveler weight (travel hubs),Strategies (total),90%,T7-R,fig_3f,T7-R^0,17,1.083
2021-11-17,IN,376,Omicron BA.2,Imported,1,2021-11-08,9,Traveler weight (travel hubs),Strategies (total),90%,T11-R,fig_3f,T11-R^0,17,1.0329
2021-11-17,US,376,Omicron BA.2,Imported,1,2021-11-08,9,Traveler weight (travel hubs),Strategies (total),100%,T3-R,fig_3f,T3-R^0,17,1.081
2021-11-17,US,376,Omicron BA.2,Imported,1,2021-11-08,9,Traveler weight (travel hubs),Strategies (total),100%,T7-R,fig_3f,T7-R^0,17,1.081
2021-11-17,IN,376,Omicron BA.2,Imported,1,2021-11-08,9,Traveler weight (travel hubs),Strategies (total),100%,T11-R,fig_3f,T11-R^0,17,1.0298
2021-11-17,IN,376,Omicron BA.2,Imported,1,2021-11-08,9,Traveler weight (travel hubs),Strategies (total),100%,T11-M,fig_3f,T11-R^90,17,1
2021-11-20,US,377,Omicron BA.2,Imported,1,2021-11-08,12,Traveler weight (travel hubs),Strategies (total),50%,T11-R,fig_3f,T11-R^0,17,1.0547
2021-11-20,US,377,Omicron BA.2,Imported,1,2021-11-08,12,Traveler weight (travel hubs),Strategies (total),70%,T3-R,fig_3f,T3-R^0,17,1.0872
2021-11-20,US,377,Omicron BA.2,Imported,1,2021-11-08,12,Traveler weight (travel hubs),Strategies (total),70%,T7-R,fig_3f,T7-R^0,17,1.0872
2021-11-20,US,377,Omicron BA.2,Imported,1,2021-11-08,12,Traveler weight (travel hubs),Strategies (total),70%,T11-R,fig_3f,T11-R^0,17,1.0367
2021-11-20,US,377,Omicron BA.2,Imported,1,2021-11-08,12,Traveler weight (travel hubs),Strategies (total),90%,T3-R,fig_3f,T3-R^0,17,1.083
2021-11-20,US,377,Omicron BA.2,Imported,1,2021-11-08,12,Traveler weight (travel hubs),Strategies (total),90%,T7-R,fig_3f,T7-R^0,17,1.083
2021-11-20,US,377,Omicron BA.2,Imported,1,2021-11-08,12,Traveler weight (travel hubs),Strategies (total),90%,T11-R,fig_3f,T11-R^0,17,1.0329
2021-11-20,US,377,Omicron BA.2,Imported,1,2021-11-08,12,Traveler weight (travel hubs),Strategies (total),100%,T3-R,fig_3f,T3-R^0,17,1.081
2021-11-20,US,377,Omicron BA.2,Imported,1,2021-11-08,12,Traveler weight (travel hubs),Strategies (total),100%,T7-R,fig_3f,T7-R^0,17,1.081
2021-11-20,US,377,Omicron BA.2,Imported,1,2021-11-08,12,Traveler weight (travel hubs),Strategies (total),100%,T11-R,fig_3f,T11-R^0,17,1.0298
2021-11-20,US,377,Omicron BA.2,Imported,1,2021-11-08,12,Traveler weight (travel hubs),Strategies (total),100%,T11-M,fig_3f,T11-R^90,17,1
2021-11-26,ZA,378,Omicron BA.2,Community,1.186741149833569,2021-11-08,18,Traveler weight (travel hubs),Strategies (total),50%,T11-R,fig_3f,T11-R^0,17,1.0547
2021-11-26,ZA,378,Omicron BA.2,Community,1.186741149833569,2021-11-08,18,Traveler weight (travel hubs),Strategies (total),70%,T3-R,fig_3f,T3-R^0,17,1.0872
2021-11-26,ZA,378,Omicron BA.2,Community,1.186741149833569,2021-11-08,18,Traveler weight (travel hubs),Strategies (total),70%,T7-R,fig_3f,T7-R^0,17,1.0872
2021-11-26,ZA,378,Omicron BA.2,Community,1.186741149833569,2021-11-08,18,Traveler weight (travel hubs),Strategies (total),70%,T11-R,fig_3f,T11-R^0,17,1.0367
2021-11-26,ZA,378,Omicron BA.2,Community,1.186741149833569,2021-11-08,18,Traveler weight (travel hubs),Strategies (total),90%,T3-R,fig_3f,T3-R^0,17,1.083
2021-11-26,ZA,378,Omicron BA.2,Community,1.186741149833569,2021-11-08,18,Traveler weight (travel hubs),Strategies (total),90%,T7-R,fig_3f,T7-R^0,17,1.083
2021-11-26,ZA,378,Omicron BA.2,Community,1.186741149833569,2021-11-08,18,Traveler weight (travel hubs),Strategies (total),90%,T11-R,fig_3f,T11-R^0,17,1.0329
2021-11-26,ZA,378,Omicron BA.2,Community,1.186741149833569,2021-11-08,18,Traveler weight (travel hubs),Strategies (total),100%,T3-R,fig_3f,T3-R^0,17,1.081
2021-11-26,ZA,378,Omicron BA.2,Community,1.186741149833569,2021-11-08,18,Traveler weight (travel hubs),Strategies (total),100%,T7-R,fig_3f,T7-R^0,17,1.081
2021-11-26,ZA,378,Omicron BA.2,Community,1.186741149833569,2021-11-08,18,Traveler weight (travel hubs),Strategies (total),100%,T11-R,fig_3f,T11-R^0,17,1.0298
2021-11-20,TR,378,Omicron BA.2,Imported,1,2021-11-08,12,Traveler weight (travel hubs),Strategies (total),100%,T11-M,fig_3f,T11-R^90,17,1
2021-11-25,ZA,379,Omicron BA.2,Community,1.2150299835462113,2021-11-08,17,Traveler weight (travel hubs),Strategies (total),50%,T11-R,fig_3f,T11-R^0,17,1.0547
2021-11-25,ZA,379,Omicron BA.2,Community,1.2150299835462113,2021-11-08,17,Traveler weight (travel hubs),Strategies (total),70%,T3-R,fig_3f,T3-R^0,17,1.0872
2021-11-25,ZA,379,Omicron BA.2,Community,1.2150299835462113,2021-11-08,17,Traveler weight (travel hubs),Strategies (total),70%,T7-R,fig_3f,T7-R^0,17,1.0872
2021-11-25,ZA,379,Omicron BA.2,Community,1.2150299835462113,2021-11-08,17,Traveler weight (travel hubs),Strategies (total),70%,T11-R,fig_3f,T11-R^0,17,1.0367
2021-11-25,ZA,379,Omicron BA.2,Community,1.2150299835462113,2021-11-08,17,Traveler weight (travel hubs),Strategies (total),90%,T3-R,fig_3f,T3-R^0,17,1.083
2021-11-25,ZA,379,Omicron BA.2,Community,1.2150299835462113,2021-11-08,17,Traveler weight (travel hubs),Strategies (total),90%,T7-R,fig_3f,T7-R^0,17,1.083
2021-11-25,ZA,379,Omicron BA.2,Community,1.2150299835462113,2021-11-08,17,Traveler weight (travel hubs),Strategies (total),90%,T11-R,fig_3f,T11-R^0,17,1.0329
2021-11-25,ZA,379,Omicron BA.2,Community,1.2150299835462113,2021-11-08,17,Traveler weight (travel hubs),Strategies (total),100%,T3-R,fig_3f,T3-R^0,17,1.081
2021-11-25,ZA,379,Omicron BA.2,Community,1.2150299835462113,2021-11-08,17,Traveler weight (travel hubs),Strategies (total),100%,T7-R,fig_3f,T7-R^0,17,1.081
2021-11-25,ZA,379,Omicron BA.2,Community,1.2150299835462113,2021-11-08,17,Traveler weight (travel hubs),Strategies (total),100%,T11-R,fig_3f,T11-R^0,17,1.0298
2021-11-16,TR,379,Omicron BA.2,Imported,1,2021-11-08,8,Traveler weight (travel hubs),Strategies (total),100%,T11-M,fig_3f,T11-R^90,17,1
2021-11-25,ZA,38,Omicron BA.2,Community,1.2861269004920497,2021-11-08,17,Traveler weight (travel hubs),Strategies (total),50%,T11-R,fig_3f,T11-R^0,17,1.0547
2021-11-25,ZA,38,Omicron BA.2,Community,1.2861269004920497,2021-11-08,17,Traveler weight (travel hubs),Strategies (total),70%,T3-R,fig_3f,T3-R^0,17,1.0872
2021-11-25,ZA,38,Omicron BA.2,Community,1.2861269004920497,2021-11-08,17,Traveler weight (travel hubs),Strategies (total),70%,T7-R,fig_3f,T7-R^0,17,1.0872
2021-11-25,ZA,38,Omicron BA.2,Community,1.2861269004920497,2021-11-08,17,Traveler weight (travel hubs),Strategies (total),70%,T11-R,fig_3f,T11-R^0,17,1.0367
2021-11-25,ZA,38,Omicron BA.2,Community,1.2861269004920497,2021-11-08,17,Traveler weight (travel hubs),Strategies (total),90%,T3-R,fig_3f,T3-R^0,17,1.083
2021-11-25,ZA,38,Omicron BA.2,Community,1.2861269004920497,2021-11-08,17,Traveler weight (travel hubs),Strategies (total),90%,T7-R,fig_3f,T7-R^0,17,1.083
2021-11-25,ZA,38,Omicron BA.2,Community,1.2861269004920497,2021-11-08,17,Traveler weight (travel hubs),Strategies (total),90%,T11-R,fig_3f,T11-R^0,17,1.0329
2021-11-25,ZA,38,Omicron BA.2,Community,1.2861269004920497,2021-11-08,17,Traveler weight (travel hubs),Strategies (total),100%,T3-R,fig_3f,T3-R^0,17,1.081
2021-11-25,ZA,38,Omicron BA.2,Community,1.2861269004920497,2021-11-08,17,Traveler weight (travel hubs),Strategies (total),100%,T7-R,fig_3f,T7-R^0,17,1.081
2021-11-25,ZA,38,Omicron BA.2,Community,1.2861269004920497,2021-11-08,17,Traveler weight (travel hubs),Strategies (total),100%,T11-R,fig_3f,T11-R^0,17,1.0298
2021-11-28,IN,38,Omicron BA.2,Imported,1,2021-11-08,20,Traveler weight (travel hubs),Strategies (total),100%,T11-M,fig_3f,T11-R^90,17,1
2021-11-29,ZA,380,Omicron BA.2,Community,1.0612191545972443,2021-11-08,21,Traveler weight (travel hubs),Strategies (total),50%,T11-R,fig_3f,T11-R^0,17,1.0547
2021-11-29,ZA,380,Omicron BA.2,Community,1.0612191545972443,2021-11-08,21,Traveler weight (travel hubs),Strategies (total),70%,T3-R,fig_3f,T3-R^0,17,1.0872
2021-11-29,ZA,380,Omicron BA.2,Community,1.0612191545972443,2021-11-08,21,Traveler weight (travel hubs),Strategies (total),70%,T7-R,fig_3f,T7-R^0,17,1.0872
2021-11-29,ZA,380,Omicron BA.2,Community,1.0612191545972443,2021-11-08,21,Traveler weight (travel hubs),Strategies (total),70%,T11-R,fig_3f,T11-R^0,17,1.0367
2021-11-29,ZA,380,Omicron BA.2,Community,1.0612191545972443,2021-11-08,21,Traveler weight (travel hubs),Strategies (total),90%,T3-R,fig_3f,T3-R^0,17,1.083
2021-11-29,ZA,380,Omicron BA.2,Community,1.0612191545972443,2021-11-08,21,Traveler weight (travel hubs),Strategies (total),90%,T7-R,fig_3f,T7-R^0,17,1.083
2021-11-29,ZA,380,Omicron BA.2,Community,1.0612191545972443,2021-11-08,21,Traveler weight (travel hubs),Strategies (total),90%,T11-R,fig_3f,T11-R^0,17,1.0329
2021-11-29,ZA,380,Omicron BA.2,Community,1.0612191545972443,2021-11-08,21,Traveler weight (travel hubs),Strategies (total),100%,T3-R,fig_3f,T3-R^0,17,1.081
2021-11-29,ZA,380,Omicron BA.2,Community,1.0612191545972443,2021-11-08,21,Traveler weight (travel hubs),Strategies (total),100%,T7-R,fig_3f,T7-R^0,17,1.081
2021-11-29,ZA,380,Omicron BA.2,Community,1.0612191545972443,2021-11-08,21,Traveler weight (travel hubs),Strategies (total),100%,T11-R,fig_3f,T11-R^0,17,1.0298
2021-12-05,IN,380,Omicron BA.2,Imported,1,2021-11-08,27,Traveler weight (travel hubs),Strategies (total),100%,T11-M,fig_3f,T11-R^90,17,1
2021-11-26,IN,381,Omicron BA.2,Imported,1,2021-11-08,18,Traveler weight (travel hubs),Strategies (total),50%,T11-R,fig_3f,T11-R^0,17,1.0547
2021-11-28,ZA,381,Omicron BA.2,Community,1.0807198922338443,2021-11-08,20,Traveler weight (travel hubs),Strategies (total),70%,T3-R,fig_3f,T3-R^0,17,1.0872
2021-11-28,ZA,381,Omicron BA.2,Community,1.0807198922338443,2021-11-08,20,Traveler weight (travel hubs),Strategies (total),70%,T7-R,fig_3f,T7-R^0,17,1.0872
2021-11-26,IN,381,Omicron BA.2,Imported,1,2021-11-08,18,Traveler weight (travel hubs),Strategies (total),70%,T11-R,fig_3f,T11-R^0,17,1.0367
2021-11-28,ZA,381,Omicron BA.2,Community,1.0807198922338443,2021-11-08,20,Traveler weight (travel hubs),Strategies (total),90%,T3-R,fig_3f,T3-R^0,17,1.083
2021-11-28,ZA,381,Omicron BA.2,Community,1.0807198922338443,2021-11-08,20,Traveler weight (travel hubs),Strategies (total),90%,T7-R,fig_3f,T7-R^0,17,1.083
2021-11-26,IN,381,Omicron BA.2,Imported,1,2021-11-08,18,Traveler weight (travel hubs),Strategies (total),90%,T11-R,fig_3f,T11-R^0,17,1.0329
2021-11-28,ZA,381,Omicron BA.2,Community,1.0807198922338443,2021-11-08,20,Traveler weight (travel hubs),Strategies (total),100%,T3-R,fig_3f,T3-R^0,17,1.081
2021-11-28,ZA,381,Omicron BA.2,Community,1.0807198922338443,2021-11-08,20,Traveler weight (travel hubs),Strategies (total),100%,T7-R,fig_3f,T7-R^0,17,1.081
2021-11-26,IN,381,Omicron BA.2,Imported,1,2021-11-08,18,Traveler weight (travel hubs),Strategies (total),100%,T11-R,fig_3f,T11-R^0,17,1.0298
2021-11-26,IN,381,Omicron BA.2,Imported,1,2021-11-08,18,Traveler weight (travel hubs),Strategies (total),100%,T11-M,fig_3f,T11-R^90,17,1
2021-11-21,ZA,382,Omicron BA.2,Community,1.0040006760219795,2021-11-08,13,Traveler weight (travel hubs),Strategies (total),50%,T11-R,fig_3f,T11-R^0,17,1.0547
2021-11-21,ZA,382,Omicron BA.2,Community,1.0040006760219795,2021-11-08,13,Traveler weight (travel hubs),Strategies (total),70%,T3-R,fig_3f,T3-R^0,17,1.0872
2021-11-21,ZA,382,Omicron BA.2,Community,1.0040006760219795,2021-11-08,13,Traveler weight (travel hubs),Strategies (total),70%,T7-R,fig_3f,T7-R^0,17,1.0872
2021-11-21,ZA,382,Omicron BA.2,Community,1.0040006760219795,2021-11-08,13,Traveler weight (travel hubs),Strategies (total),70%,T11-R,fig_3f,T11-R^0,17,1.0367
2021-11-21,ZA,382,Omicron BA.2,Community,1.0040006760219795,2021-11-08,13,Traveler weight (travel hubs),Strategies (total),90%,T3-R,fig_3f,T3-R^0,17,1.083
2021-11-21,ZA,382,Omicron BA.2,Community,1.0040006760219795,2021-11-08,13,Traveler weight (travel hubs),Strategies (total),90%,T7-R,fig_3f,T7-R^0,17,1.083
2021-11-21,ZA,382,Omicron BA.2,Community,1.0040006760219795,2021-11-08,13,Traveler weight (travel hubs),Strategies (total),90%,T11-R,fig_3f,T11-R^0,17,1.0329
2021-11-21,ZA,382,Omicron BA.2,Community,1.0040006760219795,2021-11-08,13,Traveler weight (travel hubs),Strategies (total),100%,T3-R,fig_3f,T3-R^0,17,1.081
2021-11-21,ZA,382,Omicron BA.2,Community,1.0040006760219795,2021-11-08,13,Traveler weight (travel hubs),Strategies (total),100%,T7-R,fig_3f,T7-R^0,17,1.081
2021-11-21,ZA,382,Omicron BA.2,Community,1.0040006760219795,2021-11-08,13,Traveler weight (travel hubs),Strategies (total),100%,T11-R,fig_3f,T11-R^0,17,1.0298
2021-11-22,TR,382,Omicron BA.2,Imported,1,2021-11-08,14,Traveler weight (travel hubs),Strategies (total),100%,T11-M,fig_3f,T11-R^90,17,1
2021-11-23,ZA,383,Omicron BA.2,Community,1.0664355003242332,2021-11-08,15,Traveler weight (travel hubs),Strategies (total),50%,T11-R,fig_3f,T11-R^0,17,1.0547
2021-11-23,ZA,383,Omicron BA.2,Community,1.0664355003242332,2021-11-08,15,Traveler weight (travel hubs),Strategies (total),70%,T3-R,fig_3f,T3-R^0,17,1.0872
2021-11-23,ZA,383,Omicron BA.2,Community,1.0664355003242332,2021-11-08,15,Traveler weight (travel hubs),Strategies (total),70%,T7-R,fig_3f,T7-R^0,17,1.0872
2021-11-23,ZA,383,Omicron BA.2,Community,1.0664355003242332,2021-11-08,15,Traveler weight (travel hubs),Strategies (total),70%,T11-R,fig_3f,T11-R^0,17,1.0367
2021-11-23,ZA,383,Omicron BA.2,Community,1.0664355003242332,2021-11-08,15,Traveler weight (travel hubs),Strategies (total),90%,T3-R,fig_3f,T3-R^0,17,1.083
2021-11-23,ZA,383,Omicron BA.2,Community,1.0664355003242332,2021-11-08,15,Traveler weight (travel hubs),Strategies (total),90%,T7-R,fig_3f,T7-R^0,17,1.083
2021-11-23,ZA,383,Omicron BA.2,Community,1.0664355003242332,2021-11-08,15,Traveler weight (travel hubs),Strategies (total),90%,T11-R,fig_3f,T11-R^0,17,1.0329
2021-11-23,ZA,383,Omicron BA.2,Community,1.0664355003242332,2021-11-08,15,Traveler weight (travel hubs),Strategies (total),100%,T3-R,fig_3f,T3-R^0,17,1.081
2021-11-23,ZA,383,Omicron BA.2,Community,1.0664355003242332,2021-11-08,15,Traveler weight (travel hubs),Strategies (total),100%,T7-R,fig_3f,T7-R^0,17,1.081
2021-11-23,ZA,383,Omicron BA.2,Community,1.0664355003242332,2021-11-08,15,Traveler weight (travel hubs),Strategies (total),100%,T11-R,fig_3f,T11-R^0,17,1.0298
2021-11-12,TR,383,Omicron BA.2,Imported,1,2021-11-08,4,Traveler weight (travel hubs),Strategies (total),100%,T11-M,fig_3f,T11-R^90,17,1
2021-11-16,US,384,Omicron BA.2,Imported,1,2021-11-08,8,Traveler weight (travel hubs),Strategies (total),50%,T11-R,fig_3f,T11-R^0,17,1.0547
2021-11-16,US,384,Omicron BA.2,Imported,1,2021-11-08,8,Traveler weight (travel hubs),Strategies (total),70%,T3-R,fig_3f,T3-R^0,17,1.0872
2021-11-16,US,384,Omicron BA.2,Imported,1,2021-11-08,8,Traveler weight (travel hubs),Strategies (total),70%,T7-R,fig_3f,T7-R^0,17,1.0872
2021-11-16,US,384,Omicron BA.2,Imported,1,2021-11-08,8,Traveler weight (travel hubs),Strategies (total),70%,T11-R,fig_3f,T11-R^0,17,1.0367
2021-11-16,US,384,Omicron BA.2,Imported,1,2021-11-08,8,Traveler weight (travel hubs),Strategies (total),90%,T3-R,fig_3f,T3-R^0,17,1.083
2021-11-16,US,384,Omicron BA.2,Imported,1,2021-11-08,8,Traveler weight (travel hubs),Strategies (total),90%,T7-R,fig_3f,T7-R^0,17,1.083
2021-11-16,US,384,Omicron BA.2,Imported,1,2021-11-08,8,Traveler weight (travel hubs),Strategies (total),90%,T11-R,fig_3f,T11-R^0,17,1.0329
2021-11-16,US,384,Omicron BA.2,Imported,1,2021-11-08,8,Traveler weight (travel hubs),Strategies (total),100%,T3-R,fig_3f,T3-R^0,17,1.081
2021-11-16,US,384,Omicron BA.2,Imported,1,2021-11-08,8,Traveler weight (travel hubs),Strategies (total),100%,T7-R,fig_3f,T7-R^0,17,1.081
2021-11-16,US,384,Omicron BA.2,Imported,1,2021-11-08,8,Traveler weight (travel hubs),Strategies (total),100%,T11-R,fig_3f,T11-R^0,17,1.0298
2021-11-16,US,384,Omicron BA.2,Imported,1,2021-11-08,8,Traveler weight (travel hubs),Strategies (total),100%,T11-M,fig_3f,T11-R^90,17,1
2021-11-16,US,385,Omicron BA.2,Imported,1,2021-11-08,8,Traveler weight (travel hubs),Strategies (total),50%,T11-R,fig_3f,T11-R^0,17,1.0547
2021-11-16,US,385,Omicron BA.2,Imported,1,2021-11-08,8,Traveler weight (travel hubs),Strategies (total),70%,T3-R,fig_3f,T3-R^0,17,1.0872
2021-11-16,US,385,Omicron BA.2,Imported,1,2021-11-08,8,Traveler weight (travel hubs),Strategies (total),70%,T7-R,fig_3f,T7-R^0,17,1.0872
2021-11-16,US,385,Omicron BA.2,Imported,1,2021-11-08,8,Traveler weight (travel hubs),Strategies (total),70%,T11-R,fig_3f,T11-R^0,17,1.0367
2021-11-16,US,385,Omicron BA.2,Imported,1,2021-11-08,8,Traveler weight (travel hubs),Strategies (total),90%,T3-R,fig_3f,T3-R^0,17,1.083
2021-11-16,US,385,Omicron BA.2,Imported,1,2021-11-08,8,Traveler weight (travel hubs),Strategies (total),90%,T7-R,fig_3f,T7-R^0,17,1.083
2021-11-16,US,385,Omicron BA.2,Imported,1,2021-11-08,8,Traveler weight (travel hubs),Strategies (total),90%,T11-R,fig_3f,T11-R^0,17,1.0329
2021-11-16,US,385,Omicron BA.2,Imported,1,2021-11-08,8,Traveler weight (travel hubs),Strategies (total),100%,T3-R,fig_3f,T3-R^0,17,1.081
2021-11-16,US,385,Omicron BA.2,Imported,1,2021-11-08,8,Traveler weight (travel hubs),Strategies (total),100%,T7-R,fig_3f,T7-R^0,17,1.081
2021-11-16,US,385,Omicron BA.2,Imported,1,2021-11-08,8,Traveler weight (travel hubs),Strategies (total),100%,T11-R,fig_3f,T11-R^0,17,1.0298
2021-11-16,US,385,Omicron BA.2,Imported,1,2021-11-08,8,Traveler weight (travel hubs),Strategies (total),100%,T11-M,fig_3f,T11-R^90,17,1
2021-11-27,ZA,386,Omicron BA.2,Community,1.4776101874728402,2021-11-08,19,Traveler weight (travel hubs),Strategies (total),50%,T11-R,fig_3f,T11-R^0,17,1.0547
2021-11-27,ZA,386,Omicron BA.2,Community,1.4776101874728402,2021-11-08,19,Traveler weight (travel hubs),Strategies (total),70%,T3-R,fig_3f,T3-R^0,17,1.0872
2021-11-27,ZA,386,Omicron BA.2,Community,1.4776101874728402,2021-11-08,19,Traveler weight (travel hubs),Strategies (total),70%,T7-R,fig_3f,T7-R^0,17,1.0872
2021-11-27,ZA,386,Omicron BA.2,Community,1.4776101874728402,2021-11-08,19,Traveler weight (travel hubs),Strategies (total),70%,T11-R,fig_3f,T11-R^0,17,1.0367
2021-11-23,US,386,Omicron BA.2,Imported,1,2021-11-08,15,Traveler weight (travel hubs),Strategies (total),90%,T3-R,fig_3f,T3-R^0,17,1.083
2021-11-23,US,386,Omicron BA.2,Imported,1,2021-11-08,15,Traveler weight (travel hubs),Strategies (total),90%,T7-R,fig_3f,T7-R^0,17,1.083
2021-11-23,US,386,Omicron BA.2,Imported,1,2021-11-08,15,Traveler weight (travel hubs),Strategies (total),90%,T11-R,fig_3f,T11-R^0,17,1.0329
2021-11-23,US,386,Omicron BA.2,Imported,1,2021-11-08,15,Traveler weight (travel hubs),Strategies (total),100%,T3-R,fig_3f,T3-R^0,17,1.081
2021-11-23,US,386,Omicron BA.2,Imported,1,2021-11-08,15,Traveler weight (travel hubs),Strategies (total),100%,T7-R,fig_3f,T7-R^0,17,1.081
2021-11-23,US,386,Omicron BA.2,Imported,1,2021-11-08,15,Traveler weight (travel hubs),Strategies (total),100%,T11-R,fig_3f,T11-R^0,17,1.0298
2021-11-23,US,386,Omicron BA.2,Imported,1,2021-11-08,15,Traveler weight (travel hubs),Strategies (total),100%,T11-M,fig_3f,T11-R^90,17,1
2021-11-17,IN,387,Omicron BA.2,Imported,1,2021-11-08,9,Traveler weight (travel hubs),Strategies (total),50%,T11-R,fig_3f,T11-R^0,17,1.0547
2021-11-23,ZA,387,Omicron BA.2,Community,1.0257774973964195,2021-11-08,15,Traveler weight (travel hubs),Strategies (total),70%,T3-R,fig_3f,T3-R^0,17,1.0872
2021-11-23,ZA,387,Omicron BA.2,Community,1.0257774973964195,2021-11-08,15,Traveler weight (travel hubs),Strategies (total),70%,T7-R,fig_3f,T7-R^0,17,1.0872
2021-11-17,IN,387,Omicron BA.2,Imported,1,2021-11-08,9,Traveler weight (travel hubs),Strategies (total),70%,T11-R,fig_3f,T11-R^0,17,1.0367
2021-11-23,ZA,387,Omicron BA.2,Community,1.0257774973964195,2021-11-08,15,Traveler weight (travel hubs),Strategies (total),90%,T3-R,fig_3f,T3-R^0,17,1.083
2021-11-23,ZA,387,Omicron BA.2,Community,1.0257774973964195,2021-11-08,15,Traveler weight (travel hubs),Strategies (total),90%,T7-R,fig_3f,T7-R^0,17,1.083
2021-11-17,IN,387,Omicron BA.2,Imported,1,2021-11-08,9,Traveler weight (travel hubs),Strategies (total),90%,T11-R,fig_3f,T11-R^0,17,1.0329
2021-11-23,ZA,387,Omicron BA.2,Community,1.0257774973964195,2021-11-08,15,Traveler weight (travel hubs),Strategies (total),100%,T3-R,fig_3f,T3-R^0,17,1.081
2021-11-23,ZA,387,Omicron BA.2,Community,1.0257774973964195,2021-11-08,15,Traveler weight (travel hubs),Strategies (total),100%,T7-R,fig_3f,T7-R^0,17,1.081
2021-11-17,IN,387,Omicron BA.2,Imported,1,2021-11-08,9,Traveler weight (travel hubs),Strategies (total),100%,T11-R,fig_3f,T11-R^0,17,1.0298
2021-11-17,IN,387,Omicron BA.2,Imported,1,2021-11-08,9,Traveler weight (travel hubs),Strategies (total),100%,T11-M,fig_3f,T11-R^90,17,1
2021-11-22,US,388,Omicron BA.2,Imported,1,2021-11-08,14,Traveler weight (travel hubs),Strategies (total),50%,T11-R,fig_3f,T11-R^0,17,1.0547
2021-11-22,US,388,Omicron BA.2,Imported,1,2021-11-08,14,Traveler weight (travel hubs),Strategies (total),70%,T3-R,fig_3f,T3-R^0,17,1.0872
2021-11-22,US,388,Omicron BA.2,Imported,1,2021-11-08,14,Traveler weight (travel hubs),Strategies (total),70%,T7-R,fig_3f,T7-R^0,17,1.0872
2021-11-22,US,388,Omicron BA.2,Imported,1,2021-11-08,14,Traveler weight (travel hubs),Strategies (total),70%,T11-R,fig_3f,T11-R^0,17,1.0367
2021-11-22,US,388,Omicron BA.2,Imported,1,2021-11-08,14,Traveler weight (travel hubs),Strategies (total),90%,T3-R,fig_3f,T3-R^0,17,1.083
2021-11-22,US,388,Omicron BA.2,Imported,1,2021-11-08,14,Traveler weight (travel hubs),Strategies (total),90%,T7-R,fig_3f,T7-R^0,17,1.083
2021-11-22,US,388,Omicron BA.2,Imported,1,2021-11-08,14,Traveler weight (travel hubs),Strategies (total),90%,T11-R,fig_3f,T11-R^0,17,1.0329
2021-11-22,US,388,Omicron BA.2,Imported,1,2021-11-08,14,Traveler weight (travel hubs),Strategies (total),100%,T3-R,fig_3f,T3-R^0,17,1.081
2021-11-22,US,388,Omicron BA.2,Imported,1,2021-11-08,14,Traveler weight (travel hubs),Strategies (total),100%,T7-R,fig_3f,T7-R^0,17,1.081
2021-11-22,US,388,Omicron BA.2,Imported,1,2021-11-08,14,Traveler weight (travel hubs),Strategies (total),100%,T11-R,fig_3f,T11-R^0,17,1.0298
2021-11-22,US,388,Omicron BA.2,Imported,1,2021-11-08,14,Traveler weight (travel hubs),Strategies (total),100%,T11-M,fig_3f,T11-R^90,17,1
2021-11-22,US,389,Omicron BA.2,Imported,1,2021-11-08,14,Traveler weight (travel hubs),Strategies (total),50%,T11-R,fig_3f,T11-R^0,17,1.0547
2021-11-22,US,389,Omicron BA.2,Imported,1,2021-11-08,14,Traveler weight (travel hubs),Strategies (total),70%,T3-R,fig_3f,T3-R^0,17,1.0872
2021-11-22,US,389,Omicron BA.2,Imported,1,2021-11-08,14,Traveler weight (travel hubs),Strategies (total),70%,T7-R,fig_3f,T7-R^0,17,1.0872
2021-11-22,US,389,Omicron BA.2,Imported,1,2021-11-08,14,Traveler weight (travel hubs),Strategies (total),70%,T11-R,fig_3f,T11-R^0,17,1.0367
2021-11-22,US,389,Omicron BA.2,Imported,1,2021-11-08,14,Traveler weight (travel hubs),Strategies (total),90%,T3-R,fig_3f,T3-R^0,17,1.083
2021-11-22,US,389,Omicron BA.2,Imported,1,2021-11-08,14,Traveler weight (travel hubs),Strategies (total),90%,T7-R,fig_3f,T7-R^0,17,1.083
2021-11-22,US,389,Omicron BA.2,Imported,1,2021-11-08,14,Traveler weight (travel hubs),Strategies (total),90%,T11-R,fig_3f,T11-R^0,17,1.0329
2021-11-22,US,389,Omicron BA.2,Imported,1,2021-11-08,14,Traveler weight (travel hubs),Strategies (total),100%,T3-R,fig_3f,T3-R^0,17,1.081
2021-11-22,US,389,Omicron BA.2,Imported,1,2021-11-08,14,Traveler weight (travel hubs),Strategies (total),100%,T7-R,fig_3f,T7-R^0,17,1.081
2021-11-22,US,389,Omicron BA.2,Imported,1,2021-11-08,14,Traveler weight (travel hubs),Strategies (total),100%,T11-R,fig_3f,T11-R^0,17,1.0298
2021-11-22,US,389,Omicron BA.2,Imported,1,2021-11-08,14,Traveler weight (travel hubs),Strategies (total),100%,T11-M,fig_3f,T11-R^90,17,1
2021-11-16,IN,39,Omicron BA.2,Imported,1,2021-11-08,8,Traveler weight (travel hubs),Strategies (total),50%,T11-R,fig_3f,T11-R^0,17,1.0547
2021-11-27,ZA,39,Omicron BA.2,Community,1.8127837562937357,2021-11-08,19,Traveler weight (travel hubs),Strategies (total),70%,T3-R,fig_3f,T3-R^0,17,1.0872
2021-11-27,ZA,39,Omicron BA.2,Community,1.8127837562937357,2021-11-08,19,Traveler weight (travel hubs),Strategies (total),70%,T7-R,fig_3f,T7-R^0,17,1.0872
2021-11-16,IN,39,Omicron BA.2,Imported,1,2021-11-08,8,Traveler weight (travel hubs),Strategies (total),70%,T11-R,fig_3f,T11-R^0,17,1.0367
2021-11-27,ZA,39,Omicron BA.2,Community,1.8127837562937357,2021-11-08,19,Traveler weight (travel hubs),Strategies (total),90%,T3-R,fig_3f,T3-R^0,17,1.083
2021-11-27,ZA,39,Omicron BA.2,Community,1.8127837562937357,2021-11-08,19,Traveler weight (travel hubs),Strategies (total),90%,T7-R,fig_3f,T7-R^0,17,1.083
2021-11-16,IN,39,Omicron BA.2,Imported,1,2021-11-08,8,Traveler weight (travel hubs),Strategies (total),90%,T11-R,fig_3f,T11-R^0,17,1.0329
2021-11-27,ZA,39,Omicron BA.2,Community,1.8127837562937357,2021-11-08,19,Traveler weight (travel hubs),Strategies (total),100%,T3-R,fig_3f,T3-R^0,17,1.081
2021-11-27,ZA,39,Omicron BA.2,Community,1.8127837562937357,2021-11-08,19,Traveler weight (travel hubs),Strategies (total),100%,T7-R,fig_3f,T7-R^0,17,1.081
2021-11-16,IN,39,Omicron BA.2,Imported,1,2021-11-08,8,Traveler weight (travel hubs),Strategies (total),100%,T11-R,fig_3f,T11-R^0,17,1.0298
2021-11-16,IN,39,Omicron BA.2,Imported,1,2021-11-08,8,Traveler weight (travel hubs),Strategies (total),100%,T11-M,fig_3f,T11-R^90,17,1
2021-11-28,ZA,390,Omicron BA.2,Community,1.3049148327622064,2021-11-08,20,Traveler weight (travel hubs),Strategies (total),50%,T11-R,fig_3f,T11-R^0,17,1.0547
2021-11-28,ZA,390,Omicron BA.2,Community,1.3049148327622064,2021-11-08,20,Traveler weight (travel hubs),Strategies (total),70%,T3-R,fig_3f,T3-R^0,17,1.0872
2021-11-28,ZA,390,Omicron BA.2,Community,1.3049148327622064,2021-11-08,20,Traveler weight (travel hubs),Strategies (total),70%,T7-R,fig_3f,T7-R^0,17,1.0872
2021-11-28,ZA,390,Omicron BA.2,Community,1.3049148327622064,2021-11-08,20,Traveler weight (travel hubs),Strategies (total),70%,T11-R,fig_3f,T11-R^0,17,1.0367
2021-11-28,ZA,390,Omicron BA.2,Community,1.3049148327622064,2021-11-08,20,Traveler weight (travel hubs),Strategies (total),90%,T3-R,fig_3f,T3-R^0,17,1.083
2021-11-28,ZA,390,Omicron BA.2,Community,1.3049148327622064,2021-11-08,20,Traveler weight (travel hubs),Strategies (total),90%,T7-R,fig_3f,T7-R^0,17,1.083
2021-11-28,ZA,390,Omicron BA.2,Community,1.3049148327622064,2021-11-08,20,Traveler weight (travel hubs),Strategies (total),90%,T11-R,fig_3f,T11-R^0,17,1.0329
2021-11-28,ZA,390,Omicron BA.2,Community,1.3049148327622064,2021-11-08,20,Traveler weight (travel hubs),Strategies (total),100%,T3-R,fig_3f,T3-R^0,17,1.081
2021-11-28,ZA,390,Omicron BA.2,Community,1.3049148327622064,2021-11-08,20,Traveler weight (travel hubs),Strategies (total),100%,T7-R,fig_3f,T7-R^0,17,1.081
2021-11-28,ZA,390,Omicron BA.2,Community,1.3049148327622064,2021-11-08,20,Traveler weight (travel hubs),Strategies (total),100%,T11-R,fig_3f,T11-R^0,17,1.0298
2021-12-03,TR,390,Omicron BA.2,Imported,2,2021-11-08,25,Traveler weight (travel hubs),Strategies (total),100%,T11-M,fig_3f,T11-R^90,17,1
2021-11-28,ZA,391,Omicron BA.2,Community,1.0463385595010606,2021-11-08,20,Traveler weight (travel hubs),Strategies (total),50%,T11-R,fig_3f,T11-R^0,17,1.0547
2021-11-28,ZA,391,Omicron BA.2,Community,1.0463385595010606,2021-11-08,20,Traveler weight (travel hubs),Strategies (total),70%,T3-R,fig_3f,T3-R^0,17,1.0872
2021-11-28,ZA,391,Omicron BA.2,Community,1.0463385595010606,2021-11-08,20,Traveler weight (travel hubs),Strategies (total),70%,T7-R,fig_3f,T7-R^0,17,1.0872
2021-11-28,ZA,391,Omicron BA.2,Community,1.0463385595010606,2021-11-08,20,Traveler weight (travel hubs),Strategies (total),70%,T11-R,fig_3f,T11-R^0,17,1.0367
2021-11-28,ZA,391,Omicron BA.2,Community,1.0463385595010606,2021-11-08,20,Traveler weight (travel hubs),Strategies (total),90%,T3-R,fig_3f,T3-R^0,17,1.083
2021-11-28,ZA,391,Omicron BA.2,Community,1.0463385595010606,2021-11-08,20,Traveler weight (travel hubs),Strategies (total),90%,T7-R,fig_3f,T7-R^0,17,1.083
2021-11-28,ZA,391,Omicron BA.2,Community,1.0463385595010606,2021-11-08,20,Traveler weight (travel hubs),Strategies (total),90%,T11-R,fig_3f,T11-R^0,17,1.0329
2021-11-28,ZA,391,Omicron BA.2,Community,1.0463385595010606,2021-11-08,20,Traveler weight (travel hubs),Strategies (total),100%,T3-R,fig_3f,T3-R^0,17,1.081
2021-11-28,ZA,391,Omicron BA.2,Community,1.0463385595010606,2021-11-08,20,Traveler weight (travel hubs),Strategies (total),100%,T7-R,fig_3f,T7-R^0,17,1.081
2021-11-28,ZA,391,Omicron BA.2,Community,1.0463385595010606,2021-11-08,20,Traveler weight (travel hubs),Strategies (total),100%,T11-R,fig_3f,T11-R^0,17,1.0298
2021-12-09,IN,391,Omicron BA.2,Imported,1,2021-11-08,31,Traveler weight (travel hubs),Strategies (total),100%,T11-M,fig_3f,T11-R^90,17,1
2021-11-11,US,392,Omicron BA.2,Imported,1,2021-11-08,3,Traveler weight (travel hubs),Strategies (total),50%,T11-R,fig_3f,T11-R^0,17,1.0547
2021-11-11,US,392,Omicron BA.2,Imported,1,2021-11-08,3,Traveler weight (travel hubs),Strategies (total),70%,T3-R,fig_3f,T3-R^0,17,1.0872
2021-11-11,US,392,Omicron BA.2,Imported,1,2021-11-08,3,Traveler weight (travel hubs),Strategies (total),70%,T7-R,fig_3f,T7-R^0,17,1.0872
2021-11-11,US,392,Omicron BA.2,Imported,1,2021-11-08,3,Traveler weight (travel hubs),Strategies (total),70%,T11-R,fig_3f,T11-R^0,17,1.0367
2021-11-11,US,392,Omicron BA.2,Imported,1,2021-11-08,3,Traveler weight (travel hubs),Strategies (total),90%,T3-R,fig_3f,T3-R^0,17,1.083
2021-11-11,US,392,Omicron BA.2,Imported,1,2021-11-08,3,Traveler weight (travel hubs),Strategies (total),90%,T7-R,fig_3f,T7-R^0,17,1.083
2021-11-11,US,392,Omicron BA.2,Imported,1,2021-11-08,3,Traveler weight (travel hubs),Strategies (total),90%,T11-R,fig_3f,T11-R^0,17,1.0329
2021-11-11,US,392,Omicron BA.2,Imported,1,2021-11-08,3,Traveler weight (travel hubs),Strategies (total),100%,T3-R,fig_3f,T3-R^0,17,1.081
2021-11-11,US,392,Omicron BA.2,Imported,1,2021-11-08,3,Traveler weight (travel hubs),Strategies (total),100%,T7-R,fig_3f,T7-R^0,17,1.081
2021-11-11,US,392,Omicron BA.2,Imported,1,2021-11-08,3,Traveler weight (travel hubs),Strategies (total),100%,T11-R,fig_3f,T11-R^0,17,1.0298
2021-11-11,US,392,Omicron BA.2,Imported,1,2021-11-08,3,Traveler weight (travel hubs),Strategies (total),100%,T11-M,fig_3f,T11-R^90,17,1
2021-11-26,ZA,393,Omicron BA.2,Community,1.0753179062280862,2021-11-08,18,Traveler weight (travel hubs),Strategies (total),50%,T11-R,fig_3f,T11-R^0,17,1.0547
2021-11-26,ZA,393,Omicron BA.2,Community,1.0753179062280862,2021-11-08,18,Traveler weight (travel hubs),Strategies (total),70%,T3-R,fig_3f,T3-R^0,17,1.0872
2021-11-26,ZA,393,Omicron BA.2,Community,1.0753179062280862,2021-11-08,18,Traveler weight (travel hubs),Strategies (total),70%,T7-R,fig_3f,T7-R^0,17,1.0872
2021-11-26,ZA,393,Omicron BA.2,Community,1.0753179062280862,2021-11-08,18,Traveler weight (travel hubs),Strategies (total),70%,T11-R,fig_3f,T11-R^0,17,1.0367
2021-11-26,ZA,393,Omicron BA.2,Community,1.0753179062280862,2021-11-08,18,Traveler weight (travel hubs),Strategies (total),90%,T3-R,fig_3f,T3-R^0,17,1.083
2021-11-26,ZA,393,Omicron BA.2,Community,1.0753179062280862,2021-11-08,18,Traveler weight (travel hubs),Strategies (total),90%,T7-R,fig_3f,T7-R^0,17,1.083
2021-11-26,ZA,393,Omicron BA.2,Community,1.0753179062280862,2021-11-08,18,Traveler weight (travel hubs),Strategies (total),90%,T11-R,fig_3f,T11-R^0,17,1.0329
2021-11-26,ZA,393,Omicron BA.2,Community,1.0753179062280862,2021-11-08,18,Traveler weight (travel hubs),Strategies (total),100%,T3-R,fig_3f,T3-R^0,17,1.081
2021-11-26,ZA,393,Omicron BA.2,Community,1.0753179062280862,2021-11-08,18,Traveler weight (travel hubs),Strategies (total),100%,T7-R,fig_3f,T7-R^0,17,1.081
2021-11-26,ZA,393,Omicron BA.2,Community,1.0753179062280862,2021-11-08,18,Traveler weight (travel hubs),Strategies (total),100%,T11-R,fig_3f,T11-R^0,17,1.0298
2021-11-28,US,393,Omicron BA.2,Imported,1,2021-11-08,20,Traveler weight (travel hubs),Strategies (total),100%,T11-M,fig_3f,T11-R^90,17,1
2021-11-28,ZA,394,Omicron BA.2,Community,1.1205449359826525,2021-11-08,20,Traveler weight (travel hubs),Strategies (total),50%,T11-R,fig_3f,T11-R^0,17,1.0547
2021-11-28,ZA,394,Omicron BA.2,Community,1.1205449359826525,2021-11-08,20,Traveler weight (travel hubs),Strategies (total),70%,T3-R,fig_3f,T3-R^0,17,1.0872
2021-11-28,ZA,394,Omicron BA.2,Community,1.1205449359826525,2021-11-08,20,Traveler weight (travel hubs),Strategies (total),70%,T7-R,fig_3f,T7-R^0,17,1.0872
2021-11-28,ZA,394,Omicron BA.2,Community,1.1205449359826525,2021-11-08,20,Traveler weight (travel hubs),Strategies (total),70%,T11-R,fig_3f,T11-R^0,17,1.0367
2021-11-28,ZA,394,Omicron BA.2,Community,1.1205449359826525,2021-11-08,20,Traveler weight (travel hubs),Strategies (total),90%,T3-R,fig_3f,T3-R^0,17,1.083
2021-11-28,ZA,394,Omicron BA.2,Community,1.1205449359826525,2021-11-08,20,Traveler weight (travel hubs),Strategies (total),90%,T7-R,fig_3f,T7-R^0,17,1.083
2021-11-28,ZA,394,Omicron BA.2,Community,1.1205449359826525,2021-11-08,20,Traveler weight (travel hubs),Strategies (total),90%,T11-R,fig_3f,T11-R^0,17,1.0329
2021-11-28,ZA,394,Omicron BA.2,Community,1.1205449359826525,2021-11-08,20,Traveler weight (travel hubs),Strategies (total),100%,T3-R,fig_3f,T3-R^0,17,1.081
2021-11-28,ZA,394,Omicron BA.2,Community,1.1205449359826525,2021-11-08,20,Traveler weight (travel hubs),Strategies (total),100%,T7-R,fig_3f,T7-R^0,17,1.081
2021-11-28,ZA,394,Omicron BA.2,Community,1.1205449359826525,2021-11-08,20,Traveler weight (travel hubs),Strategies (total),100%,T11-R,fig_3f,T11-R^0,17,1.0298
2021-12-03,IN,394,Omicron BA.2,Imported,1,2021-11-08,25,Traveler weight (travel hubs),Strategies (total),100%,T11-M,fig_3f,T11-R^90,17,1
2021-11-26,ZA,395,Omicron BA.2,Community,1.0444599001545347,2021-11-08,18,Traveler weight (travel hubs),Strategies (total),50%,T11-R,fig_3f,T11-R^0,17,1.0547
2021-11-26,ZA,395,Omicron BA.2,Community,1.0444599001545347,2021-11-08,18,Traveler weight (travel hubs),Strategies (total),70%,T3-R,fig_3f,T3-R^0,17,1.0872
2021-11-26,ZA,395,Omicron BA.2,Community,1.0444599001545347,2021-11-08,18,Traveler weight (travel hubs),Strategies (total),70%,T7-R,fig_3f,T7-R^0,17,1.0872
2021-11-26,ZA,395,Omicron BA.2,Community,1.0444599001545347,2021-11-08,18,Traveler weight (travel hubs),Strategies (total),70%,T11-R,fig_3f,T11-R^0,17,1.0367
2021-11-26,ZA,395,Omicron BA.2,Community,1.0444599001545347,2021-11-08,18,Traveler weight (travel hubs),Strategies (total),90%,T3-R,fig_3f,T3-R^0,17,1.083
2021-11-26,ZA,395,Omicron BA.2,Community,1.0444599001545347,2021-11-08,18,Traveler weight (travel hubs),Strategies (total),90%,T7-R,fig_3f,T7-R^0,17,1.083
2021-11-26,ZA,395,Omicron BA.2,Community,1.0444599001545347,2021-11-08,18,Traveler weight (travel hubs),Strategies (total),90%,T11-R,fig_3f,T11-R^0,17,1.0329
2021-11-26,ZA,395,Omicron BA.2,Community,1.0444599001545347,2021-11-08,18,Traveler weight (travel hubs),Strategies (total),100%,T3-R,fig_3f,T3-R^0,17,1.081
2021-11-26,ZA,395,Omicron BA.2,Community,1.0444599001545347,2021-11-08,18,Traveler weight (travel hubs),Strategies (total),100%,T7-R,fig_3f,T7-R^0,17,1.081
2021-11-26,ZA,395,Omicron BA.2,Community,1.0444599001545347,2021-11-08,18,Traveler weight (travel hubs),Strategies (total),100%,T11-R,fig_3f,T11-R^0,17,1.0298
2021-11-27,US,395,Omicron BA.2,Imported,1,2021-11-08,19,Traveler weight (travel hubs),Strategies (total),100%,T11-M,fig_3f,T11-R^90,17,1
2021-11-25,ZA,396,Omicron BA.2,Community,1.1915783909001936,2021-11-08,17,Traveler weight (travel hubs),Strategies (total),50%,T11-R,fig_3f,T11-R^0,17,1.0547
2021-11-25,ZA,396,Omicron BA.2,Community,1.1915783909001936,2021-11-08,17,Traveler weight (travel hubs),Strategies (total),70%,T3-R,fig_3f,T3-R^0,17,1.0872
2021-11-25,ZA,396,Omicron BA.2,Community,1.1915783909001936,2021-11-08,17,Traveler weight (travel hubs),Strategies (total),70%,T7-R,fig_3f,T7-R^0,17,1.0872
2021-11-25,ZA,396,Omicron BA.2,Community,1.1915783909001936,2021-11-08,17,Traveler weight (travel hubs),Strategies (total),70%,T11-R,fig_3f,T11-R^0,17,1.0367
2021-11-25,ZA,396,Omicron BA.2,Community,1.1915783909001936,2021-11-08,17,Traveler weight (travel hubs),Strategies (total),90%,T3-R,fig_3f,T3-R^0,17,1.083
2021-11-25,ZA,396,Omicron BA.2,Community,1.1915783909001936,2021-11-08,17,Traveler weight (travel hubs),Strategies (total),90%,T7-R,fig_3f,T7-R^0,17,1.083
2021-11-25,ZA,396,Omicron BA.2,Community,1.1915783909001936,2021-11-08,17,Traveler weight (travel hubs),Strategies (total),90%,T11-R,fig_3f,T11-R^0,17,1.0329
2021-11-25,ZA,396,Omicron BA.2,Community,1.1915783909001936,2021-11-08,17,Traveler weight (travel hubs),Strategies (total),100%,T3-R,fig_3f,T3-R^0,17,1.081
2021-11-25,ZA,396,Omicron BA.2,Community,1.1915783909001936,2021-11-08,17,Traveler weight (travel hubs),Strategies (total),100%,T7-R,fig_3f,T7-R^0,17,1.081
2021-11-25,ZA,396,Omicron BA.2,Community,1.1915783909001936,2021-11-08,17,Traveler weight (travel hubs),Strategies (total),100%,T11-R,fig_3f,T11-R^0,17,1.0298
2021-11-29,US,396,Omicron BA.2,Imported,1,2021-11-08,21,Traveler weight (travel hubs),Strategies (total),100%,T11-M,fig_3f,T11-R^90,17,1
2021-11-29,ZA,397,Omicron BA.2,Community,1.1377477504916087,2021-11-08,21,Traveler weight (travel hubs),Strategies (total),50%,T11-R,fig_3f,T11-R^0,17,1.0547
2021-11-29,ZA,397,Omicron BA.2,Community,1.1377477504916087,2021-11-08,21,Traveler weight (travel hubs),Strategies (total),70%,T3-R,fig_3f,T3-R^0,17,1.0872
2021-11-29,ZA,397,Omicron BA.2,Community,1.1377477504916087,2021-11-08,21,Traveler weight (travel hubs),Strategies (total),70%,T7-R,fig_3f,T7-R^0,17,1.0872
2021-11-29,ZA,397,Omicron BA.2,Community,1.1377477504916087,2021-11-08,21,Traveler weight (travel hubs),Strategies (total),70%,T11-R,fig_3f,T11-R^0,17,1.0367
2021-11-29,ZA,397,Omicron BA.2,Community,1.1377477504916087,2021-11-08,21,Traveler weight (travel hubs),Strategies (total),90%,T3-R,fig_3f,T3-R^0,17,1.083
2021-11-29,ZA,397,Omicron BA.2,Community,1.1377477504916087,2021-11-08,21,Traveler weight (travel hubs),Strategies (total),90%,T7-R,fig_3f,T7-R^0,17,1.083
2021-11-29,ZA,397,Omicron BA.2,Community,1.1377477504916087,2021-11-08,21,Traveler weight (travel hubs),Strategies (total),90%,T11-R,fig_3f,T11-R^0,17,1.0329
2021-11-29,ZA,397,Omicron BA.2,Community,1.1377477504916087,2021-11-08,21,Traveler weight (travel hubs),Strategies (total),100%,T3-R,fig_3f,T3-R^0,17,1.081
2021-11-29,ZA,397,Omicron BA.2,Community,1.1377477504916087,2021-11-08,21,Traveler weight (travel hubs),Strategies (total),100%,T7-R,fig_3f,T7-R^0,17,1.081
2021-11-29,ZA,397,Omicron BA.2,Community,1.1377477504916087,2021-11-08,21,Traveler weight (travel hubs),Strategies (total),100%,T11-R,fig_3f,T11-R^0,17,1.0298
2021-12-02,US,397,Omicron BA.2,Imported,1,2021-11-08,24,Traveler weight (travel hubs),Strategies (total),100%,T11-M,fig_3f,T11-R^90,17,1
2021-11-22,ZA,398,Omicron BA.2,Community,1.274025990554802,2021-11-08,14,Traveler weight (travel hubs),Strategies (total),50%,T11-R,fig_3f,T11-R^0,17,1.0547
2021-11-22,ZA,398,Omicron BA.2,Community,1.274025990554802,2021-11-08,14,Traveler weight (travel hubs),Strategies (total),70%,T3-R,fig_3f,T3-R^0,17,1.0872
2021-11-22,ZA,398,Omicron BA.2,Community,1.274025990554802,2021-11-08,14,Traveler weight (travel hubs),Strategies (total),70%,T7-R,fig_3f,T7-R^0,17,1.0872
2021-11-22,ZA,398,Omicron BA.2,Community,1.274025990554802,2021-11-08,14,Traveler weight (travel hubs),Strategies (total),70%,T11-R,fig_3f,T11-R^0,17,1.0367
2021-11-22,ZA,398,Omicron BA.2,Community,1.274025990554802,2021-11-08,14,Traveler weight (travel hubs),Strategies (total),90%,T3-R,fig_3f,T3-R^0,17,1.083
2021-11-22,ZA,398,Omicron BA.2,Community,1.274025990554802,2021-11-08,14,Traveler weight (travel hubs),Strategies (total),90%,T7-R,fig_3f,T7-R^0,17,1.083
2021-11-22,ZA,398,Omicron BA.2,Community,1.274025990554802,2021-11-08,14,Traveler weight (travel hubs),Strategies (total),90%,T11-R,fig_3f,T11-R^0,17,1.0329
2021-11-22,ZA,398,Omicron BA.2,Community,1.274025990554802,2021-11-08,14,Traveler weight (travel hubs),Strategies (total),100%,T3-R,fig_3f,T3-R^0,17,1.081
2021-11-22,ZA,398,Omicron BA.2,Community,1.274025990554802,2021-11-08,14,Traveler weight (travel hubs),Strategies (total),100%,T7-R,fig_3f,T7-R^0,17,1.081
2021-11-22,ZA,398,Omicron BA.2,Community,1.274025990554802,2021-11-08,14,Traveler weight (travel hubs),Strategies (total),100%,T11-R,fig_3f,T11-R^0,17,1.0298
2021-11-23,AE,398,Omicron BA.2,Imported,1,2021-11-08,15,Traveler weight (travel hubs),Strategies (total),100%,T11-M,fig_3f,T11-R^90,17,1
2021-11-27,ZA,399,Omicron BA.2,Community,1.008936488055766,2021-11-08,19,Traveler weight (travel hubs),Strategies (total),50%,T11-R,fig_3f,T11-R^0,17,1.0547
2021-11-27,ZA,399,Omicron BA.2,Community,1.008936488055766,2021-11-08,19,Traveler weight (travel hubs),Strategies (total),70%,T3-R,fig_3f,T3-R^0,17,1.0872
2021-11-27,ZA,399,Omicron BA.2,Community,1.008936488055766,2021-11-08,19,Traveler weight (travel hubs),Strategies (total),70%,T7-R,fig_3f,T7-R^0,17,1.0872
2021-11-27,ZA,399,Omicron BA.2,Community,1.008936488055766,2021-11-08,19,Traveler weight (travel hubs),Strategies (total),70%,T11-R,fig_3f,T11-R^0,17,1.0367
2021-11-27,ZA,399,Omicron BA.2,Community,1.008936488055766,2021-11-08,19,Traveler weight (travel hubs),Strategies (total),90%,T3-R,fig_3f,T3-R^0,17,1.083
2021-11-27,ZA,399,Omicron BA.2,Community,1.008936488055766,2021-11-08,19,Traveler weight (travel hubs),Strategies (total),90%,T7-R,fig_3f,T7-R^0,17,1.083
2021-11-27,ZA,399,Omicron BA.2,Community,1.008936488055766,2021-11-08,19,Traveler weight (travel hubs),Strategies (total),90%,T11-R,fig_3f,T11-R^0,17,1.0329
2021-11-27,ZA,399,Omicron BA.2,Community,1.008936488055766,2021-11-08,19,Traveler weight (travel hubs),Strategies (total),100%,T3-R,fig_3f,T3-R^0,17,1.081
2021-11-27,ZA,399,Omicron BA.2,Community,1.008936488055766,2021-11-08,19,Traveler weight (travel hubs),Strategies (total),100%,T7-R,fig_3f,T7-R^0,17,1.081
2021-11-27,ZA,399,Omicron BA.2,Community,1.008936488055766,2021-11-08,19,Traveler weight (travel hubs),Strategies (total),100%,T11-R,fig_3f,T11-R^0,17,1.0298
2021-12-05,IN,399,Omicron BA.2,Imported,1,2021-11-08,27,Traveler weight (travel hubs),Strategies (total),100%,T11-M,fig_3f,T11-R^90,17,1
2021-11-17,US,4,Omicron BA.2,Imported,1,2021-11-08,9,Traveler weight (travel hubs),Strategies (total),50%,T11-R,fig_3f,T11-R^0,17,1.0547
2021-11-17,US,4,Omicron BA.2,Imported,1,2021-11-08,9,Traveler weight (travel hubs),Strategies (total),70%,T3-R,fig_3f,T3-R^0,17,1.0872
2021-11-17,US,4,Omicron BA.2,Imported,1,2021-11-08,9,Traveler weight (travel hubs),Strategies (total),70%,T7-R,fig_3f,T7-R^0,17,1.0872
2021-11-17,US,4,Omicron BA.2,Imported,1,2021-11-08,9,Traveler weight (travel hubs),Strategies (total),70%,T11-R,fig_3f,T11-R^0,17,1.0367
2021-11-17,US,4,Omicron BA.2,Imported,1,2021-11-08,9,Traveler weight (travel hubs),Strategies (total),90%,T3-R,fig_3f,T3-R^0,17,1.083
2021-11-17,US,4,Omicron BA.2,Imported,1,2021-11-08,9,Traveler weight (travel hubs),Strategies (total),90%,T7-R,fig_3f,T7-R^0,17,1.083
2021-11-17,US,4,Omicron BA.2,Imported,1,2021-11-08,9,Traveler weight (travel hubs),Strategies (total),90%,T11-R,fig_3f,T11-R^0,17,1.0329
2021-11-17,US,4,Omicron BA.2,Imported,1,2021-11-08,9,Traveler weight (travel hubs),Strategies (total),100%,T3-R,fig_3f,T3-R^0,17,1.081
2021-11-17,US,4,Omicron BA.2,Imported,1,2021-11-08,9,Traveler weight (travel hubs),Strategies (total),100%,T7-R,fig_3f,T7-R^0,17,1.081
2021-11-17,US,4,Omicron BA.2,Imported,1,2021-11-08,9,Traveler weight (travel hubs),Strategies (total),100%,T11-R,fig_3f,T11-R^0,17,1.0298
2021-11-17,US,4,Omicron BA.2,Imported,1,2021-11-08,9,Traveler weight (travel hubs),Strategies (total),100%,T11-M,fig_3f,T11-R^90,17,1
2021-11-22,ZA,40,Omicron BA.2,Community,1.3922486776812,2021-11-08,14,Traveler weight (travel hubs),Strategies (total),50%,T11-R,fig_3f,T11-R^0,17,1.0547
2021-11-22,ZA,40,Omicron BA.2,Community,1.3922486776812,2021-11-08,14,Traveler weight (travel hubs),Strategies (total),70%,T3-R,fig_3f,T3-R^0,17,1.0872
2021-11-22,ZA,40,Omicron BA.2,Community,1.3922486776812,2021-11-08,14,Traveler weight (travel hubs),Strategies (total),70%,T7-R,fig_3f,T7-R^0,17,1.0872
2021-11-22,ZA,40,Omicron BA.2,Community,1.3922486776812,2021-11-08,14,Traveler weight (travel hubs),Strategies (total),70%,T11-R,fig_3f,T11-R^0,17,1.0367
2021-11-22,ZA,40,Omicron BA.2,Community,1.3922486776812,2021-11-08,14,Traveler weight (travel hubs),Strategies (total),90%,T3-R,fig_3f,T3-R^0,17,1.083
2021-11-22,ZA,40,Omicron BA.2,Community,1.3922486776812,2021-11-08,14,Traveler weight (travel hubs),Strategies (total),90%,T7-R,fig_3f,T7-R^0,17,1.083
2021-11-22,ZA,40,Omicron BA.2,Community,1.3922486776812,2021-11-08,14,Traveler weight (travel hubs),Strategies (total),90%,T11-R,fig_3f,T11-R^0,17,1.0329
2021-11-22,ZA,40,Omicron BA.2,Community,1.3922486776812,2021-11-08,14,Traveler weight (travel hubs),Strategies (total),100%,T3-R,fig_3f,T3-R^0,17,1.081
2021-11-22,ZA,40,Omicron BA.2,Community,1.3922486776812,2021-11-08,14,Traveler weight (travel hubs),Strategies (total),100%,T7-R,fig_3f,T7-R^0,17,1.081
2021-11-22,ZA,40,Omicron BA.2,Community,1.3922486776812,2021-11-08,14,Traveler weight (travel hubs),Strategies (total),100%,T11-R,fig_3f,T11-R^0,17,1.0298
2021-11-18,TR,40,Omicron BA.2,Imported,1,2021-11-08,10,Traveler weight (travel hubs),Strategies (total),100%,T11-M,fig_3f,T11-R^90,17,1
2021-11-16,US,400,Omicron BA.2,Imported,1,2021-11-08,8,Traveler weight (travel hubs),Strategies (total),50%,T11-R,fig_3f,T11-R^0,17,1.0547
2021-11-16,US,400,Omicron BA.2,Imported,1,2021-11-08,8,Traveler weight (travel hubs),Strategies (total),70%,T3-R,fig_3f,T3-R^0,17,1.0872
2021-11-16,US,400,Omicron BA.2,Imported,1,2021-11-08,8,Traveler weight (travel hubs),Strategies (total),70%,T7-R,fig_3f,T7-R^0,17,1.0872
2021-11-16,US,400,Omicron BA.2,Imported,1,2021-11-08,8,Traveler weight (travel hubs),Strategies (total),70%,T11-R,fig_3f,T11-R^0,17,1.0367
2021-11-16,US,400,Omicron BA.2,Imported,1,2021-11-08,8,Traveler weight (travel hubs),Strategies (total),90%,T3-R,fig_3f,T3-R^0,17,1.083
2021-11-16,US,400,Omicron BA.2,Imported,1,2021-11-08,8,Traveler weight (travel hubs),Strategies (total),90%,T7-R,fig_3f,T7-R^0,17,1.083
2021-11-16,US,400,Omicron BA.2,Imported,1,2021-11-08,8,Traveler weight (travel hubs),Strategies (total),90%,T11-R,fig_3f,T11-R^0,17,1.0329
2021-11-16,US,400,Omicron BA.2,Imported,1,2021-11-08,8,Traveler weight (travel hubs),Strategies (total),100%,T3-R,fig_3f,T3-R^0,17,1.081
2021-11-16,US,400,Omicron BA.2,Imported,1,2021-11-08,8,Traveler weight (travel hubs),Strategies (total),100%,T7-R,fig_3f,T7-R^0,17,1.081
2021-11-16,US,400,Omicron BA.2,Imported,1,2021-11-08,8,Traveler weight (travel hubs),Strategies (total),100%,T11-R,fig_3f,T11-R^0,17,1.0298
2021-11-16,US,400,Omicron BA.2,Imported,1,2021-11-08,8,Traveler weight (travel hubs),Strategies (total),100%,T11-M,fig_3f,T11-R^90,17,1
2021-11-20,US,401,Omicron BA.2,Imported,1,2021-11-08,12,Traveler weight (travel hubs),Strategies (total),50%,T11-R,fig_3f,T11-R^0,17,1.0547
2021-11-20,US,401,Omicron BA.2,Imported,1,2021-11-08,12,Traveler weight (travel hubs),Strategies (total),70%,T3-R,fig_3f,T3-R^0,17,1.0872
2021-11-20,US,401,Omicron BA.2,Imported,1,2021-11-08,12,Traveler weight (travel hubs),Strategies (total),70%,T7-R,fig_3f,T7-R^0,17,1.0872
2021-11-20,US,401,Omicron BA.2,Imported,1,2021-11-08,12,Traveler weight (travel hubs),Strategies (total),70%,T11-R,fig_3f,T11-R^0,17,1.0367
2021-11-20,US,401,Omicron BA.2,Imported,1,2021-11-08,12,Traveler weight (travel hubs),Strategies (total),90%,T3-R,fig_3f,T3-R^0,17,1.083
2021-11-20,US,401,Omicron BA.2,Imported,1,2021-11-08,12,Traveler weight (travel hubs),Strategies (total),90%,T7-R,fig_3f,T7-R^0,17,1.083
2021-11-20,US,401,Omicron BA.2,Imported,1,2021-11-08,12,Traveler weight (travel hubs),Strategies (total),90%,T11-R,fig_3f,T11-R^0,17,1.0329
2021-11-20,US,401,Omicron BA.2,Imported,1,2021-11-08,12,Traveler weight (travel hubs),Strategies (total),100%,T3-R,fig_3f,T3-R^0,17,1.081
2021-11-20,US,401,Omicron BA.2,Imported,1,2021-11-08,12,Traveler weight (travel hubs),Strategies (total),100%,T7-R,fig_3f,T7-R^0,17,1.081
2021-11-20,US,401,Omicron BA.2,Imported,1,2021-11-08,12,Traveler weight (travel hubs),Strategies (total),100%,T11-R,fig_3f,T11-R^0,17,1.0298
2021-11-20,US,401,Omicron BA.2,Imported,1,2021-11-08,12,Traveler weight (travel hubs),Strategies (total),100%,T11-M,fig_3f,T11-R^90,17,1
2021-11-27,ZA,402,Omicron BA.2,Community,1.009730763912919,2021-11-08,19,Traveler weight (travel hubs),Strategies (total),50%,T11-R,fig_3f,T11-R^0,17,1.0547
2021-11-27,ZA,402,Omicron BA.2,Community,1.009730763912919,2021-11-08,19,Traveler weight (travel hubs),Strategies (total),70%,T3-R,fig_3f,T3-R^0,17,1.0872
2021-11-27,ZA,402,Omicron BA.2,Community,1.009730763912919,2021-11-08,19,Traveler weight (travel hubs),Strategies (total),70%,T7-R,fig_3f,T7-R^0,17,1.0872
2021-11-27,ZA,402,Omicron BA.2,Community,1.009730763912919,2021-11-08,19,Traveler weight (travel hubs),Strategies (total),70%,T11-R,fig_3f,T11-R^0,17,1.0367
2021-11-27,ZA,402,Omicron BA.2,Community,1.009730763912919,2021-11-08,19,Traveler weight (travel hubs),Strategies (total),90%,T3-R,fig_3f,T3-R^0,17,1.083
2021-11-27,ZA,402,Omicron BA.2,Community,1.009730763912919,2021-11-08,19,Traveler weight (travel hubs),Strategies (total),90%,T7-R,fig_3f,T7-R^0,17,1.083
2021-11-27,ZA,402,Omicron BA.2,Community,1.009730763912919,2021-11-08,19,Traveler weight (travel hubs),Strategies (total),90%,T11-R,fig_3f,T11-R^0,17,1.0329
2021-11-27,ZA,402,Omicron BA.2,Community,1.009730763912919,2021-11-08,19,Traveler weight (travel hubs),Strategies (total),100%,T3-R,fig_3f,T3-R^0,17,1.081
2021-11-27,ZA,402,Omicron BA.2,Community,1.009730763912919,2021-11-08,19,Traveler weight (travel hubs),Strategies (total),100%,T7-R,fig_3f,T7-R^0,17,1.081
2021-11-27,ZA,402,Omicron BA.2,Community,1.009730763912919,2021-11-08,19,Traveler weight (travel hubs),Strategies (total),100%,T11-R,fig_3f,T11-R^0,17,1.0298
2021-11-27,TR,402,Omicron BA.2,Imported,1,2021-11-08,19,Traveler weight (travel hubs),Strategies (total),100%,T11-M,fig_3f,T11-R^90,17,1
2021-11-25,ZA,403,Omicron BA.2,Community,1.093764469674081,2021-11-08,17,Traveler weight (travel hubs),Strategies (total),50%,T11-R,fig_3f,T11-R^0,17,1.0547
2021-11-25,ZA,403,Omicron BA.2,Community,1.093764469674081,2021-11-08,17,Traveler weight (travel hubs),Strategies (total),70%,T3-R,fig_3f,T3-R^0,17,1.0872
2021-11-25,ZA,403,Omicron BA.2,Community,1.093764469674081,2021-11-08,17,Traveler weight (travel hubs),Strategies (total),70%,T7-R,fig_3f,T7-R^0,17,1.0872
2021-11-25,ZA,403,Omicron BA.2,Community,1.093764469674081,2021-11-08,17,Traveler weight (travel hubs),Strategies (total),70%,T11-R,fig_3f,T11-R^0,17,1.0367
2021-11-25,ZA,403,Omicron BA.2,Community,1.093764469674081,2021-11-08,17,Traveler weight (travel hubs),Strategies (total),90%,T3-R,fig_3f,T3-R^0,17,1.083
2021-11-25,ZA,403,Omicron BA.2,Community,1.093764469674081,2021-11-08,17,Traveler weight (travel hubs),Strategies (total),90%,T7-R,fig_3f,T7-R^0,17,1.083
2021-11-25,ZA,403,Omicron BA.2,Community,1.093764469674081,2021-11-08,17,Traveler weight (travel hubs),Strategies (total),90%,T11-R,fig_3f,T11-R^0,17,1.0329
2021-11-25,ZA,403,Omicron BA.2,Community,1.093764469674081,2021-11-08,17,Traveler weight (travel hubs),Strategies (total),100%,T3-R,fig_3f,T3-R^0,17,1.081
2021-11-25,ZA,403,Omicron BA.2,Community,1.093764469674081,2021-11-08,17,Traveler weight (travel hubs),Strategies (total),100%,T7-R,fig_3f,T7-R^0,17,1.081
2021-11-25,ZA,403,Omicron BA.2,Community,1.093764469674081,2021-11-08,17,Traveler weight (travel hubs),Strategies (total),100%,T11-R,fig_3f,T11-R^0,17,1.0298
2021-11-27,GB,403,Omicron BA.2,Imported,2.9515755713419676,2021-11-08,19,Traveler weight (travel hubs),Strategies (total),100%,T11-M,fig_3f,T11-R^90,17,1
2021-11-26,ZA,404,Omicron BA.2,Community,1.0899108549131153,2021-11-08,18,Traveler weight (travel hubs),Strategies (total),50%,T11-R,fig_3f,T11-R^0,17,1.0547
2021-11-26,ZA,404,Omicron BA.2,Community,1.0899108549131153,2021-11-08,18,Traveler weight (travel hubs),Strategies (total),70%,T3-R,fig_3f,T3-R^0,17,1.0872
2021-11-26,ZA,404,Omicron BA.2,Community,1.0899108549131153,2021-11-08,18,Traveler weight (travel hubs),Strategies (total),70%,T7-R,fig_3f,T7-R^0,17,1.0872
2021-11-26,ZA,404,Omicron BA.2,Community,1.0899108549131153,2021-11-08,18,Traveler weight (travel hubs),Strategies (total),70%,T11-R,fig_3f,T11-R^0,17,1.0367
2021-11-26,ZA,404,Omicron BA.2,Community,1.0899108549131153,2021-11-08,18,Traveler weight (travel hubs),Strategies (total),90%,T3-R,fig_3f,T3-R^0,17,1.083
2021-11-26,ZA,404,Omicron BA.2,Community,1.0899108549131153,2021-11-08,18,Traveler weight (travel hubs),Strategies (total),90%,T7-R,fig_3f,T7-R^0,17,1.083
2021-11-26,ZA,404,Omicron BA.2,Community,1.0899108549131153,2021-11-08,18,Traveler weight (travel hubs),Strategies (total),90%,T11-R,fig_3f,T11-R^0,17,1.0329
2021-11-26,ZA,404,Omicron BA.2,Community,1.0899108549131153,2021-11-08,18,Traveler weight (travel hubs),Strategies (total),100%,T3-R,fig_3f,T3-R^0,17,1.081
2021-11-26,ZA,404,Omicron BA.2,Community,1.0899108549131153,2021-11-08,18,Traveler weight (travel hubs),Strategies (total),100%,T7-R,fig_3f,T7-R^0,17,1.081
2021-11-26,ZA,404,Omicron BA.2,Community,1.0899108549131153,2021-11-08,18,Traveler weight (travel hubs),Strategies (total),100%,T11-R,fig_3f,T11-R^0,17,1.0298
2021-12-04,US,404,Omicron BA.2,Imported,1,2021-11-08,26,Traveler weight (travel hubs),Strategies (total),100%,T11-M,fig_3f,T11-R^90,17,1
2021-12-01,ZA,405,Omicron BA.2,Community,1.114419415598075,2021-11-08,23,Traveler weight (travel hubs),Strategies (total),50%,T11-R,fig_3f,T11-R^0,17,1.0547
2021-12-01,ZA,405,Omicron BA.2,Community,1.114419415598075,2021-11-08,23,Traveler weight (travel hubs),Strategies (total),70%,T3-R,fig_3f,T3-R^0,17,1.0872
2021-12-01,ZA,405,Omicron BA.2,Community,1.114419415598075,2021-11-08,23,Traveler weight (travel hubs),Strategies (total),70%,T7-R,fig_3f,T7-R^0,17,1.0872
2021-12-01,ZA,405,Omicron BA.2,Community,1.114419415598075,2021-11-08,23,Traveler weight (travel hubs),Strategies (total),70%,T11-R,fig_3f,T11-R^0,17,1.0367
2021-12-01,ZA,405,Omicron BA.2,Community,1.114419415598075,2021-11-08,23,Traveler weight (travel hubs),Strategies (total),90%,T3-R,fig_3f,T3-R^0,17,1.083
2021-12-01,ZA,405,Omicron BA.2,Community,1.114419415598075,2021-11-08,23,Traveler weight (travel hubs),Strategies (total),90%,T7-R,fig_3f,T7-R^0,17,1.083
2021-12-01,ZA,405,Omicron BA.2,Community,1.114419415598075,2021-11-08,23,Traveler weight (travel hubs),Strategies (total),90%,T11-R,fig_3f,T11-R^0,17,1.0329
2021-12-01,ZA,405,Omicron BA.2,Community,1.114419415598075,2021-11-08,23,Traveler weight (travel hubs),Strategies (total),100%,T3-R,fig_3f,T3-R^0,17,1.081
2021-12-01,ZA,405,Omicron BA.2,Community,1.114419415598075,2021-11-08,23,Traveler weight (travel hubs),Strategies (total),100%,T7-R,fig_3f,T7-R^0,17,1.081
2021-12-01,ZA,405,Omicron BA.2,Community,1.114419415598075,2021-11-08,23,Traveler weight (travel hubs),Strategies (total),100%,T11-R,fig_3f,T11-R^0,17,1.0298
2021-12-09,US,405,Omicron BA.2,Imported,1,2021-11-08,31,Traveler weight (travel hubs),Strategies (total),100%,T11-M,fig_3f,T11-R^90,17,1
2021-11-28,ZA,406,Omicron BA.2,Community,1.0234176710125376,2021-11-08,20,Traveler weight (travel hubs),Strategies (total),50%,T11-R,fig_3f,T11-R^0,17,1.0547
2021-11-28,ZA,406,Omicron BA.2,Community,1.0234176710125376,2021-11-08,20,Traveler weight (travel hubs),Strategies (total),70%,T3-R,fig_3f,T3-R^0,17,1.0872
2021-11-28,ZA,406,Omicron BA.2,Community,1.0234176710125376,2021-11-08,20,Traveler weight (travel hubs),Strategies (total),70%,T7-R,fig_3f,T7-R^0,17,1.0872
2021-11-28,ZA,406,Omicron BA.2,Community,1.0234176710125376,2021-11-08,20,Traveler weight (travel hubs),Strategies (total),70%,T11-R,fig_3f,T11-R^0,17,1.0367
2021-11-28,ZA,406,Omicron BA.2,Community,1.0234176710125376,2021-11-08,20,Traveler weight (travel hubs),Strategies (total),90%,T3-R,fig_3f,T3-R^0,17,1.083
2021-11-28,ZA,406,Omicron BA.2,Community,1.0234176710125376,2021-11-08,20,Traveler weight (travel hubs),Strategies (total),90%,T7-R,fig_3f,T7-R^0,17,1.083
2021-11-28,ZA,406,Omicron BA.2,Community,1.0234176710125376,2021-11-08,20,Traveler weight (travel hubs),Strategies (total),90%,T11-R,fig_3f,T11-R^0,17,1.0329
2021-11-28,ZA,406,Omicron BA.2,Community,1.0234176710125376,2021-11-08,20,Traveler weight (travel hubs),Strategies (total),100%,T3-R,fig_3f,T3-R^0,17,1.081
2021-11-28,ZA,406,Omicron BA.2,Community,1.0234176710125376,2021-11-08,20,Traveler weight (travel hubs),Strategies (total),100%,T7-R,fig_3f,T7-R^0,17,1.081
2021-11-28,ZA,406,Omicron BA.2,Community,1.0234176710125376,2021-11-08,20,Traveler weight (travel hubs),Strategies (total),100%,T11-R,fig_3f,T11-R^0,17,1.0298
2021-12-08,US,406,Omicron BA.2,Imported,1,2021-11-08,30,Traveler weight (travel hubs),Strategies (total),100%,T11-M,fig_3f,T11-R^90,17,1
2021-11-25,ZA,407,Omicron BA.2,Community,1.2732136817565844,2021-11-08,17,Traveler weight (travel hubs),Strategies (total),50%,T11-R,fig_3f,T11-R^0,17,1.0547
2021-11-25,ZA,407,Omicron BA.2,Community,1.2732136817565844,2021-11-08,17,Traveler weight (travel hubs),Strategies (total),70%,T3-R,fig_3f,T3-R^0,17,1.0872
2021-11-25,ZA,407,Omicron BA.2,Community,1.2732136817565844,2021-11-08,17,Traveler weight (travel hubs),Strategies (total),70%,T7-R,fig_3f,T7-R^0,17,1.0872
2021-11-25,ZA,407,Omicron BA.2,Community,1.2732136817565844,2021-11-08,17,Traveler weight (travel hubs),Strategies (total),70%,T11-R,fig_3f,T11-R^0,17,1.0367
2021-11-25,ZA,407,Omicron BA.2,Community,1.2732136817565844,2021-11-08,17,Traveler weight (travel hubs),Strategies (total),90%,T3-R,fig_3f,T3-R^0,17,1.083
2021-11-25,ZA,407,Omicron BA.2,Community,1.2732136817565844,2021-11-08,17,Traveler weight (travel hubs),Strategies (total),90%,T7-R,fig_3f,T7-R^0,17,1.083
2021-11-25,ZA,407,Omicron BA.2,Community,1.2732136817565844,2021-11-08,17,Traveler weight (travel hubs),Strategies (total),90%,T11-R,fig_3f,T11-R^0,17,1.0329
2021-11-25,ZA,407,Omicron BA.2,Community,1.2732136817565844,2021-11-08,17,Traveler weight (travel hubs),Strategies (total),100%,T3-R,fig_3f,T3-R^0,17,1.081
2021-11-25,ZA,407,Omicron BA.2,Community,1.2732136817565844,2021-11-08,17,Traveler weight (travel hubs),Strategies (total),100%,T7-R,fig_3f,T7-R^0,17,1.081
2021-11-25,ZA,407,Omicron BA.2,Community,1.2732136817565844,2021-11-08,17,Traveler weight (travel hubs),Strategies (total),100%,T11-R,fig_3f,T11-R^0,17,1.0298
2021-11-28,US,407,Omicron BA.2,Imported,1,2021-11-08,20,Traveler weight (travel hubs),Strategies (total),100%,T11-M,fig_3f,T11-R^90,17,1
2021-11-22,ZA,408,Omicron BA.2,Community,1.001931578661773,2021-11-08,14,Traveler weight (travel hubs),Strategies (total),50%,T11-R,fig_3f,T11-R^0,17,1.0547
2021-11-22,ZA,408,Omicron BA.2,Community,1.001931578661773,2021-11-08,14,Traveler weight (travel hubs),Strategies (total),70%,T3-R,fig_3f,T3-R^0,17,1.0872
2021-11-22,ZA,408,Omicron BA.2,Community,1.001931578661773,2021-11-08,14,Traveler weight (travel hubs),Strategies (total),70%,T7-R,fig_3f,T7-R^0,17,1.0872
2021-11-22,ZA,408,Omicron BA.2,Community,1.001931578661773,2021-11-08,14,Traveler weight (travel hubs),Strategies (total),70%,T11-R,fig_3f,T11-R^0,17,1.0367
2021-11-22,ZA,408,Omicron BA.2,Community,1.001931578661773,2021-11-08,14,Traveler weight (travel hubs),Strategies (total),90%,T3-R,fig_3f,T3-R^0,17,1.083
2021-11-22,ZA,408,Omicron BA.2,Community,1.001931578661773,2021-11-08,14,Traveler weight (travel hubs),Strategies (total),90%,T7-R,fig_3f,T7-R^0,17,1.083
2021-11-22,ZA,408,Omicron BA.2,Community,1.001931578661773,2021-11-08,14,Traveler weight (travel hubs),Strategies (total),90%,T11-R,fig_3f,T11-R^0,17,1.0329
2021-11-22,ZA,408,Omicron BA.2,Community,1.001931578661773,2021-11-08,14,Traveler weight (travel hubs),Strategies (total),100%,T3-R,fig_3f,T3-R^0,17,1.081
2021-11-22,ZA,408,Omicron BA.2,Community,1.001931578661773,2021-11-08,14,Traveler weight (travel hubs),Strategies (total),100%,T7-R,fig_3f,T7-R^0,17,1.081
2021-11-22,ZA,408,Omicron BA.2,Community,1.001931578661773,2021-11-08,14,Traveler weight (travel hubs),Strategies (total),100%,T11-R,fig_3f,T11-R^0,17,1.0298
2021-11-22,TR,408,Omicron BA.2,Imported,1.7254357121873423,2021-11-08,14,Traveler weight (travel hubs),Strategies (total),100%,T11-M,fig_3f,T11-R^90,17,1
2021-11-29,ZA,409,Omicron BA.2,Community,1.2171610162977347,2021-11-08,21,Traveler weight (travel hubs),Strategies (total),50%,T11-R,fig_3f,T11-R^0,17,1.0547
2021-11-29,ZA,409,Omicron BA.2,Community,1.2171610162977347,2021-11-08,21,Traveler weight (travel hubs),Strategies (total),70%,T3-R,fig_3f,T3-R^0,17,1.0872
2021-11-29,ZA,409,Omicron BA.2,Community,1.2171610162977347,2021-11-08,21,Traveler weight (travel hubs),Strategies (total),70%,T7-R,fig_3f,T7-R^0,17,1.0872
2021-11-29,ZA,409,Omicron BA.2,Community,1.2171610162977347,2021-11-08,21,Traveler weight (travel hubs),Strategies (total),70%,T11-R,fig_3f,T11-R^0,17,1.0367
2021-11-29,ZA,409,Omicron BA.2,Community,1.2171610162977347,2021-11-08,21,Traveler weight (travel hubs),Strategies (total),90%,T3-R,fig_3f,T3-R^0,17,1.083
2021-11-29,ZA,409,Omicron BA.2,Community,1.2171610162977347,2021-11-08,21,Traveler weight (travel hubs),Strategies (total),90%,T7-R,fig_3f,T7-R^0,17,1.083
2021-11-29,ZA,409,Omicron BA.2,Community,1.2171610162977347,2021-11-08,21,Traveler weight (travel hubs),Strategies (total),90%,T11-R,fig_3f,T11-R^0,17,1.0329
2021-11-29,ZA,409,Omicron BA.2,Community,1.2171610162977347,2021-11-08,21,Traveler weight (travel hubs),Strategies (total),100%,T3-R,fig_3f,T3-R^0,17,1.081
2021-11-29,ZA,409,Omicron BA.2,Community,1.2171610162977347,2021-11-08,21,Traveler weight (travel hubs),Strategies (total),100%,T7-R,fig_3f,T7-R^0,17,1.081
2021-11-29,ZA,409,Omicron BA.2,Community,1.2171610162977347,2021-11-08,21,Traveler weight (travel hubs),Strategies (total),100%,T11-R,fig_3f,T11-R^0,17,1.0298
2021-12-08,US,409,Omicron BA.2,Imported,1,2021-11-08,30,Traveler weight (travel hubs),Strategies (total),100%,T11-M,fig_3f,T11-R^90,17,1
2021-11-25,ZA,41,Omicron BA.2,Community,1.0124260344208045,2021-11-08,17,Traveler weight (travel hubs),Strategies (total),50%,T11-R,fig_3f,T11-R^0,17,1.0547
2021-11-25,ZA,41,Omicron BA.2,Community,1.0124260344208045,2021-11-08,17,Traveler weight (travel hubs),Strategies (total),70%,T3-R,fig_3f,T3-R^0,17,1.0872
2021-11-25,ZA,41,Omicron BA.2,Community,1.0124260344208045,2021-11-08,17,Traveler weight (travel hubs),Strategies (total),70%,T7-R,fig_3f,T7-R^0,17,1.0872
2021-11-25,ZA,41,Omicron BA.2,Community,1.0124260344208045,2021-11-08,17,Traveler weight (travel hubs),Strategies (total),70%,T11-R,fig_3f,T11-R^0,17,1.0367
2021-11-25,ZA,41,Omicron BA.2,Community,1.0124260344208045,2021-11-08,17,Traveler weight (travel hubs),Strategies (total),90%,T3-R,fig_3f,T3-R^0,17,1.083
2021-11-25,ZA,41,Omicron BA.2,Community,1.0124260344208045,2021-11-08,17,Traveler weight (travel hubs),Strategies (total),90%,T7-R,fig_3f,T7-R^0,17,1.083
2021-11-25,ZA,41,Omicron BA.2,Community,1.0124260344208045,2021-11-08,17,Traveler weight (travel hubs),Strategies (total),90%,T11-R,fig_3f,T11-R^0,17,1.0329
2021-11-25,ZA,41,Omicron BA.2,Community,1.0124260344208045,2021-11-08,17,Traveler weight (travel hubs),Strategies (total),100%,T3-R,fig_3f,T3-R^0,17,1.081
2021-11-25,ZA,41,Omicron BA.2,Community,1.0124260344208045,2021-11-08,17,Traveler weight (travel hubs),Strategies (total),100%,T7-R,fig_3f,T7-R^0,17,1.081
2021-11-25,ZA,41,Omicron BA.2,Community,1.0124260344208045,2021-11-08,17,Traveler weight (travel hubs),Strategies (total),100%,T11-R,fig_3f,T11-R^0,17,1.0298
2021-11-25,US,41,Omicron BA.2,Imported,1,2021-11-08,17,Traveler weight (travel hubs),Strategies (total),100%,T11-M,fig_3f,T11-R^90,17,1
2021-11-22,IN,410,Omicron BA.2,Imported,1,2021-11-08,14,Traveler weight (travel hubs),Strategies (total),50%,T11-R,fig_3f,T11-R^0,17,1.0547
2021-11-26,ZA,410,Omicron BA.2,Community,1.0908229142059294,2021-11-08,18,Traveler weight (travel hubs),Strategies (total),70%,T3-R,fig_3f,T3-R^0,17,1.0872
2021-11-26,ZA,410,Omicron BA.2,Community,1.0908229142059294,2021-11-08,18,Traveler weight (travel hubs),Strategies (total),70%,T7-R,fig_3f,T7-R^0,17,1.0872
2021-11-22,IN,410,Omicron BA.2,Imported,1,2021-11-08,14,Traveler weight (travel hubs),Strategies (total),70%,T11-R,fig_3f,T11-R^0,17,1.0367
2021-11-26,ZA,410,Omicron BA.2,Community,1.0908229142059294,2021-11-08,18,Traveler weight (travel hubs),Strategies (total),90%,T3-R,fig_3f,T3-R^0,17,1.083
2021-11-26,ZA,410,Omicron BA.2,Community,1.0908229142059294,2021-11-08,18,Traveler weight (travel hubs),Strategies (total),90%,T7-R,fig_3f,T7-R^0,17,1.083
2021-11-22,IN,410,Omicron BA.2,Imported,1,2021-11-08,14,Traveler weight (travel hubs),Strategies (total),90%,T11-R,fig_3f,T11-R^0,17,1.0329
2021-11-26,ZA,410,Omicron BA.2,Community,1.0908229142059294,2021-11-08,18,Traveler weight (travel hubs),Strategies (total),100%,T3-R,fig_3f,T3-R^0,17,1.081
2021-11-26,ZA,410,Omicron BA.2,Community,1.0908229142059294,2021-11-08,18,Traveler weight (travel hubs),Strategies (total),100%,T7-R,fig_3f,T7-R^0,17,1.081
2021-11-22,IN,410,Omicron BA.2,Imported,1,2021-11-08,14,Traveler weight (travel hubs),Strategies (total),100%,T11-R,fig_3f,T11-R^0,17,1.0298
2021-11-15,TR,410,Omicron BA.2,Imported,1,2021-11-08,7,Traveler weight (travel hubs),Strategies (total),100%,T11-M,fig_3f,T11-R^90,17,1
2021-11-27,ZA,411,Omicron BA.2,Community,1.3359975755930986,2021-11-08,19,Traveler weight (travel hubs),Strategies (total),50%,T11-R,fig_3f,T11-R^0,17,1.0547
2021-11-27,ZA,411,Omicron BA.2,Community,1.3359975755930986,2021-11-08,19,Traveler weight (travel hubs),Strategies (total),70%,T3-R,fig_3f,T3-R^0,17,1.0872
2021-11-27,ZA,411,Omicron BA.2,Community,1.3359975755930986,2021-11-08,19,Traveler weight (travel hubs),Strategies (total),70%,T7-R,fig_3f,T7-R^0,17,1.0872
2021-11-27,ZA,411,Omicron BA.2,Community,1.3359975755930986,2021-11-08,19,Traveler weight (travel hubs),Strategies (total),70%,T11-R,fig_3f,T11-R^0,17,1.0367
2021-11-27,ZA,411,Omicron BA.2,Community,1.3359975755930986,2021-11-08,19,Traveler weight (travel hubs),Strategies (total),90%,T3-R,fig_3f,T3-R^0,17,1.083
2021-11-27,ZA,411,Omicron BA.2,Community,1.3359975755930986,2021-11-08,19,Traveler weight (travel hubs),Strategies (total),90%,T7-R,fig_3f,T7-R^0,17,1.083
2021-11-27,ZA,411,Omicron BA.2,Community,1.3359975755930986,2021-11-08,19,Traveler weight (travel hubs),Strategies (total),90%,T11-R,fig_3f,T11-R^0,17,1.0329
2021-11-27,ZA,411,Omicron BA.2,Community,1.3359975755930986,2021-11-08,19,Traveler weight (travel hubs),Strategies (total),100%,T3-R,fig_3f,T3-R^0,17,1.081
2021-11-27,ZA,411,Omicron BA.2,Community,1.3359975755930986,2021-11-08,19,Traveler weight (travel hubs),Strategies (total),100%,T7-R,fig_3f,T7-R^0,17,1.081
2021-11-27,ZA,411,Omicron BA.2,Community,1.3359975755930986,2021-11-08,19,Traveler weight (travel hubs),Strategies (total),100%,T11-R,fig_3f,T11-R^0,17,1.0298
2021-11-22,TR,411,Omicron BA.2,Imported,1,2021-11-08,14,Traveler weight (travel hubs),Strategies (total),100%,T11-M,fig_3f,T11-R^90,17,1
2021-11-29,ZA,412,Omicron BA.2,Community,1.1723637894327406,2021-11-08,21,Traveler weight (travel hubs),Strategies (total),50%,T11-R,fig_3f,T11-R^0,17,1.0547
2021-11-29,ZA,412,Omicron BA.2,Community,1.1723637894327406,2021-11-08,21,Traveler weight (travel hubs),Strategies (total),70%,T3-R,fig_3f,T3-R^0,17,1.0872
2021-11-29,ZA,412,Omicron BA.2,Community,1.1723637894327406,2021-11-08,21,Traveler weight (travel hubs),Strategies (total),70%,T7-R,fig_3f,T7-R^0,17,1.0872
2021-11-29,ZA,412,Omicron BA.2,Community,1.1723637894327406,2021-11-08,21,Traveler weight (travel hubs),Strategies (total),70%,T11-R,fig_3f,T11-R^0,17,1.0367
2021-11-29,ZA,412,Omicron BA.2,Community,1.1723637894327406,2021-11-08,21,Traveler weight (travel hubs),Strategies (total),90%,T3-R,fig_3f,T3-R^0,17,1.083
2021-11-29,ZA,412,Omicron BA.2,Community,1.1723637894327406,2021-11-08,21,Traveler weight (travel hubs),Strategies (total),90%,T7-R,fig_3f,T7-R^0,17,1.083
2021-11-29,ZA,412,Omicron BA.2,Community,1.1723637894327406,2021-11-08,21,Traveler weight (travel hubs),Strategies (total),90%,T11-R,fig_3f,T11-R^0,17,1.0329
2021-11-29,ZA,412,Omicron BA.2,Community,1.1723637894327406,2021-11-08,21,Traveler weight (travel hubs),Strategies (total),100%,T3-R,fig_3f,T3-R^0,17,1.081
2021-11-29,ZA,412,Omicron BA.2,Community,1.1723637894327406,2021-11-08,21,Traveler weight (travel hubs),Strategies (total),100%,T7-R,fig_3f,T7-R^0,17,1.081
2021-11-29,ZA,412,Omicron BA.2,Community,1.1723637894327406,2021-11-08,21,Traveler weight (travel hubs),Strategies (total),100%,T11-R,fig_3f,T11-R^0,17,1.0298
2021-12-05,US,412,Omicron BA.2,Imported,1,2021-11-08,27,Traveler weight (travel hubs),Strategies (total),100%,T11-M,fig_3f,T11-R^90,17,1
2021-11-25,ZA,413,Omicron BA.2,Community,1.109646244440688,2021-11-08,17,Traveler weight (travel hubs),Strategies (total),50%,T11-R,fig_3f,T11-R^0,17,1.0547
2021-11-25,ZA,413,Omicron BA.2,Community,1.109646244440688,2021-11-08,17,Traveler weight (travel hubs),Strategies (total),70%,T3-R,fig_3f,T3-R^0,17,1.0872
2021-11-25,ZA,413,Omicron BA.2,Community,1.109646244440688,2021-11-08,17,Traveler weight (travel hubs),Strategies (total),70%,T7-R,fig_3f,T7-R^0,17,1.0872
2021-11-25,ZA,413,Omicron BA.2,Community,1.109646244440688,2021-11-08,17,Traveler weight (travel hubs),Strategies (total),70%,T11-R,fig_3f,T11-R^0,17,1.0367
2021-11-25,ZA,413,Omicron BA.2,Community,1.109646244440688,2021-11-08,17,Traveler weight (travel hubs),Strategies (total),90%,T3-R,fig_3f,T3-R^0,17,1.083
2021-11-25,ZA,413,Omicron BA.2,Community,1.109646244440688,2021-11-08,17,Traveler weight (travel hubs),Strategies (total),90%,T7-R,fig_3f,T7-R^0,17,1.083
2021-11-25,ZA,413,Omicron BA.2,Community,1.109646244440688,2021-11-08,17,Traveler weight (travel hubs),Strategies (total),90%,T11-R,fig_3f,T11-R^0,17,1.0329
2021-11-25,ZA,413,Omicron BA.2,Community,1.109646244440688,2021-11-08,17,Traveler weight (travel hubs),Strategies (total),100%,T3-R,fig_3f,T3-R^0,17,1.081
2021-11-25,ZA,413,Omicron BA.2,Community,1.109646244440688,2021-11-08,17,Traveler weight (travel hubs),Strategies (total),100%,T7-R,fig_3f,T7-R^0,17,1.081
2021-11-25,ZA,413,Omicron BA.2,Community,1.109646244440688,2021-11-08,17,Traveler weight (travel hubs),Strategies (total),100%,T11-R,fig_3f,T11-R^0,17,1.0298
2021-11-26,IN,413,Omicron BA.2,Imported,1,2021-11-08,18,Traveler weight (travel hubs),Strategies (total),100%,T11-M,fig_3f,T11-R^90,17,1
2021-11-25,ZA,414,Omicron BA.2,Community,1.0023329439149236,2021-11-08,17,Traveler weight (travel hubs),Strategies (total),50%,T11-R,fig_3f,T11-R^0,17,1.0547
2021-11-25,ZA,414,Omicron BA.2,Community,1.0023329439149236,2021-11-08,17,Traveler weight (travel hubs),Strategies (total),70%,T3-R,fig_3f,T3-R^0,17,1.0872
2021-11-25,ZA,414,Omicron BA.2,Community,1.0023329439149236,2021-11-08,17,Traveler weight (travel hubs),Strategies (total),70%,T7-R,fig_3f,T7-R^0,17,1.0872
2021-11-25,ZA,414,Omicron BA.2,Community,1.0023329439149236,2021-11-08,17,Traveler weight (travel hubs),Strategies (total),70%,T11-R,fig_3f,T11-R^0,17,1.0367
2021-11-25,ZA,414,Omicron BA.2,Community,1.0023329439149236,2021-11-08,17,Traveler weight (travel hubs),Strategies (total),90%,T3-R,fig_3f,T3-R^0,17,1.083
2021-11-25,ZA,414,Omicron BA.2,Community,1.0023329439149236,2021-11-08,17,Traveler weight (travel hubs),Strategies (total),90%,T7-R,fig_3f,T7-R^0,17,1.083
2021-11-25,ZA,414,Omicron BA.2,Community,1.0023329439149236,2021-11-08,17,Traveler weight (travel hubs),Strategies (total),90%,T11-R,fig_3f,T11-R^0,17,1.0329
2021-11-25,ZA,414,Omicron BA.2,Community,1.0023329439149236,2021-11-08,17,Traveler weight (travel hubs),Strategies (total),100%,T3-R,fig_3f,T3-R^0,17,1.081
2021-11-25,ZA,414,Omicron BA.2,Community,1.0023329439149236,2021-11-08,17,Traveler weight (travel hubs),Strategies (total),100%,T7-R,fig_3f,T7-R^0,17,1.081
2021-11-25,ZA,414,Omicron BA.2,Community,1.0023329439149236,2021-11-08,17,Traveler weight (travel hubs),Strategies (total),100%,T11-R,fig_3f,T11-R^0,17,1.0298
2021-11-27,TR,414,Omicron BA.2,Imported,1.8347913381097223,2021-11-08,19,Traveler weight (travel hubs),Strategies (total),100%,T11-M,fig_3f,T11-R^90,17,1
2021-11-29,ZA,415,Omicron BA.2,Community,1.0182884788516249,2021-11-08,21,Traveler weight (travel hubs),Strategies (total),50%,T11-R,fig_3f,T11-R^0,17,1.0547
2021-11-29,ZA,415,Omicron BA.2,Community,1.0182884788516249,2021-11-08,21,Traveler weight (travel hubs),Strategies (total),70%,T3-R,fig_3f,T3-R^0,17,1.0872
2021-11-29,ZA,415,Omicron BA.2,Community,1.0182884788516249,2021-11-08,21,Traveler weight (travel hubs),Strategies (total),70%,T7-R,fig_3f,T7-R^0,17,1.0872
2021-11-29,ZA,415,Omicron BA.2,Community,1.0182884788516249,2021-11-08,21,Traveler weight (travel hubs),Strategies (total),70%,T11-R,fig_3f,T11-R^0,17,1.0367
2021-11-29,ZA,415,Omicron BA.2,Community,1.0182884788516249,2021-11-08,21,Traveler weight (travel hubs),Strategies (total),90%,T3-R,fig_3f,T3-R^0,17,1.083
2021-11-29,ZA,415,Omicron BA.2,Community,1.0182884788516249,2021-11-08,21,Traveler weight (travel hubs),Strategies (total),90%,T7-R,fig_3f,T7-R^0,17,1.083
2021-11-29,ZA,415,Omicron BA.2,Community,1.0182884788516249,2021-11-08,21,Traveler weight (travel hubs),Strategies (total),90%,T11-R,fig_3f,T11-R^0,17,1.0329
2021-11-29,ZA,415,Omicron BA.2,Community,1.0182884788516249,2021-11-08,21,Traveler weight (travel hubs),Strategies (total),100%,T3-R,fig_3f,T3-R^0,17,1.081
2021-11-29,ZA,415,Omicron BA.2,Community,1.0182884788516249,2021-11-08,21,Traveler weight (travel hubs),Strategies (total),100%,T7-R,fig_3f,T7-R^0,17,1.081
2021-11-29,ZA,415,Omicron BA.2,Community,1.0182884788516249,2021-11-08,21,Traveler weight (travel hubs),Strategies (total),100%,T11-R,fig_3f,T11-R^0,17,1.0298
2021-12-03,US,415,Omicron BA.2,Imported,1,2021-11-08,25,Traveler weight (travel hubs),Strategies (total),100%,T11-M,fig_3f,T11-R^90,17,1
2021-11-25,ZA,416,Omicron BA.2,Community,1.4504364768157307,2021-11-08,17,Traveler weight (travel hubs),Strategies (total),50%,T11-R,fig_3f,T11-R^0,17,1.0547
2021-11-25,ZA,416,Omicron BA.2,Community,1.4504364768157307,2021-11-08,17,Traveler weight (travel hubs),Strategies (total),70%,T3-R,fig_3f,T3-R^0,17,1.0872
2021-11-25,ZA,416,Omicron BA.2,Community,1.4504364768157307,2021-11-08,17,Traveler weight (travel hubs),Strategies (total),70%,T7-R,fig_3f,T7-R^0,17,1.0872
2021-11-25,ZA,416,Omicron BA.2,Community,1.4504364768157307,2021-11-08,17,Traveler weight (travel hubs),Strategies (total),70%,T11-R,fig_3f,T11-R^0,17,1.0367
2021-11-25,ZA,416,Omicron BA.2,Community,1.4504364768157307,2021-11-08,17,Traveler weight (travel hubs),Strategies (total),90%,T3-R,fig_3f,T3-R^0,17,1.083
2021-11-25,ZA,416,Omicron BA.2,Community,1.4504364768157307,2021-11-08,17,Traveler weight (travel hubs),Strategies (total),90%,T7-R,fig_3f,T7-R^0,17,1.083
2021-11-25,ZA,416,Omicron BA.2,Community,1.4504364768157307,2021-11-08,17,Traveler weight (travel hubs),Strategies (total),90%,T11-R,fig_3f,T11-R^0,17,1.0329
2021-11-25,ZA,416,Omicron BA.2,Community,1.4504364768157307,2021-11-08,17,Traveler weight (travel hubs),Strategies (total),100%,T3-R,fig_3f,T3-R^0,17,1.081
2021-11-25,ZA,416,Omicron BA.2,Community,1.4504364768157307,2021-11-08,17,Traveler weight (travel hubs),Strategies (total),100%,T7-R,fig_3f,T7-R^0,17,1.081
2021-11-25,ZA,416,Omicron BA.2,Community,1.4504364768157307,2021-11-08,17,Traveler weight (travel hubs),Strategies (total),100%,T11-R,fig_3f,T11-R^0,17,1.0298
2021-11-27,IN,416,Omicron BA.2,Imported,1,2021-11-08,19,Traveler weight (travel hubs),Strategies (total),100%,T11-M,fig_3f,T11-R^90,17,1
2021-11-29,ZA,417,Omicron BA.2,Community,1.3764966073061788,2021-11-08,21,Traveler weight (travel hubs),Strategies (total),50%,T11-R,fig_3f,T11-R^0,17,1.0547
2021-11-29,ZA,417,Omicron BA.2,Community,1.3764966073061788,2021-11-08,21,Traveler weight (travel hubs),Strategies (total),70%,T3-R,fig_3f,T3-R^0,17,1.0872
2021-11-29,ZA,417,Omicron BA.2,Community,1.3764966073061788,2021-11-08,21,Traveler weight (travel hubs),Strategies (total),70%,T7-R,fig_3f,T7-R^0,17,1.0872
2021-11-29,ZA,417,Omicron BA.2,Community,1.3764966073061788,2021-11-08,21,Traveler weight (travel hubs),Strategies (total),70%,T11-R,fig_3f,T11-R^0,17,1.0367
2021-11-29,ZA,417,Omicron BA.2,Community,1.3764966073061788,2021-11-08,21,Traveler weight (travel hubs),Strategies (total),90%,T3-R,fig_3f,T3-R^0,17,1.083
2021-11-29,ZA,417,Omicron BA.2,Community,1.3764966073061788,2021-11-08,21,Traveler weight (travel hubs),Strategies (total),90%,T7-R,fig_3f,T7-R^0,17,1.083
2021-11-29,ZA,417,Omicron BA.2,Community,1.3764966073061788,2021-11-08,21,Traveler weight (travel hubs),Strategies (total),90%,T11-R,fig_3f,T11-R^0,17,1.0329
2021-11-29,ZA,417,Omicron BA.2,Community,1.3764966073061788,2021-11-08,21,Traveler weight (travel hubs),Strategies (total),100%,T3-R,fig_3f,T3-R^0,17,1.081
2021-11-29,ZA,417,Omicron BA.2,Community,1.3764966073061788,2021-11-08,21,Traveler weight (travel hubs),Strategies (total),100%,T7-R,fig_3f,T7-R^0,17,1.081
2021-11-29,ZA,417,Omicron BA.2,Community,1.3764966073061788,2021-11-08,21,Traveler weight (travel hubs),Strategies (total),100%,T11-R,fig_3f,T11-R^0,17,1.0298
2021-12-09,IN,417,Omicron BA.2,Imported,2,2021-11-08,31,Traveler weight (travel hubs),Strategies (total),100%,T11-M,fig_3f,T11-R^90,17,1
2021-11-23,ZA,418,Omicron BA.2,Community,1.3640759982281367,2021-11-08,15,Traveler weight (travel hubs),Strategies (total),50%,T11-R,fig_3f,T11-R^0,17,1.0547
2021-11-23,ZA,418,Omicron BA.2,Community,1.3640759982281367,2021-11-08,15,Traveler weight (travel hubs),Strategies (total),70%,T3-R,fig_3f,T3-R^0,17,1.0872
2021-11-23,ZA,418,Omicron BA.2,Community,1.3640759982281367,2021-11-08,15,Traveler weight (travel hubs),Strategies (total),70%,T7-R,fig_3f,T7-R^0,17,1.0872
2021-11-23,ZA,418,Omicron BA.2,Community,1.3640759982281367,2021-11-08,15,Traveler weight (travel hubs),Strategies (total),70%,T11-R,fig_3f,T11-R^0,17,1.0367
2021-11-23,ZA,418,Omicron BA.2,Community,1.3640759982281367,2021-11-08,15,Traveler weight (travel hubs),Strategies (total),90%,T3-R,fig_3f,T3-R^0,17,1.083
2021-11-23,ZA,418,Omicron BA.2,Community,1.3640759982281367,2021-11-08,15,Traveler weight (travel hubs),Strategies (total),90%,T7-R,fig_3f,T7-R^0,17,1.083
2021-11-23,ZA,418,Omicron BA.2,Community,1.3640759982281367,2021-11-08,15,Traveler weight (travel hubs),Strategies (total),90%,T11-R,fig_3f,T11-R^0,17,1.0329
2021-11-23,ZA,418,Omicron BA.2,Community,1.3640759982281367,2021-11-08,15,Traveler weight (travel hubs),Strategies (total),100%,T3-R,fig_3f,T3-R^0,17,1.081
2021-11-23,ZA,418,Omicron BA.2,Community,1.3640759982281367,2021-11-08,15,Traveler weight (travel hubs),Strategies (total),100%,T7-R,fig_3f,T7-R^0,17,1.081
2021-11-23,ZA,418,Omicron BA.2,Community,1.3640759982281367,2021-11-08,15,Traveler weight (travel hubs),Strategies (total),100%,T11-R,fig_3f,T11-R^0,17,1.0298
2021-11-22,TR,418,Omicron BA.2,Imported,1.1567718081413287,2021-11-08,14,Traveler weight (travel hubs),Strategies (total),100%,T11-M,fig_3f,T11-R^90,17,1
2021-11-25,ZA,419,Omicron BA.2,Community,1.0348386324559231,2021-11-08,17,Traveler weight (travel hubs),Strategies (total),50%,T11-R,fig_3f,T11-R^0,17,1.0547
2021-11-25,ZA,419,Omicron BA.2,Community,1.0348386324559231,2021-11-08,17,Traveler weight (travel hubs),Strategies (total),70%,T3-R,fig_3f,T3-R^0,17,1.0872
2021-11-25,ZA,419,Omicron BA.2,Community,1.0348386324559231,2021-11-08,17,Traveler weight (travel hubs),Strategies (total),70%,T7-R,fig_3f,T7-R^0,17,1.0872
2021-11-25,ZA,419,Omicron BA.2,Community,1.0348386324559231,2021-11-08,17,Traveler weight (travel hubs),Strategies (total),70%,T11-R,fig_3f,T11-R^0,17,1.0367
2021-11-25,ZA,419,Omicron BA.2,Community,1.0348386324559231,2021-11-08,17,Traveler weight (travel hubs),Strategies (total),90%,T3-R,fig_3f,T3-R^0,17,1.083
2021-11-25,ZA,419,Omicron BA.2,Community,1.0348386324559231,2021-11-08,17,Traveler weight (travel hubs),Strategies (total),90%,T7-R,fig_3f,T7-R^0,17,1.083
2021-11-25,ZA,419,Omicron BA.2,Community,1.0348386324559231,2021-11-08,17,Traveler weight (travel hubs),Strategies (total),90%,T11-R,fig_3f,T11-R^0,17,1.0329
2021-11-25,ZA,419,Omicron BA.2,Community,1.0348386324559231,2021-11-08,17,Traveler weight (travel hubs),Strategies (total),100%,T3-R,fig_3f,T3-R^0,17,1.081
2021-11-25,ZA,419,Omicron BA.2,Community,1.0348386324559231,2021-11-08,17,Traveler weight (travel hubs),Strategies (total),100%,T7-R,fig_3f,T7-R^0,17,1.081
2021-11-25,ZA,419,Omicron BA.2,Community,1.0348386324559231,2021-11-08,17,Traveler weight (travel hubs),Strategies (total),100%,T11-R,fig_3f,T11-R^0,17,1.0298
2021-12-04,US,419,Omicron BA.2,Imported,1,2021-11-08,26,Traveler weight (travel hubs),Strategies (total),100%,T11-M,fig_3f,T11-R^90,17,1
2021-11-25,ZA,42,Omicron BA.2,Community,1.0290499481951971,2021-11-08,17,Traveler weight (travel hubs),Strategies (total),50%,T11-R,fig_3f,T11-R^0,17,1.0547
2021-11-25,ZA,42,Omicron BA.2,Community,1.0290499481951971,2021-11-08,17,Traveler weight (travel hubs),Strategies (total),70%,T3-R,fig_3f,T3-R^0,17,1.0872
2021-11-25,ZA,42,Omicron BA.2,Community,1.0290499481951971,2021-11-08,17,Traveler weight (travel hubs),Strategies (total),70%,T7-R,fig_3f,T7-R^0,17,1.0872
2021-11-25,ZA,42,Omicron BA.2,Community,1.0290499481951971,2021-11-08,17,Traveler weight (travel hubs),Strategies (total),70%,T11-R,fig_3f,T11-R^0,17,1.0367
2021-11-25,ZA,42,Omicron BA.2,Community,1.0290499481951971,2021-11-08,17,Traveler weight (travel hubs),Strategies (total),90%,T3-R,fig_3f,T3-R^0,17,1.083
2021-11-25,ZA,42,Omicron BA.2,Community,1.0290499481951971,2021-11-08,17,Traveler weight (travel hubs),Strategies (total),90%,T7-R,fig_3f,T7-R^0,17,1.083
2021-11-25,ZA,42,Omicron BA.2,Community,1.0290499481951971,2021-11-08,17,Traveler weight (travel hubs),Strategies (total),90%,T11-R,fig_3f,T11-R^0,17,1.0329
2021-11-25,ZA,42,Omicron BA.2,Community,1.0290499481951971,2021-11-08,17,Traveler weight (travel hubs),Strategies (total),100%,T3-R,fig_3f,T3-R^0,17,1.081
2021-11-25,ZA,42,Omicron BA.2,Community,1.0290499481951971,2021-11-08,17,Traveler weight (travel hubs),Strategies (total),100%,T7-R,fig_3f,T7-R^0,17,1.081
2021-11-25,ZA,42,Omicron BA.2,Community,1.0290499481951971,2021-11-08,17,Traveler weight (travel hubs),Strategies (total),100%,T11-R,fig_3f,T11-R^0,17,1.0298
2021-11-27,IN,42,Omicron BA.2,Imported,1,2021-11-08,19,Traveler weight (travel hubs),Strategies (total),100%,T11-M,fig_3f,T11-R^90,17,1
2021-11-27,US,420,Omicron BA.2,Imported,1,2021-11-08,19,Traveler weight (travel hubs),Strategies (total),50%,T11-R,fig_3f,T11-R^0,17,1.0547
2021-11-27,US,420,Omicron BA.2,Imported,1,2021-11-08,19,Traveler weight (travel hubs),Strategies (total),70%,T3-R,fig_3f,T3-R^0,17,1.0872
2021-11-27,US,420,Omicron BA.2,Imported,1,2021-11-08,19,Traveler weight (travel hubs),Strategies (total),70%,T7-R,fig_3f,T7-R^0,17,1.0872
2021-11-27,US,420,Omicron BA.2,Imported,1,2021-11-08,19,Traveler weight (travel hubs),Strategies (total),70%,T11-R,fig_3f,T11-R^0,17,1.0367
2021-11-27,US,420,Omicron BA.2,Imported,1,2021-11-08,19,Traveler weight (travel hubs),Strategies (total),90%,T3-R,fig_3f,T3-R^0,17,1.083
2021-11-27,US,420,Omicron BA.2,Imported,1,2021-11-08,19,Traveler weight (travel hubs),Strategies (total),90%,T7-R,fig_3f,T7-R^0,17,1.083
2021-11-27,US,420,Omicron BA.2,Imported,1,2021-11-08,19,Traveler weight (travel hubs),Strategies (total),90%,T11-R,fig_3f,T11-R^0,17,1.0329
2021-11-27,US,420,Omicron BA.2,Imported,1,2021-11-08,19,Traveler weight (travel hubs),Strategies (total),100%,T3-R,fig_3f,T3-R^0,17,1.081
2021-11-27,US,420,Omicron BA.2,Imported,1,2021-11-08,19,Traveler weight (travel hubs),Strategies (total),100%,T7-R,fig_3f,T7-R^0,17,1.081
2021-11-27,US,420,Omicron BA.2,Imported,1,2021-11-08,19,Traveler weight (travel hubs),Strategies (total),100%,T11-R,fig_3f,T11-R^0,17,1.0298
2021-11-27,US,420,Omicron BA.2,Imported,1,2021-11-08,19,Traveler weight (travel hubs),Strategies (total),100%,T11-M,fig_3f,T11-R^90,17,1
2021-12-02,ZA,421,Omicron BA.2,Community,1.021359599295424,2021-11-08,24,Traveler weight (travel hubs),Strategies (total),50%,T11-R,fig_3f,T11-R^0,17,1.0547
2021-12-02,ZA,421,Omicron BA.2,Community,1.021359599295424,2021-11-08,24,Traveler weight (travel hubs),Strategies (total),70%,T3-R,fig_3f,T3-R^0,17,1.0872
2021-12-02,ZA,421,Omicron BA.2,Community,1.021359599295424,2021-11-08,24,Traveler weight (travel hubs),Strategies (total),70%,T7-R,fig_3f,T7-R^0,17,1.0872
2021-12-02,ZA,421,Omicron BA.2,Community,1.021359599295424,2021-11-08,24,Traveler weight (travel hubs),Strategies (total),70%,T11-R,fig_3f,T11-R^0,17,1.0367
2021-12-02,ZA,421,Omicron BA.2,Community,1.021359599295424,2021-11-08,24,Traveler weight (travel hubs),Strategies (total),90%,T3-R,fig_3f,T3-R^0,17,1.083
2021-12-02,ZA,421,Omicron BA.2,Community,1.021359599295424,2021-11-08,24,Traveler weight (travel hubs),Strategies (total),90%,T7-R,fig_3f,T7-R^0,17,1.083
2021-12-02,ZA,421,Omicron BA.2,Community,1.021359599295424,2021-11-08,24,Traveler weight (travel hubs),Strategies (total),90%,T11-R,fig_3f,T11-R^0,17,1.0329
2021-12-02,ZA,421,Omicron BA.2,Community,1.021359599295424,2021-11-08,24,Traveler weight (travel hubs),Strategies (total),100%,T3-R,fig_3f,T3-R^0,17,1.081
2021-12-02,ZA,421,Omicron BA.2,Community,1.021359599295424,2021-11-08,24,Traveler weight (travel hubs),Strategies (total),100%,T7-R,fig_3f,T7-R^0,17,1.081
2021-12-02,ZA,421,Omicron BA.2,Community,1.021359599295424,2021-11-08,24,Traveler weight (travel hubs),Strategies (total),100%,T11-R,fig_3f,T11-R^0,17,1.0298
2021-12-03,IN,421,Omicron BA.2,Imported,1,2021-11-08,25,Traveler weight (travel hubs),Strategies (total),100%,T11-M,fig_3f,T11-R^90,17,1
2021-11-27,ZA,422,Omicron BA.2,Community,1.0197531297671836,2021-11-08,19,Traveler weight (travel hubs),Strategies (total),50%,T11-R,fig_3f,T11-R^0,17,1.0547
2021-11-27,ZA,422,Omicron BA.2,Community,1.0197531297671836,2021-11-08,19,Traveler weight (travel hubs),Strategies (total),70%,T3-R,fig_3f,T3-R^0,17,1.0872
2021-11-27,ZA,422,Omicron BA.2,Community,1.0197531297671836,2021-11-08,19,Traveler weight (travel hubs),Strategies (total),70%,T7-R,fig_3f,T7-R^0,17,1.0872
2021-11-27,ZA,422,Omicron BA.2,Community,1.0197531297671836,2021-11-08,19,Traveler weight (travel hubs),Strategies (total),70%,T11-R,fig_3f,T11-R^0,17,1.0367
2021-11-27,ZA,422,Omicron BA.2,Community,1.0197531297671836,2021-11-08,19,Traveler weight (travel hubs),Strategies (total),90%,T3-R,fig_3f,T3-R^0,17,1.083
2021-11-27,ZA,422,Omicron BA.2,Community,1.0197531297671836,2021-11-08,19,Traveler weight (travel hubs),Strategies (total),90%,T7-R,fig_3f,T7-R^0,17,1.083
2021-11-27,ZA,422,Omicron BA.2,Community,1.0197531297671836,2021-11-08,19,Traveler weight (travel hubs),Strategies (total),90%,T11-R,fig_3f,T11-R^0,17,1.0329
2021-11-27,ZA,422,Omicron BA.2,Community,1.0197531297671836,2021-11-08,19,Traveler weight (travel hubs),Strategies (total),100%,T3-R,fig_3f,T3-R^0,17,1.081
2021-11-27,ZA,422,Omicron BA.2,Community,1.0197531297671836,2021-11-08,19,Traveler weight (travel hubs),Strategies (total),100%,T7-R,fig_3f,T7-R^0,17,1.081
2021-11-27,ZA,422,Omicron BA.2,Community,1.0197531297671836,2021-11-08,19,Traveler weight (travel hubs),Strategies (total),100%,T11-R,fig_3f,T11-R^0,17,1.0298
2021-12-04,TR,422,Omicron BA.2,Imported,1,2021-11-08,26,Traveler weight (travel hubs),Strategies (total),100%,T11-M,fig_3f,T11-R^90,17,1
2021-11-25,ZA,423,Omicron BA.2,Community,1.33837348664014,2021-11-08,17,Traveler weight (travel hubs),Strategies (total),50%,T11-R,fig_3f,T11-R^0,17,1.0547
2021-11-25,ZA,423,Omicron BA.2,Community,1.33837348664014,2021-11-08,17,Traveler weight (travel hubs),Strategies (total),70%,T3-R,fig_3f,T3-R^0,17,1.0872
2021-11-25,ZA,423,Omicron BA.2,Community,1.33837348664014,2021-11-08,17,Traveler weight (travel hubs),Strategies (total),70%,T7-R,fig_3f,T7-R^0,17,1.0872
2021-11-25,ZA,423,Omicron BA.2,Community,1.33837348664014,2021-11-08,17,Traveler weight (travel hubs),Strategies (total),70%,T11-R,fig_3f,T11-R^0,17,1.0367
2021-11-25,ZA,423,Omicron BA.2,Community,1.33837348664014,2021-11-08,17,Traveler weight (travel hubs),Strategies (total),90%,T3-R,fig_3f,T3-R^0,17,1.083
2021-11-25,ZA,423,Omicron BA.2,Community,1.33837348664014,2021-11-08,17,Traveler weight (travel hubs),Strategies (total),90%,T7-R,fig_3f,T7-R^0,17,1.083
2021-11-25,ZA,423,Omicron BA.2,Community,1.33837348664014,2021-11-08,17,Traveler weight (travel hubs),Strategies (total),90%,T11-R,fig_3f,T11-R^0,17,1.0329
2021-11-25,ZA,423,Omicron BA.2,Community,1.33837348664014,2021-11-08,17,Traveler weight (travel hubs),Strategies (total),100%,T3-R,fig_3f,T3-R^0,17,1.081
2021-11-25,ZA,423,Omicron BA.2,Community,1.33837348664014,2021-11-08,17,Traveler weight (travel hubs),Strategies (total),100%,T7-R,fig_3f,T7-R^0,17,1.081
2021-11-25,ZA,423,Omicron BA.2,Community,1.33837348664014,2021-11-08,17,Traveler weight (travel hubs),Strategies (total),100%,T11-R,fig_3f,T11-R^0,17,1.0298
2021-12-03,US,423,Omicron BA.2,Imported,2,2021-11-08,25,Traveler weight (travel hubs),Strategies (total),100%,T11-M,fig_3f,T11-R^90,17,1
2021-12-02,ZA,424,Omicron BA.2,Community,1.1644701715908528,2021-11-08,24,Traveler weight (travel hubs),Strategies (total),50%,T11-R,fig_3f,T11-R^0,17,1.0547
2021-12-02,ZA,424,Omicron BA.2,Community,1.1644701715908528,2021-11-08,24,Traveler weight (travel hubs),Strategies (total),70%,T3-R,fig_3f,T3-R^0,17,1.0872
2021-12-02,ZA,424,Omicron BA.2,Community,1.1644701715908528,2021-11-08,24,Traveler weight (travel hubs),Strategies (total),70%,T7-R,fig_3f,T7-R^0,17,1.0872
2021-12-02,ZA,424,Omicron BA.2,Community,1.1644701715908528,2021-11-08,24,Traveler weight (travel hubs),Strategies (total),70%,T11-R,fig_3f,T11-R^0,17,1.0367
2021-12-02,ZA,424,Omicron BA.2,Community,1.1644701715908528,2021-11-08,24,Traveler weight (travel hubs),Strategies (total),90%,T3-R,fig_3f,T3-R^0,17,1.083
2021-12-02,ZA,424,Omicron BA.2,Community,1.1644701715908528,2021-11-08,24,Traveler weight (travel hubs),Strategies (total),90%,T7-R,fig_3f,T7-R^0,17,1.083
2021-12-02,ZA,424,Omicron BA.2,Community,1.1644701715908528,2021-11-08,24,Traveler weight (travel hubs),Strategies (total),90%,T11-R,fig_3f,T11-R^0,17,1.0329
2021-12-02,ZA,424,Omicron BA.2,Community,1.1644701715908528,2021-11-08,24,Traveler weight (travel hubs),Strategies (total),100%,T3-R,fig_3f,T3-R^0,17,1.081
2021-12-02,ZA,424,Omicron BA.2,Community,1.1644701715908528,2021-11-08,24,Traveler weight (travel hubs),Strategies (total),100%,T7-R,fig_3f,T7-R^0,17,1.081
2021-12-02,ZA,424,Omicron BA.2,Community,1.1644701715908528,2021-11-08,24,Traveler weight (travel hubs),Strategies (total),100%,T11-R,fig_3f,T11-R^0,17,1.0298
2021-11-17,AE,424,Omicron BA.2,Imported,1,2021-11-08,9,Traveler weight (travel hubs),Strategies (total),100%,T11-M,fig_3f,T11-R^90,17,1
2021-11-25,ZA,425,Omicron BA.2,Community,1.0725392940514198,2021-11-08,17,Traveler weight (travel hubs),Strategies (total),50%,T11-R,fig_3f,T11-R^0,17,1.0547
2021-11-25,ZA,425,Omicron BA.2,Community,1.0725392940514198,2021-11-08,17,Traveler weight (travel hubs),Strategies (total),70%,T3-R,fig_3f,T3-R^0,17,1.0872
2021-11-25,ZA,425,Omicron BA.2,Community,1.0725392940514198,2021-11-08,17,Traveler weight (travel hubs),Strategies (total),70%,T7-R,fig_3f,T7-R^0,17,1.0872
2021-11-25,ZA,425,Omicron BA.2,Community,1.0725392940514198,2021-11-08,17,Traveler weight (travel hubs),Strategies (total),70%,T11-R,fig_3f,T11-R^0,17,1.0367
2021-11-25,ZA,425,Omicron BA.2,Community,1.0725392940514198,2021-11-08,17,Traveler weight (travel hubs),Strategies (total),90%,T3-R,fig_3f,T3-R^0,17,1.083
2021-11-25,ZA,425,Omicron BA.2,Community,1.0725392940514198,2021-11-08,17,Traveler weight (travel hubs),Strategies (total),90%,T7-R,fig_3f,T7-R^0,17,1.083
2021-11-25,ZA,425,Omicron BA.2,Community,1.0725392940514198,2021-11-08,17,Traveler weight (travel hubs),Strategies (total),90%,T11-R,fig_3f,T11-R^0,17,1.0329
2021-11-25,ZA,425,Omicron BA.2,Community,1.0725392940514198,2021-11-08,17,Traveler weight (travel hubs),Strategies (total),100%,T3-R,fig_3f,T3-R^0,17,1.081
2021-11-25,ZA,425,Omicron BA.2,Community,1.0725392940514198,2021-11-08,17,Traveler weight (travel hubs),Strategies (total),100%,T7-R,fig_3f,T7-R^0,17,1.081
2021-11-25,ZA,425,Omicron BA.2,Community,1.0725392940514198,2021-11-08,17,Traveler weight (travel hubs),Strategies (total),100%,T11-R,fig_3f,T11-R^0,17,1.0298
2021-12-03,US,425,Omicron BA.2,Imported,2,2021-11-08,25,Traveler weight (travel hubs),Strategies (total),100%,T11-M,fig_3f,T11-R^90,17,1
2021-11-27,ZA,426,Omicron BA.2,Community,1.2103252778143936,2021-11-08,19,Traveler weight (travel hubs),Strategies (total),50%,T11-R,fig_3f,T11-R^0,17,1.0547
2021-11-27,ZA,426,Omicron BA.2,Community,1.2103252778143936,2021-11-08,19,Traveler weight (travel hubs),Strategies (total),70%,T3-R,fig_3f,T3-R^0,17,1.0872
2021-11-27,ZA,426,Omicron BA.2,Community,1.2103252778143936,2021-11-08,19,Traveler weight (travel hubs),Strategies (total),70%,T7-R,fig_3f,T7-R^0,17,1.0872
2021-11-27,ZA,426,Omicron BA.2,Community,1.2103252778143936,2021-11-08,19,Traveler weight (travel hubs),Strategies (total),70%,T11-R,fig_3f,T11-R^0,17,1.0367
2021-11-27,ZA,426,Omicron BA.2,Community,1.2103252778143936,2021-11-08,19,Traveler weight (travel hubs),Strategies (total),90%,T3-R,fig_3f,T3-R^0,17,1.083
2021-11-27,ZA,426,Omicron BA.2,Community,1.2103252778143936,2021-11-08,19,Traveler weight (travel hubs),Strategies (total),90%,T7-R,fig_3f,T7-R^0,17,1.083
2021-11-27,ZA,426,Omicron BA.2,Community,1.2103252778143936,2021-11-08,19,Traveler weight (travel hubs),Strategies (total),90%,T11-R,fig_3f,T11-R^0,17,1.0329
2021-11-27,ZA,426,Omicron BA.2,Community,1.2103252778143936,2021-11-08,19,Traveler weight (travel hubs),Strategies (total),100%,T3-R,fig_3f,T3-R^0,17,1.081
2021-11-27,ZA,426,Omicron BA.2,Community,1.2103252778143936,2021-11-08,19,Traveler weight (travel hubs),Strategies (total),100%,T7-R,fig_3f,T7-R^0,17,1.081
2021-11-27,ZA,426,Omicron BA.2,Community,1.2103252778143936,2021-11-08,19,Traveler weight (travel hubs),Strategies (total),100%,T11-R,fig_3f,T11-R^0,17,1.0298
2021-11-26,TR,426,Omicron BA.2,Imported,1,2021-11-08,18,Traveler weight (travel hubs),Strategies (total),100%,T11-M,fig_3f,T11-R^90,17,1
2021-11-22,IN,427,Omicron BA.2,Imported,1,2021-11-08,14,Traveler weight (travel hubs),Strategies (total),50%,T11-R,fig_3f,T11-R^0,17,1.0547
2021-11-29,ZA,427,Omicron BA.2,Community,1.2229303561212566,2021-11-08,21,Traveler weight (travel hubs),Strategies (total),70%,T3-R,fig_3f,T3-R^0,17,1.0872
2021-11-29,ZA,427,Omicron BA.2,Community,1.2229303561212566,2021-11-08,21,Traveler weight (travel hubs),Strategies (total),70%,T7-R,fig_3f,T7-R^0,17,1.0872
2021-11-22,IN,427,Omicron BA.2,Imported,1,2021-11-08,14,Traveler weight (travel hubs),Strategies (total),70%,T11-R,fig_3f,T11-R^0,17,1.0367
2021-11-29,ZA,427,Omicron BA.2,Community,1.2229303561212566,2021-11-08,21,Traveler weight (travel hubs),Strategies (total),90%,T3-R,fig_3f,T3-R^0,17,1.083
2021-11-29,ZA,427,Omicron BA.2,Community,1.2229303561212566,2021-11-08,21,Traveler weight (travel hubs),Strategies (total),90%,T7-R,fig_3f,T7-R^0,17,1.083
2021-11-22,IN,427,Omicron BA.2,Imported,1,2021-11-08,14,Traveler weight (travel hubs),Strategies (total),90%,T11-R,fig_3f,T11-R^0,17,1.0329
2021-11-29,ZA,427,Omicron BA.2,Community,1.2229303561212566,2021-11-08,21,Traveler weight (travel hubs),Strategies (total),100%,T3-R,fig_3f,T3-R^0,17,1.081
2021-11-29,ZA,427,Omicron BA.2,Community,1.2229303561212566,2021-11-08,21,Traveler weight (travel hubs),Strategies (total),100%,T7-R,fig_3f,T7-R^0,17,1.081
2021-11-22,IN,427,Omicron BA.2,Imported,1,2021-11-08,14,Traveler weight (travel hubs),Strategies (total),100%,T11-R,fig_3f,T11-R^0,17,1.0298
2021-11-22,IN,427,Omicron BA.2,Imported,1,2021-11-08,14,Traveler weight (travel hubs),Strategies (total),100%,T11-M,fig_3f,T11-R^90,17,1
2021-11-23,ZA,428,Omicron BA.2,Community,1.1426094646331069,2021-11-08,15,Traveler weight (travel hubs),Strategies (total),50%,T11-R,fig_3f,T11-R^0,17,1.0547
2021-11-23,ZA,428,Omicron BA.2,Community,1.1426094646331069,2021-11-08,15,Traveler weight (travel hubs),Strategies (total),70%,T3-R,fig_3f,T3-R^0,17,1.0872
2021-11-23,ZA,428,Omicron BA.2,Community,1.1426094646331069,2021-11-08,15,Traveler weight (travel hubs),Strategies (total),70%,T7-R,fig_3f,T7-R^0,17,1.0872
2021-11-23,ZA,428,Omicron BA.2,Community,1.1426094646331069,2021-11-08,15,Traveler weight (travel hubs),Strategies (total),70%,T11-R,fig_3f,T11-R^0,17,1.0367
2021-11-23,ZA,428,Omicron BA.2,Community,1.1426094646331069,2021-11-08,15,Traveler weight (travel hubs),Strategies (total),90%,T3-R,fig_3f,T3-R^0,17,1.083
2021-11-23,ZA,428,Omicron BA.2,Community,1.1426094646331069,2021-11-08,15,Traveler weight (travel hubs),Strategies (total),90%,T7-R,fig_3f,T7-R^0,17,1.083
2021-11-23,ZA,428,Omicron BA.2,Community,1.1426094646331069,2021-11-08,15,Traveler weight (travel hubs),Strategies (total),90%,T11-R,fig_3f,T11-R^0,17,1.0329
2021-11-23,ZA,428,Omicron BA.2,Community,1.1426094646331069,2021-11-08,15,Traveler weight (travel hubs),Strategies (total),100%,T3-R,fig_3f,T3-R^0,17,1.081
2021-11-23,ZA,428,Omicron BA.2,Community,1.1426094646331069,2021-11-08,15,Traveler weight (travel hubs),Strategies (total),100%,T7-R,fig_3f,T7-R^0,17,1.081
2021-11-23,ZA,428,Omicron BA.2,Community,1.1426094646331069,2021-11-08,15,Traveler weight (travel hubs),Strategies (total),100%,T11-R,fig_3f,T11-R^0,17,1.0298
2021-11-27,US,428,Omicron BA.2,Imported,2,2021-11-08,19,Traveler weight (travel hubs),Strategies (total),100%,T11-M,fig_3f,T11-R^90,17,1
2021-11-23,ZA,429,Omicron BA.2,Community,1.3679026337978135,2021-11-08,15,Traveler weight (travel hubs),Strategies (total),50%,T11-R,fig_3f,T11-R^0,17,1.0547
2021-11-23,ZA,429,Omicron BA.2,Community,1.3679026337978135,2021-11-08,15,Traveler weight (travel hubs),Strategies (total),70%,T3-R,fig_3f,T3-R^0,17,1.0872
2021-11-23,ZA,429,Omicron BA.2,Community,1.3679026337978135,2021-11-08,15,Traveler weight (travel hubs),Strategies (total),70%,T7-R,fig_3f,T7-R^0,17,1.0872
2021-11-23,ZA,429,Omicron BA.2,Community,1.3679026337978135,2021-11-08,15,Traveler weight (travel hubs),Strategies (total),70%,T11-R,fig_3f,T11-R^0,17,1.0367
2021-11-23,ZA,429,Omicron BA.2,Community,1.3679026337978135,2021-11-08,15,Traveler weight (travel hubs),Strategies (total),90%,T3-R,fig_3f,T3-R^0,17,1.083
2021-11-23,ZA,429,Omicron BA.2,Community,1.3679026337978135,2021-11-08,15,Traveler weight (travel hubs),Strategies (total),90%,T7-R,fig_3f,T7-R^0,17,1.083
2021-11-23,ZA,429,Omicron BA.2,Community,1.3679026337978135,2021-11-08,15,Traveler weight (travel hubs),Strategies (total),90%,T11-R,fig_3f,T11-R^0,17,1.0329
2021-11-23,ZA,429,Omicron BA.2,Community,1.3679026337978135,2021-11-08,15,Traveler weight (travel hubs),Strategies (total),100%,T3-R,fig_3f,T3-R^0,17,1.081
2021-11-23,ZA,429,Omicron BA.2,Community,1.3679026337978135,2021-11-08,15,Traveler weight (travel hubs),Strategies (total),100%,T7-R,fig_3f,T7-R^0,17,1.081
2021-11-23,ZA,429,Omicron BA.2,Community,1.3679026337978135,2021-11-08,15,Traveler weight (travel hubs),Strategies (total),100%,T11-R,fig_3f,T11-R^0,17,1.0298
2021-12-02,IN,429,Omicron BA.2,Imported,1,2021-11-08,24,Traveler weight (travel hubs),Strategies (total),100%,T11-M,fig_3f,T11-R^90,17,1
2021-11-22,US,43,Omicron BA.2,Imported,1,2021-11-08,14,Traveler weight (travel hubs),Strategies (total),50%,T11-R,fig_3f,T11-R^0,17,1.0547
2021-11-22,US,43,Omicron BA.2,Imported,1,2021-11-08,14,Traveler weight (travel hubs),Strategies (total),70%,T3-R,fig_3f,T3-R^0,17,1.0872
2021-11-22,US,43,Omicron BA.2,Imported,1,2021-11-08,14,Traveler weight (travel hubs),Strategies (total),70%,T7-R,fig_3f,T7-R^0,17,1.0872
2021-11-22,US,43,Omicron BA.2,Imported,1,2021-11-08,14,Traveler weight (travel hubs),Strategies (total),70%,T11-R,fig_3f,T11-R^0,17,1.0367
2021-11-22,US,43,Omicron BA.2,Imported,1,2021-11-08,14,Traveler weight (travel hubs),Strategies (total),90%,T3-R,fig_3f,T3-R^0,17,1.083
2021-11-22,US,43,Omicron BA.2,Imported,1,2021-11-08,14,Traveler weight (travel hubs),Strategies (total),90%,T7-R,fig_3f,T7-R^0,17,1.083
2021-11-22,US,43,Omicron BA.2,Imported,1,2021-11-08,14,Traveler weight (travel hubs),Strategies (total),90%,T11-R,fig_3f,T11-R^0,17,1.0329
2021-11-22,US,43,Omicron BA.2,Imported,1,2021-11-08,14,Traveler weight (travel hubs),Strategies (total),100%,T3-R,fig_3f,T3-R^0,17,1.081
2021-11-22,US,43,Omicron BA.2,Imported,1,2021-11-08,14,Traveler weight (travel hubs),Strategies (total),100%,T7-R,fig_3f,T7-R^0,17,1.081
2021-11-22,US,43,Omicron BA.2,Imported,1,2021-11-08,14,Traveler weight (travel hubs),Strategies (total),100%,T11-R,fig_3f,T11-R^0,17,1.0298
2021-11-21,TR,43,Omicron BA.2,Imported,1,2021-11-08,13,Traveler weight (travel hubs),Strategies (total),100%,T11-M,fig_3f,T11-R^90,17,1
2021-11-22,US,430,Omicron BA.2,Imported,1,2021-11-08,14,Traveler weight (travel hubs),Strategies (total),50%,T11-R,fig_3f,T11-R^0,17,1.0547
2021-11-22,US,430,Omicron BA.2,Imported,1,2021-11-08,14,Traveler weight (travel hubs),Strategies (total),70%,T3-R,fig_3f,T3-R^0,17,1.0872
2021-11-22,US,430,Omicron BA.2,Imported,1,2021-11-08,14,Traveler weight (travel hubs),Strategies (total),70%,T7-R,fig_3f,T7-R^0,17,1.0872
2021-11-22,US,430,Omicron BA.2,Imported,1,2021-11-08,14,Traveler weight (travel hubs),Strategies (total),70%,T11-R,fig_3f,T11-R^0,17,1.0367
2021-11-22,US,430,Omicron BA.2,Imported,1,2021-11-08,14,Traveler weight (travel hubs),Strategies (total),90%,T3-R,fig_3f,T3-R^0,17,1.083
2021-11-22,US,430,Omicron BA.2,Imported,1,2021-11-08,14,Traveler weight (travel hubs),Strategies (total),90%,T7-R,fig_3f,T7-R^0,17,1.083
2021-11-22,US,430,Omicron BA.2,Imported,1,2021-11-08,14,Traveler weight (travel hubs),Strategies (total),90%,T11-R,fig_3f,T11-R^0,17,1.0329
2021-11-22,US,430,Omicron BA.2,Imported,1,2021-11-08,14,Traveler weight (travel hubs),Strategies (total),100%,T3-R,fig_3f,T3-R^0,17,1.081
2021-11-22,US,430,Omicron BA.2,Imported,1,2021-11-08,14,Traveler weight (travel hubs),Strategies (total),100%,T7-R,fig_3f,T7-R^0,17,1.081
2021-11-22,US,430,Omicron BA.2,Imported,1,2021-11-08,14,Traveler weight (travel hubs),Strategies (total),100%,T11-R,fig_3f,T11-R^0,17,1.0298
2021-11-22,US,430,Omicron BA.2,Imported,1,2021-11-08,14,Traveler weight (travel hubs),Strategies (total),100%,T11-M,fig_3f,T11-R^90,17,1
2021-11-16,IN,431,Omicron BA.2,Imported,1,2021-11-08,8,Traveler weight (travel hubs),Strategies (total),50%,T11-R,fig_3f,T11-R^0,17,1.0547
2021-11-28,US,431,Omicron BA.2,Imported,1,2021-11-08,20,Traveler weight (travel hubs),Strategies (total),70%,T3-R,fig_3f,T3-R^0,17,1.0872
2021-11-28,US,431,Omicron BA.2,Imported,1,2021-11-08,20,Traveler weight (travel hubs),Strategies (total),70%,T7-R,fig_3f,T7-R^0,17,1.0872
2021-11-16,IN,431,Omicron BA.2,Imported,1,2021-11-08,8,Traveler weight (travel hubs),Strategies (total),70%,T11-R,fig_3f,T11-R^0,17,1.0367
2021-11-28,US,431,Omicron BA.2,Imported,1,2021-11-08,20,Traveler weight (travel hubs),Strategies (total),90%,T3-R,fig_3f,T3-R^0,17,1.083
2021-11-28,US,431,Omicron BA.2,Imported,1,2021-11-08,20,Traveler weight (travel hubs),Strategies (total),90%,T7-R,fig_3f,T7-R^0,17,1.083
2021-11-16,IN,431,Omicron BA.2,Imported,1,2021-11-08,8,Traveler weight (travel hubs),Strategies (total),90%,T11-R,fig_3f,T11-R^0,17,1.0329
2021-11-28,US,431,Omicron BA.2,Imported,1,2021-11-08,20,Traveler weight (travel hubs),Strategies (total),100%,T3-R,fig_3f,T3-R^0,17,1.081
2021-11-28,US,431,Omicron BA.2,Imported,1,2021-11-08,20,Traveler weight (travel hubs),Strategies (total),100%,T7-R,fig_3f,T7-R^0,17,1.081
2021-11-16,IN,431,Omicron BA.2,Imported,1,2021-11-08,8,Traveler weight (travel hubs),Strategies (total),100%,T11-R,fig_3f,T11-R^0,17,1.0298
2021-11-16,IN,431,Omicron BA.2,Imported,1,2021-11-08,8,Traveler weight (travel hubs),Strategies (total),100%,T11-M,fig_3f,T11-R^90,17,1
2021-11-25,ZA,432,Omicron BA.2,Community,1.3450527377102084,2021-11-08,17,Traveler weight (travel hubs),Strategies (total),50%,T11-R,fig_3f,T11-R^0,17,1.0547
2021-11-25,ZA,432,Omicron BA.2,Community,1.3450527377102084,2021-11-08,17,Traveler weight (travel hubs),Strategies (total),70%,T3-R,fig_3f,T3-R^0,17,1.0872
2021-11-25,ZA,432,Omicron BA.2,Community,1.3450527377102084,2021-11-08,17,Traveler weight (travel hubs),Strategies (total),70%,T7-R,fig_3f,T7-R^0,17,1.0872
2021-11-25,ZA,432,Omicron BA.2,Community,1.3450527377102084,2021-11-08,17,Traveler weight (travel hubs),Strategies (total),70%,T11-R,fig_3f,T11-R^0,17,1.0367
2021-11-25,ZA,432,Omicron BA.2,Community,1.3450527377102084,2021-11-08,17,Traveler weight (travel hubs),Strategies (total),90%,T3-R,fig_3f,T3-R^0,17,1.083
2021-11-25,ZA,432,Omicron BA.2,Community,1.3450527377102084,2021-11-08,17,Traveler weight (travel hubs),Strategies (total),90%,T7-R,fig_3f,T7-R^0,17,1.083
2021-11-25,ZA,432,Omicron BA.2,Community,1.3450527377102084,2021-11-08,17,Traveler weight (travel hubs),Strategies (total),90%,T11-R,fig_3f,T11-R^0,17,1.0329
2021-11-25,ZA,432,Omicron BA.2,Community,1.3450527377102084,2021-11-08,17,Traveler weight (travel hubs),Strategies (total),100%,T3-R,fig_3f,T3-R^0,17,1.081
2021-11-25,ZA,432,Omicron BA.2,Community,1.3450527377102084,2021-11-08,17,Traveler weight (travel hubs),Strategies (total),100%,T7-R,fig_3f,T7-R^0,17,1.081
2021-11-25,ZA,432,Omicron BA.2,Community,1.3450527377102084,2021-11-08,17,Traveler weight (travel hubs),Strategies (total),100%,T11-R,fig_3f,T11-R^0,17,1.0298
2021-11-22,TR,432,Omicron BA.2,Imported,1.112705154144712,2021-11-08,14,Traveler weight (travel hubs),Strategies (total),100%,T11-M,fig_3f,T11-R^90,17,1
2021-12-01,ZA,433,Omicron BA.2,Community,1.2146328534175026,2021-11-08,23,Traveler weight (travel hubs),Strategies (total),50%,T11-R,fig_3f,T11-R^0,17,1.0547
2021-12-01,ZA,433,Omicron BA.2,Community,1.2146328534175026,2021-11-08,23,Traveler weight (travel hubs),Strategies (total),70%,T3-R,fig_3f,T3-R^0,17,1.0872
2021-12-01,ZA,433,Omicron BA.2,Community,1.2146328534175026,2021-11-08,23,Traveler weight (travel hubs),Strategies (total),70%,T7-R,fig_3f,T7-R^0,17,1.0872
2021-12-01,ZA,433,Omicron BA.2,Community,1.2146328534175026,2021-11-08,23,Traveler weight (travel hubs),Strategies (total),70%,T11-R,fig_3f,T11-R^0,17,1.0367
2021-12-01,ZA,433,Omicron BA.2,Community,1.2146328534175026,2021-11-08,23,Traveler weight (travel hubs),Strategies (total),90%,T3-R,fig_3f,T3-R^0,17,1.083
2021-12-01,ZA,433,Omicron BA.2,Community,1.2146328534175026,2021-11-08,23,Traveler weight (travel hubs),Strategies (total),90%,T7-R,fig_3f,T7-R^0,17,1.083
2021-12-01,ZA,433,Omicron BA.2,Community,1.2146328534175026,2021-11-08,23,Traveler weight (travel hubs),Strategies (total),90%,T11-R,fig_3f,T11-R^0,17,1.0329
2021-12-01,ZA,433,Omicron BA.2,Community,1.2146328534175026,2021-11-08,23,Traveler weight (travel hubs),Strategies (total),100%,T3-R,fig_3f,T3-R^0,17,1.081
2021-12-01,ZA,433,Omicron BA.2,Community,1.2146328534175026,2021-11-08,23,Traveler weight (travel hubs),Strategies (total),100%,T7-R,fig_3f,T7-R^0,17,1.081
2021-12-01,ZA,433,Omicron BA.2,Community,1.2146328534175026,2021-11-08,23,Traveler weight (travel hubs),Strategies (total),100%,T11-R,fig_3f,T11-R^0,17,1.0298
2021-11-22,TR,433,Omicron BA.2,Imported,1,2021-11-08,14,Traveler weight (travel hubs),Strategies (total),100%,T11-M,fig_3f,T11-R^90,17,1
2021-11-28,ZA,434,Omicron BA.2,Community,1.2907325330099328,2021-11-08,20,Traveler weight (travel hubs),Strategies (total),50%,T11-R,fig_3f,T11-R^0,17,1.0547
2021-11-28,ZA,434,Omicron BA.2,Community,1.2907325330099328,2021-11-08,20,Traveler weight (travel hubs),Strategies (total),70%,T3-R,fig_3f,T3-R^0,17,1.0872
2021-11-28,ZA,434,Omicron BA.2,Community,1.2907325330099328,2021-11-08,20,Traveler weight (travel hubs),Strategies (total),70%,T7-R,fig_3f,T7-R^0,17,1.0872
2021-11-28,ZA,434,Omicron BA.2,Community,1.2907325330099328,2021-11-08,20,Traveler weight (travel hubs),Strategies (total),70%,T11-R,fig_3f,T11-R^0,17,1.0367
2021-11-28,ZA,434,Omicron BA.2,Community,1.2907325330099328,2021-11-08,20,Traveler weight (travel hubs),Strategies (total),90%,T3-R,fig_3f,T3-R^0,17,1.083
2021-11-28,ZA,434,Omicron BA.2,Community,1.2907325330099328,2021-11-08,20,Traveler weight (travel hubs),Strategies (total),90%,T7-R,fig_3f,T7-R^0,17,1.083
2021-11-28,ZA,434,Omicron BA.2,Community,1.2907325330099328,2021-11-08,20,Traveler weight (travel hubs),Strategies (total),90%,T11-R,fig_3f,T11-R^0,17,1.0329
2021-11-28,ZA,434,Omicron BA.2,Community,1.2907325330099328,2021-11-08,20,Traveler weight (travel hubs),Strategies (total),100%,T3-R,fig_3f,T3-R^0,17,1.081
2021-11-28,ZA,434,Omicron BA.2,Community,1.2907325330099328,2021-11-08,20,Traveler weight (travel hubs),Strategies (total),100%,T7-R,fig_3f,T7-R^0,17,1.081
2021-11-28,ZA,434,Omicron BA.2,Community,1.2907325330099328,2021-11-08,20,Traveler weight (travel hubs),Strategies (total),100%,T11-R,fig_3f,T11-R^0,17,1.0298
2021-12-07,US,434,Omicron BA.2,Imported,1.6608778827299076,2021-11-08,29,Traveler weight (travel hubs),Strategies (total),100%,T11-M,fig_3f,T11-R^90,17,1
2021-11-18,US,435,Omicron BA.2,Imported,1,2021-11-08,10,Traveler weight (travel hubs),Strategies (total),50%,T11-R,fig_3f,T11-R^0,17,1.0547
2021-11-18,US,435,Omicron BA.2,Imported,1,2021-11-08,10,Traveler weight (travel hubs),Strategies (total),70%,T3-R,fig_3f,T3-R^0,17,1.0872
2021-11-18,US,435,Omicron BA.2,Imported,1,2021-11-08,10,Traveler weight (travel hubs),Strategies (total),70%,T7-R,fig_3f,T7-R^0,17,1.0872
2021-11-18,US,435,Omicron BA.2,Imported,1,2021-11-08,10,Traveler weight (travel hubs),Strategies (total),70%,T11-R,fig_3f,T11-R^0,17,1.0367
2021-11-18,US,435,Omicron BA.2,Imported,1,2021-11-08,10,Traveler weight (travel hubs),Strategies (total),90%,T3-R,fig_3f,T3-R^0,17,1.083
2021-11-18,US,435,Omicron BA.2,Imported,1,2021-11-08,10,Traveler weight (travel hubs),Strategies (total),90%,T7-R,fig_3f,T7-R^0,17,1.083
2021-11-18,US,435,Omicron BA.2,Imported,1,2021-11-08,10,Traveler weight (travel hubs),Strategies (total),90%,T11-R,fig_3f,T11-R^0,17,1.0329
2021-11-18,US,435,Omicron BA.2,Imported,1,2021-11-08,10,Traveler weight (travel hubs),Strategies (total),100%,T3-R,fig_3f,T3-R^0,17,1.081
2021-11-18,US,435,Omicron BA.2,Imported,1,2021-11-08,10,Traveler weight (travel hubs),Strategies (total),100%,T7-R,fig_3f,T7-R^0,17,1.081
2021-11-18,US,435,Omicron BA.2,Imported,1,2021-11-08,10,Traveler weight (travel hubs),Strategies (total),100%,T11-R,fig_3f,T11-R^0,17,1.0298
2021-11-18,US,435,Omicron BA.2,Imported,1,2021-11-08,10,Traveler weight (travel hubs),Strategies (total),100%,T11-M,fig_3f,T11-R^90,17,1
2021-11-18,US,436,Omicron BA.2,Imported,1,2021-11-08,10,Traveler weight (travel hubs),Strategies (total),50%,T11-R,fig_3f,T11-R^0,17,1.0547
2021-11-18,US,436,Omicron BA.2,Imported,1,2021-11-08,10,Traveler weight (travel hubs),Strategies (total),70%,T3-R,fig_3f,T3-R^0,17,1.0872
2021-11-18,US,436,Omicron BA.2,Imported,1,2021-11-08,10,Traveler weight (travel hubs),Strategies (total),70%,T7-R,fig_3f,T7-R^0,17,1.0872
2021-11-18,US,436,Omicron BA.2,Imported,1,2021-11-08,10,Traveler weight (travel hubs),Strategies (total),70%,T11-R,fig_3f,T11-R^0,17,1.0367
2021-11-18,US,436,Omicron BA.2,Imported,1,2021-11-08,10,Traveler weight (travel hubs),Strategies (total),90%,T3-R,fig_3f,T3-R^0,17,1.083
2021-11-18,US,436,Omicron BA.2,Imported,1,2021-11-08,10,Traveler weight (travel hubs),Strategies (total),90%,T7-R,fig_3f,T7-R^0,17,1.083
2021-11-18,US,436,Omicron BA.2,Imported,1,2021-11-08,10,Traveler weight (travel hubs),Strategies (total),90%,T11-R,fig_3f,T11-R^0,17,1.0329
2021-11-18,US,436,Omicron BA.2,Imported,1,2021-11-08,10,Traveler weight (travel hubs),Strategies (total),100%,T3-R,fig_3f,T3-R^0,17,1.081
2021-11-18,US,436,Omicron BA.2,Imported,1,2021-11-08,10,Traveler weight (travel hubs),Strategies (total),100%,T7-R,fig_3f,T7-R^0,17,1.081
2021-11-18,US,436,Omicron BA.2,Imported,1,2021-11-08,10,Traveler weight (travel hubs),Strategies (total),100%,T11-R,fig_3f,T11-R^0,17,1.0298
2021-11-18,US,436,Omicron BA.2,Imported,1,2021-11-08,10,Traveler weight (travel hubs),Strategies (total),100%,T11-M,fig_3f,T11-R^90,17,1
2021-11-25,IN,437,Omicron BA.2,Imported,1,2021-11-08,17,Traveler weight (travel hubs),Strategies (total),50%,T11-R,fig_3f,T11-R^0,17,1.0547
2021-11-27,ZA,437,Omicron BA.2,Community,1.081379522675654,2021-11-08,19,Traveler weight (travel hubs),Strategies (total),70%,T3-R,fig_3f,T3-R^0,17,1.0872
2021-11-27,ZA,437,Omicron BA.2,Community,1.081379522675654,2021-11-08,19,Traveler weight (travel hubs),Strategies (total),70%,T7-R,fig_3f,T7-R^0,17,1.0872
2021-11-25,IN,437,Omicron BA.2,Imported,1,2021-11-08,17,Traveler weight (travel hubs),Strategies (total),70%,T11-R,fig_3f,T11-R^0,17,1.0367
2021-11-27,ZA,437,Omicron BA.2,Community,1.081379522675654,2021-11-08,19,Traveler weight (travel hubs),Strategies (total),90%,T3-R,fig_3f,T3-R^0,17,1.083
2021-11-27,ZA,437,Omicron BA.2,Community,1.081379522675654,2021-11-08,19,Traveler weight (travel hubs),Strategies (total),90%,T7-R,fig_3f,T7-R^0,17,1.083
2021-11-25,IN,437,Omicron BA.2,Imported,1,2021-11-08,17,Traveler weight (travel hubs),Strategies (total),90%,T11-R,fig_3f,T11-R^0,17,1.0329
2021-11-27,ZA,437,Omicron BA.2,Community,1.081379522675654,2021-11-08,19,Traveler weight (travel hubs),Strategies (total),100%,T3-R,fig_3f,T3-R^0,17,1.081
2021-11-27,ZA,437,Omicron BA.2,Community,1.081379522675654,2021-11-08,19,Traveler weight (travel hubs),Strategies (total),100%,T7-R,fig_3f,T7-R^0,17,1.081
2021-11-25,IN,437,Omicron BA.2,Imported,1,2021-11-08,17,Traveler weight (travel hubs),Strategies (total),100%,T11-R,fig_3f,T11-R^0,17,1.0298
2021-11-25,IN,437,Omicron BA.2,Imported,1,2021-11-08,17,Traveler weight (travel hubs),Strategies (total),100%,T11-M,fig_3f,T11-R^90,17,1
2021-11-22,ZA,438,Omicron BA.2,Community,1.6971447599908012,2021-11-08,14,Traveler weight (travel hubs),Strategies (total),50%,T11-R,fig_3f,T11-R^0,17,1.0547
2021-11-22,ZA,438,Omicron BA.2,Community,1.6971447599908012,2021-11-08,14,Traveler weight (travel hubs),Strategies (total),70%,T3-R,fig_3f,T3-R^0,17,1.0872
2021-11-22,ZA,438,Omicron BA.2,Community,1.6971447599908012,2021-11-08,14,Traveler weight (travel hubs),Strategies (total),70%,T7-R,fig_3f,T7-R^0,17,1.0872
2021-11-22,ZA,438,Omicron BA.2,Community,1.6971447599908012,2021-11-08,14,Traveler weight (travel hubs),Strategies (total),70%,T11-R,fig_3f,T11-R^0,17,1.0367
2021-11-22,ZA,438,Omicron BA.2,Community,1.6971447599908012,2021-11-08,14,Traveler weight (travel hubs),Strategies (total),90%,T3-R,fig_3f,T3-R^0,17,1.083
2021-11-22,ZA,438,Omicron BA.2,Community,1.6971447599908012,2021-11-08,14,Traveler weight (travel hubs),Strategies (total),90%,T7-R,fig_3f,T7-R^0,17,1.083
2021-11-22,ZA,438,Omicron BA.2,Community,1.6971447599908012,2021-11-08,14,Traveler weight (travel hubs),Strategies (total),90%,T11-R,fig_3f,T11-R^0,17,1.0329
2021-11-22,ZA,438,Omicron BA.2,Community,1.6971447599908012,2021-11-08,14,Traveler weight (travel hubs),Strategies (total),100%,T3-R,fig_3f,T3-R^0,17,1.081
2021-11-22,ZA,438,Omicron BA.2,Community,1.6971447599908012,2021-11-08,14,Traveler weight (travel hubs),Strategies (total),100%,T7-R,fig_3f,T7-R^0,17,1.081
2021-11-22,ZA,438,Omicron BA.2,Community,1.6971447599908012,2021-11-08,14,Traveler weight (travel hubs),Strategies (total),100%,T11-R,fig_3f,T11-R^0,17,1.0298
2021-11-22,US,438,Omicron BA.2,Imported,1,2021-11-08,14,Traveler weight (travel hubs),Strategies (total),100%,T11-M,fig_3f,T11-R^90,17,1
2021-11-29,ZA,439,Omicron BA.2,Community,1.3025133083927798,2021-11-08,21,Traveler weight (travel hubs),Strategies (total),50%,T11-R,fig_3f,T11-R^0,17,1.0547
2021-11-29,ZA,439,Omicron BA.2,Community,1.3025133083927798,2021-11-08,21,Traveler weight (travel hubs),Strategies (total),70%,T3-R,fig_3f,T3-R^0,17,1.0872
2021-11-29,ZA,439,Omicron BA.2,Community,1.3025133083927798,2021-11-08,21,Traveler weight (travel hubs),Strategies (total),70%,T7-R,fig_3f,T7-R^0,17,1.0872
2021-11-29,ZA,439,Omicron BA.2,Community,1.3025133083927798,2021-11-08,21,Traveler weight (travel hubs),Strategies (total),70%,T11-R,fig_3f,T11-R^0,17,1.0367
2021-11-29,ZA,439,Omicron BA.2,Community,1.3025133083927798,2021-11-08,21,Traveler weight (travel hubs),Strategies (total),90%,T3-R,fig_3f,T3-R^0,17,1.083
2021-11-29,ZA,439,Omicron BA.2,Community,1.3025133083927798,2021-11-08,21,Traveler weight (travel hubs),Strategies (total),90%,T7-R,fig_3f,T7-R^0,17,1.083
2021-11-29,ZA,439,Omicron BA.2,Community,1.3025133083927798,2021-11-08,21,Traveler weight (travel hubs),Strategies (total),90%,T11-R,fig_3f,T11-R^0,17,1.0329
2021-11-29,ZA,439,Omicron BA.2,Community,1.3025133083927798,2021-11-08,21,Traveler weight (travel hubs),Strategies (total),100%,T3-R,fig_3f,T3-R^0,17,1.081
2021-11-29,ZA,439,Omicron BA.2,Community,1.3025133083927798,2021-11-08,21,Traveler weight (travel hubs),Strategies (total),100%,T7-R,fig_3f,T7-R^0,17,1.081
2021-11-29,ZA,439,Omicron BA.2,Community,1.3025133083927798,2021-11-08,21,Traveler weight (travel hubs),Strategies (total),100%,T11-R,fig_3f,T11-R^0,17,1.0298
2021-12-09,GB,439,Omicron BA.2,Imported,1.5018090501003525,2021-11-08,31,Traveler weight (travel hubs),Strategies (total),100%,T11-M,fig_3f,T11-R^90,17,1
2021-11-26,ZA,44,Omicron BA.2,Community,1.004025271506433,2021-11-08,18,Traveler weight (travel hubs),Strategies (total),50%,T11-R,fig_3f,T11-R^0,17,1.0547
2021-11-26,ZA,44,Omicron BA.2,Community,1.004025271506433,2021-11-08,18,Traveler weight (travel hubs),Strategies (total),70%,T3-R,fig_3f,T3-R^0,17,1.0872
2021-11-26,ZA,44,Omicron BA.2,Community,1.004025271506433,2021-11-08,18,Traveler weight (travel hubs),Strategies (total),70%,T7-R,fig_3f,T7-R^0,17,1.0872
2021-11-26,ZA,44,Omicron BA.2,Community,1.004025271506433,2021-11-08,18,Traveler weight (travel hubs),Strategies (total),70%,T11-R,fig_3f,T11-R^0,17,1.0367
2021-11-26,ZA,44,Omicron BA.2,Community,1.004025271506433,2021-11-08,18,Traveler weight (travel hubs),Strategies (total),90%,T3-R,fig_3f,T3-R^0,17,1.083
2021-11-26,ZA,44,Omicron BA.2,Community,1.004025271506433,2021-11-08,18,Traveler weight (travel hubs),Strategies (total),90%,T7-R,fig_3f,T7-R^0,17,1.083
2021-11-26,ZA,44,Omicron BA.2,Community,1.004025271506433,2021-11-08,18,Traveler weight (travel hubs),Strategies (total),90%,T11-R,fig_3f,T11-R^0,17,1.0329
2021-11-26,ZA,44,Omicron BA.2,Community,1.004025271506433,2021-11-08,18,Traveler weight (travel hubs),Strategies (total),100%,T3-R,fig_3f,T3-R^0,17,1.081
2021-11-26,ZA,44,Omicron BA.2,Community,1.004025271506433,2021-11-08,18,Traveler weight (travel hubs),Strategies (total),100%,T7-R,fig_3f,T7-R^0,17,1.081
2021-11-26,ZA,44,Omicron BA.2,Community,1.004025271506433,2021-11-08,18,Traveler weight (travel hubs),Strategies (total),100%,T11-R,fig_3f,T11-R^0,17,1.0298
2021-12-05,IN,44,Omicron BA.2,Imported,1,2021-11-08,27,Traveler weight (travel hubs),Strategies (total),100%,T11-M,fig_3f,T11-R^90,17,1
2021-11-28,ZA,440,Omicron BA.2,Community,1.055363659343416,2021-11-08,20,Traveler weight (travel hubs),Strategies (total),50%,T11-R,fig_3f,T11-R^0,17,1.0547
2021-11-28,ZA,440,Omicron BA.2,Community,1.055363659343416,2021-11-08,20,Traveler weight (travel hubs),Strategies (total),70%,T3-R,fig_3f,T3-R^0,17,1.0872
2021-11-28,ZA,440,Omicron BA.2,Community,1.055363659343416,2021-11-08,20,Traveler weight (travel hubs),Strategies (total),70%,T7-R,fig_3f,T7-R^0,17,1.0872
2021-11-28,ZA,440,Omicron BA.2,Community,1.055363659343416,2021-11-08,20,Traveler weight (travel hubs),Strategies (total),70%,T11-R,fig_3f,T11-R^0,17,1.0367
2021-11-28,ZA,440,Omicron BA.2,Community,1.055363659343416,2021-11-08,20,Traveler weight (travel hubs),Strategies (total),90%,T3-R,fig_3f,T3-R^0,17,1.083
2021-11-28,ZA,440,Omicron BA.2,Community,1.055363659343416,2021-11-08,20,Traveler weight (travel hubs),Strategies (total),90%,T7-R,fig_3f,T7-R^0,17,1.083
2021-11-28,ZA,440,Omicron BA.2,Community,1.055363659343416,2021-11-08,20,Traveler weight (travel hubs),Strategies (total),90%,T11-R,fig_3f,T11-R^0,17,1.0329
2021-11-28,ZA,440,Omicron BA.2,Community,1.055363659343416,2021-11-08,20,Traveler weight (travel hubs),Strategies (total),100%,T3-R,fig_3f,T3-R^0,17,1.081
2021-11-28,ZA,440,Omicron BA.2,Community,1.055363659343416,2021-11-08,20,Traveler weight (travel hubs),Strategies (total),100%,T7-R,fig_3f,T7-R^0,17,1.081
2021-11-28,ZA,440,Omicron BA.2,Community,1.055363659343416,2021-11-08,20,Traveler weight (travel hubs),Strategies (total),100%,T11-R,fig_3f,T11-R^0,17,1.0298
2021-12-03,IN,440,Omicron BA.2,Imported,1,2021-11-08,25,Traveler weight (travel hubs),Strategies (total),100%,T11-M,fig_3f,T11-R^90,17,1
2021-12-02,ZA,441,Omicron BA.2,Community,1.0636334539843177,2021-11-08,24,Traveler weight (travel hubs),Strategies (total),50%,T11-R,fig_3f,T11-R^0,17,1.0547
2021-12-02,ZA,441,Omicron BA.2,Community,1.0636334539843177,2021-11-08,24,Traveler weight (travel hubs),Strategies (total),70%,T3-R,fig_3f,T3-R^0,17,1.0872
2021-12-02,ZA,441,Omicron BA.2,Community,1.0636334539843177,2021-11-08,24,Traveler weight (travel hubs),Strategies (total),70%,T7-R,fig_3f,T7-R^0,17,1.0872
2021-12-02,ZA,441,Omicron BA.2,Community,1.0636334539843177,2021-11-08,24,Traveler weight (travel hubs),Strategies (total),70%,T11-R,fig_3f,T11-R^0,17,1.0367
2021-12-02,ZA,441,Omicron BA.2,Community,1.0636334539843177,2021-11-08,24,Traveler weight (travel hubs),Strategies (total),90%,T3-R,fig_3f,T3-R^0,17,1.083
2021-12-02,ZA,441,Omicron BA.2,Community,1.0636334539843177,2021-11-08,24,Traveler weight (travel hubs),Strategies (total),90%,T7-R,fig_3f,T7-R^0,17,1.083
2021-12-02,ZA,441,Omicron BA.2,Community,1.0636334539843177,2021-11-08,24,Traveler weight (travel hubs),Strategies (total),90%,T11-R,fig_3f,T11-R^0,17,1.0329
2021-12-02,ZA,441,Omicron BA.2,Community,1.0636334539843177,2021-11-08,24,Traveler weight (travel hubs),Strategies (total),100%,T3-R,fig_3f,T3-R^0,17,1.081
2021-12-02,ZA,441,Omicron BA.2,Community,1.0636334539843177,2021-11-08,24,Traveler weight (travel hubs),Strategies (total),100%,T7-R,fig_3f,T7-R^0,17,1.081
2021-12-02,ZA,441,Omicron BA.2,Community,1.0636334539843177,2021-11-08,24,Traveler weight (travel hubs),Strategies (total),100%,T11-R,fig_3f,T11-R^0,17,1.0298
2021-12-05,IN,441,Omicron BA.2,Imported,1,2021-11-08,27,Traveler weight (travel hubs),Strategies (total),100%,T11-M,fig_3f,T11-R^90,17,1
2021-11-20,US,442,Omicron BA.2,Imported,1,2021-11-08,12,Traveler weight (travel hubs),Strategies (total),50%,T11-R,fig_3f,T11-R^0,17,1.0547
2021-11-20,US,442,Omicron BA.2,Imported,1,2021-11-08,12,Traveler weight (travel hubs),Strategies (total),70%,T3-R,fig_3f,T3-R^0,17,1.0872
2021-11-20,US,442,Omicron BA.2,Imported,1,2021-11-08,12,Traveler weight (travel hubs),Strategies (total),70%,T7-R,fig_3f,T7-R^0,17,1.0872
2021-11-20,US,442,Omicron BA.2,Imported,1,2021-11-08,12,Traveler weight (travel hubs),Strategies (total),70%,T11-R,fig_3f,T11-R^0,17,1.0367
2021-11-20,US,442,Omicron BA.2,Imported,1,2021-11-08,12,Traveler weight (travel hubs),Strategies (total),90%,T3-R,fig_3f,T3-R^0,17,1.083
2021-11-20,US,442,Omicron BA.2,Imported,1,2021-11-08,12,Traveler weight (travel hubs),Strategies (total),90%,T7-R,fig_3f,T7-R^0,17,1.083
2021-11-20,US,442,Omicron BA.2,Imported,1,2021-11-08,12,Traveler weight (travel hubs),Strategies (total),90%,T11-R,fig_3f,T11-R^0,17,1.0329
2021-11-20,US,442,Omicron BA.2,Imported,1,2021-11-08,12,Traveler weight (travel hubs),Strategies (total),100%,T3-R,fig_3f,T3-R^0,17,1.081
2021-11-20,US,442,Omicron BA.2,Imported,1,2021-11-08,12,Traveler weight (travel hubs),Strategies (total),100%,T7-R,fig_3f,T7-R^0,17,1.081
2021-11-20,US,442,Omicron BA.2,Imported,1,2021-11-08,12,Traveler weight (travel hubs),Strategies (total),100%,T11-R,fig_3f,T11-R^0,17,1.0298
2021-11-20,US,442,Omicron BA.2,Imported,1,2021-11-08,12,Traveler weight (travel hubs),Strategies (total),100%,T11-M,fig_3f,T11-R^90,17,1
2021-11-25,ZA,443,Omicron BA.2,Community,1.1158802121060856,2021-11-08,17,Traveler weight (travel hubs),Strategies (total),50%,T11-R,fig_3f,T11-R^0,17,1.0547
2021-11-25,ZA,443,Omicron BA.2,Community,1.1158802121060856,2021-11-08,17,Traveler weight (travel hubs),Strategies (total),70%,T3-R,fig_3f,T3-R^0,17,1.0872
2021-11-25,ZA,443,Omicron BA.2,Community,1.1158802121060856,2021-11-08,17,Traveler weight (travel hubs),Strategies (total),70%,T7-R,fig_3f,T7-R^0,17,1.0872
2021-11-25,ZA,443,Omicron BA.2,Community,1.1158802121060856,2021-11-08,17,Traveler weight (travel hubs),Strategies (total),70%,T11-R,fig_3f,T11-R^0,17,1.0367
2021-11-25,ZA,443,Omicron BA.2,Community,1.1158802121060856,2021-11-08,17,Traveler weight (travel hubs),Strategies (total),90%,T3-R,fig_3f,T3-R^0,17,1.083
2021-11-25,ZA,443,Omicron BA.2,Community,1.1158802121060856,2021-11-08,17,Traveler weight (travel hubs),Strategies (total),90%,T7-R,fig_3f,T7-R^0,17,1.083
2021-11-25,ZA,443,Omicron BA.2,Community,1.1158802121060856,2021-11-08,17,Traveler weight (travel hubs),Strategies (total),90%,T11-R,fig_3f,T11-R^0,17,1.0329
2021-11-25,ZA,443,Omicron BA.2,Community,1.1158802121060856,2021-11-08,17,Traveler weight (travel hubs),Strategies (total),100%,T3-R,fig_3f,T3-R^0,17,1.081
2021-11-25,ZA,443,Omicron BA.2,Community,1.1158802121060856,2021-11-08,17,Traveler weight (travel hubs),Strategies (total),100%,T7-R,fig_3f,T7-R^0,17,1.081
2021-11-25,ZA,443,Omicron BA.2,Community,1.1158802121060856,2021-11-08,17,Traveler weight (travel hubs),Strategies (total),100%,T11-R,fig_3f,T11-R^0,17,1.0298
2021-11-23,TR,443,Omicron BA.2,Imported,1,2021-11-08,15,Traveler weight (travel hubs),Strategies (total),100%,T11-M,fig_3f,T11-R^90,17,1
2021-11-25,ZA,444,Omicron BA.2,Community,1.1114273780593733,2021-11-08,17,Traveler weight (travel hubs),Strategies (total),50%,T11-R,fig_3f,T11-R^0,17,1.0547
2021-11-25,ZA,444,Omicron BA.2,Community,1.1114273780593733,2021-11-08,17,Traveler weight (travel hubs),Strategies (total),70%,T3-R,fig_3f,T3-R^0,17,1.0872
2021-11-25,ZA,444,Omicron BA.2,Community,1.1114273780593733,2021-11-08,17,Traveler weight (travel hubs),Strategies (total),70%,T7-R,fig_3f,T7-R^0,17,1.0872
2021-11-25,ZA,444,Omicron BA.2,Community,1.1114273780593733,2021-11-08,17,Traveler weight (travel hubs),Strategies (total),70%,T11-R,fig_3f,T11-R^0,17,1.0367
2021-11-25,ZA,444,Omicron BA.2,Community,1.1114273780593733,2021-11-08,17,Traveler weight (travel hubs),Strategies (total),90%,T3-R,fig_3f,T3-R^0,17,1.083
2021-11-25,ZA,444,Omicron BA.2,Community,1.1114273780593733,2021-11-08,17,Traveler weight (travel hubs),Strategies (total),90%,T7-R,fig_3f,T7-R^0,17,1.083
2021-11-25,ZA,444,Omicron BA.2,Community,1.1114273780593733,2021-11-08,17,Traveler weight (travel hubs),Strategies (total),90%,T11-R,fig_3f,T11-R^0,17,1.0329
2021-11-25,ZA,444,Omicron BA.2,Community,1.1114273780593733,2021-11-08,17,Traveler weight (travel hubs),Strategies (total),100%,T3-R,fig_3f,T3-R^0,17,1.081
2021-11-25,ZA,444,Omicron BA.2,Community,1.1114273780593733,2021-11-08,17,Traveler weight (travel hubs),Strategies (total),100%,T7-R,fig_3f,T7-R^0,17,1.081
2021-11-25,ZA,444,Omicron BA.2,Community,1.1114273780593733,2021-11-08,17,Traveler weight (travel hubs),Strategies (total),100%,T11-R,fig_3f,T11-R^0,17,1.0298
2021-11-17,TR,444,Omicron BA.2,Imported,1,2021-11-08,9,Traveler weight (travel hubs),Strategies (total),100%,T11-M,fig_3f,T11-R^90,17,1
2021-11-23,ZA,445,Omicron BA.2,Community,1.2627897379932609,2021-11-08,15,Traveler weight (travel hubs),Strategies (total),50%,T11-R,fig_3f,T11-R^0,17,1.0547
2021-11-23,ZA,445,Omicron BA.2,Community,1.2627897379932609,2021-11-08,15,Traveler weight (travel hubs),Strategies (total),70%,T3-R,fig_3f,T3-R^0,17,1.0872
2021-11-23,ZA,445,Omicron BA.2,Community,1.2627897379932609,2021-11-08,15,Traveler weight (travel hubs),Strategies (total),70%,T7-R,fig_3f,T7-R^0,17,1.0872
2021-11-23,ZA,445,Omicron BA.2,Community,1.2627897379932609,2021-11-08,15,Traveler weight (travel hubs),Strategies (total),70%,T11-R,fig_3f,T11-R^0,17,1.0367
2021-11-23,ZA,445,Omicron BA.2,Community,1.2627897379932609,2021-11-08,15,Traveler weight (travel hubs),Strategies (total),90%,T3-R,fig_3f,T3-R^0,17,1.083
2021-11-23,ZA,445,Omicron BA.2,Community,1.2627897379932609,2021-11-08,15,Traveler weight (travel hubs),Strategies (total),90%,T7-R,fig_3f,T7-R^0,17,1.083
2021-11-23,ZA,445,Omicron BA.2,Community,1.2627897379932609,2021-11-08,15,Traveler weight (travel hubs),Strategies (total),90%,T11-R,fig_3f,T11-R^0,17,1.0329
2021-11-23,ZA,445,Omicron BA.2,Community,1.2627897379932609,2021-11-08,15,Traveler weight (travel hubs),Strategies (total),100%,T3-R,fig_3f,T3-R^0,17,1.081
2021-11-23,ZA,445,Omicron BA.2,Community,1.2627897379932609,2021-11-08,15,Traveler weight (travel hubs),Strategies (total),100%,T7-R,fig_3f,T7-R^0,17,1.081
2021-11-23,ZA,445,Omicron BA.2,Community,1.2627897379932609,2021-11-08,15,Traveler weight (travel hubs),Strategies (total),100%,T11-R,fig_3f,T11-R^0,17,1.0298
2021-11-23,IN,445,Omicron BA.2,Imported,1,2021-11-08,15,Traveler weight (travel hubs),Strategies (total),100%,T11-M,fig_3f,T11-R^90,17,1
2021-11-22,ZA,446,Omicron BA.2,Community,1.0030705255512373,2021-11-08,14,Traveler weight (travel hubs),Strategies (total),50%,T11-R,fig_3f,T11-R^0,17,1.0547
2021-11-22,ZA,446,Omicron BA.2,Community,1.0030705255512373,2021-11-08,14,Traveler weight (travel hubs),Strategies (total),70%,T3-R,fig_3f,T3-R^0,17,1.0872
2021-11-22,ZA,446,Omicron BA.2,Community,1.0030705255512373,2021-11-08,14,Traveler weight (travel hubs),Strategies (total),70%,T7-R,fig_3f,T7-R^0,17,1.0872
2021-11-22,ZA,446,Omicron BA.2,Community,1.0030705255512373,2021-11-08,14,Traveler weight (travel hubs),Strategies (total),70%,T11-R,fig_3f,T11-R^0,17,1.0367
2021-11-22,ZA,446,Omicron BA.2,Community,1.0030705255512373,2021-11-08,14,Traveler weight (travel hubs),Strategies (total),90%,T3-R,fig_3f,T3-R^0,17,1.083
2021-11-22,ZA,446,Omicron BA.2,Community,1.0030705255512373,2021-11-08,14,Traveler weight (travel hubs),Strategies (total),90%,T7-R,fig_3f,T7-R^0,17,1.083
2021-11-22,ZA,446,Omicron BA.2,Community,1.0030705255512373,2021-11-08,14,Traveler weight (travel hubs),Strategies (total),90%,T11-R,fig_3f,T11-R^0,17,1.0329
2021-11-22,ZA,446,Omicron BA.2,Community,1.0030705255512373,2021-11-08,14,Traveler weight (travel hubs),Strategies (total),100%,T3-R,fig_3f,T3-R^0,17,1.081
2021-11-22,ZA,446,Omicron BA.2,Community,1.0030705255512373,2021-11-08,14,Traveler weight (travel hubs),Strategies (total),100%,T7-R,fig_3f,T7-R^0,17,1.081
2021-11-22,ZA,446,Omicron BA.2,Community,1.0030705255512373,2021-11-08,14,Traveler weight (travel hubs),Strategies (total),100%,T11-R,fig_3f,T11-R^0,17,1.0298
2021-11-23,US,446,Omicron BA.2,Imported,1,2021-11-08,15,Traveler weight (travel hubs),Strategies (total),100%,T11-M,fig_3f,T11-R^90,17,1
2021-11-28,US,447,Omicron BA.2,Imported,1,2021-11-08,20,Traveler weight (travel hubs),Strategies (total),50%,T11-R,fig_3f,T11-R^0,17,1.0547
2021-11-28,US,447,Omicron BA.2,Imported,1,2021-11-08,20,Traveler weight (travel hubs),Strategies (total),70%,T3-R,fig_3f,T3-R^0,17,1.0872
2021-11-28,US,447,Omicron BA.2,Imported,1,2021-11-08,20,Traveler weight (travel hubs),Strategies (total),70%,T7-R,fig_3f,T7-R^0,17,1.0872
2021-11-28,US,447,Omicron BA.2,Imported,1,2021-11-08,20,Traveler weight (travel hubs),Strategies (total),70%,T11-R,fig_3f,T11-R^0,17,1.0367
2021-11-28,US,447,Omicron BA.2,Imported,1,2021-11-08,20,Traveler weight (travel hubs),Strategies (total),90%,T3-R,fig_3f,T3-R^0,17,1.083
2021-11-28,US,447,Omicron BA.2,Imported,1,2021-11-08,20,Traveler weight (travel hubs),Strategies (total),90%,T7-R,fig_3f,T7-R^0,17,1.083
2021-11-28,US,447,Omicron BA.2,Imported,1,2021-11-08,20,Traveler weight (travel hubs),Strategies (total),90%,T11-R,fig_3f,T11-R^0,17,1.0329
2021-11-28,US,447,Omicron BA.2,Imported,1,2021-11-08,20,Traveler weight (travel hubs),Strategies (total),100%,T3-R,fig_3f,T3-R^0,17,1.081
2021-11-28,US,447,Omicron BA.2,Imported,1,2021-11-08,20,Traveler weight (travel hubs),Strategies (total),100%,T7-R,fig_3f,T7-R^0,17,1.081
2021-11-28,US,447,Omicron BA.2,Imported,1,2021-11-08,20,Traveler weight (travel hubs),Strategies (total),100%,T11-R,fig_3f,T11-R^0,17,1.0298
2021-11-26,TR,447,Omicron BA.2,Imported,1,2021-11-08,18,Traveler weight (travel hubs),Strategies (total),100%,T11-M,fig_3f,T11-R^90,17,1
2021-11-27,ZA,448,Omicron BA.2,Community,1.0328469592073204,2021-11-08,19,Traveler weight (travel hubs),Strategies (total),50%,T11-R,fig_3f,T11-R^0,17,1.0547
2021-11-27,ZA,448,Omicron BA.2,Community,1.0328469592073204,2021-11-08,19,Traveler weight (travel hubs),Strategies (total),70%,T3-R,fig_3f,T3-R^0,17,1.0872
2021-11-27,ZA,448,Omicron BA.2,Community,1.0328469592073204,2021-11-08,19,Traveler weight (travel hubs),Strategies (total),70%,T7-R,fig_3f,T7-R^0,17,1.0872
2021-11-27,ZA,448,Omicron BA.2,Community,1.0328469592073204,2021-11-08,19,Traveler weight (travel hubs),Strategies (total),70%,T11-R,fig_3f,T11-R^0,17,1.0367
2021-11-27,ZA,448,Omicron BA.2,Community,1.0328469592073204,2021-11-08,19,Traveler weight (travel hubs),Strategies (total),90%,T3-R,fig_3f,T3-R^0,17,1.083
2021-11-27,ZA,448,Omicron BA.2,Community,1.0328469592073204,2021-11-08,19,Traveler weight (travel hubs),Strategies (total),90%,T7-R,fig_3f,T7-R^0,17,1.083
2021-11-27,ZA,448,Omicron BA.2,Community,1.0328469592073204,2021-11-08,19,Traveler weight (travel hubs),Strategies (total),90%,T11-R,fig_3f,T11-R^0,17,1.0329
2021-11-27,ZA,448,Omicron BA.2,Community,1.0328469592073204,2021-11-08,19,Traveler weight (travel hubs),Strategies (total),100%,T3-R,fig_3f,T3-R^0,17,1.081
2021-11-27,ZA,448,Omicron BA.2,Community,1.0328469592073204,2021-11-08,19,Traveler weight (travel hubs),Strategies (total),100%,T7-R,fig_3f,T7-R^0,17,1.081
2021-11-27,ZA,448,Omicron BA.2,Community,1.0328469592073204,2021-11-08,19,Traveler weight (travel hubs),Strategies (total),100%,T11-R,fig_3f,T11-R^0,17,1.0298
2021-11-27,US,448,Omicron BA.2,Imported,1,2021-11-08,19,Traveler weight (travel hubs),Strategies (total),100%,T11-M,fig_3f,T11-R^90,17,1
2021-11-23,ZA,449,Omicron BA.2,Community,1.1147467743913997,2021-11-08,15,Traveler weight (travel hubs),Strategies (total),50%,T11-R,fig_3f,T11-R^0,17,1.0547
2021-11-23,ZA,449,Omicron BA.2,Community,1.1147467743913997,2021-11-08,15,Traveler weight (travel hubs),Strategies (total),70%,T3-R,fig_3f,T3-R^0,17,1.0872
2021-11-23,ZA,449,Omicron BA.2,Community,1.1147467743913997,2021-11-08,15,Traveler weight (travel hubs),Strategies (total),70%,T7-R,fig_3f,T7-R^0,17,1.0872
2021-11-23,ZA,449,Omicron BA.2,Community,1.1147467743913997,2021-11-08,15,Traveler weight (travel hubs),Strategies (total),70%,T11-R,fig_3f,T11-R^0,17,1.0367
2021-11-23,ZA,449,Omicron BA.2,Community,1.1147467743913997,2021-11-08,15,Traveler weight (travel hubs),Strategies (total),90%,T3-R,fig_3f,T3-R^0,17,1.083
2021-11-23,ZA,449,Omicron BA.2,Community,1.1147467743913997,2021-11-08,15,Traveler weight (travel hubs),Strategies (total),90%,T7-R,fig_3f,T7-R^0,17,1.083
2021-11-23,ZA,449,Omicron BA.2,Community,1.1147467743913997,2021-11-08,15,Traveler weight (travel hubs),Strategies (total),90%,T11-R,fig_3f,T11-R^0,17,1.0329
2021-11-23,ZA,449,Omicron BA.2,Community,1.1147467743913997,2021-11-08,15,Traveler weight (travel hubs),Strategies (total),100%,T3-R,fig_3f,T3-R^0,17,1.081
2021-11-23,ZA,449,Omicron BA.2,Community,1.1147467743913997,2021-11-08,15,Traveler weight (travel hubs),Strategies (total),100%,T7-R,fig_3f,T7-R^0,17,1.081
2021-11-23,ZA,449,Omicron BA.2,Community,1.1147467743913997,2021-11-08,15,Traveler weight (travel hubs),Strategies (total),100%,T11-R,fig_3f,T11-R^0,17,1.0298
2021-11-21,TR,449,Omicron BA.2,Imported,1,2021-11-08,13,Traveler weight (travel hubs),Strategies (total),100%,T11-M,fig_3f,T11-R^90,17,1
2021-12-01,US,45,Omicron BA.2,Imported,1,2021-11-08,23,Traveler weight (travel hubs),Strategies (total),50%,T11-R,fig_3f,T11-R^0,17,1.0547
2021-12-01,US,45,Omicron BA.2,Imported,1,2021-11-08,23,Traveler weight (travel hubs),Strategies (total),70%,T3-R,fig_3f,T3-R^0,17,1.0872
2021-12-01,US,45,Omicron BA.2,Imported,1,2021-11-08,23,Traveler weight (travel hubs),Strategies (total),70%,T7-R,fig_3f,T7-R^0,17,1.0872
2021-12-01,US,45,Omicron BA.2,Imported,1,2021-11-08,23,Traveler weight (travel hubs),Strategies (total),70%,T11-R,fig_3f,T11-R^0,17,1.0367
2021-12-01,US,45,Omicron BA.2,Imported,1,2021-11-08,23,Traveler weight (travel hubs),Strategies (total),90%,T3-R,fig_3f,T3-R^0,17,1.083
2021-12-01,US,45,Omicron BA.2,Imported,1,2021-11-08,23,Traveler weight (travel hubs),Strategies (total),90%,T7-R,fig_3f,T7-R^0,17,1.083
2021-12-01,US,45,Omicron BA.2,Imported,1,2021-11-08,23,Traveler weight (travel hubs),Strategies (total),90%,T11-R,fig_3f,T11-R^0,17,1.0329
2021-12-01,US,45,Omicron BA.2,Imported,1,2021-11-08,23,Traveler weight (travel hubs),Strategies (total),100%,T3-R,fig_3f,T3-R^0,17,1.081
2021-12-01,US,45,Omicron BA.2,Imported,1,2021-11-08,23,Traveler weight (travel hubs),Strategies (total),100%,T7-R,fig_3f,T7-R^0,17,1.081
2021-12-01,US,45,Omicron BA.2,Imported,1,2021-11-08,23,Traveler weight (travel hubs),Strategies (total),100%,T11-R,fig_3f,T11-R^0,17,1.0298
2021-12-01,US,45,Omicron BA.2,Imported,1,2021-11-08,23,Traveler weight (travel hubs),Strategies (total),100%,T11-M,fig_3f,T11-R^90,17,1
2021-11-21,IN,450,Omicron BA.2,Imported,1,2021-11-08,13,Traveler weight (travel hubs),Strategies (total),50%,T11-R,fig_3f,T11-R^0,17,1.0547
2021-11-23,ZA,450,Omicron BA.2,Community,1.0745671009097957,2021-11-08,15,Traveler weight (travel hubs),Strategies (total),70%,T3-R,fig_3f,T3-R^0,17,1.0872
2021-11-23,ZA,450,Omicron BA.2,Community,1.0745671009097957,2021-11-08,15,Traveler weight (travel hubs),Strategies (total),70%,T7-R,fig_3f,T7-R^0,17,1.0872
2021-11-21,IN,450,Omicron BA.2,Imported,1,2021-11-08,13,Traveler weight (travel hubs),Strategies (total),70%,T11-R,fig_3f,T11-R^0,17,1.0367
2021-11-23,ZA,450,Omicron BA.2,Community,1.0745671009097957,2021-11-08,15,Traveler weight (travel hubs),Strategies (total),90%,T3-R,fig_3f,T3-R^0,17,1.083
2021-11-23,ZA,450,Omicron BA.2,Community,1.0745671009097957,2021-11-08,15,Traveler weight (travel hubs),Strategies (total),90%,T7-R,fig_3f,T7-R^0,17,1.083
2021-11-21,IN,450,Omicron BA.2,Imported,1,2021-11-08,13,Traveler weight (travel hubs),Strategies (total),90%,T11-R,fig_3f,T11-R^0,17,1.0329
2021-11-23,ZA,450,Omicron BA.2,Community,1.0745671009097957,2021-11-08,15,Traveler weight (travel hubs),Strategies (total),100%,T3-R,fig_3f,T3-R^0,17,1.081
2021-11-23,ZA,450,Omicron BA.2,Community,1.0745671009097957,2021-11-08,15,Traveler weight (travel hubs),Strategies (total),100%,T7-R,fig_3f,T7-R^0,17,1.081
2021-11-21,IN,450,Omicron BA.2,Imported,1,2021-11-08,13,Traveler weight (travel hubs),Strategies (total),100%,T11-R,fig_3f,T11-R^0,17,1.0298
2021-11-21,IN,450,Omicron BA.2,Imported,1,2021-11-08,13,Traveler weight (travel hubs),Strategies (total),100%,T11-M,fig_3f,T11-R^90,17,1
2021-11-23,ZA,451,Omicron BA.2,Community,1.1424898822715541,2021-11-08,15,Traveler weight (travel hubs),Strategies (total),50%,T11-R,fig_3f,T11-R^0,17,1.0547
2021-11-23,ZA,451,Omicron BA.2,Community,1.1424898822715541,2021-11-08,15,Traveler weight (travel hubs),Strategies (total),70%,T3-R,fig_3f,T3-R^0,17,1.0872
2021-11-23,ZA,451,Omicron BA.2,Community,1.1424898822715541,2021-11-08,15,Traveler weight (travel hubs),Strategies (total),70%,T7-R,fig_3f,T7-R^0,17,1.0872
2021-11-23,ZA,451,Omicron BA.2,Community,1.1424898822715541,2021-11-08,15,Traveler weight (travel hubs),Strategies (total),70%,T11-R,fig_3f,T11-R^0,17,1.0367
2021-11-23,ZA,451,Omicron BA.2,Community,1.1424898822715541,2021-11-08,15,Traveler weight (travel hubs),Strategies (total),90%,T3-R,fig_3f,T3-R^0,17,1.083
2021-11-23,ZA,451,Omicron BA.2,Community,1.1424898822715541,2021-11-08,15,Traveler weight (travel hubs),Strategies (total),90%,T7-R,fig_3f,T7-R^0,17,1.083
2021-11-23,ZA,451,Omicron BA.2,Community,1.1424898822715541,2021-11-08,15,Traveler weight (travel hubs),Strategies (total),90%,T11-R,fig_3f,T11-R^0,17,1.0329
2021-11-23,ZA,451,Omicron BA.2,Community,1.1424898822715541,2021-11-08,15,Traveler weight (travel hubs),Strategies (total),100%,T3-R,fig_3f,T3-R^0,17,1.081
2021-11-23,ZA,451,Omicron BA.2,Community,1.1424898822715541,2021-11-08,15,Traveler weight (travel hubs),Strategies (total),100%,T7-R,fig_3f,T7-R^0,17,1.081
2021-11-23,ZA,451,Omicron BA.2,Community,1.1424898822715541,2021-11-08,15,Traveler weight (travel hubs),Strategies (total),100%,T11-R,fig_3f,T11-R^0,17,1.0298
2021-11-27,US,451,Omicron BA.2,Imported,1,2021-11-08,19,Traveler weight (travel hubs),Strategies (total),100%,T11-M,fig_3f,T11-R^90,17,1
2021-11-22,US,452,Omicron BA.2,Imported,1,2021-11-08,14,Traveler weight (travel hubs),Strategies (total),50%,T11-R,fig_3f,T11-R^0,17,1.0547
2021-11-22,US,452,Omicron BA.2,Imported,1,2021-11-08,14,Traveler weight (travel hubs),Strategies (total),70%,T3-R,fig_3f,T3-R^0,17,1.0872
2021-11-22,US,452,Omicron BA.2,Imported,1,2021-11-08,14,Traveler weight (travel hubs),Strategies (total),70%,T7-R,fig_3f,T7-R^0,17,1.0872
2021-11-22,US,452,Omicron BA.2,Imported,1,2021-11-08,14,Traveler weight (travel hubs),Strategies (total),70%,T11-R,fig_3f,T11-R^0,17,1.0367
2021-11-22,US,452,Omicron BA.2,Imported,1,2021-11-08,14,Traveler weight (travel hubs),Strategies (total),90%,T3-R,fig_3f,T3-R^0,17,1.083
2021-11-22,US,452,Omicron BA.2,Imported,1,2021-11-08,14,Traveler weight (travel hubs),Strategies (total),90%,T7-R,fig_3f,T7-R^0,17,1.083
2021-11-22,US,452,Omicron BA.2,Imported,1,2021-11-08,14,Traveler weight (travel hubs),Strategies (total),90%,T11-R,fig_3f,T11-R^0,17,1.0329
2021-11-22,US,452,Omicron BA.2,Imported,1,2021-11-08,14,Traveler weight (travel hubs),Strategies (total),100%,T3-R,fig_3f,T3-R^0,17,1.081
2021-11-22,US,452,Omicron BA.2,Imported,1,2021-11-08,14,Traveler weight (travel hubs),Strategies (total),100%,T7-R,fig_3f,T7-R^0,17,1.081
2021-11-22,US,452,Omicron BA.2,Imported,1,2021-11-08,14,Traveler weight (travel hubs),Strategies (total),100%,T11-R,fig_3f,T11-R^0,17,1.0298
2021-11-22,US,452,Omicron BA.2,Imported,1,2021-11-08,14,Traveler weight (travel hubs),Strategies (total),100%,T11-M,fig_3f,T11-R^90,17,1
2021-11-29,ZA,453,Omicron BA.2,Community,1.5548370824391664,2021-11-08,21,Traveler weight (travel hubs),Strategies (total),50%,T11-R,fig_3f,T11-R^0,17,1.0547
2021-11-29,ZA,453,Omicron BA.2,Community,1.5548370824391664,2021-11-08,21,Traveler weight (travel hubs),Strategies (total),70%,T3-R,fig_3f,T3-R^0,17,1.0872
2021-11-29,ZA,453,Omicron BA.2,Community,1.5548370824391664,2021-11-08,21,Traveler weight (travel hubs),Strategies (total),70%,T7-R,fig_3f,T7-R^0,17,1.0872
2021-11-29,ZA,453,Omicron BA.2,Community,1.5548370824391664,2021-11-08,21,Traveler weight (travel hubs),Strategies (total),70%,T11-R,fig_3f,T11-R^0,17,1.0367
2021-11-29,ZA,453,Omicron BA.2,Community,1.5548370824391664,2021-11-08,21,Traveler weight (travel hubs),Strategies (total),90%,T3-R,fig_3f,T3-R^0,17,1.083
2021-11-29,ZA,453,Omicron BA.2,Community,1.5548370824391664,2021-11-08,21,Traveler weight (travel hubs),Strategies (total),90%,T7-R,fig_3f,T7-R^0,17,1.083
2021-11-29,ZA,453,Omicron BA.2,Community,1.5548370824391664,2021-11-08,21,Traveler weight (travel hubs),Strategies (total),90%,T11-R,fig_3f,T11-R^0,17,1.0329
2021-11-29,ZA,453,Omicron BA.2,Community,1.5548370824391664,2021-11-08,21,Traveler weight (travel hubs),Strategies (total),100%,T3-R,fig_3f,T3-R^0,17,1.081
2021-11-29,ZA,453,Omicron BA.2,Community,1.5548370824391664,2021-11-08,21,Traveler weight (travel hubs),Strategies (total),100%,T7-R,fig_3f,T7-R^0,17,1.081
2021-11-29,ZA,453,Omicron BA.2,Community,1.5548370824391664,2021-11-08,21,Traveler weight (travel hubs),Strategies (total),100%,T11-R,fig_3f,T11-R^0,17,1.0298
2021-11-29,US,453,Omicron BA.2,Imported,1,2021-11-08,21,Traveler weight (travel hubs),Strategies (total),100%,T11-M,fig_3f,T11-R^90,17,1
2021-11-25,ZA,454,Omicron BA.2,Community,1.844957573354435,2021-11-08,17,Traveler weight (travel hubs),Strategies (total),50%,T11-R,fig_3f,T11-R^0,17,1.0547
2021-11-25,ZA,454,Omicron BA.2,Community,1.844957573354435,2021-11-08,17,Traveler weight (travel hubs),Strategies (total),70%,T3-R,fig_3f,T3-R^0,17,1.0872
2021-11-25,ZA,454,Omicron BA.2,Community,1.844957573354435,2021-11-08,17,Traveler weight (travel hubs),Strategies (total),70%,T7-R,fig_3f,T7-R^0,17,1.0872
2021-11-25,ZA,454,Omicron BA.2,Community,1.844957573354435,2021-11-08,17,Traveler weight (travel hubs),Strategies (total),70%,T11-R,fig_3f,T11-R^0,17,1.0367
2021-11-25,ZA,454,Omicron BA.2,Community,1.844957573354435,2021-11-08,17,Traveler weight (travel hubs),Strategies (total),90%,T3-R,fig_3f,T3-R^0,17,1.083
2021-11-25,ZA,454,Omicron BA.2,Community,1.844957573354435,2021-11-08,17,Traveler weight (travel hubs),Strategies (total),90%,T7-R,fig_3f,T7-R^0,17,1.083
2021-11-25,ZA,454,Omicron BA.2,Community,1.844957573354435,2021-11-08,17,Traveler weight (travel hubs),Strategies (total),90%,T11-R,fig_3f,T11-R^0,17,1.0329
2021-11-25,ZA,454,Omicron BA.2,Community,1.844957573354435,2021-11-08,17,Traveler weight (travel hubs),Strategies (total),100%,T3-R,fig_3f,T3-R^0,17,1.081
2021-11-25,ZA,454,Omicron BA.2,Community,1.844957573354435,2021-11-08,17,Traveler weight (travel hubs),Strategies (total),100%,T7-R,fig_3f,T7-R^0,17,1.081
2021-11-25,ZA,454,Omicron BA.2,Community,1.844957573354435,2021-11-08,17,Traveler weight (travel hubs),Strategies (total),100%,T11-R,fig_3f,T11-R^0,17,1.0298
2021-12-05,US,454,Omicron BA.2,Imported,1,2021-11-08,27,Traveler weight (travel hubs),Strategies (total),100%,T11-M,fig_3f,T11-R^90,17,1
2021-11-22,IN,455,Omicron BA.2,Imported,1,2021-11-08,14,Traveler weight (travel hubs),Strategies (total),50%,T11-R,fig_3f,T11-R^0,17,1.0547
2021-11-27,ZA,455,Omicron BA.2,Community,1.1928193971498626,2021-11-08,19,Traveler weight (travel hubs),Strategies (total),70%,T3-R,fig_3f,T3-R^0,17,1.0872
2021-11-27,ZA,455,Omicron BA.2,Community,1.1928193971498626,2021-11-08,19,Traveler weight (travel hubs),Strategies (total),70%,T7-R,fig_3f,T7-R^0,17,1.0872
2021-11-22,IN,455,Omicron BA.2,Imported,1,2021-11-08,14,Traveler weight (travel hubs),Strategies (total),70%,T11-R,fig_3f,T11-R^0,17,1.0367
2021-11-27,ZA,455,Omicron BA.2,Community,1.1928193971498626,2021-11-08,19,Traveler weight (travel hubs),Strategies (total),90%,T3-R,fig_3f,T3-R^0,17,1.083
2021-11-27,ZA,455,Omicron BA.2,Community,1.1928193971498626,2021-11-08,19,Traveler weight (travel hubs),Strategies (total),90%,T7-R,fig_3f,T7-R^0,17,1.083
2021-11-22,IN,455,Omicron BA.2,Imported,1,2021-11-08,14,Traveler weight (travel hubs),Strategies (total),90%,T11-R,fig_3f,T11-R^0,17,1.0329
2021-11-27,ZA,455,Omicron BA.2,Community,1.1928193971498626,2021-11-08,19,Traveler weight (travel hubs),Strategies (total),100%,T3-R,fig_3f,T3-R^0,17,1.081
2021-11-27,ZA,455,Omicron BA.2,Community,1.1928193971498626,2021-11-08,19,Traveler weight (travel hubs),Strategies (total),100%,T7-R,fig_3f,T7-R^0,17,1.081
2021-11-22,IN,455,Omicron BA.2,Imported,1,2021-11-08,14,Traveler weight (travel hubs),Strategies (total),100%,T11-R,fig_3f,T11-R^0,17,1.0298
2021-11-22,IN,455,Omicron BA.2,Imported,1,2021-11-08,14,Traveler weight (travel hubs),Strategies (total),100%,T11-M,fig_3f,T11-R^90,17,1
2021-11-28,ZA,456,Omicron BA.2,Community,1.0976240474941297,2021-11-08,20,Traveler weight (travel hubs),Strategies (total),50%,T11-R,fig_3f,T11-R^0,17,1.0547
2021-11-28,ZA,456,Omicron BA.2,Community,1.0976240474941297,2021-11-08,20,Traveler weight (travel hubs),Strategies (total),70%,T3-R,fig_3f,T3-R^0,17,1.0872
2021-11-28,ZA,456,Omicron BA.2,Community,1.0976240474941297,2021-11-08,20,Traveler weight (travel hubs),Strategies (total),70%,T7-R,fig_3f,T7-R^0,17,1.0872
2021-11-28,ZA,456,Omicron BA.2,Community,1.0976240474941297,2021-11-08,20,Traveler weight (travel hubs),Strategies (total),70%,T11-R,fig_3f,T11-R^0,17,1.0367
2021-11-28,ZA,456,Omicron BA.2,Community,1.0976240474941297,2021-11-08,20,Traveler weight (travel hubs),Strategies (total),90%,T3-R,fig_3f,T3-R^0,17,1.083
2021-11-28,ZA,456,Omicron BA.2,Community,1.0976240474941297,2021-11-08,20,Traveler weight (travel hubs),Strategies (total),90%,T7-R,fig_3f,T7-R^0,17,1.083
2021-11-28,ZA,456,Omicron BA.2,Community,1.0976240474941297,2021-11-08,20,Traveler weight (travel hubs),Strategies (total),90%,T11-R,fig_3f,T11-R^0,17,1.0329
2021-11-28,ZA,456,Omicron BA.2,Community,1.0976240474941297,2021-11-08,20,Traveler weight (travel hubs),Strategies (total),100%,T3-R,fig_3f,T3-R^0,17,1.081
2021-11-28,ZA,456,Omicron BA.2,Community,1.0976240474941297,2021-11-08,20,Traveler weight (travel hubs),Strategies (total),100%,T7-R,fig_3f,T7-R^0,17,1.081
2021-11-28,ZA,456,Omicron BA.2,Community,1.0976240474941297,2021-11-08,20,Traveler weight (travel hubs),Strategies (total),100%,T11-R,fig_3f,T11-R^0,17,1.0298
2021-12-09,US,456,Omicron BA.2,Imported,1,2021-11-08,31,Traveler weight (travel hubs),Strategies (total),100%,T11-M,fig_3f,T11-R^90,17,1
2021-11-17,US,457,Omicron BA.2,Imported,1,2021-11-08,9,Traveler weight (travel hubs),Strategies (total),50%,T11-R,fig_3f,T11-R^0,17,1.0547
2021-11-17,US,457,Omicron BA.2,Imported,1,2021-11-08,9,Traveler weight (travel hubs),Strategies (total),70%,T3-R,fig_3f,T3-R^0,17,1.0872
2021-11-17,US,457,Omicron BA.2,Imported,1,2021-11-08,9,Traveler weight (travel hubs),Strategies (total),70%,T7-R,fig_3f,T7-R^0,17,1.0872
2021-11-17,US,457,Omicron BA.2,Imported,1,2021-11-08,9,Traveler weight (travel hubs),Strategies (total),70%,T11-R,fig_3f,T11-R^0,17,1.0367
2021-11-17,US,457,Omicron BA.2,Imported,1,2021-11-08,9,Traveler weight (travel hubs),Strategies (total),90%,T3-R,fig_3f,T3-R^0,17,1.083
2021-11-17,US,457,Omicron BA.2,Imported,1,2021-11-08,9,Traveler weight (travel hubs),Strategies (total),90%,T7-R,fig_3f,T7-R^0,17,1.083
2021-11-17,US,457,Omicron BA.2,Imported,1,2021-11-08,9,Traveler weight (travel hubs),Strategies (total),90%,T11-R,fig_3f,T11-R^0,17,1.0329
2021-11-17,US,457,Omicron BA.2,Imported,1,2021-11-08,9,Traveler weight (travel hubs),Strategies (total),100%,T3-R,fig_3f,T3-R^0,17,1.081
2021-11-17,US,457,Omicron BA.2,Imported,1,2021-11-08,9,Traveler weight (travel hubs),Strategies (total),100%,T7-R,fig_3f,T7-R^0,17,1.081
2021-11-17,US,457,Omicron BA.2,Imported,1,2021-11-08,9,Traveler weight (travel hubs),Strategies (total),100%,T11-R,fig_3f,T11-R^0,17,1.0298
2021-11-17,US,457,Omicron BA.2,Imported,1,2021-11-08,9,Traveler weight (travel hubs),Strategies (total),100%,T11-M,fig_3f,T11-R^90,17,1
2021-11-25,ZA,458,Omicron BA.2,Community,1.300524397243086,2021-11-08,17,Traveler weight (travel hubs),Strategies (total),50%,T11-R,fig_3f,T11-R^0,17,1.0547
2021-11-25,ZA,458,Omicron BA.2,Community,1.300524397243086,2021-11-08,17,Traveler weight (travel hubs),Strategies (total),70%,T3-R,fig_3f,T3-R^0,17,1.0872
2021-11-25,ZA,458,Omicron BA.2,Community,1.300524397243086,2021-11-08,17,Traveler weight (travel hubs),Strategies (total),70%,T7-R,fig_3f,T7-R^0,17,1.0872
2021-11-25,ZA,458,Omicron BA.2,Community,1.300524397243086,2021-11-08,17,Traveler weight (travel hubs),Strategies (total),70%,T11-R,fig_3f,T11-R^0,17,1.0367
2021-11-25,ZA,458,Omicron BA.2,Community,1.300524397243086,2021-11-08,17,Traveler weight (travel hubs),Strategies (total),90%,T3-R,fig_3f,T3-R^0,17,1.083
2021-11-25,ZA,458,Omicron BA.2,Community,1.300524397243086,2021-11-08,17,Traveler weight (travel hubs),Strategies (total),90%,T7-R,fig_3f,T7-R^0,17,1.083
2021-11-25,ZA,458,Omicron BA.2,Community,1.300524397243086,2021-11-08,17,Traveler weight (travel hubs),Strategies (total),90%,T11-R,fig_3f,T11-R^0,17,1.0329
2021-11-25,ZA,458,Omicron BA.2,Community,1.300524397243086,2021-11-08,17,Traveler weight (travel hubs),Strategies (total),100%,T3-R,fig_3f,T3-R^0,17,1.081
2021-11-25,ZA,458,Omicron BA.2,Community,1.300524397243086,2021-11-08,17,Traveler weight (travel hubs),Strategies (total),100%,T7-R,fig_3f,T7-R^0,17,1.081
2021-11-25,ZA,458,Omicron BA.2,Community,1.300524397243086,2021-11-08,17,Traveler weight (travel hubs),Strategies (total),100%,T11-R,fig_3f,T11-R^0,17,1.0298
2021-11-29,US,458,Omicron BA.2,Imported,1,2021-11-08,21,Traveler weight (travel hubs),Strategies (total),100%,T11-M,fig_3f,T11-R^90,17,1
2021-12-01,ZA,459,Omicron BA.2,Community,1.0684323695623907,2021-11-08,23,Traveler weight (travel hubs),Strategies (total),50%,T11-R,fig_3f,T11-R^0,17,1.0547
2021-12-01,ZA,459,Omicron BA.2,Community,1.0684323695623907,2021-11-08,23,Traveler weight (travel hubs),Strategies (total),70%,T3-R,fig_3f,T3-R^0,17,1.0872
2021-12-01,ZA,459,Omicron BA.2,Community,1.0684323695623907,2021-11-08,23,Traveler weight (travel hubs),Strategies (total),70%,T7-R,fig_3f,T7-R^0,17,1.0872
2021-12-01,ZA,459,Omicron BA.2,Community,1.0684323695623907,2021-11-08,23,Traveler weight (travel hubs),Strategies (total),70%,T11-R,fig_3f,T11-R^0,17,1.0367
2021-12-01,ZA,459,Omicron BA.2,Community,1.0684323695623907,2021-11-08,23,Traveler weight (travel hubs),Strategies (total),90%,T3-R,fig_3f,T3-R^0,17,1.083
2021-12-01,ZA,459,Omicron BA.2,Community,1.0684323695623907,2021-11-08,23,Traveler weight (travel hubs),Strategies (total),90%,T7-R,fig_3f,T7-R^0,17,1.083
2021-12-01,ZA,459,Omicron BA.2,Community,1.0684323695623907,2021-11-08,23,Traveler weight (travel hubs),Strategies (total),90%,T11-R,fig_3f,T11-R^0,17,1.0329
2021-12-01,ZA,459,Omicron BA.2,Community,1.0684323695623907,2021-11-08,23,Traveler weight (travel hubs),Strategies (total),100%,T3-R,fig_3f,T3-R^0,17,1.081
2021-12-01,ZA,459,Omicron BA.2,Community,1.0684323695623907,2021-11-08,23,Traveler weight (travel hubs),Strategies (total),100%,T7-R,fig_3f,T7-R^0,17,1.081
2021-12-01,ZA,459,Omicron BA.2,Community,1.0684323695623907,2021-11-08,23,Traveler weight (travel hubs),Strategies (total),100%,T11-R,fig_3f,T11-R^0,17,1.0298
2021-11-21,TR,459,Omicron BA.2,Imported,1,2021-11-08,13,Traveler weight (travel hubs),Strategies (total),100%,T11-M,fig_3f,T11-R^90,17,1
2021-11-29,ZA,46,Omicron BA.2,Community,1.100416728104114,2021-11-08,21,Traveler weight (travel hubs),Strategies (total),50%,T11-R,fig_3f,T11-R^0,17,1.0547
2021-11-29,ZA,46,Omicron BA.2,Community,1.100416728104114,2021-11-08,21,Traveler weight (travel hubs),Strategies (total),70%,T3-R,fig_3f,T3-R^0,17,1.0872
2021-11-29,ZA,46,Omicron BA.2,Community,1.100416728104114,2021-11-08,21,Traveler weight (travel hubs),Strategies (total),70%,T7-R,fig_3f,T7-R^0,17,1.0872
2021-11-29,ZA,46,Omicron BA.2,Community,1.100416728104114,2021-11-08,21,Traveler weight (travel hubs),Strategies (total),70%,T11-R,fig_3f,T11-R^0,17,1.0367
2021-11-29,ZA,46,Omicron BA.2,Community,1.100416728104114,2021-11-08,21,Traveler weight (travel hubs),Strategies (total),90%,T3-R,fig_3f,T3-R^0,17,1.083
2021-11-29,ZA,46,Omicron BA.2,Community,1.100416728104114,2021-11-08,21,Traveler weight (travel hubs),Strategies (total),90%,T7-R,fig_3f,T7-R^0,17,1.083
2021-11-29,ZA,46,Omicron BA.2,Community,1.100416728104114,2021-11-08,21,Traveler weight (travel hubs),Strategies (total),90%,T11-R,fig_3f,T11-R^0,17,1.0329
2021-11-29,ZA,46,Omicron BA.2,Community,1.100416728104114,2021-11-08,21,Traveler weight (travel hubs),Strategies (total),100%,T3-R,fig_3f,T3-R^0,17,1.081
2021-11-29,ZA,46,Omicron BA.2,Community,1.100416728104114,2021-11-08,21,Traveler weight (travel hubs),Strategies (total),100%,T7-R,fig_3f,T7-R^0,17,1.081
2021-11-29,ZA,46,Omicron BA.2,Community,1.100416728104114,2021-11-08,21,Traveler weight (travel hubs),Strategies (total),100%,T11-R,fig_3f,T11-R^0,17,1.0298
2021-11-16,TR,46,Omicron BA.2,Imported,1,2021-11-08,8,Traveler weight (travel hubs),Strategies (total),100%,T11-M,fig_3f,T11-R^90,17,1
2021-11-22,ZA,460,Omicron BA.2,Community,1.071065654852258,2021-11-08,14,Traveler weight (travel hubs),Strategies (total),50%,T11-R,fig_3f,T11-R^0,17,1.0547
2021-11-22,ZA,460,Omicron BA.2,Community,1.071065654852258,2021-11-08,14,Traveler weight (travel hubs),Strategies (total),70%,T3-R,fig_3f,T3-R^0,17,1.0872
2021-11-22,ZA,460,Omicron BA.2,Community,1.071065654852258,2021-11-08,14,Traveler weight (travel hubs),Strategies (total),70%,T7-R,fig_3f,T7-R^0,17,1.0872
2021-11-22,ZA,460,Omicron BA.2,Community,1.071065654852258,2021-11-08,14,Traveler weight (travel hubs),Strategies (total),70%,T11-R,fig_3f,T11-R^0,17,1.0367
2021-11-22,ZA,460,Omicron BA.2,Community,1.071065654852258,2021-11-08,14,Traveler weight (travel hubs),Strategies (total),90%,T3-R,fig_3f,T3-R^0,17,1.083
2021-11-22,ZA,460,Omicron BA.2,Community,1.071065654852258,2021-11-08,14,Traveler weight (travel hubs),Strategies (total),90%,T7-R,fig_3f,T7-R^0,17,1.083
2021-11-22,ZA,460,Omicron BA.2,Community,1.071065654852258,2021-11-08,14,Traveler weight (travel hubs),Strategies (total),90%,T11-R,fig_3f,T11-R^0,17,1.0329
2021-11-22,ZA,460,Omicron BA.2,Community,1.071065654852258,2021-11-08,14,Traveler weight (travel hubs),Strategies (total),100%,T3-R,fig_3f,T3-R^0,17,1.081
2021-11-22,ZA,460,Omicron BA.2,Community,1.071065654852258,2021-11-08,14,Traveler weight (travel hubs),Strategies (total),100%,T7-R,fig_3f,T7-R^0,17,1.081
2021-11-22,ZA,460,Omicron BA.2,Community,1.071065654852258,2021-11-08,14,Traveler weight (travel hubs),Strategies (total),100%,T11-R,fig_3f,T11-R^0,17,1.0298
2021-11-27,US,460,Omicron BA.2,Imported,1,2021-11-08,19,Traveler weight (travel hubs),Strategies (total),100%,T11-M,fig_3f,T11-R^90,17,1
2021-11-28,ZA,461,Omicron BA.2,Community,1.257783755807682,2021-11-08,20,Traveler weight (travel hubs),Strategies (total),50%,T11-R,fig_3f,T11-R^0,17,1.0547
2021-11-28,ZA,461,Omicron BA.2,Community,1.257783755807682,2021-11-08,20,Traveler weight (travel hubs),Strategies (total),70%,T3-R,fig_3f,T3-R^0,17,1.0872
2021-11-28,ZA,461,Omicron BA.2,Community,1.257783755807682,2021-11-08,20,Traveler weight (travel hubs),Strategies (total),70%,T7-R,fig_3f,T7-R^0,17,1.0872
2021-11-27,IN,461,Omicron BA.2,Imported,1,2021-11-08,19,Traveler weight (travel hubs),Strategies (total),70%,T11-R,fig_3f,T11-R^0,17,1.0367
2021-11-22,US,461,Omicron BA.2,Imported,1,2021-11-08,14,Traveler weight (travel hubs),Strategies (total),90%,T3-R,fig_3f,T3-R^0,17,1.083
2021-11-22,US,461,Omicron BA.2,Imported,1,2021-11-08,14,Traveler weight (travel hubs),Strategies (total),90%,T7-R,fig_3f,T7-R^0,17,1.083
2021-11-22,US,461,Omicron BA.2,Imported,1,2021-11-08,14,Traveler weight (travel hubs),Strategies (total),90%,T11-R,fig_3f,T11-R^0,17,1.0329
2021-11-22,US,461,Omicron BA.2,Imported,1,2021-11-08,14,Traveler weight (travel hubs),Strategies (total),100%,T3-R,fig_3f,T3-R^0,17,1.081
2021-11-22,US,461,Omicron BA.2,Imported,1,2021-11-08,14,Traveler weight (travel hubs),Strategies (total),100%,T7-R,fig_3f,T7-R^0,17,1.081
2021-11-22,US,461,Omicron BA.2,Imported,1,2021-11-08,14,Traveler weight (travel hubs),Strategies (total),100%,T11-R,fig_3f,T11-R^0,17,1.0298
2021-11-22,US,461,Omicron BA.2,Imported,1,2021-11-08,14,Traveler weight (travel hubs),Strategies (total),100%,T11-M,fig_3f,T11-R^90,17,1
2021-11-29,ZA,462,Omicron BA.2,Community,1.0001320270540703,2021-11-08,21,Traveler weight (travel hubs),Strategies (total),50%,T11-R,fig_3f,T11-R^0,17,1.0547
2021-11-29,ZA,462,Omicron BA.2,Community,1.0001320270540703,2021-11-08,21,Traveler weight (travel hubs),Strategies (total),70%,T3-R,fig_3f,T3-R^0,17,1.0872
2021-11-29,ZA,462,Omicron BA.2,Community,1.0001320270540703,2021-11-08,21,Traveler weight (travel hubs),Strategies (total),70%,T7-R,fig_3f,T7-R^0,17,1.0872
2021-11-29,ZA,462,Omicron BA.2,Community,1.0001320270540703,2021-11-08,21,Traveler weight (travel hubs),Strategies (total),70%,T11-R,fig_3f,T11-R^0,17,1.0367
2021-11-29,ZA,462,Omicron BA.2,Community,1.0001320270540703,2021-11-08,21,Traveler weight (travel hubs),Strategies (total),90%,T3-R,fig_3f,T3-R^0,17,1.083
2021-11-29,ZA,462,Omicron BA.2,Community,1.0001320270540703,2021-11-08,21,Traveler weight (travel hubs),Strategies (total),90%,T7-R,fig_3f,T7-R^0,17,1.083
2021-11-29,ZA,462,Omicron BA.2,Community,1.0001320270540703,2021-11-08,21,Traveler weight (travel hubs),Strategies (total),90%,T11-R,fig_3f,T11-R^0,17,1.0329
2021-11-29,ZA,462,Omicron BA.2,Community,1.0001320270540703,2021-11-08,21,Traveler weight (travel hubs),Strategies (total),100%,T3-R,fig_3f,T3-R^0,17,1.081
2021-11-29,ZA,462,Omicron BA.2,Community,1.0001320270540703,2021-11-08,21,Traveler weight (travel hubs),Strategies (total),100%,T7-R,fig_3f,T7-R^0,17,1.081
2021-11-29,ZA,462,Omicron BA.2,Community,1.0001320270540703,2021-11-08,21,Traveler weight (travel hubs),Strategies (total),100%,T11-R,fig_3f,T11-R^0,17,1.0298
2021-12-07,US,462,Omicron BA.2,Imported,1,2021-11-08,29,Traveler weight (travel hubs),Strategies (total),100%,T11-M,fig_3f,T11-R^90,17,1
2021-11-29,ZA,463,Omicron BA.2,Community,2.015196463063139,2021-11-08,21,Traveler weight (travel hubs),Strategies (total),50%,T11-R,fig_3f,T11-R^0,17,1.0547
2021-11-29,ZA,463,Omicron BA.2,Community,2.015196463063139,2021-11-08,21,Traveler weight (travel hubs),Strategies (total),70%,T3-R,fig_3f,T3-R^0,17,1.0872
2021-11-29,ZA,463,Omicron BA.2,Community,2.015196463063139,2021-11-08,21,Traveler weight (travel hubs),Strategies (total),70%,T7-R,fig_3f,T7-R^0,17,1.0872
2021-11-29,ZA,463,Omicron BA.2,Community,2.015196463063139,2021-11-08,21,Traveler weight (travel hubs),Strategies (total),70%,T11-R,fig_3f,T11-R^0,17,1.0367
2021-11-29,ZA,463,Omicron BA.2,Community,2.015196463063139,2021-11-08,21,Traveler weight (travel hubs),Strategies (total),90%,T3-R,fig_3f,T3-R^0,17,1.083
2021-11-29,ZA,463,Omicron BA.2,Community,2.015196463063139,2021-11-08,21,Traveler weight (travel hubs),Strategies (total),90%,T7-R,fig_3f,T7-R^0,17,1.083
2021-11-29,ZA,463,Omicron BA.2,Community,2.015196463063139,2021-11-08,21,Traveler weight (travel hubs),Strategies (total),90%,T11-R,fig_3f,T11-R^0,17,1.0329
2021-11-29,ZA,463,Omicron BA.2,Community,2.015196463063139,2021-11-08,21,Traveler weight (travel hubs),Strategies (total),100%,T3-R,fig_3f,T3-R^0,17,1.081
2021-11-29,ZA,463,Omicron BA.2,Community,2.015196463063139,2021-11-08,21,Traveler weight (travel hubs),Strategies (total),100%,T7-R,fig_3f,T7-R^0,17,1.081
2021-11-29,ZA,463,Omicron BA.2,Community,2.015196463063139,2021-11-08,21,Traveler weight (travel hubs),Strategies (total),100%,T11-R,fig_3f,T11-R^0,17,1.0298
2021-12-07,AE,463,Omicron BA.2,Imported,1,2021-11-08,29,Traveler weight (travel hubs),Strategies (total),100%,T11-M,fig_3f,T11-R^90,17,1
2021-12-04,ZA,464,Omicron BA.2,Community,1.1818859143967353,2021-11-08,26,Traveler weight (travel hubs),Strategies (total),50%,T11-R,fig_3f,T11-R^0,17,1.0547
2021-12-04,ZA,464,Omicron BA.2,Community,1.1818859143967353,2021-11-08,26,Traveler weight (travel hubs),Strategies (total),70%,T3-R,fig_3f,T3-R^0,17,1.0872
2021-12-04,ZA,464,Omicron BA.2,Community,1.1818859143967353,2021-11-08,26,Traveler weight (travel hubs),Strategies (total),70%,T7-R,fig_3f,T7-R^0,17,1.0872
2021-12-04,ZA,464,Omicron BA.2,Community,1.1818859143967353,2021-11-08,26,Traveler weight (travel hubs),Strategies (total),70%,T11-R,fig_3f,T11-R^0,17,1.0367
2021-12-04,ZA,464,Omicron BA.2,Community,1.1818859143967353,2021-11-08,26,Traveler weight (travel hubs),Strategies (total),90%,T3-R,fig_3f,T3-R^0,17,1.083
2021-12-04,ZA,464,Omicron BA.2,Community,1.1818859143967353,2021-11-08,26,Traveler weight (travel hubs),Strategies (total),90%,T7-R,fig_3f,T7-R^0,17,1.083
2021-12-04,ZA,464,Omicron BA.2,Community,1.1818859143967353,2021-11-08,26,Traveler weight (travel hubs),Strategies (total),90%,T11-R,fig_3f,T11-R^0,17,1.0329
2021-12-04,ZA,464,Omicron BA.2,Community,1.1818859143967353,2021-11-08,26,Traveler weight (travel hubs),Strategies (total),100%,T3-R,fig_3f,T3-R^0,17,1.081
2021-12-04,ZA,464,Omicron BA.2,Community,1.1818859143967353,2021-11-08,26,Traveler weight (travel hubs),Strategies (total),100%,T7-R,fig_3f,T7-R^0,17,1.081
2021-12-04,ZA,464,Omicron BA.2,Community,1.1818859143967353,2021-11-08,26,Traveler weight (travel hubs),Strategies (total),100%,T11-R,fig_3f,T11-R^0,17,1.0298
2021-11-18,TR,464,Omicron BA.2,Imported,1,2021-11-08,10,Traveler weight (travel hubs),Strategies (total),100%,T11-M,fig_3f,T11-R^90,17,1
2021-11-29,ZA,465,Omicron BA.2,Community,1.406870484612368,2021-11-08,21,Traveler weight (travel hubs),Strategies (total),50%,T11-R,fig_3f,T11-R^0,17,1.0547
2021-11-29,ZA,465,Omicron BA.2,Community,1.406870484612368,2021-11-08,21,Traveler weight (travel hubs),Strategies (total),70%,T3-R,fig_3f,T3-R^0,17,1.0872
2021-11-29,ZA,465,Omicron BA.2,Community,1.406870484612368,2021-11-08,21,Traveler weight (travel hubs),Strategies (total),70%,T7-R,fig_3f,T7-R^0,17,1.0872
2021-11-29,ZA,465,Omicron BA.2,Community,1.406870484612368,2021-11-08,21,Traveler weight (travel hubs),Strategies (total),70%,T11-R,fig_3f,T11-R^0,17,1.0367
2021-11-29,ZA,465,Omicron BA.2,Community,1.406870484612368,2021-11-08,21,Traveler weight (travel hubs),Strategies (total),90%,T3-R,fig_3f,T3-R^0,17,1.083
2021-11-29,ZA,465,Omicron BA.2,Community,1.406870484612368,2021-11-08,21,Traveler weight (travel hubs),Strategies (total),90%,T7-R,fig_3f,T7-R^0,17,1.083
2021-11-29,ZA,465,Omicron BA.2,Community,1.406870484612368,2021-11-08,21,Traveler weight (travel hubs),Strategies (total),90%,T11-R,fig_3f,T11-R^0,17,1.0329
2021-11-29,ZA,465,Omicron BA.2,Community,1.406870484612368,2021-11-08,21,Traveler weight (travel hubs),Strategies (total),100%,T3-R,fig_3f,T3-R^0,17,1.081
2021-11-29,ZA,465,Omicron BA.2,Community,1.406870484612368,2021-11-08,21,Traveler weight (travel hubs),Strategies (total),100%,T7-R,fig_3f,T7-R^0,17,1.081
2021-11-29,ZA,465,Omicron BA.2,Community,1.406870484612368,2021-11-08,21,Traveler weight (travel hubs),Strategies (total),100%,T11-R,fig_3f,T11-R^0,17,1.0298
2021-12-02,US,465,Omicron BA.2,Imported,1,2021-11-08,24,Traveler weight (travel hubs),Strategies (total),100%,T11-M,fig_3f,T11-R^90,17,1
2021-12-02,ZA,466,Omicron BA.2,Community,1.0159299298858417,2021-11-08,24,Traveler weight (travel hubs),Strategies (total),50%,T11-R,fig_3f,T11-R^0,17,1.0547
2021-12-02,ZA,466,Omicron BA.2,Community,1.0159299298858417,2021-11-08,24,Traveler weight (travel hubs),Strategies (total),70%,T3-R,fig_3f,T3-R^0,17,1.0872
2021-12-02,ZA,466,Omicron BA.2,Community,1.0159299298858417,2021-11-08,24,Traveler weight (travel hubs),Strategies (total),70%,T7-R,fig_3f,T7-R^0,17,1.0872
2021-11-22,IN,466,Omicron BA.2,Imported,1,2021-11-08,14,Traveler weight (travel hubs),Strategies (total),70%,T11-R,fig_3f,T11-R^0,17,1.0367
2021-12-02,ZA,466,Omicron BA.2,Community,1.0159299298858417,2021-11-08,24,Traveler weight (travel hubs),Strategies (total),90%,T3-R,fig_3f,T3-R^0,17,1.083
2021-12-02,ZA,466,Omicron BA.2,Community,1.0159299298858417,2021-11-08,24,Traveler weight (travel hubs),Strategies (total),90%,T7-R,fig_3f,T7-R^0,17,1.083
2021-11-22,IN,466,Omicron BA.2,Imported,1,2021-11-08,14,Traveler weight (travel hubs),Strategies (total),90%,T11-R,fig_3f,T11-R^0,17,1.0329
2021-12-02,ZA,466,Omicron BA.2,Community,1.0159299298858417,2021-11-08,24,Traveler weight (travel hubs),Strategies (total),100%,T3-R,fig_3f,T3-R^0,17,1.081
2021-12-02,ZA,466,Omicron BA.2,Community,1.0159299298858417,2021-11-08,24,Traveler weight (travel hubs),Strategies (total),100%,T7-R,fig_3f,T7-R^0,17,1.081
2021-11-22,IN,466,Omicron BA.2,Imported,1,2021-11-08,14,Traveler weight (travel hubs),Strategies (total),100%,T11-R,fig_3f,T11-R^0,17,1.0298
2021-11-22,IN,466,Omicron BA.2,Imported,1,2021-11-08,14,Traveler weight (travel hubs),Strategies (total),100%,T11-M,fig_3f,T11-R^90,17,1
2021-11-27,ZA,467,Omicron BA.2,Community,1.000027645460903,2021-11-08,19,Traveler weight (travel hubs),Strategies (total),50%,T11-R,fig_3f,T11-R^0,17,1.0547
2021-11-27,ZA,467,Omicron BA.2,Community,1.000027645460903,2021-11-08,19,Traveler weight (travel hubs),Strategies (total),70%,T3-R,fig_3f,T3-R^0,17,1.0872
2021-11-27,ZA,467,Omicron BA.2,Community,1.000027645460903,2021-11-08,19,Traveler weight (travel hubs),Strategies (total),70%,T7-R,fig_3f,T7-R^0,17,1.0872
2021-11-27,ZA,467,Omicron BA.2,Community,1.000027645460903,2021-11-08,19,Traveler weight (travel hubs),Strategies (total),70%,T11-R,fig_3f,T11-R^0,17,1.0367
2021-11-27,ZA,467,Omicron BA.2,Community,1.000027645460903,2021-11-08,19,Traveler weight (travel hubs),Strategies (total),90%,T3-R,fig_3f,T3-R^0,17,1.083
2021-11-27,ZA,467,Omicron BA.2,Community,1.000027645460903,2021-11-08,19,Traveler weight (travel hubs),Strategies (total),90%,T7-R,fig_3f,T7-R^0,17,1.083
2021-11-27,ZA,467,Omicron BA.2,Community,1.000027645460903,2021-11-08,19,Traveler weight (travel hubs),Strategies (total),90%,T11-R,fig_3f,T11-R^0,17,1.0329
2021-11-27,ZA,467,Omicron BA.2,Community,1.000027645460903,2021-11-08,19,Traveler weight (travel hubs),Strategies (total),100%,T3-R,fig_3f,T3-R^0,17,1.081
2021-11-27,ZA,467,Omicron BA.2,Community,1.000027645460903,2021-11-08,19,Traveler weight (travel hubs),Strategies (total),100%,T7-R,fig_3f,T7-R^0,17,1.081
2021-11-27,ZA,467,Omicron BA.2,Community,1.000027645460903,2021-11-08,19,Traveler weight (travel hubs),Strategies (total),100%,T11-R,fig_3f,T11-R^0,17,1.0298
2021-11-22,AE,467,Omicron BA.2,Imported,1,2021-11-08,14,Traveler weight (travel hubs),Strategies (total),100%,T11-M,fig_3f,T11-R^90,17,1
2021-11-25,ZA,468,Omicron BA.2,Community,1.2978526968150588,2021-11-08,17,Traveler weight (travel hubs),Strategies (total),50%,T11-R,fig_3f,T11-R^0,17,1.0547
2021-11-25,ZA,468,Omicron BA.2,Community,1.2978526968150588,2021-11-08,17,Traveler weight (travel hubs),Strategies (total),70%,T3-R,fig_3f,T3-R^0,17,1.0872
2021-11-25,ZA,468,Omicron BA.2,Community,1.2978526968150588,2021-11-08,17,Traveler weight (travel hubs),Strategies (total),70%,T7-R,fig_3f,T7-R^0,17,1.0872
2021-11-25,ZA,468,Omicron BA.2,Community,1.2978526968150588,2021-11-08,17,Traveler weight (travel hubs),Strategies (total),70%,T11-R,fig_3f,T11-R^0,17,1.0367
2021-11-25,ZA,468,Omicron BA.2,Community,1.2978526968150588,2021-11-08,17,Traveler weight (travel hubs),Strategies (total),90%,T3-R,fig_3f,T3-R^0,17,1.083
2021-11-25,ZA,468,Omicron BA.2,Community,1.2978526968150588,2021-11-08,17,Traveler weight (travel hubs),Strategies (total),90%,T7-R,fig_3f,T7-R^0,17,1.083
2021-11-25,ZA,468,Omicron BA.2,Community,1.2978526968150588,2021-11-08,17,Traveler weight (travel hubs),Strategies (total),90%,T11-R,fig_3f,T11-R^0,17,1.0329
2021-11-25,ZA,468,Omicron BA.2,Community,1.2978526968150588,2021-11-08,17,Traveler weight (travel hubs),Strategies (total),100%,T3-R,fig_3f,T3-R^0,17,1.081
2021-11-25,ZA,468,Omicron BA.2,Community,1.2978526968150588,2021-11-08,17,Traveler weight (travel hubs),Strategies (total),100%,T7-R,fig_3f,T7-R^0,17,1.081
2021-11-25,ZA,468,Omicron BA.2,Community,1.2978526968150588,2021-11-08,17,Traveler weight (travel hubs),Strategies (total),100%,T11-R,fig_3f,T11-R^0,17,1.0298
2021-11-27,IN,468,Omicron BA.2,Imported,1,2021-11-08,19,Traveler weight (travel hubs),Strategies (total),100%,T11-M,fig_3f,T11-R^90,17,1
2021-11-15,IN,469,Omicron BA.2,Imported,1,2021-11-08,7,Traveler weight (travel hubs),Strategies (total),50%,T11-R,fig_3f,T11-R^0,17,1.0547
2021-11-27,ZA,469,Omicron BA.2,Community,1.5109140580053624,2021-11-08,19,Traveler weight (travel hubs),Strategies (total),70%,T3-R,fig_3f,T3-R^0,17,1.0872
2021-11-27,ZA,469,Omicron BA.2,Community,1.5109140580053624,2021-11-08,19,Traveler weight (travel hubs),Strategies (total),70%,T7-R,fig_3f,T7-R^0,17,1.0872
2021-11-15,IN,469,Omicron BA.2,Imported,1,2021-11-08,7,Traveler weight (travel hubs),Strategies (total),70%,T11-R,fig_3f,T11-R^0,17,1.0367
2021-11-27,ZA,469,Omicron BA.2,Community,1.5109140580053624,2021-11-08,19,Traveler weight (travel hubs),Strategies (total),90%,T3-R,fig_3f,T3-R^0,17,1.083
2021-11-27,ZA,469,Omicron BA.2,Community,1.5109140580053624,2021-11-08,19,Traveler weight (travel hubs),Strategies (total),90%,T7-R,fig_3f,T7-R^0,17,1.083
2021-11-15,IN,469,Omicron BA.2,Imported,1,2021-11-08,7,Traveler weight (travel hubs),Strategies (total),90%,T11-R,fig_3f,T11-R^0,17,1.0329
2021-11-27,ZA,469,Omicron BA.2,Community,1.5109140580053624,2021-11-08,19,Traveler weight (travel hubs),Strategies (total),100%,T3-R,fig_3f,T3-R^0,17,1.081
2021-11-27,ZA,469,Omicron BA.2,Community,1.5109140580053624,2021-11-08,19,Traveler weight (travel hubs),Strategies (total),100%,T7-R,fig_3f,T7-R^0,17,1.081
2021-11-15,IN,469,Omicron BA.2,Imported,1,2021-11-08,7,Traveler weight (travel hubs),Strategies (total),100%,T11-R,fig_3f,T11-R^0,17,1.0298
2021-11-15,IN,469,Omicron BA.2,Imported,1,2021-11-08,7,Traveler weight (travel hubs),Strategies (total),100%,T11-M,fig_3f,T11-R^90,17,1
2021-11-27,ZA,47,Omicron BA.2,Community,1.165066171706094,2021-11-08,19,Traveler weight (travel hubs),Strategies (total),50%,T11-R,fig_3f,T11-R^0,17,1.0547
2021-11-27,ZA,47,Omicron BA.2,Community,1.165066171706094,2021-11-08,19,Traveler weight (travel hubs),Strategies (total),70%,T3-R,fig_3f,T3-R^0,17,1.0872
2021-11-27,ZA,47,Omicron BA.2,Community,1.165066171706094,2021-11-08,19,Traveler weight (travel hubs),Strategies (total),70%,T7-R,fig_3f,T7-R^0,17,1.0872
2021-11-27,ZA,47,Omicron BA.2,Community,1.165066171706094,2021-11-08,19,Traveler weight (travel hubs),Strategies (total),70%,T11-R,fig_3f,T11-R^0,17,1.0367
2021-11-27,ZA,47,Omicron BA.2,Community,1.165066171706094,2021-11-08,19,Traveler weight (travel hubs),Strategies (total),90%,T3-R,fig_3f,T3-R^0,17,1.083
2021-11-27,ZA,47,Omicron BA.2,Community,1.165066171706094,2021-11-08,19,Traveler weight (travel hubs),Strategies (total),90%,T7-R,fig_3f,T7-R^0,17,1.083
2021-11-27,ZA,47,Omicron BA.2,Community,1.165066171706094,2021-11-08,19,Traveler weight (travel hubs),Strategies (total),90%,T11-R,fig_3f,T11-R^0,17,1.0329
2021-11-27,ZA,47,Omicron BA.2,Community,1.165066171706094,2021-11-08,19,Traveler weight (travel hubs),Strategies (total),100%,T3-R,fig_3f,T3-R^0,17,1.081
2021-11-27,ZA,47,Omicron BA.2,Community,1.165066171706094,2021-11-08,19,Traveler weight (travel hubs),Strategies (total),100%,T7-R,fig_3f,T7-R^0,17,1.081
2021-11-27,ZA,47,Omicron BA.2,Community,1.165066171706094,2021-11-08,19,Traveler weight (travel hubs),Strategies (total),100%,T11-R,fig_3f,T11-R^0,17,1.0298
2021-11-20,TR,47,Omicron BA.2,Imported,1,2021-11-08,12,Traveler weight (travel hubs),Strategies (total),100%,T11-M,fig_3f,T11-R^90,17,1
2021-12-02,US,470,Omicron BA.2,Imported,1,2021-11-08,24,Traveler weight (travel hubs),Strategies (total),50%,T11-R,fig_3f,T11-R^0,17,1.0547
2021-12-02,US,470,Omicron BA.2,Imported,1,2021-11-08,24,Traveler weight (travel hubs),Strategies (total),70%,T3-R,fig_3f,T3-R^0,17,1.0872
2021-12-02,US,470,Omicron BA.2,Imported,1,2021-11-08,24,Traveler weight (travel hubs),Strategies (total),70%,T7-R,fig_3f,T7-R^0,17,1.0872
2021-12-02,US,470,Omicron BA.2,Imported,1,2021-11-08,24,Traveler weight (travel hubs),Strategies (total),70%,T11-R,fig_3f,T11-R^0,17,1.0367
2021-12-02,US,470,Omicron BA.2,Imported,1,2021-11-08,24,Traveler weight (travel hubs),Strategies (total),90%,T3-R,fig_3f,T3-R^0,17,1.083
2021-12-02,US,470,Omicron BA.2,Imported,1,2021-11-08,24,Traveler weight (travel hubs),Strategies (total),90%,T7-R,fig_3f,T7-R^0,17,1.083
2021-12-02,US,470,Omicron BA.2,Imported,1,2021-11-08,24,Traveler weight (travel hubs),Strategies (total),90%,T11-R,fig_3f,T11-R^0,17,1.0329
2021-12-02,US,470,Omicron BA.2,Imported,1,2021-11-08,24,Traveler weight (travel hubs),Strategies (total),100%,T3-R,fig_3f,T3-R^0,17,1.081
2021-12-02,US,470,Omicron BA.2,Imported,1,2021-11-08,24,Traveler weight (travel hubs),Strategies (total),100%,T7-R,fig_3f,T7-R^0,17,1.081
2021-12-02,US,470,Omicron BA.2,Imported,1,2021-11-08,24,Traveler weight (travel hubs),Strategies (total),100%,T11-R,fig_3f,T11-R^0,17,1.0298
2021-11-18,TR,470,Omicron BA.2,Imported,1,2021-11-08,10,Traveler weight (travel hubs),Strategies (total),100%,T11-M,fig_3f,T11-R^90,17,1
2021-11-21,IN,471,Omicron BA.2,Imported,1,2021-11-08,13,Traveler weight (travel hubs),Strategies (total),50%,T11-R,fig_3f,T11-R^0,17,1.0547
2021-11-26,ZA,471,Omicron BA.2,Community,1.0668053528284858,2021-11-08,18,Traveler weight (travel hubs),Strategies (total),70%,T3-R,fig_3f,T3-R^0,17,1.0872
2021-11-26,ZA,471,Omicron BA.2,Community,1.0668053528284858,2021-11-08,18,Traveler weight (travel hubs),Strategies (total),70%,T7-R,fig_3f,T7-R^0,17,1.0872
2021-11-21,IN,471,Omicron BA.2,Imported,1,2021-11-08,13,Traveler weight (travel hubs),Strategies (total),70%,T11-R,fig_3f,T11-R^0,17,1.0367
2021-11-26,ZA,471,Omicron BA.2,Community,1.0668053528284858,2021-11-08,18,Traveler weight (travel hubs),Strategies (total),90%,T3-R,fig_3f,T3-R^0,17,1.083
2021-11-26,ZA,471,Omicron BA.2,Community,1.0668053528284858,2021-11-08,18,Traveler weight (travel hubs),Strategies (total),90%,T7-R,fig_3f,T7-R^0,17,1.083
2021-11-21,IN,471,Omicron BA.2,Imported,1,2021-11-08,13,Traveler weight (travel hubs),Strategies (total),90%,T11-R,fig_3f,T11-R^0,17,1.0329
2021-11-26,ZA,471,Omicron BA.2,Community,1.0668053528284858,2021-11-08,18,Traveler weight (travel hubs),Strategies (total),100%,T3-R,fig_3f,T3-R^0,17,1.081
2021-11-26,ZA,471,Omicron BA.2,Community,1.0668053528284858,2021-11-08,18,Traveler weight (travel hubs),Strategies (total),100%,T7-R,fig_3f,T7-R^0,17,1.081
2021-11-21,IN,471,Omicron BA.2,Imported,1,2021-11-08,13,Traveler weight (travel hubs),Strategies (total),100%,T11-R,fig_3f,T11-R^0,17,1.0298
2021-11-21,IN,471,Omicron BA.2,Imported,1,2021-11-08,13,Traveler weight (travel hubs),Strategies (total),100%,T11-M,fig_3f,T11-R^90,17,1
2021-11-21,IN,472,Omicron BA.2,Imported,1,2021-11-08,13,Traveler weight (travel hubs),Strategies (total),50%,T11-R,fig_3f,T11-R^0,17,1.0547
2021-11-25,ZA,472,Omicron BA.2,Community,1.027120386774955,2021-11-08,17,Traveler weight (travel hubs),Strategies (total),70%,T3-R,fig_3f,T3-R^0,17,1.0872
2021-11-25,ZA,472,Omicron BA.2,Community,1.027120386774955,2021-11-08,17,Traveler weight (travel hubs),Strategies (total),70%,T7-R,fig_3f,T7-R^0,17,1.0872
2021-11-21,IN,472,Omicron BA.2,Imported,1,2021-11-08,13,Traveler weight (travel hubs),Strategies (total),70%,T11-R,fig_3f,T11-R^0,17,1.0367
2021-11-25,ZA,472,Omicron BA.2,Community,1.027120386774955,2021-11-08,17,Traveler weight (travel hubs),Strategies (total),90%,T3-R,fig_3f,T3-R^0,17,1.083
2021-11-25,ZA,472,Omicron BA.2,Community,1.027120386774955,2021-11-08,17,Traveler weight (travel hubs),Strategies (total),90%,T7-R,fig_3f,T7-R^0,17,1.083
2021-11-21,IN,472,Omicron BA.2,Imported,1,2021-11-08,13,Traveler weight (travel hubs),Strategies (total),90%,T11-R,fig_3f,T11-R^0,17,1.0329
2021-11-25,ZA,472,Omicron BA.2,Community,1.027120386774955,2021-11-08,17,Traveler weight (travel hubs),Strategies (total),100%,T3-R,fig_3f,T3-R^0,17,1.081
2021-11-25,ZA,472,Omicron BA.2,Community,1.027120386774955,2021-11-08,17,Traveler weight (travel hubs),Strategies (total),100%,T7-R,fig_3f,T7-R^0,17,1.081
2021-11-21,IN,472,Omicron BA.2,Imported,1,2021-11-08,13,Traveler weight (travel hubs),Strategies (total),100%,T11-R,fig_3f,T11-R^0,17,1.0298
2021-11-21,IN,472,Omicron BA.2,Imported,1,2021-11-08,13,Traveler weight (travel hubs),Strategies (total),100%,T11-M,fig_3f,T11-R^90,17,1
2021-11-15,US,473,Omicron BA.2,Imported,1,2021-11-08,7,Traveler weight (travel hubs),Strategies (total),50%,T11-R,fig_3f,T11-R^0,17,1.0547
2021-11-15,US,473,Omicron BA.2,Imported,1,2021-11-08,7,Traveler weight (travel hubs),Strategies (total),70%,T3-R,fig_3f,T3-R^0,17,1.0872
2021-11-15,US,473,Omicron BA.2,Imported,1,2021-11-08,7,Traveler weight (travel hubs),Strategies (total),70%,T7-R,fig_3f,T7-R^0,17,1.0872
2021-11-15,US,473,Omicron BA.2,Imported,1,2021-11-08,7,Traveler weight (travel hubs),Strategies (total),70%,T11-R,fig_3f,T11-R^0,17,1.0367
2021-11-15,US,473,Omicron BA.2,Imported,1,2021-11-08,7,Traveler weight (travel hubs),Strategies (total),90%,T3-R,fig_3f,T3-R^0,17,1.083
2021-11-15,US,473,Omicron BA.2,Imported,1,2021-11-08,7,Traveler weight (travel hubs),Strategies (total),90%,T7-R,fig_3f,T7-R^0,17,1.083
2021-11-15,US,473,Omicron BA.2,Imported,1,2021-11-08,7,Traveler weight (travel hubs),Strategies (total),90%,T11-R,fig_3f,T11-R^0,17,1.0329
2021-11-15,US,473,Omicron BA.2,Imported,1,2021-11-08,7,Traveler weight (travel hubs),Strategies (total),100%,T3-R,fig_3f,T3-R^0,17,1.081
2021-11-15,US,473,Omicron BA.2,Imported,1,2021-11-08,7,Traveler weight (travel hubs),Strategies (total),100%,T7-R,fig_3f,T7-R^0,17,1.081
2021-11-15,US,473,Omicron BA.2,Imported,1,2021-11-08,7,Traveler weight (travel hubs),Strategies (total),100%,T11-R,fig_3f,T11-R^0,17,1.0298
2021-11-15,US,473,Omicron BA.2,Imported,1,2021-11-08,7,Traveler weight (travel hubs),Strategies (total),100%,T11-M,fig_3f,T11-R^90,17,1
2021-11-26,ZA,474,Omicron BA.2,Community,1.0526684337898637,2021-11-08,18,Traveler weight (travel hubs),Strategies (total),50%,T11-R,fig_3f,T11-R^0,17,1.0547
2021-11-26,ZA,474,Omicron BA.2,Community,1.0526684337898637,2021-11-08,18,Traveler weight (travel hubs),Strategies (total),70%,T3-R,fig_3f,T3-R^0,17,1.0872
2021-11-26,ZA,474,Omicron BA.2,Community,1.0526684337898637,2021-11-08,18,Traveler weight (travel hubs),Strategies (total),70%,T7-R,fig_3f,T7-R^0,17,1.0872
2021-11-26,ZA,474,Omicron BA.2,Community,1.0526684337898637,2021-11-08,18,Traveler weight (travel hubs),Strategies (total),70%,T11-R,fig_3f,T11-R^0,17,1.0367
2021-11-26,ZA,474,Omicron BA.2,Community,1.0526684337898637,2021-11-08,18,Traveler weight (travel hubs),Strategies (total),90%,T3-R,fig_3f,T3-R^0,17,1.083
2021-11-26,ZA,474,Omicron BA.2,Community,1.0526684337898637,2021-11-08,18,Traveler weight (travel hubs),Strategies (total),90%,T7-R,fig_3f,T7-R^0,17,1.083
2021-11-26,ZA,474,Omicron BA.2,Community,1.0526684337898637,2021-11-08,18,Traveler weight (travel hubs),Strategies (total),90%,T11-R,fig_3f,T11-R^0,17,1.0329
2021-11-26,ZA,474,Omicron BA.2,Community,1.0526684337898637,2021-11-08,18,Traveler weight (travel hubs),Strategies (total),100%,T3-R,fig_3f,T3-R^0,17,1.081
2021-11-26,ZA,474,Omicron BA.2,Community,1.0526684337898637,2021-11-08,18,Traveler weight (travel hubs),Strategies (total),100%,T7-R,fig_3f,T7-R^0,17,1.081
2021-11-26,ZA,474,Omicron BA.2,Community,1.0526684337898637,2021-11-08,18,Traveler weight (travel hubs),Strategies (total),100%,T11-R,fig_3f,T11-R^0,17,1.0298
2021-12-03,TR,474,Omicron BA.2,Imported,1,2021-11-08,25,Traveler weight (travel hubs),Strategies (total),100%,T11-M,fig_3f,T11-R^90,17,1
2021-11-25,ZA,475,Omicron BA.2,Community,1.1166223511138709,2021-11-08,17,Traveler weight (travel hubs),Strategies (total),50%,T11-R,fig_3f,T11-R^0,17,1.0547
2021-11-25,ZA,475,Omicron BA.2,Community,1.1166223511138709,2021-11-08,17,Traveler weight (travel hubs),Strategies (total),70%,T3-R,fig_3f,T3-R^0,17,1.0872
2021-11-25,ZA,475,Omicron BA.2,Community,1.1166223511138709,2021-11-08,17,Traveler weight (travel hubs),Strategies (total),70%,T7-R,fig_3f,T7-R^0,17,1.0872
2021-11-25,ZA,475,Omicron BA.2,Community,1.1166223511138709,2021-11-08,17,Traveler weight (travel hubs),Strategies (total),70%,T11-R,fig_3f,T11-R^0,17,1.0367
2021-11-25,ZA,475,Omicron BA.2,Community,1.1166223511138709,2021-11-08,17,Traveler weight (travel hubs),Strategies (total),90%,T3-R,fig_3f,T3-R^0,17,1.083
2021-11-25,ZA,475,Omicron BA.2,Community,1.1166223511138709,2021-11-08,17,Traveler weight (travel hubs),Strategies (total),90%,T7-R,fig_3f,T7-R^0,17,1.083
2021-11-25,ZA,475,Omicron BA.2,Community,1.1166223511138709,2021-11-08,17,Traveler weight (travel hubs),Strategies (total),90%,T11-R,fig_3f,T11-R^0,17,1.0329
2021-11-25,ZA,475,Omicron BA.2,Community,1.1166223511138709,2021-11-08,17,Traveler weight (travel hubs),Strategies (total),100%,T3-R,fig_3f,T3-R^0,17,1.081
2021-11-25,ZA,475,Omicron BA.2,Community,1.1166223511138709,2021-11-08,17,Traveler weight (travel hubs),Strategies (total),100%,T7-R,fig_3f,T7-R^0,17,1.081
2021-11-25,ZA,475,Omicron BA.2,Community,1.1166223511138709,2021-11-08,17,Traveler weight (travel hubs),Strategies (total),100%,T11-R,fig_3f,T11-R^0,17,1.0298
2021-11-17,TR,475,Omicron BA.2,Imported,1,2021-11-08,9,Traveler weight (travel hubs),Strategies (total),100%,T11-M,fig_3f,T11-R^90,17,1
2021-11-18,US,476,Omicron BA.2,Imported,1,2021-11-08,10,Traveler weight (travel hubs),Strategies (total),50%,T11-R,fig_3f,T11-R^0,17,1.0547
2021-11-18,US,476,Omicron BA.2,Imported,1,2021-11-08,10,Traveler weight (travel hubs),Strategies (total),70%,T3-R,fig_3f,T3-R^0,17,1.0872
2021-11-18,US,476,Omicron BA.2,Imported,1,2021-11-08,10,Traveler weight (travel hubs),Strategies (total),70%,T7-R,fig_3f,T7-R^0,17,1.0872
2021-11-18,US,476,Omicron BA.2,Imported,1,2021-11-08,10,Traveler weight (travel hubs),Strategies (total),70%,T11-R,fig_3f,T11-R^0,17,1.0367
2021-11-18,US,476,Omicron BA.2,Imported,1,2021-11-08,10,Traveler weight (travel hubs),Strategies (total),90%,T3-R,fig_3f,T3-R^0,17,1.083
2021-11-18,US,476,Omicron BA.2,Imported,1,2021-11-08,10,Traveler weight (travel hubs),Strategies (total),90%,T7-R,fig_3f,T7-R^0,17,1.083
2021-11-18,US,476,Omicron BA.2,Imported,1,2021-11-08,10,Traveler weight (travel hubs),Strategies (total),90%,T11-R,fig_3f,T11-R^0,17,1.0329
2021-11-18,US,476,Omicron BA.2,Imported,1,2021-11-08,10,Traveler weight (travel hubs),Strategies (total),100%,T3-R,fig_3f,T3-R^0,17,1.081
2021-11-18,US,476,Omicron BA.2,Imported,1,2021-11-08,10,Traveler weight (travel hubs),Strategies (total),100%,T7-R,fig_3f,T7-R^0,17,1.081
2021-11-18,US,476,Omicron BA.2,Imported,1,2021-11-08,10,Traveler weight (travel hubs),Strategies (total),100%,T11-R,fig_3f,T11-R^0,17,1.0298
2021-11-18,US,476,Omicron BA.2,Imported,1,2021-11-08,10,Traveler weight (travel hubs),Strategies (total),100%,T11-M,fig_3f,T11-R^90,17,1
2021-11-16,US,477,Omicron BA.2,Imported,1,2021-11-08,8,Traveler weight (travel hubs),Strategies (total),50%,T11-R,fig_3f,T11-R^0,17,1.0547
2021-11-16,US,477,Omicron BA.2,Imported,1,2021-11-08,8,Traveler weight (travel hubs),Strategies (total),70%,T3-R,fig_3f,T3-R^0,17,1.0872
2021-11-16,US,477,Omicron BA.2,Imported,1,2021-11-08,8,Traveler weight (travel hubs),Strategies (total),70%,T7-R,fig_3f,T7-R^0,17,1.0872
2021-11-16,US,477,Omicron BA.2,Imported,1,2021-11-08,8,Traveler weight (travel hubs),Strategies (total),70%,T11-R,fig_3f,T11-R^0,17,1.0367
2021-11-16,US,477,Omicron BA.2,Imported,1,2021-11-08,8,Traveler weight (travel hubs),Strategies (total),90%,T3-R,fig_3f,T3-R^0,17,1.083
2021-11-16,US,477,Omicron BA.2,Imported,1,2021-11-08,8,Traveler weight (travel hubs),Strategies (total),90%,T7-R,fig_3f,T7-R^0,17,1.083
2021-11-16,US,477,Omicron BA.2,Imported,1,2021-11-08,8,Traveler weight (travel hubs),Strategies (total),90%,T11-R,fig_3f,T11-R^0,17,1.0329
2021-11-16,US,477,Omicron BA.2,Imported,1,2021-11-08,8,Traveler weight (travel hubs),Strategies (total),100%,T3-R,fig_3f,T3-R^0,17,1.081
2021-11-16,US,477,Omicron BA.2,Imported,1,2021-11-08,8,Traveler weight (travel hubs),Strategies (total),100%,T7-R,fig_3f,T7-R^0,17,1.081
2021-11-16,US,477,Omicron BA.2,Imported,1,2021-11-08,8,Traveler weight (travel hubs),Strategies (total),100%,T11-R,fig_3f,T11-R^0,17,1.0298
2021-11-16,US,477,Omicron BA.2,Imported,1,2021-11-08,8,Traveler weight (travel hubs),Strategies (total),100%,T11-M,fig_3f,T11-R^90,17,1
2021-11-17,IN,478,Omicron BA.2,Imported,1,2021-11-08,9,Traveler weight (travel hubs),Strategies (total),50%,T11-R,fig_3f,T11-R^0,17,1.0547
2021-11-26,ZA,478,Omicron BA.2,Community,1.2559056462053217,2021-11-08,18,Traveler weight (travel hubs),Strategies (total),70%,T3-R,fig_3f,T3-R^0,17,1.0872
2021-11-26,ZA,478,Omicron BA.2,Community,1.2559056462053217,2021-11-08,18,Traveler weight (travel hubs),Strategies (total),70%,T7-R,fig_3f,T7-R^0,17,1.0872
2021-11-17,IN,478,Omicron BA.2,Imported,1,2021-11-08,9,Traveler weight (travel hubs),Strategies (total),70%,T11-R,fig_3f,T11-R^0,17,1.0367
2021-11-26,ZA,478,Omicron BA.2,Community,1.2559056462053217,2021-11-08,18,Traveler weight (travel hubs),Strategies (total),90%,T3-R,fig_3f,T3-R^0,17,1.083
2021-11-26,ZA,478,Omicron BA.2,Community,1.2559056462053217,2021-11-08,18,Traveler weight (travel hubs),Strategies (total),90%,T7-R,fig_3f,T7-R^0,17,1.083
2021-11-17,IN,478,Omicron BA.2,Imported,1,2021-11-08,9,Traveler weight (travel hubs),Strategies (total),90%,T11-R,fig_3f,T11-R^0,17,1.0329
2021-11-26,ZA,478,Omicron BA.2,Community,1.2559056462053217,2021-11-08,18,Traveler weight (travel hubs),Strategies (total),100%,T3-R,fig_3f,T3-R^0,17,1.081
2021-11-26,ZA,478,Omicron BA.2,Community,1.2559056462053217,2021-11-08,18,Traveler weight (travel hubs),Strategies (total),100%,T7-R,fig_3f,T7-R^0,17,1.081
2021-11-17,IN,478,Omicron BA.2,Imported,1,2021-11-08,9,Traveler weight (travel hubs),Strategies (total),100%,T11-R,fig_3f,T11-R^0,17,1.0298
2021-11-17,IN,478,Omicron BA.2,Imported,1,2021-11-08,9,Traveler weight (travel hubs),Strategies (total),100%,T11-M,fig_3f,T11-R^90,17,1
2021-11-29,ZA,479,Omicron BA.2,Community,1.10957979723559,2021-11-08,21,Traveler weight (travel hubs),Strategies (total),50%,T11-R,fig_3f,T11-R^0,17,1.0547
2021-11-29,ZA,479,Omicron BA.2,Community,1.10957979723559,2021-11-08,21,Traveler weight (travel hubs),Strategies (total),70%,T3-R,fig_3f,T3-R^0,17,1.0872
2021-11-29,ZA,479,Omicron BA.2,Community,1.10957979723559,2021-11-08,21,Traveler weight (travel hubs),Strategies (total),70%,T7-R,fig_3f,T7-R^0,17,1.0872
2021-11-29,ZA,479,Omicron BA.2,Community,1.10957979723559,2021-11-08,21,Traveler weight (travel hubs),Strategies (total),70%,T11-R,fig_3f,T11-R^0,17,1.0367
2021-11-29,ZA,479,Omicron BA.2,Community,1.10957979723559,2021-11-08,21,Traveler weight (travel hubs),Strategies (total),90%,T3-R,fig_3f,T3-R^0,17,1.083
2021-11-29,ZA,479,Omicron BA.2,Community,1.10957979723559,2021-11-08,21,Traveler weight (travel hubs),Strategies (total),90%,T7-R,fig_3f,T7-R^0,17,1.083
2021-11-29,ZA,479,Omicron BA.2,Community,1.10957979723559,2021-11-08,21,Traveler weight (travel hubs),Strategies (total),90%,T11-R,fig_3f,T11-R^0,17,1.0329
2021-11-29,ZA,479,Omicron BA.2,Community,1.10957979723559,2021-11-08,21,Traveler weight (travel hubs),Strategies (total),100%,T3-R,fig_3f,T3-R^0,17,1.081
2021-11-29,ZA,479,Omicron BA.2,Community,1.10957979723559,2021-11-08,21,Traveler weight (travel hubs),Strategies (total),100%,T7-R,fig_3f,T7-R^0,17,1.081
2021-11-29,ZA,479,Omicron BA.2,Community,1.10957979723559,2021-11-08,21,Traveler weight (travel hubs),Strategies (total),100%,T11-R,fig_3f,T11-R^0,17,1.0298
2021-12-03,IN,479,Omicron BA.2,Imported,1,2021-11-08,25,Traveler weight (travel hubs),Strategies (total),100%,T11-M,fig_3f,T11-R^90,17,1
2021-11-17,IN,48,Omicron BA.2,Imported,1,2021-11-08,9,Traveler weight (travel hubs),Strategies (total),50%,T11-R,fig_3f,T11-R^0,17,1.0547
2021-11-27,ZA,48,Omicron BA.2,Community,2.0322477236490735,2021-11-08,19,Traveler weight (travel hubs),Strategies (total),70%,T3-R,fig_3f,T3-R^0,17,1.0872
2021-11-27,ZA,48,Omicron BA.2,Community,2.0322477236490735,2021-11-08,19,Traveler weight (travel hubs),Strategies (total),70%,T7-R,fig_3f,T7-R^0,17,1.0872
2021-11-17,IN,48,Omicron BA.2,Imported,1,2021-11-08,9,Traveler weight (travel hubs),Strategies (total),70%,T11-R,fig_3f,T11-R^0,17,1.0367
2021-11-27,ZA,48,Omicron BA.2,Community,2.0322477236490735,2021-11-08,19,Traveler weight (travel hubs),Strategies (total),90%,T3-R,fig_3f,T3-R^0,17,1.083
2021-11-27,ZA,48,Omicron BA.2,Community,2.0322477236490735,2021-11-08,19,Traveler weight (travel hubs),Strategies (total),90%,T7-R,fig_3f,T7-R^0,17,1.083
2021-11-17,IN,48,Omicron BA.2,Imported,1,2021-11-08,9,Traveler weight (travel hubs),Strategies (total),90%,T11-R,fig_3f,T11-R^0,17,1.0329
2021-11-27,ZA,48,Omicron BA.2,Community,2.0322477236490735,2021-11-08,19,Traveler weight (travel hubs),Strategies (total),100%,T3-R,fig_3f,T3-R^0,17,1.081
2021-11-27,ZA,48,Omicron BA.2,Community,2.0322477236490735,2021-11-08,19,Traveler weight (travel hubs),Strategies (total),100%,T7-R,fig_3f,T7-R^0,17,1.081
2021-11-17,IN,48,Omicron BA.2,Imported,1,2021-11-08,9,Traveler weight (travel hubs),Strategies (total),100%,T11-R,fig_3f,T11-R^0,17,1.0298
2021-11-17,IN,48,Omicron BA.2,Imported,1,2021-11-08,9,Traveler weight (travel hubs),Strategies (total),100%,T11-M,fig_3f,T11-R^90,17,1
2021-11-23,US,480,Omicron BA.2,Imported,1,2021-11-08,15,Traveler weight (travel hubs),Strategies (total),50%,T11-R,fig_3f,T11-R^0,17,1.0547
2021-11-23,US,480,Omicron BA.2,Imported,1,2021-11-08,15,Traveler weight (travel hubs),Strategies (total),70%,T3-R,fig_3f,T3-R^0,17,1.0872
2021-11-23,US,480,Omicron BA.2,Imported,1,2021-11-08,15,Traveler weight (travel hubs),Strategies (total),70%,T7-R,fig_3f,T7-R^0,17,1.0872
2021-11-23,US,480,Omicron BA.2,Imported,1,2021-11-08,15,Traveler weight (travel hubs),Strategies (total),70%,T11-R,fig_3f,T11-R^0,17,1.0367
2021-11-23,US,480,Omicron BA.2,Imported,1,2021-11-08,15,Traveler weight (travel hubs),Strategies (total),90%,T3-R,fig_3f,T3-R^0,17,1.083
2021-11-23,US,480,Omicron BA.2,Imported,1,2021-11-08,15,Traveler weight (travel hubs),Strategies (total),90%,T7-R,fig_3f,T7-R^0,17,1.083
2021-11-23,US,480,Omicron BA.2,Imported,1,2021-11-08,15,Traveler weight (travel hubs),Strategies (total),90%,T11-R,fig_3f,T11-R^0,17,1.0329
2021-11-23,US,480,Omicron BA.2,Imported,1,2021-11-08,15,Traveler weight (travel hubs),Strategies (total),100%,T3-R,fig_3f,T3-R^0,17,1.081
2021-11-23,US,480,Omicron BA.2,Imported,1,2021-11-08,15,Traveler weight (travel hubs),Strategies (total),100%,T7-R,fig_3f,T7-R^0,17,1.081
2021-11-23,US,480,Omicron BA.2,Imported,1,2021-11-08,15,Traveler weight (travel hubs),Strategies (total),100%,T11-R,fig_3f,T11-R^0,17,1.0298
2021-11-23,US,480,Omicron BA.2,Imported,1,2021-11-08,15,Traveler weight (travel hubs),Strategies (total),100%,T11-M,fig_3f,T11-R^90,17,1
2021-11-27,ZA,481,Omicron BA.2,Community,1.6131028573316477,2021-11-08,19,Traveler weight (travel hubs),Strategies (total),50%,T11-R,fig_3f,T11-R^0,17,1.0547
2021-11-27,ZA,481,Omicron BA.2,Community,1.6131028573316477,2021-11-08,19,Traveler weight (travel hubs),Strategies (total),70%,T3-R,fig_3f,T3-R^0,17,1.0872
2021-11-27,ZA,481,Omicron BA.2,Community,1.6131028573316477,2021-11-08,19,Traveler weight (travel hubs),Strategies (total),70%,T7-R,fig_3f,T7-R^0,17,1.0872
2021-11-27,ZA,481,Omicron BA.2,Community,1.6131028573316477,2021-11-08,19,Traveler weight (travel hubs),Strategies (total),70%,T11-R,fig_3f,T11-R^0,17,1.0367
2021-11-27,ZA,481,Omicron BA.2,Community,1.6131028573316477,2021-11-08,19,Traveler weight (travel hubs),Strategies (total),90%,T3-R,fig_3f,T3-R^0,17,1.083
2021-11-27,ZA,481,Omicron BA.2,Community,1.6131028573316477,2021-11-08,19,Traveler weight (travel hubs),Strategies (total),90%,T7-R,fig_3f,T7-R^0,17,1.083
2021-11-27,ZA,481,Omicron BA.2,Community,1.6131028573316477,2021-11-08,19,Traveler weight (travel hubs),Strategies (total),90%,T11-R,fig_3f,T11-R^0,17,1.0329
2021-11-27,ZA,481,Omicron BA.2,Community,1.6131028573316477,2021-11-08,19,Traveler weight (travel hubs),Strategies (total),100%,T3-R,fig_3f,T3-R^0,17,1.081
2021-11-27,ZA,481,Omicron BA.2,Community,1.6131028573316477,2021-11-08,19,Traveler weight (travel hubs),Strategies (total),100%,T7-R,fig_3f,T7-R^0,17,1.081
2021-11-27,ZA,481,Omicron BA.2,Community,1.6131028573316477,2021-11-08,19,Traveler weight (travel hubs),Strategies (total),100%,T11-R,fig_3f,T11-R^0,17,1.0298
2021-12-04,US,481,Omicron BA.2,Imported,2,2021-11-08,26,Traveler weight (travel hubs),Strategies (total),100%,T11-M,fig_3f,T11-R^90,17,1
2021-11-27,ZA,482,Omicron BA.2,Community,1.1087057754202874,2021-11-08,19,Traveler weight (travel hubs),Strategies (total),50%,T11-R,fig_3f,T11-R^0,17,1.0547
2021-11-27,ZA,482,Omicron BA.2,Community,1.1087057754202874,2021-11-08,19,Traveler weight (travel hubs),Strategies (total),70%,T3-R,fig_3f,T3-R^0,17,1.0872
2021-11-27,ZA,482,Omicron BA.2,Community,1.1087057754202874,2021-11-08,19,Traveler weight (travel hubs),Strategies (total),70%,T7-R,fig_3f,T7-R^0,17,1.0872
2021-11-27,ZA,482,Omicron BA.2,Community,1.1087057754202874,2021-11-08,19,Traveler weight (travel hubs),Strategies (total),70%,T11-R,fig_3f,T11-R^0,17,1.0367
2021-11-27,ZA,482,Omicron BA.2,Community,1.1087057754202874,2021-11-08,19,Traveler weight (travel hubs),Strategies (total),90%,T3-R,fig_3f,T3-R^0,17,1.083
2021-11-27,ZA,482,Omicron BA.2,Community,1.1087057754202874,2021-11-08,19,Traveler weight (travel hubs),Strategies (total),90%,T7-R,fig_3f,T7-R^0,17,1.083
2021-11-27,ZA,482,Omicron BA.2,Community,1.1087057754202874,2021-11-08,19,Traveler weight (travel hubs),Strategies (total),90%,T11-R,fig_3f,T11-R^0,17,1.0329
2021-11-27,ZA,482,Omicron BA.2,Community,1.1087057754202874,2021-11-08,19,Traveler weight (travel hubs),Strategies (total),100%,T3-R,fig_3f,T3-R^0,17,1.081
2021-11-27,ZA,482,Omicron BA.2,Community,1.1087057754202874,2021-11-08,19,Traveler weight (travel hubs),Strategies (total),100%,T7-R,fig_3f,T7-R^0,17,1.081
2021-11-27,ZA,482,Omicron BA.2,Community,1.1087057754202874,2021-11-08,19,Traveler weight (travel hubs),Strategies (total),100%,T11-R,fig_3f,T11-R^0,17,1.0298
2021-12-01,AE,482,Omicron BA.2,Imported,1,2021-11-08,23,Traveler weight (travel hubs),Strategies (total),100%,T11-M,fig_3f,T11-R^90,17,1
2021-11-25,IN,483,Omicron BA.2,Imported,1,2021-11-08,17,Traveler weight (travel hubs),Strategies (total),50%,T11-R,fig_3f,T11-R^0,17,1.0547
2021-11-29,ZA,483,Omicron BA.2,Community,1.6311959918681336,2021-11-08,21,Traveler weight (travel hubs),Strategies (total),70%,T3-R,fig_3f,T3-R^0,17,1.0872
2021-11-29,ZA,483,Omicron BA.2,Community,1.6311959918681336,2021-11-08,21,Traveler weight (travel hubs),Strategies (total),70%,T7-R,fig_3f,T7-R^0,17,1.0872
2021-11-25,IN,483,Omicron BA.2,Imported,1,2021-11-08,17,Traveler weight (travel hubs),Strategies (total),70%,T11-R,fig_3f,T11-R^0,17,1.0367
2021-11-29,ZA,483,Omicron BA.2,Community,1.6311959918681336,2021-11-08,21,Traveler weight (travel hubs),Strategies (total),90%,T3-R,fig_3f,T3-R^0,17,1.083
2021-11-29,ZA,483,Omicron BA.2,Community,1.6311959918681336,2021-11-08,21,Traveler weight (travel hubs),Strategies (total),90%,T7-R,fig_3f,T7-R^0,17,1.083
2021-11-25,IN,483,Omicron BA.2,Imported,1,2021-11-08,17,Traveler weight (travel hubs),Strategies (total),90%,T11-R,fig_3f,T11-R^0,17,1.0329
2021-11-29,ZA,483,Omicron BA.2,Community,1.6311959918681336,2021-11-08,21,Traveler weight (travel hubs),Strategies (total),100%,T3-R,fig_3f,T3-R^0,17,1.081
2021-11-29,ZA,483,Omicron BA.2,Community,1.6311959918681336,2021-11-08,21,Traveler weight (travel hubs),Strategies (total),100%,T7-R,fig_3f,T7-R^0,17,1.081
2021-11-25,IN,483,Omicron BA.2,Imported,1,2021-11-08,17,Traveler weight (travel hubs),Strategies (total),100%,T11-R,fig_3f,T11-R^0,17,1.0298
2021-11-25,IN,483,Omicron BA.2,Imported,1,2021-11-08,17,Traveler weight (travel hubs),Strategies (total),100%,T11-M,fig_3f,T11-R^90,17,1
2021-11-27,US,484,Omicron BA.2,Imported,1,2021-11-08,19,Traveler weight (travel hubs),Strategies (total),50%,T11-R,fig_3f,T11-R^0,17,1.0547
2021-11-27,US,484,Omicron BA.2,Imported,1,2021-11-08,19,Traveler weight (travel hubs),Strategies (total),70%,T3-R,fig_3f,T3-R^0,17,1.0872
2021-11-27,US,484,Omicron BA.2,Imported,1,2021-11-08,19,Traveler weight (travel hubs),Strategies (total),70%,T7-R,fig_3f,T7-R^0,17,1.0872
2021-11-27,US,484,Omicron BA.2,Imported,1,2021-11-08,19,Traveler weight (travel hubs),Strategies (total),70%,T11-R,fig_3f,T11-R^0,17,1.0367
2021-11-27,US,484,Omicron BA.2,Imported,1,2021-11-08,19,Traveler weight (travel hubs),Strategies (total),90%,T3-R,fig_3f,T3-R^0,17,1.083
2021-11-27,US,484,Omicron BA.2,Imported,1,2021-11-08,19,Traveler weight (travel hubs),Strategies (total),90%,T7-R,fig_3f,T7-R^0,17,1.083
2021-11-27,US,484,Omicron BA.2,Imported,1,2021-11-08,19,Traveler weight (travel hubs),Strategies (total),90%,T11-R,fig_3f,T11-R^0,17,1.0329
2021-11-27,US,484,Omicron BA.2,Imported,1,2021-11-08,19,Traveler weight (travel hubs),Strategies (total),100%,T3-R,fig_3f,T3-R^0,17,1.081
2021-11-27,US,484,Omicron BA.2,Imported,1,2021-11-08,19,Traveler weight (travel hubs),Strategies (total),100%,T7-R,fig_3f,T7-R^0,17,1.081
2021-11-27,US,484,Omicron BA.2,Imported,1,2021-11-08,19,Traveler weight (travel hubs),Strategies (total),100%,T11-R,fig_3f,T11-R^0,17,1.0298
2021-11-27,US,484,Omicron BA.2,Imported,1,2021-11-08,19,Traveler weight (travel hubs),Strategies (total),100%,T11-M,fig_3f,T11-R^90,17,1
2021-11-22,US,485,Omicron BA.2,Imported,1,2021-11-08,14,Traveler weight (travel hubs),Strategies (total),50%,T11-R,fig_3f,T11-R^0,17,1.0547
2021-11-22,US,485,Omicron BA.2,Imported,1,2021-11-08,14,Traveler weight (travel hubs),Strategies (total),70%,T3-R,fig_3f,T3-R^0,17,1.0872
2021-11-22,US,485,Omicron BA.2,Imported,1,2021-11-08,14,Traveler weight (travel hubs),Strategies (total),70%,T7-R,fig_3f,T7-R^0,17,1.0872
2021-11-22,US,485,Omicron BA.2,Imported,1,2021-11-08,14,Traveler weight (travel hubs),Strategies (total),70%,T11-R,fig_3f,T11-R^0,17,1.0367
2021-11-22,US,485,Omicron BA.2,Imported,1,2021-11-08,14,Traveler weight (travel hubs),Strategies (total),90%,T3-R,fig_3f,T3-R^0,17,1.083
2021-11-22,US,485,Omicron BA.2,Imported,1,2021-11-08,14,Traveler weight (travel hubs),Strategies (total),90%,T7-R,fig_3f,T7-R^0,17,1.083
2021-11-22,US,485,Omicron BA.2,Imported,1,2021-11-08,14,Traveler weight (travel hubs),Strategies (total),90%,T11-R,fig_3f,T11-R^0,17,1.0329
2021-11-22,US,485,Omicron BA.2,Imported,1,2021-11-08,14,Traveler weight (travel hubs),Strategies (total),100%,T3-R,fig_3f,T3-R^0,17,1.081
2021-11-22,US,485,Omicron BA.2,Imported,1,2021-11-08,14,Traveler weight (travel hubs),Strategies (total),100%,T7-R,fig_3f,T7-R^0,17,1.081
2021-11-22,US,485,Omicron BA.2,Imported,1,2021-11-08,14,Traveler weight (travel hubs),Strategies (total),100%,T11-R,fig_3f,T11-R^0,17,1.0298
2021-11-22,US,485,Omicron BA.2,Imported,1,2021-11-08,14,Traveler weight (travel hubs),Strategies (total),100%,T11-M,fig_3f,T11-R^90,17,1
2021-11-17,IN,486,Omicron BA.2,Imported,1,2021-11-08,9,Traveler weight (travel hubs),Strategies (total),50%,T11-R,fig_3f,T11-R^0,17,1.0547
2021-11-22,ZA,486,Omicron BA.2,Community,1.196919286138067,2021-11-08,14,Traveler weight (travel hubs),Strategies (total),70%,T3-R,fig_3f,T3-R^0,17,1.0872
2021-11-22,ZA,486,Omicron BA.2,Community,1.196919286138067,2021-11-08,14,Traveler weight (travel hubs),Strategies (total),70%,T7-R,fig_3f,T7-R^0,17,1.0872
2021-11-17,IN,486,Omicron BA.2,Imported,1,2021-11-08,9,Traveler weight (travel hubs),Strategies (total),70%,T11-R,fig_3f,T11-R^0,17,1.0367
2021-11-22,ZA,486,Omicron BA.2,Community,1.196919286138067,2021-11-08,14,Traveler weight (travel hubs),Strategies (total),90%,T3-R,fig_3f,T3-R^0,17,1.083
2021-11-22,ZA,486,Omicron BA.2,Community,1.196919286138067,2021-11-08,14,Traveler weight (travel hubs),Strategies (total),90%,T7-R,fig_3f,T7-R^0,17,1.083
2021-11-17,IN,486,Omicron BA.2,Imported,1,2021-11-08,9,Traveler weight (travel hubs),Strategies (total),90%,T11-R,fig_3f,T11-R^0,17,1.0329
2021-11-22,ZA,486,Omicron BA.2,Community,1.196919286138067,2021-11-08,14,Traveler weight (travel hubs),Strategies (total),100%,T3-R,fig_3f,T3-R^0,17,1.081
2021-11-22,ZA,486,Omicron BA.2,Community,1.196919286138067,2021-11-08,14,Traveler weight (travel hubs),Strategies (total),100%,T7-R,fig_3f,T7-R^0,17,1.081
2021-11-17,IN,486,Omicron BA.2,Imported,1,2021-11-08,9,Traveler weight (travel hubs),Strategies (total),100%,T11-R,fig_3f,T11-R^0,17,1.0298
2021-11-17,IN,486,Omicron BA.2,Imported,1,2021-11-08,9,Traveler weight (travel hubs),Strategies (total),100%,T11-M,fig_3f,T11-R^90,17,1
2021-11-23,ZA,487,Omicron BA.2,Community,1.4854520952038148,2021-11-08,15,Traveler weight (travel hubs),Strategies (total),50%,T11-R,fig_3f,T11-R^0,17,1.0547
2021-11-23,ZA,487,Omicron BA.2,Community,1.4854520952038148,2021-11-08,15,Traveler weight (travel hubs),Strategies (total),70%,T3-R,fig_3f,T3-R^0,17,1.0872
2021-11-23,ZA,487,Omicron BA.2,Community,1.4854520952038148,2021-11-08,15,Traveler weight (travel hubs),Strategies (total),70%,T7-R,fig_3f,T7-R^0,17,1.0872
2021-11-23,ZA,487,Omicron BA.2,Community,1.4854520952038148,2021-11-08,15,Traveler weight (travel hubs),Strategies (total),70%,T11-R,fig_3f,T11-R^0,17,1.0367
2021-11-23,ZA,487,Omicron BA.2,Community,1.4854520952038148,2021-11-08,15,Traveler weight (travel hubs),Strategies (total),90%,T3-R,fig_3f,T3-R^0,17,1.083
2021-11-23,ZA,487,Omicron BA.2,Community,1.4854520952038148,2021-11-08,15,Traveler weight (travel hubs),Strategies (total),90%,T7-R,fig_3f,T7-R^0,17,1.083
2021-11-23,ZA,487,Omicron BA.2,Community,1.4854520952038148,2021-11-08,15,Traveler weight (travel hubs),Strategies (total),90%,T11-R,fig_3f,T11-R^0,17,1.0329
2021-11-23,ZA,487,Omicron BA.2,Community,1.4854520952038148,2021-11-08,15,Traveler weight (travel hubs),Strategies (total),100%,T3-R,fig_3f,T3-R^0,17,1.081
2021-11-23,ZA,487,Omicron BA.2,Community,1.4854520952038148,2021-11-08,15,Traveler weight (travel hubs),Strategies (total),100%,T7-R,fig_3f,T7-R^0,17,1.081
2021-11-23,ZA,487,Omicron BA.2,Community,1.4854520952038148,2021-11-08,15,Traveler weight (travel hubs),Strategies (total),100%,T11-R,fig_3f,T11-R^0,17,1.0298
2021-12-03,US,487,Omicron BA.2,Imported,1,2021-11-08,25,Traveler weight (travel hubs),Strategies (total),100%,T11-M,fig_3f,T11-R^90,17,1
2021-12-03,ZA,488,Omicron BA.2,Community,1.8057492430258393,2021-11-08,25,Traveler weight (travel hubs),Strategies (total),50%,T11-R,fig_3f,T11-R^0,17,1.0547
2021-12-03,ZA,488,Omicron BA.2,Community,1.8057492430258393,2021-11-08,25,Traveler weight (travel hubs),Strategies (total),70%,T3-R,fig_3f,T3-R^0,17,1.0872
2021-12-03,ZA,488,Omicron BA.2,Community,1.8057492430258393,2021-11-08,25,Traveler weight (travel hubs),Strategies (total),70%,T7-R,fig_3f,T7-R^0,17,1.0872
2021-12-03,ZA,488,Omicron BA.2,Community,1.8057492430258393,2021-11-08,25,Traveler weight (travel hubs),Strategies (total),70%,T11-R,fig_3f,T11-R^0,17,1.0367
2021-12-03,ZA,488,Omicron BA.2,Community,1.8057492430258393,2021-11-08,25,Traveler weight (travel hubs),Strategies (total),90%,T3-R,fig_3f,T3-R^0,17,1.083
2021-12-03,ZA,488,Omicron BA.2,Community,1.8057492430258393,2021-11-08,25,Traveler weight (travel hubs),Strategies (total),90%,T7-R,fig_3f,T7-R^0,17,1.083
2021-12-03,ZA,488,Omicron BA.2,Community,1.8057492430258393,2021-11-08,25,Traveler weight (travel hubs),Strategies (total),90%,T11-R,fig_3f,T11-R^0,17,1.0329
2021-12-03,ZA,488,Omicron BA.2,Community,1.8057492430258393,2021-11-08,25,Traveler weight (travel hubs),Strategies (total),100%,T3-R,fig_3f,T3-R^0,17,1.081
2021-12-03,ZA,488,Omicron BA.2,Community,1.8057492430258393,2021-11-08,25,Traveler weight (travel hubs),Strategies (total),100%,T7-R,fig_3f,T7-R^0,17,1.081
2021-12-03,ZA,488,Omicron BA.2,Community,1.8057492430258393,2021-11-08,25,Traveler weight (travel hubs),Strategies (total),100%,T11-R,fig_3f,T11-R^0,17,1.0298
2021-12-03,US,488,Omicron BA.2,Imported,1,2021-11-08,25,Traveler weight (travel hubs),Strategies (total),100%,T11-M,fig_3f,T11-R^90,17,1
2021-12-03,ZA,489,Omicron BA.2,Community,1.0103069749491886,2021-11-08,25,Traveler weight (travel hubs),Strategies (total),50%,T11-R,fig_3f,T11-R^0,17,1.0547
2021-12-03,ZA,489,Omicron BA.2,Community,1.0103069749491886,2021-11-08,25,Traveler weight (travel hubs),Strategies (total),70%,T3-R,fig_3f,T3-R^0,17,1.0872
2021-12-03,ZA,489,Omicron BA.2,Community,1.0103069749491886,2021-11-08,25,Traveler weight (travel hubs),Strategies (total),70%,T7-R,fig_3f,T7-R^0,17,1.0872
2021-12-03,ZA,489,Omicron BA.2,Community,1.0103069749491886,2021-11-08,25,Traveler weight (travel hubs),Strategies (total),70%,T11-R,fig_3f,T11-R^0,17,1.0367
2021-12-03,ZA,489,Omicron BA.2,Community,1.0103069749491886,2021-11-08,25,Traveler weight (travel hubs),Strategies (total),90%,T3-R,fig_3f,T3-R^0,17,1.083
2021-12-03,ZA,489,Omicron BA.2,Community,1.0103069749491886,2021-11-08,25,Traveler weight (travel hubs),Strategies (total),90%,T7-R,fig_3f,T7-R^0,17,1.083
2021-12-03,ZA,489,Omicron BA.2,Community,1.0103069749491886,2021-11-08,25,Traveler weight (travel hubs),Strategies (total),90%,T11-R,fig_3f,T11-R^0,17,1.0329
2021-12-03,ZA,489,Omicron BA.2,Community,1.0103069749491886,2021-11-08,25,Traveler weight (travel hubs),Strategies (total),100%,T3-R,fig_3f,T3-R^0,17,1.081
2021-12-03,ZA,489,Omicron BA.2,Community,1.0103069749491886,2021-11-08,25,Traveler weight (travel hubs),Strategies (total),100%,T7-R,fig_3f,T7-R^0,17,1.081
2021-12-03,ZA,489,Omicron BA.2,Community,1.0103069749491886,2021-11-08,25,Traveler weight (travel hubs),Strategies (total),100%,T11-R,fig_3f,T11-R^0,17,1.0298
2021-12-05,US,489,Omicron BA.2,Imported,2,2021-11-08,27,Traveler weight (travel hubs),Strategies (total),100%,T11-M,fig_3f,T11-R^90,17,1
2021-11-27,ZA,49,Omicron BA.2,Community,1.0241651809915777,2021-11-08,19,Traveler weight (travel hubs),Strategies (total),50%,T11-R,fig_3f,T11-R^0,17,1.0547
2021-11-27,ZA,49,Omicron BA.2,Community,1.0241651809915777,2021-11-08,19,Traveler weight (travel hubs),Strategies (total),70%,T3-R,fig_3f,T3-R^0,17,1.0872
2021-11-27,ZA,49,Omicron BA.2,Community,1.0241651809915777,2021-11-08,19,Traveler weight (travel hubs),Strategies (total),70%,T7-R,fig_3f,T7-R^0,17,1.0872
2021-11-27,ZA,49,Omicron BA.2,Community,1.0241651809915777,2021-11-08,19,Traveler weight (travel hubs),Strategies (total),70%,T11-R,fig_3f,T11-R^0,17,1.0367
2021-11-27,ZA,49,Omicron BA.2,Community,1.0241651809915777,2021-11-08,19,Traveler weight (travel hubs),Strategies (total),90%,T3-R,fig_3f,T3-R^0,17,1.083
2021-11-27,ZA,49,Omicron BA.2,Community,1.0241651809915777,2021-11-08,19,Traveler weight (travel hubs),Strategies (total),90%,T7-R,fig_3f,T7-R^0,17,1.083
2021-11-27,ZA,49,Omicron BA.2,Community,1.0241651809915777,2021-11-08,19,Traveler weight (travel hubs),Strategies (total),90%,T11-R,fig_3f,T11-R^0,17,1.0329
2021-11-27,ZA,49,Omicron BA.2,Community,1.0241651809915777,2021-11-08,19,Traveler weight (travel hubs),Strategies (total),100%,T3-R,fig_3f,T3-R^0,17,1.081
2021-11-27,ZA,49,Omicron BA.2,Community,1.0241651809915777,2021-11-08,19,Traveler weight (travel hubs),Strategies (total),100%,T7-R,fig_3f,T7-R^0,17,1.081
2021-11-27,ZA,49,Omicron BA.2,Community,1.0241651809915777,2021-11-08,19,Traveler weight (travel hubs),Strategies (total),100%,T11-R,fig_3f,T11-R^0,17,1.0298
2021-12-02,US,49,Omicron BA.2,Imported,2,2021-11-08,24,Traveler weight (travel hubs),Strategies (total),100%,T11-M,fig_3f,T11-R^90,17,1
2021-11-22,US,490,Omicron BA.2,Imported,1,2021-11-08,14,Traveler weight (travel hubs),Strategies (total),50%,T11-R,fig_3f,T11-R^0,17,1.0547
2021-11-22,US,490,Omicron BA.2,Imported,1,2021-11-08,14,Traveler weight (travel hubs),Strategies (total),70%,T3-R,fig_3f,T3-R^0,17,1.0872
2021-11-22,US,490,Omicron BA.2,Imported,1,2021-11-08,14,Traveler weight (travel hubs),Strategies (total),70%,T7-R,fig_3f,T7-R^0,17,1.0872
2021-11-22,US,490,Omicron BA.2,Imported,1,2021-11-08,14,Traveler weight (travel hubs),Strategies (total),70%,T11-R,fig_3f,T11-R^0,17,1.0367
2021-11-22,US,490,Omicron BA.2,Imported,1,2021-11-08,14,Traveler weight (travel hubs),Strategies (total),90%,T3-R,fig_3f,T3-R^0,17,1.083
2021-11-22,US,490,Omicron BA.2,Imported,1,2021-11-08,14,Traveler weight (travel hubs),Strategies (total),90%,T7-R,fig_3f,T7-R^0,17,1.083
2021-11-22,US,490,Omicron BA.2,Imported,1,2021-11-08,14,Traveler weight (travel hubs),Strategies (total),90%,T11-R,fig_3f,T11-R^0,17,1.0329
2021-11-22,US,490,Omicron BA.2,Imported,1,2021-11-08,14,Traveler weight (travel hubs),Strategies (total),100%,T3-R,fig_3f,T3-R^0,17,1.081
2021-11-22,US,490,Omicron BA.2,Imported,1,2021-11-08,14,Traveler weight (travel hubs),Strategies (total),100%,T7-R,fig_3f,T7-R^0,17,1.081
2021-11-22,US,490,Omicron BA.2,Imported,1,2021-11-08,14,Traveler weight (travel hubs),Strategies (total),100%,T11-R,fig_3f,T11-R^0,17,1.0298
2021-11-22,US,490,Omicron BA.2,Imported,1,2021-11-08,14,Traveler weight (travel hubs),Strategies (total),100%,T11-M,fig_3f,T11-R^90,17,1
2021-11-26,ZA,491,Omicron BA.2,Community,1.1034397344231943,2021-11-08,18,Traveler weight (travel hubs),Strategies (total),50%,T11-R,fig_3f,T11-R^0,17,1.0547
2021-11-16,US,491,Omicron BA.2,Imported,1,2021-11-08,8,Traveler weight (travel hubs),Strategies (total),70%,T3-R,fig_3f,T3-R^0,17,1.0872
2021-11-16,US,491,Omicron BA.2,Imported,1,2021-11-08,8,Traveler weight (travel hubs),Strategies (total),70%,T7-R,fig_3f,T7-R^0,17,1.0872
2021-11-16,US,491,Omicron BA.2,Imported,1,2021-11-08,8,Traveler weight (travel hubs),Strategies (total),70%,T11-R,fig_3f,T11-R^0,17,1.0367
2021-11-16,US,491,Omicron BA.2,Imported,1,2021-11-08,8,Traveler weight (travel hubs),Strategies (total),90%,T3-R,fig_3f,T3-R^0,17,1.083
2021-11-16,US,491,Omicron BA.2,Imported,1,2021-11-08,8,Traveler weight (travel hubs),Strategies (total),90%,T7-R,fig_3f,T7-R^0,17,1.083
2021-11-16,US,491,Omicron BA.2,Imported,1,2021-11-08,8,Traveler weight (travel hubs),Strategies (total),90%,T11-R,fig_3f,T11-R^0,17,1.0329
2021-11-16,US,491,Omicron BA.2,Imported,1,2021-11-08,8,Traveler weight (travel hubs),Strategies (total),100%,T3-R,fig_3f,T3-R^0,17,1.081
2021-11-16,US,491,Omicron BA.2,Imported,1,2021-11-08,8,Traveler weight (travel hubs),Strategies (total),100%,T7-R,fig_3f,T7-R^0,17,1.081
2021-11-16,US,491,Omicron BA.2,Imported,1,2021-11-08,8,Traveler weight (travel hubs),Strategies (total),100%,T11-R,fig_3f,T11-R^0,17,1.0298
2021-11-16,US,491,Omicron BA.2,Imported,1,2021-11-08,8,Traveler weight (travel hubs),Strategies (total),100%,T11-M,fig_3f,T11-R^90,17,1
2021-11-27,ZA,492,Omicron BA.2,Community,1.1755981649514216,2021-11-08,19,Traveler weight (travel hubs),Strategies (total),50%,T11-R,fig_3f,T11-R^0,17,1.0547
2021-11-27,ZA,492,Omicron BA.2,Community,1.1755981649514216,2021-11-08,19,Traveler weight (travel hubs),Strategies (total),70%,T3-R,fig_3f,T3-R^0,17,1.0872
2021-11-27,ZA,492,Omicron BA.2,Community,1.1755981649514216,2021-11-08,19,Traveler weight (travel hubs),Strategies (total),70%,T7-R,fig_3f,T7-R^0,17,1.0872
2021-11-27,ZA,492,Omicron BA.2,Community,1.1755981649514216,2021-11-08,19,Traveler weight (travel hubs),Strategies (total),70%,T11-R,fig_3f,T11-R^0,17,1.0367
2021-11-27,ZA,492,Omicron BA.2,Community,1.1755981649514216,2021-11-08,19,Traveler weight (travel hubs),Strategies (total),90%,T3-R,fig_3f,T3-R^0,17,1.083
2021-11-27,ZA,492,Omicron BA.2,Community,1.1755981649514216,2021-11-08,19,Traveler weight (travel hubs),Strategies (total),90%,T7-R,fig_3f,T7-R^0,17,1.083
2021-11-27,ZA,492,Omicron BA.2,Community,1.1755981649514216,2021-11-08,19,Traveler weight (travel hubs),Strategies (total),90%,T11-R,fig_3f,T11-R^0,17,1.0329
2021-11-27,ZA,492,Omicron BA.2,Community,1.1755981649514216,2021-11-08,19,Traveler weight (travel hubs),Strategies (total),100%,T3-R,fig_3f,T3-R^0,17,1.081
2021-11-27,ZA,492,Omicron BA.2,Community,1.1755981649514216,2021-11-08,19,Traveler weight (travel hubs),Strategies (total),100%,T7-R,fig_3f,T7-R^0,17,1.081
2021-11-27,ZA,492,Omicron BA.2,Community,1.1755981649514216,2021-11-08,19,Traveler weight (travel hubs),Strategies (total),100%,T11-R,fig_3f,T11-R^0,17,1.0298
2021-11-29,US,492,Omicron BA.2,Imported,1,2021-11-08,21,Traveler weight (travel hubs),Strategies (total),100%,T11-M,fig_3f,T11-R^90,17,1
2021-11-20,IN,493,Omicron BA.2,Imported,1,2021-11-08,12,Traveler weight (travel hubs),Strategies (total),50%,T11-R,fig_3f,T11-R^0,17,1.0547
2021-11-25,ZA,493,Omicron BA.2,Community,1.3057193702975833,2021-11-08,17,Traveler weight (travel hubs),Strategies (total),70%,T3-R,fig_3f,T3-R^0,17,1.0872
2021-11-25,ZA,493,Omicron BA.2,Community,1.3057193702975833,2021-11-08,17,Traveler weight (travel hubs),Strategies (total),70%,T7-R,fig_3f,T7-R^0,17,1.0872
2021-11-20,IN,493,Omicron BA.2,Imported,1,2021-11-08,12,Traveler weight (travel hubs),Strategies (total),70%,T11-R,fig_3f,T11-R^0,17,1.0367
2021-11-25,ZA,493,Omicron BA.2,Community,1.3057193702975833,2021-11-08,17,Traveler weight (travel hubs),Strategies (total),90%,T3-R,fig_3f,T3-R^0,17,1.083
2021-11-25,ZA,493,Omicron BA.2,Community,1.3057193702975833,2021-11-08,17,Traveler weight (travel hubs),Strategies (total),90%,T7-R,fig_3f,T7-R^0,17,1.083
2021-11-20,IN,493,Omicron BA.2,Imported,1,2021-11-08,12,Traveler weight (travel hubs),Strategies (total),90%,T11-R,fig_3f,T11-R^0,17,1.0329
2021-11-25,ZA,493,Omicron BA.2,Community,1.3057193702975833,2021-11-08,17,Traveler weight (travel hubs),Strategies (total),100%,T3-R,fig_3f,T3-R^0,17,1.081
2021-11-25,ZA,493,Omicron BA.2,Community,1.3057193702975833,2021-11-08,17,Traveler weight (travel hubs),Strategies (total),100%,T7-R,fig_3f,T7-R^0,17,1.081
2021-11-20,IN,493,Omicron BA.2,Imported,1,2021-11-08,12,Traveler weight (travel hubs),Strategies (total),100%,T11-R,fig_3f,T11-R^0,17,1.0298
2021-11-20,IN,493,Omicron BA.2,Imported,1,2021-11-08,12,Traveler weight (travel hubs),Strategies (total),100%,T11-M,fig_3f,T11-R^90,17,1
2021-12-01,ZA,494,Omicron BA.2,Community,1.1054136190827535,2021-11-08,23,Traveler weight (travel hubs),Strategies (total),50%,T11-R,fig_3f,T11-R^0,17,1.0547
2021-12-01,ZA,494,Omicron BA.2,Community,1.1054136190827535,2021-11-08,23,Traveler weight (travel hubs),Strategies (total),70%,T3-R,fig_3f,T3-R^0,17,1.0872
2021-12-01,ZA,494,Omicron BA.2,Community,1.1054136190827535,2021-11-08,23,Traveler weight (travel hubs),Strategies (total),70%,T7-R,fig_3f,T7-R^0,17,1.0872
2021-12-01,ZA,494,Omicron BA.2,Community,1.1054136190827535,2021-11-08,23,Traveler weight (travel hubs),Strategies (total),70%,T11-R,fig_3f,T11-R^0,17,1.0367
2021-12-01,ZA,494,Omicron BA.2,Community,1.1054136190827535,2021-11-08,23,Traveler weight (travel hubs),Strategies (total),90%,T3-R,fig_3f,T3-R^0,17,1.083
2021-12-01,ZA,494,Omicron BA.2,Community,1.1054136190827535,2021-11-08,23,Traveler weight (travel hubs),Strategies (total),90%,T7-R,fig_3f,T7-R^0,17,1.083
2021-12-01,ZA,494,Omicron BA.2,Community,1.1054136190827535,2021-11-08,23,Traveler weight (travel hubs),Strategies (total),90%,T11-R,fig_3f,T11-R^0,17,1.0329
2021-12-01,ZA,494,Omicron BA.2,Community,1.1054136190827535,2021-11-08,23,Traveler weight (travel hubs),Strategies (total),100%,T3-R,fig_3f,T3-R^0,17,1.081
2021-12-01,ZA,494,Omicron BA.2,Community,1.1054136190827535,2021-11-08,23,Traveler weight (travel hubs),Strategies (total),100%,T7-R,fig_3f,T7-R^0,17,1.081
2021-12-01,ZA,494,Omicron BA.2,Community,1.1054136190827535,2021-11-08,23,Traveler weight (travel hubs),Strategies (total),100%,T11-R,fig_3f,T11-R^0,17,1.0298
2021-12-02,CA,494,Omicron BA.2,Imported,1,2021-11-08,24,Traveler weight (travel hubs),Strategies (total),100%,T11-M,fig_3f,T11-R^90,17,1
2021-11-25,ZA,495,Omicron BA.2,Community,1.3119533379629809,2021-11-08,17,Traveler weight (travel hubs),Strategies (total),50%,T11-R,fig_3f,T11-R^0,17,1.0547
2021-11-25,ZA,495,Omicron BA.2,Community,1.3119533379629809,2021-11-08,17,Traveler weight (travel hubs),Strategies (total),70%,T3-R,fig_3f,T3-R^0,17,1.0872
2021-11-25,ZA,495,Omicron BA.2,Community,1.3119533379629809,2021-11-08,17,Traveler weight (travel hubs),Strategies (total),70%,T7-R,fig_3f,T7-R^0,17,1.0872
2021-11-25,ZA,495,Omicron BA.2,Community,1.3119533379629809,2021-11-08,17,Traveler weight (travel hubs),Strategies (total),70%,T11-R,fig_3f,T11-R^0,17,1.0367
2021-11-25,ZA,495,Omicron BA.2,Community,1.3119533379629809,2021-11-08,17,Traveler weight (travel hubs),Strategies (total),90%,T3-R,fig_3f,T3-R^0,17,1.083
2021-11-25,ZA,495,Omicron BA.2,Community,1.3119533379629809,2021-11-08,17,Traveler weight (travel hubs),Strategies (total),90%,T7-R,fig_3f,T7-R^0,17,1.083
2021-11-25,ZA,495,Omicron BA.2,Community,1.3119533379629809,2021-11-08,17,Traveler weight (travel hubs),Strategies (total),90%,T11-R,fig_3f,T11-R^0,17,1.0329
2021-11-25,ZA,495,Omicron BA.2,Community,1.3119533379629809,2021-11-08,17,Traveler weight (travel hubs),Strategies (total),100%,T3-R,fig_3f,T3-R^0,17,1.081
2021-11-25,ZA,495,Omicron BA.2,Community,1.3119533379629809,2021-11-08,17,Traveler weight (travel hubs),Strategies (total),100%,T7-R,fig_3f,T7-R^0,17,1.081
2021-11-25,ZA,495,Omicron BA.2,Community,1.3119533379629809,2021-11-08,17,Traveler weight (travel hubs),Strategies (total),100%,T11-R,fig_3f,T11-R^0,17,1.0298
2021-12-03,TR,495,Omicron BA.2,Imported,1,2021-11-08,25,Traveler weight (travel hubs),Strategies (total),100%,T11-M,fig_3f,T11-R^90,17,1
2021-11-28,ZA,496,Omicron BA.2,Community,1.0901747587353599,2021-11-08,20,Traveler weight (travel hubs),Strategies (total),50%,T11-R,fig_3f,T11-R^0,17,1.0547
2021-11-28,ZA,496,Omicron BA.2,Community,1.0901747587353599,2021-11-08,20,Traveler weight (travel hubs),Strategies (total),70%,T3-R,fig_3f,T3-R^0,17,1.0872
2021-11-28,ZA,496,Omicron BA.2,Community,1.0901747587353599,2021-11-08,20,Traveler weight (travel hubs),Strategies (total),70%,T7-R,fig_3f,T7-R^0,17,1.0872
2021-11-28,ZA,496,Omicron BA.2,Community,1.0901747587353599,2021-11-08,20,Traveler weight (travel hubs),Strategies (total),70%,T11-R,fig_3f,T11-R^0,17,1.0367
2021-11-28,ZA,496,Omicron BA.2,Community,1.0901747587353599,2021-11-08,20,Traveler weight (travel hubs),Strategies (total),90%,T3-R,fig_3f,T3-R^0,17,1.083
2021-11-28,ZA,496,Omicron BA.2,Community,1.0901747587353599,2021-11-08,20,Traveler weight (travel hubs),Strategies (total),90%,T7-R,fig_3f,T7-R^0,17,1.083
2021-11-28,ZA,496,Omicron BA.2,Community,1.0901747587353599,2021-11-08,20,Traveler weight (travel hubs),Strategies (total),90%,T11-R,fig_3f,T11-R^0,17,1.0329
2021-11-28,ZA,496,Omicron BA.2,Community,1.0901747587353599,2021-11-08,20,Traveler weight (travel hubs),Strategies (total),100%,T3-R,fig_3f,T3-R^0,17,1.081
2021-11-28,ZA,496,Omicron BA.2,Community,1.0901747587353599,2021-11-08,20,Traveler weight (travel hubs),Strategies (total),100%,T7-R,fig_3f,T7-R^0,17,1.081
2021-11-28,ZA,496,Omicron BA.2,Community,1.0901747587353599,2021-11-08,20,Traveler weight (travel hubs),Strategies (total),100%,T11-R,fig_3f,T11-R^0,17,1.0298
2021-11-27,TR,496,Omicron BA.2,Imported,1,2021-11-08,19,Traveler weight (travel hubs),Strategies (total),100%,T11-M,fig_3f,T11-R^90,17,1
2021-11-23,US,497,Omicron BA.2,Imported,1,2021-11-08,15,Traveler weight (travel hubs),Strategies (total),50%,T11-R,fig_3f,T11-R^0,17,1.0547
2021-11-23,US,497,Omicron BA.2,Imported,1,2021-11-08,15,Traveler weight (travel hubs),Strategies (total),70%,T3-R,fig_3f,T3-R^0,17,1.0872
2021-11-23,US,497,Omicron BA.2,Imported,1,2021-11-08,15,Traveler weight (travel hubs),Strategies (total),70%,T7-R,fig_3f,T7-R^0,17,1.0872
2021-11-23,US,497,Omicron BA.2,Imported,1,2021-11-08,15,Traveler weight (travel hubs),Strategies (total),70%,T11-R,fig_3f,T11-R^0,17,1.0367
2021-11-23,US,497,Omicron BA.2,Imported,1,2021-11-08,15,Traveler weight (travel hubs),Strategies (total),90%,T3-R,fig_3f,T3-R^0,17,1.083
2021-11-23,US,497,Omicron BA.2,Imported,1,2021-11-08,15,Traveler weight (travel hubs),Strategies (total),90%,T7-R,fig_3f,T7-R^0,17,1.083
2021-11-23,US,497,Omicron BA.2,Imported,1,2021-11-08,15,Traveler weight (travel hubs),Strategies (total),90%,T11-R,fig_3f,T11-R^0,17,1.0329
2021-11-23,US,497,Omicron BA.2,Imported,1,2021-11-08,15,Traveler weight (travel hubs),Strategies (total),100%,T3-R,fig_3f,T3-R^0,17,1.081
2021-11-23,US,497,Omicron BA.2,Imported,1,2021-11-08,15,Traveler weight (travel hubs),Strategies (total),100%,T7-R,fig_3f,T7-R^0,17,1.081
2021-11-23,US,497,Omicron BA.2,Imported,1,2021-11-08,15,Traveler weight (travel hubs),Strategies (total),100%,T11-R,fig_3f,T11-R^0,17,1.0298
2021-11-23,US,497,Omicron BA.2,Imported,1,2021-11-08,15,Traveler weight (travel hubs),Strategies (total),100%,T11-M,fig_3f,T11-R^90,17,1
2021-11-25,ZA,498,Omicron BA.2,Community,2.160960362869446,2021-11-08,17,Traveler weight (travel hubs),Strategies (total),50%,T11-R,fig_3f,T11-R^0,17,1.0547
2021-11-25,ZA,498,Omicron BA.2,Community,2.160960362869446,2021-11-08,17,Traveler weight (travel hubs),Strategies (total),70%,T3-R,fig_3f,T3-R^0,17,1.0872
2021-11-25,ZA,498,Omicron BA.2,Community,2.160960362869446,2021-11-08,17,Traveler weight (travel hubs),Strategies (total),70%,T7-R,fig_3f,T7-R^0,17,1.0872
2021-11-25,ZA,498,Omicron BA.2,Community,2.160960362869446,2021-11-08,17,Traveler weight (travel hubs),Strategies (total),70%,T11-R,fig_3f,T11-R^0,17,1.0367
2021-11-25,ZA,498,Omicron BA.2,Community,2.160960362869446,2021-11-08,17,Traveler weight (travel hubs),Strategies (total),90%,T3-R,fig_3f,T3-R^0,17,1.083
2021-11-25,ZA,498,Omicron BA.2,Community,2.160960362869446,2021-11-08,17,Traveler weight (travel hubs),Strategies (total),90%,T7-R,fig_3f,T7-R^0,17,1.083
2021-11-25,ZA,498,Omicron BA.2,Community,2.160960362869446,2021-11-08,17,Traveler weight (travel hubs),Strategies (total),90%,T11-R,fig_3f,T11-R^0,17,1.0329
2021-11-25,ZA,498,Omicron BA.2,Community,2.160960362869446,2021-11-08,17,Traveler weight (travel hubs),Strategies (total),100%,T3-R,fig_3f,T3-R^0,17,1.081
2021-11-25,ZA,498,Omicron BA.2,Community,2.160960362869446,2021-11-08,17,Traveler weight (travel hubs),Strategies (total),100%,T7-R,fig_3f,T7-R^0,17,1.081
2021-11-25,ZA,498,Omicron BA.2,Community,2.160960362869446,2021-11-08,17,Traveler weight (travel hubs),Strategies (total),100%,T11-R,fig_3f,T11-R^0,17,1.0298
2021-11-26,GB,498,Omicron BA.2,Imported,1.0011301411232267,2021-11-08,18,Traveler weight (travel hubs),Strategies (total),100%,T11-M,fig_3f,T11-R^90,17,1
2021-11-16,IN,499,Omicron BA.2,Imported,1,2021-11-08,8,Traveler weight (travel hubs),Strategies (total),50%,T11-R,fig_3f,T11-R^0,17,1.0547
2021-11-25,ZA,499,Omicron BA.2,Community,1.025190825354713,2021-11-08,17,Traveler weight (travel hubs),Strategies (total),70%,T3-R,fig_3f,T3-R^0,17,1.0872
2021-11-25,ZA,499,Omicron BA.2,Community,1.025190825354713,2021-11-08,17,Traveler weight (travel hubs),Strategies (total),70%,T7-R,fig_3f,T7-R^0,17,1.0872
2021-11-16,IN,499,Omicron BA.2,Imported,1,2021-11-08,8,Traveler weight (travel hubs),Strategies (total),70%,T11-R,fig_3f,T11-R^0,17,1.0367
2021-11-25,ZA,499,Omicron BA.2,Community,1.025190825354713,2021-11-08,17,Traveler weight (travel hubs),Strategies (total),90%,T3-R,fig_3f,T3-R^0,17,1.083
2021-11-25,ZA,499,Omicron BA.2,Community,1.025190825354713,2021-11-08,17,Traveler weight (travel hubs),Strategies (total),90%,T7-R,fig_3f,T7-R^0,17,1.083
2021-11-16,IN,499,Omicron BA.2,Imported,1,2021-11-08,8,Traveler weight (travel hubs),Strategies (total),90%,T11-R,fig_3f,T11-R^0,17,1.0329
2021-11-25,ZA,499,Omicron BA.2,Community,1.025190825354713,2021-11-08,17,Traveler weight (travel hubs),Strategies (total),100%,T3-R,fig_3f,T3-R^0,17,1.081
2021-11-25,ZA,499,Omicron BA.2,Community,1.025190825354713,2021-11-08,17,Traveler weight (travel hubs),Strategies (total),100%,T7-R,fig_3f,T7-R^0,17,1.081
2021-11-16,IN,499,Omicron BA.2,Imported,1,2021-11-08,8,Traveler weight (travel hubs),Strategies (total),100%,T11-R,fig_3f,T11-R^0,17,1.0298
2021-11-16,IN,499,Omicron BA.2,Imported,1,2021-11-08,8,Traveler weight (travel hubs),Strategies (total),100%,T11-M,fig_3f,T11-R^90,17,1
2021-11-23,ZA,5,Omicron BA.2,Community,1.0989619026664836,2021-11-08,15,Traveler weight (travel hubs),Strategies (total),50%,T11-R,fig_3f,T11-R^0,17,1.0547
2021-11-23,ZA,5,Omicron BA.2,Community,1.0989619026664836,2021-11-08,15,Traveler weight (travel hubs),Strategies (total),70%,T3-R,fig_3f,T3-R^0,17,1.0872
2021-11-23,ZA,5,Omicron BA.2,Community,1.0989619026664836,2021-11-08,15,Traveler weight (travel hubs),Strategies (total),70%,T7-R,fig_3f,T7-R^0,17,1.0872
2021-11-23,ZA,5,Omicron BA.2,Community,1.0989619026664836,2021-11-08,15,Traveler weight (travel hubs),Strategies (total),70%,T11-R,fig_3f,T11-R^0,17,1.0367
2021-11-23,ZA,5,Omicron BA.2,Community,1.0989619026664836,2021-11-08,15,Traveler weight (travel hubs),Strategies (total),90%,T3-R,fig_3f,T3-R^0,17,1.083
2021-11-23,ZA,5,Omicron BA.2,Community,1.0989619026664836,2021-11-08,15,Traveler weight (travel hubs),Strategies (total),90%,T7-R,fig_3f,T7-R^0,17,1.083
2021-11-23,ZA,5,Omicron BA.2,Community,1.0989619026664836,2021-11-08,15,Traveler weight (travel hubs),Strategies (total),90%,T11-R,fig_3f,T11-R^0,17,1.0329
2021-11-23,ZA,5,Omicron BA.2,Community,1.0989619026664836,2021-11-08,15,Traveler weight (travel hubs),Strategies (total),100%,T3-R,fig_3f,T3-R^0,17,1.081
2021-11-23,ZA,5,Omicron BA.2,Community,1.0989619026664836,2021-11-08,15,Traveler weight (travel hubs),Strategies (total),100%,T7-R,fig_3f,T7-R^0,17,1.081
2021-11-23,ZA,5,Omicron BA.2,Community,1.0989619026664836,2021-11-08,15,Traveler weight (travel hubs),Strategies (total),100%,T11-R,fig_3f,T11-R^0,17,1.0298
2021-12-04,US,5,Omicron BA.2,Imported,1.5763393002763217,2021-11-08,26,Traveler weight (travel hubs),Strategies (total),100%,T11-M,fig_3f,T11-R^90,17,1
2021-11-23,ZA,50,Omicron BA.2,Community,1.2279912707815146,2021-11-08,15,Traveler weight (travel hubs),Strategies (total),50%,T11-R,fig_3f,T11-R^0,17,1.0547
2021-11-23,ZA,50,Omicron BA.2,Community,1.2279912707815146,2021-11-08,15,Traveler weight (travel hubs),Strategies (total),70%,T3-R,fig_3f,T3-R^0,17,1.0872
2021-11-23,ZA,50,Omicron BA.2,Community,1.2279912707815146,2021-11-08,15,Traveler weight (travel hubs),Strategies (total),70%,T7-R,fig_3f,T7-R^0,17,1.0872
2021-11-23,ZA,50,Omicron BA.2,Community,1.2279912707815146,2021-11-08,15,Traveler weight (travel hubs),Strategies (total),70%,T11-R,fig_3f,T11-R^0,17,1.0367
2021-11-23,ZA,50,Omicron BA.2,Community,1.2279912707815146,2021-11-08,15,Traveler weight (travel hubs),Strategies (total),90%,T3-R,fig_3f,T3-R^0,17,1.083
2021-11-23,ZA,50,Omicron BA.2,Community,1.2279912707815146,2021-11-08,15,Traveler weight (travel hubs),Strategies (total),90%,T7-R,fig_3f,T7-R^0,17,1.083
2021-11-23,ZA,50,Omicron BA.2,Community,1.2279912707815146,2021-11-08,15,Traveler weight (travel hubs),Strategies (total),90%,T11-R,fig_3f,T11-R^0,17,1.0329
2021-11-23,ZA,50,Omicron BA.2,Community,1.2279912707815146,2021-11-08,15,Traveler weight (travel hubs),Strategies (total),100%,T3-R,fig_3f,T3-R^0,17,1.081
2021-11-23,ZA,50,Omicron BA.2,Community,1.2279912707815146,2021-11-08,15,Traveler weight (travel hubs),Strategies (total),100%,T7-R,fig_3f,T7-R^0,17,1.081
2021-11-23,ZA,50,Omicron BA.2,Community,1.2279912707815146,2021-11-08,15,Traveler weight (travel hubs),Strategies (total),100%,T11-R,fig_3f,T11-R^0,17,1.0298
2021-11-26,US,50,Omicron BA.2,Imported,1,2021-11-08,18,Traveler weight (travel hubs),Strategies (total),100%,T11-M,fig_3f,T11-R^90,17,1
2021-11-25,US,500,Omicron BA.2,Imported,2,2021-11-08,17,Traveler weight (travel hubs),Strategies (total),50%,T11-R,fig_3f,T11-R^0,17,1.0547
2021-11-25,US,500,Omicron BA.2,Imported,2,2021-11-08,17,Traveler weight (travel hubs),Strategies (total),70%,T3-R,fig_3f,T3-R^0,17,1.0872
2021-11-25,US,500,Omicron BA.2,Imported,2,2021-11-08,17,Traveler weight (travel hubs),Strategies (total),70%,T7-R,fig_3f,T7-R^0,17,1.0872
2021-11-25,US,500,Omicron BA.2,Imported,2,2021-11-08,17,Traveler weight (travel hubs),Strategies (total),70%,T11-R,fig_3f,T11-R^0,17,1.0367
2021-11-25,US,500,Omicron BA.2,Imported,2,2021-11-08,17,Traveler weight (travel hubs),Strategies (total),90%,T3-R,fig_3f,T3-R^0,17,1.083
2021-11-25,US,500,Omicron BA.2,Imported,2,2021-11-08,17,Traveler weight (travel hubs),Strategies (total),90%,T7-R,fig_3f,T7-R^0,17,1.083
2021-11-25,US,500,Omicron BA.2,Imported,2,2021-11-08,17,Traveler weight (travel hubs),Strategies (total),90%,T11-R,fig_3f,T11-R^0,17,1.0329
2021-11-25,US,500,Omicron BA.2,Imported,2,2021-11-08,17,Traveler weight (travel hubs),Strategies (total),100%,T3-R,fig_3f,T3-R^0,17,1.081
2021-11-25,US,500,Omicron BA.2,Imported,2,2021-11-08,17,Traveler weight (travel hubs),Strategies (total),100%,T7-R,fig_3f,T7-R^0,17,1.081
2021-11-25,US,500,Omicron BA.2,Imported,2,2021-11-08,17,Traveler weight (travel hubs),Strategies (total),100%,T11-R,fig_3f,T11-R^0,17,1.0298
2021-11-25,US,500,Omicron BA.2,Imported,2,2021-11-08,17,Traveler weight (travel hubs),Strategies (total),100%,T11-M,fig_3f,T11-R^90,17,1
2021-11-22,US,501,Omicron BA.2,Imported,1,2021-11-08,14,Traveler weight (travel hubs),Strategies (total),50%,T11-R,fig_3f,T11-R^0,17,1.0547
2021-11-22,US,501,Omicron BA.2,Imported,1,2021-11-08,14,Traveler weight (travel hubs),Strategies (total),70%,T3-R,fig_3f,T3-R^0,17,1.0872
2021-11-22,US,501,Omicron BA.2,Imported,1,2021-11-08,14,Traveler weight (travel hubs),Strategies (total),70%,T7-R,fig_3f,T7-R^0,17,1.0872
2021-11-22,US,501,Omicron BA.2,Imported,1,2021-11-08,14,Traveler weight (travel hubs),Strategies (total),70%,T11-R,fig_3f,T11-R^0,17,1.0367
2021-11-22,US,501,Omicron BA.2,Imported,1,2021-11-08,14,Traveler weight (travel hubs),Strategies (total),90%,T3-R,fig_3f,T3-R^0,17,1.083
2021-11-22,US,501,Omicron BA.2,Imported,1,2021-11-08,14,Traveler weight (travel hubs),Strategies (total),90%,T7-R,fig_3f,T7-R^0,17,1.083
2021-11-22,US,501,Omicron BA.2,Imported,1,2021-11-08,14,Traveler weight (travel hubs),Strategies (total),90%,T11-R,fig_3f,T11-R^0,17,1.0329
2021-11-22,US,501,Omicron BA.2,Imported,1,2021-11-08,14,Traveler weight (travel hubs),Strategies (total),100%,T3-R,fig_3f,T3-R^0,17,1.081
2021-11-22,US,501,Omicron BA.2,Imported,1,2021-11-08,14,Traveler weight (travel hubs),Strategies (total),100%,T7-R,fig_3f,T7-R^0,17,1.081
2021-11-22,US,501,Omicron BA.2,Imported,1,2021-11-08,14,Traveler weight (travel hubs),Strategies (total),100%,T11-R,fig_3f,T11-R^0,17,1.0298
2021-11-22,US,501,Omicron BA.2,Imported,1,2021-11-08,14,Traveler weight (travel hubs),Strategies (total),100%,T11-M,fig_3f,T11-R^90,17,1
2021-11-27,ZA,502,Omicron BA.2,Community,1.0704205567311915,2021-11-08,19,Traveler weight (travel hubs),Strategies (total),50%,T11-R,fig_3f,T11-R^0,17,1.0547
2021-11-27,ZA,502,Omicron BA.2,Community,1.0704205567311915,2021-11-08,19,Traveler weight (travel hubs),Strategies (total),70%,T3-R,fig_3f,T3-R^0,17,1.0872
2021-11-27,ZA,502,Omicron BA.2,Community,1.0704205567311915,2021-11-08,19,Traveler weight (travel hubs),Strategies (total),70%,T7-R,fig_3f,T7-R^0,17,1.0872
2021-11-27,ZA,502,Omicron BA.2,Community,1.0704205567311915,2021-11-08,19,Traveler weight (travel hubs),Strategies (total),70%,T11-R,fig_3f,T11-R^0,17,1.0367
2021-11-27,ZA,502,Omicron BA.2,Community,1.0704205567311915,2021-11-08,19,Traveler weight (travel hubs),Strategies (total),90%,T3-R,fig_3f,T3-R^0,17,1.083
2021-11-27,ZA,502,Omicron BA.2,Community,1.0704205567311915,2021-11-08,19,Traveler weight (travel hubs),Strategies (total),90%,T7-R,fig_3f,T7-R^0,17,1.083
2021-11-27,ZA,502,Omicron BA.2,Community,1.0704205567311915,2021-11-08,19,Traveler weight (travel hubs),Strategies (total),90%,T11-R,fig_3f,T11-R^0,17,1.0329
2021-11-27,ZA,502,Omicron BA.2,Community,1.0704205567311915,2021-11-08,19,Traveler weight (travel hubs),Strategies (total),100%,T3-R,fig_3f,T3-R^0,17,1.081
2021-11-27,ZA,502,Omicron BA.2,Community,1.0704205567311915,2021-11-08,19,Traveler weight (travel hubs),Strategies (total),100%,T7-R,fig_3f,T7-R^0,17,1.081
2021-11-27,ZA,502,Omicron BA.2,Community,1.0704205567311915,2021-11-08,19,Traveler weight (travel hubs),Strategies (total),100%,T11-R,fig_3f,T11-R^0,17,1.0298
2021-11-17,AE,502,Omicron BA.2,Imported,1,2021-11-08,9,Traveler weight (travel hubs),Strategies (total),100%,T11-M,fig_3f,T11-R^90,17,1
2021-11-20,US,503,Omicron BA.2,Imported,1,2021-11-08,12,Traveler weight (travel hubs),Strategies (total),50%,T11-R,fig_3f,T11-R^0,17,1.0547
2021-11-20,US,503,Omicron BA.2,Imported,1,2021-11-08,12,Traveler weight (travel hubs),Strategies (total),70%,T3-R,fig_3f,T3-R^0,17,1.0872
2021-11-20,US,503,Omicron BA.2,Imported,1,2021-11-08,12,Traveler weight (travel hubs),Strategies (total),70%,T7-R,fig_3f,T7-R^0,17,1.0872
2021-11-20,US,503,Omicron BA.2,Imported,1,2021-11-08,12,Traveler weight (travel hubs),Strategies (total),70%,T11-R,fig_3f,T11-R^0,17,1.0367
2021-11-20,US,503,Omicron BA.2,Imported,1,2021-11-08,12,Traveler weight (travel hubs),Strategies (total),90%,T3-R,fig_3f,T3-R^0,17,1.083
2021-11-20,US,503,Omicron BA.2,Imported,1,2021-11-08,12,Traveler weight (travel hubs),Strategies (total),90%,T7-R,fig_3f,T7-R^0,17,1.083
2021-11-20,US,503,Omicron BA.2,Imported,1,2021-11-08,12,Traveler weight (travel hubs),Strategies (total),90%,T11-R,fig_3f,T11-R^0,17,1.0329
2021-11-20,US,503,Omicron BA.2,Imported,1,2021-11-08,12,Traveler weight (travel hubs),Strategies (total),100%,T3-R,fig_3f,T3-R^0,17,1.081
2021-11-20,US,503,Omicron BA.2,Imported,1,2021-11-08,12,Traveler weight (travel hubs),Strategies (total),100%,T7-R,fig_3f,T7-R^0,17,1.081
2021-11-20,US,503,Omicron BA.2,Imported,1,2021-11-08,12,Traveler weight (travel hubs),Strategies (total),100%,T11-R,fig_3f,T11-R^0,17,1.0298
2021-11-20,US,503,Omicron BA.2,Imported,1,2021-11-08,12,Traveler weight (travel hubs),Strategies (total),100%,T11-M,fig_3f,T11-R^90,17,1
2021-11-22,IN,504,Omicron BA.2,Imported,1,2021-11-08,14,Traveler weight (travel hubs),Strategies (total),50%,T11-R,fig_3f,T11-R^0,17,1.0547
2021-11-26,ZA,504,Omicron BA.2,Community,1.1250251376864666,2021-11-08,18,Traveler weight (travel hubs),Strategies (total),70%,T3-R,fig_3f,T3-R^0,17,1.0872
2021-11-26,ZA,504,Omicron BA.2,Community,1.1250251376864666,2021-11-08,18,Traveler weight (travel hubs),Strategies (total),70%,T7-R,fig_3f,T7-R^0,17,1.0872
2021-11-22,IN,504,Omicron BA.2,Imported,1,2021-11-08,14,Traveler weight (travel hubs),Strategies (total),70%,T11-R,fig_3f,T11-R^0,17,1.0367
2021-11-26,ZA,504,Omicron BA.2,Community,1.1250251376864666,2021-11-08,18,Traveler weight (travel hubs),Strategies (total),90%,T3-R,fig_3f,T3-R^0,17,1.083
2021-11-26,ZA,504,Omicron BA.2,Community,1.1250251376864666,2021-11-08,18,Traveler weight (travel hubs),Strategies (total),90%,T7-R,fig_3f,T7-R^0,17,1.083
2021-11-22,IN,504,Omicron BA.2,Imported,1,2021-11-08,14,Traveler weight (travel hubs),Strategies (total),90%,T11-R,fig_3f,T11-R^0,17,1.0329
2021-11-26,ZA,504,Omicron BA.2,Community,1.1250251376864666,2021-11-08,18,Traveler weight (travel hubs),Strategies (total),100%,T3-R,fig_3f,T3-R^0,17,1.081
2021-11-26,ZA,504,Omicron BA.2,Community,1.1250251376864666,2021-11-08,18,Traveler weight (travel hubs),Strategies (total),100%,T7-R,fig_3f,T7-R^0,17,1.081
2021-11-22,IN,504,Omicron BA.2,Imported,1,2021-11-08,14,Traveler weight (travel hubs),Strategies (total),100%,T11-R,fig_3f,T11-R^0,17,1.0298
2021-11-22,IN,504,Omicron BA.2,Imported,1,2021-11-08,14,Traveler weight (travel hubs),Strategies (total),100%,T11-M,fig_3f,T11-R^90,17,1
2021-11-29,ZA,505,Omicron BA.2,Community,1.292841179865111,2021-11-08,21,Traveler weight (travel hubs),Strategies (total),50%,T11-R,fig_3f,T11-R^0,17,1.0547
2021-11-29,ZA,505,Omicron BA.2,Community,1.292841179865111,2021-11-08,21,Traveler weight (travel hubs),Strategies (total),70%,T3-R,fig_3f,T3-R^0,17,1.0872
2021-11-29,ZA,505,Omicron BA.2,Community,1.292841179865111,2021-11-08,21,Traveler weight (travel hubs),Strategies (total),70%,T7-R,fig_3f,T7-R^0,17,1.0872
2021-11-29,ZA,505,Omicron BA.2,Community,1.292841179865111,2021-11-08,21,Traveler weight (travel hubs),Strategies (total),70%,T11-R,fig_3f,T11-R^0,17,1.0367
2021-11-29,ZA,505,Omicron BA.2,Community,1.292841179865111,2021-11-08,21,Traveler weight (travel hubs),Strategies (total),90%,T3-R,fig_3f,T3-R^0,17,1.083
2021-11-29,ZA,505,Omicron BA.2,Community,1.292841179865111,2021-11-08,21,Traveler weight (travel hubs),Strategies (total),90%,T7-R,fig_3f,T7-R^0,17,1.083
2021-11-29,ZA,505,Omicron BA.2,Community,1.292841179865111,2021-11-08,21,Traveler weight (travel hubs),Strategies (total),90%,T11-R,fig_3f,T11-R^0,17,1.0329
2021-11-29,ZA,505,Omicron BA.2,Community,1.292841179865111,2021-11-08,21,Traveler weight (travel hubs),Strategies (total),100%,T3-R,fig_3f,T3-R^0,17,1.081
2021-11-29,ZA,505,Omicron BA.2,Community,1.292841179865111,2021-11-08,21,Traveler weight (travel hubs),Strategies (total),100%,T7-R,fig_3f,T7-R^0,17,1.081
2021-11-29,ZA,505,Omicron BA.2,Community,1.292841179865111,2021-11-08,21,Traveler weight (travel hubs),Strategies (total),100%,T11-R,fig_3f,T11-R^0,17,1.0298
2021-11-21,TR,505,Omicron BA.2,Imported,1,2021-11-08,13,Traveler weight (travel hubs),Strategies (total),100%,T11-M,fig_3f,T11-R^90,17,1
2021-12-01,ZA,506,Omicron BA.2,Community,1.1391374528422549,2021-11-08,23,Traveler weight (travel hubs),Strategies (total),50%,T11-R,fig_3f,T11-R^0,17,1.0547
2021-12-01,ZA,506,Omicron BA.2,Community,1.1391374528422549,2021-11-08,23,Traveler weight (travel hubs),Strategies (total),70%,T3-R,fig_3f,T3-R^0,17,1.0872
2021-12-01,ZA,506,Omicron BA.2,Community,1.1391374528422549,2021-11-08,23,Traveler weight (travel hubs),Strategies (total),70%,T7-R,fig_3f,T7-R^0,17,1.0872
2021-12-01,ZA,506,Omicron BA.2,Community,1.1391374528422549,2021-11-08,23,Traveler weight (travel hubs),Strategies (total),70%,T11-R,fig_3f,T11-R^0,17,1.0367
2021-12-01,ZA,506,Omicron BA.2,Community,1.1391374528422549,2021-11-08,23,Traveler weight (travel hubs),Strategies (total),90%,T3-R,fig_3f,T3-R^0,17,1.083
2021-12-01,ZA,506,Omicron BA.2,Community,1.1391374528422549,2021-11-08,23,Traveler weight (travel hubs),Strategies (total),90%,T7-R,fig_3f,T7-R^0,17,1.083
2021-12-01,ZA,506,Omicron BA.2,Community,1.1391374528422549,2021-11-08,23,Traveler weight (travel hubs),Strategies (total),90%,T11-R,fig_3f,T11-R^0,17,1.0329
2021-12-01,ZA,506,Omicron BA.2,Community,1.1391374528422549,2021-11-08,23,Traveler weight (travel hubs),Strategies (total),100%,T3-R,fig_3f,T3-R^0,17,1.081
2021-12-01,ZA,506,Omicron BA.2,Community,1.1391374528422549,2021-11-08,23,Traveler weight (travel hubs),Strategies (total),100%,T7-R,fig_3f,T7-R^0,17,1.081
2021-12-01,ZA,506,Omicron BA.2,Community,1.1391374528422549,2021-11-08,23,Traveler weight (travel hubs),Strategies (total),100%,T11-R,fig_3f,T11-R^0,17,1.0298
2021-12-14,US,506,Omicron BA.2,Imported,1.5861723447781537,2021-11-08,36,Traveler weight (travel hubs),Strategies (total),100%,T11-M,fig_3f,T11-R^90,17,1
2021-11-27,ZA,507,Omicron BA.2,Community,1.0615964542824037,2021-11-08,19,Traveler weight (travel hubs),Strategies (total),50%,T11-R,fig_3f,T11-R^0,17,1.0547
2021-11-27,ZA,507,Omicron BA.2,Community,1.0615964542824037,2021-11-08,19,Traveler weight (travel hubs),Strategies (total),70%,T3-R,fig_3f,T3-R^0,17,1.0872
2021-11-27,ZA,507,Omicron BA.2,Community,1.0615964542824037,2021-11-08,19,Traveler weight (travel hubs),Strategies (total),70%,T7-R,fig_3f,T7-R^0,17,1.0872
2021-11-27,ZA,507,Omicron BA.2,Community,1.0615964542824037,2021-11-08,19,Traveler weight (travel hubs),Strategies (total),70%,T11-R,fig_3f,T11-R^0,17,1.0367
2021-11-27,ZA,507,Omicron BA.2,Community,1.0615964542824037,2021-11-08,19,Traveler weight (travel hubs),Strategies (total),90%,T3-R,fig_3f,T3-R^0,17,1.083
2021-11-27,ZA,507,Omicron BA.2,Community,1.0615964542824037,2021-11-08,19,Traveler weight (travel hubs),Strategies (total),90%,T7-R,fig_3f,T7-R^0,17,1.083
2021-11-27,ZA,507,Omicron BA.2,Community,1.0615964542824037,2021-11-08,19,Traveler weight (travel hubs),Strategies (total),90%,T11-R,fig_3f,T11-R^0,17,1.0329
2021-11-27,ZA,507,Omicron BA.2,Community,1.0615964542824037,2021-11-08,19,Traveler weight (travel hubs),Strategies (total),100%,T3-R,fig_3f,T3-R^0,17,1.081
2021-11-27,ZA,507,Omicron BA.2,Community,1.0615964542824037,2021-11-08,19,Traveler weight (travel hubs),Strategies (total),100%,T7-R,fig_3f,T7-R^0,17,1.081
2021-11-27,ZA,507,Omicron BA.2,Community,1.0615964542824037,2021-11-08,19,Traveler weight (travel hubs),Strategies (total),100%,T11-R,fig_3f,T11-R^0,17,1.0298
2021-12-03,US,507,Omicron BA.2,Imported,2,2021-11-08,25,Traveler weight (travel hubs),Strategies (total),100%,T11-M,fig_3f,T11-R^90,17,1
2021-11-26,ZA,508,Omicron BA.2,Community,1.0114737557310833,2021-11-08,18,Traveler weight (travel hubs),Strategies (total),50%,T11-R,fig_3f,T11-R^0,17,1.0547
2021-11-26,ZA,508,Omicron BA.2,Community,1.0114737557310833,2021-11-08,18,Traveler weight (travel hubs),Strategies (total),70%,T3-R,fig_3f,T3-R^0,17,1.0872
2021-11-26,ZA,508,Omicron BA.2,Community,1.0114737557310833,2021-11-08,18,Traveler weight (travel hubs),Strategies (total),70%,T7-R,fig_3f,T7-R^0,17,1.0872
2021-11-26,ZA,508,Omicron BA.2,Community,1.0114737557310833,2021-11-08,18,Traveler weight (travel hubs),Strategies (total),70%,T11-R,fig_3f,T11-R^0,17,1.0367
2021-11-26,ZA,508,Omicron BA.2,Community,1.0114737557310833,2021-11-08,18,Traveler weight (travel hubs),Strategies (total),90%,T3-R,fig_3f,T3-R^0,17,1.083
2021-11-26,ZA,508,Omicron BA.2,Community,1.0114737557310833,2021-11-08,18,Traveler weight (travel hubs),Strategies (total),90%,T7-R,fig_3f,T7-R^0,17,1.083
2021-11-26,ZA,508,Omicron BA.2,Community,1.0114737557310833,2021-11-08,18,Traveler weight (travel hubs),Strategies (total),90%,T11-R,fig_3f,T11-R^0,17,1.0329
2021-11-26,ZA,508,Omicron BA.2,Community,1.0114737557310833,2021-11-08,18,Traveler weight (travel hubs),Strategies (total),100%,T3-R,fig_3f,T3-R^0,17,1.081
2021-11-26,ZA,508,Omicron BA.2,Community,1.0114737557310833,2021-11-08,18,Traveler weight (travel hubs),Strategies (total),100%,T7-R,fig_3f,T7-R^0,17,1.081
2021-11-26,ZA,508,Omicron BA.2,Community,1.0114737557310833,2021-11-08,18,Traveler weight (travel hubs),Strategies (total),100%,T11-R,fig_3f,T11-R^0,17,1.0298
2021-12-05,IN,508,Omicron BA.2,Imported,1,2021-11-08,27,Traveler weight (travel hubs),Strategies (total),100%,T11-M,fig_3f,T11-R^90,17,1
2021-11-23,US,509,Omicron BA.2,Imported,1,2021-11-08,15,Traveler weight (travel hubs),Strategies (total),50%,T11-R,fig_3f,T11-R^0,17,1.0547
2021-11-23,US,509,Omicron BA.2,Imported,1,2021-11-08,15,Traveler weight (travel hubs),Strategies (total),70%,T3-R,fig_3f,T3-R^0,17,1.0872
2021-11-23,US,509,Omicron BA.2,Imported,1,2021-11-08,15,Traveler weight (travel hubs),Strategies (total),70%,T7-R,fig_3f,T7-R^0,17,1.0872
2021-11-23,US,509,Omicron BA.2,Imported,1,2021-11-08,15,Traveler weight (travel hubs),Strategies (total),70%,T11-R,fig_3f,T11-R^0,17,1.0367
2021-11-23,US,509,Omicron BA.2,Imported,1,2021-11-08,15,Traveler weight (travel hubs),Strategies (total),90%,T3-R,fig_3f,T3-R^0,17,1.083
2021-11-23,US,509,Omicron BA.2,Imported,1,2021-11-08,15,Traveler weight (travel hubs),Strategies (total),90%,T7-R,fig_3f,T7-R^0,17,1.083
2021-11-23,US,509,Omicron BA.2,Imported,1,2021-11-08,15,Traveler weight (travel hubs),Strategies (total),90%,T11-R,fig_3f,T11-R^0,17,1.0329
2021-11-23,US,509,Omicron BA.2,Imported,1,2021-11-08,15,Traveler weight (travel hubs),Strategies (total),100%,T3-R,fig_3f,T3-R^0,17,1.081
2021-11-23,US,509,Omicron BA.2,Imported,1,2021-11-08,15,Traveler weight (travel hubs),Strategies (total),100%,T7-R,fig_3f,T7-R^0,17,1.081
2021-11-23,US,509,Omicron BA.2,Imported,1,2021-11-08,15,Traveler weight (travel hubs),Strategies (total),100%,T11-R,fig_3f,T11-R^0,17,1.0298
2021-11-22,TR,509,Omicron BA.2,Imported,1,2021-11-08,14,Traveler weight (travel hubs),Strategies (total),100%,T11-M,fig_3f,T11-R^90,17,1
2021-11-27,ZA,51,Omicron BA.2,Community,1.0171912935723744,2021-11-08,19,Traveler weight (travel hubs),Strategies (total),50%,T11-R,fig_3f,T11-R^0,17,1.0547
2021-11-27,ZA,51,Omicron BA.2,Community,1.0171912935723744,2021-11-08,19,Traveler weight (travel hubs),Strategies (total),70%,T3-R,fig_3f,T3-R^0,17,1.0872
2021-11-27,ZA,51,Omicron BA.2,Community,1.0171912935723744,2021-11-08,19,Traveler weight (travel hubs),Strategies (total),70%,T7-R,fig_3f,T7-R^0,17,1.0872
2021-11-27,ZA,51,Omicron BA.2,Community,1.0171912935723744,2021-11-08,19,Traveler weight (travel hubs),Strategies (total),70%,T11-R,fig_3f,T11-R^0,17,1.0367
2021-11-27,ZA,51,Omicron BA.2,Community,1.0171912935723744,2021-11-08,19,Traveler weight (travel hubs),Strategies (total),90%,T3-R,fig_3f,T3-R^0,17,1.083
2021-11-27,ZA,51,Omicron BA.2,Community,1.0171912935723744,2021-11-08,19,Traveler weight (travel hubs),Strategies (total),90%,T7-R,fig_3f,T7-R^0,17,1.083
2021-11-27,ZA,51,Omicron BA.2,Community,1.0171912935723744,2021-11-08,19,Traveler weight (travel hubs),Strategies (total),90%,T11-R,fig_3f,T11-R^0,17,1.0329
2021-11-27,ZA,51,Omicron BA.2,Community,1.0171912935723744,2021-11-08,19,Traveler weight (travel hubs),Strategies (total),100%,T3-R,fig_3f,T3-R^0,17,1.081
2021-11-27,ZA,51,Omicron BA.2,Community,1.0171912935723744,2021-11-08,19,Traveler weight (travel hubs),Strategies (total),100%,T7-R,fig_3f,T7-R^0,17,1.081
2021-11-27,ZA,51,Omicron BA.2,Community,1.0171912935723744,2021-11-08,19,Traveler weight (travel hubs),Strategies (total),100%,T11-R,fig_3f,T11-R^0,17,1.0298
2021-12-01,IN,51,Omicron BA.2,Imported,1,2021-11-08,23,Traveler weight (travel hubs),Strategies (total),100%,T11-M,fig_3f,T11-R^90,17,1
2021-11-28,ZA,510,Omicron BA.2,Community,1.1053598473590058,2021-11-08,20,Traveler weight (travel hubs),Strategies (total),50%,T11-R,fig_3f,T11-R^0,17,1.0547
2021-11-28,ZA,510,Omicron BA.2,Community,1.1053598473590058,2021-11-08,20,Traveler weight (travel hubs),Strategies (total),70%,T3-R,fig_3f,T3-R^0,17,1.0872
2021-11-28,ZA,510,Omicron BA.2,Community,1.1053598473590058,2021-11-08,20,Traveler weight (travel hubs),Strategies (total),70%,T7-R,fig_3f,T7-R^0,17,1.0872
2021-11-28,ZA,510,Omicron BA.2,Community,1.1053598473590058,2021-11-08,20,Traveler weight (travel hubs),Strategies (total),70%,T11-R,fig_3f,T11-R^0,17,1.0367
2021-11-28,ZA,510,Omicron BA.2,Community,1.1053598473590058,2021-11-08,20,Traveler weight (travel hubs),Strategies (total),90%,T3-R,fig_3f,T3-R^0,17,1.083
2021-11-28,ZA,510,Omicron BA.2,Community,1.1053598473590058,2021-11-08,20,Traveler weight (travel hubs),Strategies (total),90%,T7-R,fig_3f,T7-R^0,17,1.083
2021-11-28,ZA,510,Omicron BA.2,Community,1.1053598473590058,2021-11-08,20,Traveler weight (travel hubs),Strategies (total),90%,T11-R,fig_3f,T11-R^0,17,1.0329
2021-11-28,ZA,510,Omicron BA.2,Community,1.1053598473590058,2021-11-08,20,Traveler weight (travel hubs),Strategies (total),100%,T3-R,fig_3f,T3-R^0,17,1.081
2021-11-28,ZA,510,Omicron BA.2,Community,1.1053598473590058,2021-11-08,20,Traveler weight (travel hubs),Strategies (total),100%,T7-R,fig_3f,T7-R^0,17,1.081
2021-11-28,ZA,510,Omicron BA.2,Community,1.1053598473590058,2021-11-08,20,Traveler weight (travel hubs),Strategies (total),100%,T11-R,fig_3f,T11-R^0,17,1.0298
2021-12-03,US,510,Omicron BA.2,Imported,1,2021-11-08,25,Traveler weight (travel hubs),Strategies (total),100%,T11-M,fig_3f,T11-R^90,17,1
2021-11-22,US,511,Omicron BA.2,Imported,1,2021-11-08,14,Traveler weight (travel hubs),Strategies (total),50%,T11-R,fig_3f,T11-R^0,17,1.0547
2021-11-22,US,511,Omicron BA.2,Imported,1,2021-11-08,14,Traveler weight (travel hubs),Strategies (total),70%,T3-R,fig_3f,T3-R^0,17,1.0872
2021-11-22,US,511,Omicron BA.2,Imported,1,2021-11-08,14,Traveler weight (travel hubs),Strategies (total),70%,T7-R,fig_3f,T7-R^0,17,1.0872
2021-11-22,US,511,Omicron BA.2,Imported,1,2021-11-08,14,Traveler weight (travel hubs),Strategies (total),70%,T11-R,fig_3f,T11-R^0,17,1.0367
2021-11-22,US,511,Omicron BA.2,Imported,1,2021-11-08,14,Traveler weight (travel hubs),Strategies (total),90%,T3-R,fig_3f,T3-R^0,17,1.083
2021-11-22,US,511,Omicron BA.2,Imported,1,2021-11-08,14,Traveler weight (travel hubs),Strategies (total),90%,T7-R,fig_3f,T7-R^0,17,1.083
2021-11-22,US,511,Omicron BA.2,Imported,1,2021-11-08,14,Traveler weight (travel hubs),Strategies (total),90%,T11-R,fig_3f,T11-R^0,17,1.0329
2021-11-22,US,511,Omicron BA.2,Imported,1,2021-11-08,14,Traveler weight (travel hubs),Strategies (total),100%,T3-R,fig_3f,T3-R^0,17,1.081
2021-11-22,US,511,Omicron BA.2,Imported,1,2021-11-08,14,Traveler weight (travel hubs),Strategies (total),100%,T7-R,fig_3f,T7-R^0,17,1.081
2021-11-22,US,511,Omicron BA.2,Imported,1,2021-11-08,14,Traveler weight (travel hubs),Strategies (total),100%,T11-R,fig_3f,T11-R^0,17,1.0298
2021-11-22,US,511,Omicron BA.2,Imported,1,2021-11-08,14,Traveler weight (travel hubs),Strategies (total),100%,T11-M,fig_3f,T11-R^90,17,1
2021-11-21,US,512,Omicron BA.2,Imported,1,2021-11-08,13,Traveler weight (travel hubs),Strategies (total),50%,T11-R,fig_3f,T11-R^0,17,1.0547
2021-11-21,US,512,Omicron BA.2,Imported,1,2021-11-08,13,Traveler weight (travel hubs),Strategies (total),70%,T3-R,fig_3f,T3-R^0,17,1.0872
2021-11-21,US,512,Omicron BA.2,Imported,1,2021-11-08,13,Traveler weight (travel hubs),Strategies (total),70%,T7-R,fig_3f,T7-R^0,17,1.0872
2021-11-21,US,512,Omicron BA.2,Imported,1,2021-11-08,13,Traveler weight (travel hubs),Strategies (total),70%,T11-R,fig_3f,T11-R^0,17,1.0367
2021-11-21,US,512,Omicron BA.2,Imported,1,2021-11-08,13,Traveler weight (travel hubs),Strategies (total),90%,T3-R,fig_3f,T3-R^0,17,1.083
2021-11-21,US,512,Omicron BA.2,Imported,1,2021-11-08,13,Traveler weight (travel hubs),Strategies (total),90%,T7-R,fig_3f,T7-R^0,17,1.083
2021-11-21,US,512,Omicron BA.2,Imported,1,2021-11-08,13,Traveler weight (travel hubs),Strategies (total),90%,T11-R,fig_3f,T11-R^0,17,1.0329
2021-11-21,US,512,Omicron BA.2,Imported,1,2021-11-08,13,Traveler weight (travel hubs),Strategies (total),100%,T3-R,fig_3f,T3-R^0,17,1.081
2021-11-21,US,512,Omicron BA.2,Imported,1,2021-11-08,13,Traveler weight (travel hubs),Strategies (total),100%,T7-R,fig_3f,T7-R^0,17,1.081
2021-11-21,US,512,Omicron BA.2,Imported,1,2021-11-08,13,Traveler weight (travel hubs),Strategies (total),100%,T11-R,fig_3f,T11-R^0,17,1.0298
2021-11-21,US,512,Omicron BA.2,Imported,1,2021-11-08,13,Traveler weight (travel hubs),Strategies (total),100%,T11-M,fig_3f,T11-R^90,17,1
2021-11-23,IN,52,Omicron BA.2,Imported,1,2021-11-08,15,Traveler weight (travel hubs),Strategies (total),50%,T11-R,fig_3f,T11-R^0,17,1.0547
2021-11-29,ZA,52,Omicron BA.2,Community,1.134184334718257,2021-11-08,21,Traveler weight (travel hubs),Strategies (total),70%,T3-R,fig_3f,T3-R^0,17,1.0872
2021-11-29,ZA,52,Omicron BA.2,Community,1.134184334718257,2021-11-08,21,Traveler weight (travel hubs),Strategies (total),70%,T7-R,fig_3f,T7-R^0,17,1.0872
2021-11-23,IN,52,Omicron BA.2,Imported,1,2021-11-08,15,Traveler weight (travel hubs),Strategies (total),70%,T11-R,fig_3f,T11-R^0,17,1.0367
2021-11-29,ZA,52,Omicron BA.2,Community,1.134184334718257,2021-11-08,21,Traveler weight (travel hubs),Strategies (total),90%,T3-R,fig_3f,T3-R^0,17,1.083
2021-11-29,ZA,52,Omicron BA.2,Community,1.134184334718257,2021-11-08,21,Traveler weight (travel hubs),Strategies (total),90%,T7-R,fig_3f,T7-R^0,17,1.083
2021-11-23,IN,52,Omicron BA.2,Imported,1,2021-11-08,15,Traveler weight (travel hubs),Strategies (total),90%,T11-R,fig_3f,T11-R^0,17,1.0329
2021-11-29,ZA,52,Omicron BA.2,Community,1.134184334718257,2021-11-08,21,Traveler weight (travel hubs),Strategies (total),100%,T3-R,fig_3f,T3-R^0,17,1.081
2021-11-29,ZA,52,Omicron BA.2,Community,1.134184334718257,2021-11-08,21,Traveler weight (travel hubs),Strategies (total),100%,T7-R,fig_3f,T7-R^0,17,1.081
2021-11-23,IN,52,Omicron BA.2,Imported,1,2021-11-08,15,Traveler weight (travel hubs),Strategies (total),100%,T11-R,fig_3f,T11-R^0,17,1.0298
2021-11-14,AE,52,Omicron BA.2,Imported,1,2021-11-08,6,Traveler weight (travel hubs),Strategies (total),100%,T11-M,fig_3f,T11-R^90,17,1
2021-11-27,ZA,53,Omicron BA.2,Community,1.0576113757571446,2021-11-08,19,Traveler weight (travel hubs),Strategies (total),50%,T11-R,fig_3f,T11-R^0,17,1.0547
2021-11-27,ZA,53,Omicron BA.2,Community,1.0576113757571446,2021-11-08,19,Traveler weight (travel hubs),Strategies (total),70%,T3-R,fig_3f,T3-R^0,17,1.0872
2021-11-27,ZA,53,Omicron BA.2,Community,1.0576113757571446,2021-11-08,19,Traveler weight (travel hubs),Strategies (total),70%,T7-R,fig_3f,T7-R^0,17,1.0872
2021-11-27,ZA,53,Omicron BA.2,Community,1.0576113757571446,2021-11-08,19,Traveler weight (travel hubs),Strategies (total),70%,T11-R,fig_3f,T11-R^0,17,1.0367
2021-11-27,ZA,53,Omicron BA.2,Community,1.0576113757571446,2021-11-08,19,Traveler weight (travel hubs),Strategies (total),90%,T3-R,fig_3f,T3-R^0,17,1.083
2021-11-27,ZA,53,Omicron BA.2,Community,1.0576113757571446,2021-11-08,19,Traveler weight (travel hubs),Strategies (total),90%,T7-R,fig_3f,T7-R^0,17,1.083
2021-11-27,ZA,53,Omicron BA.2,Community,1.0576113757571446,2021-11-08,19,Traveler weight (travel hubs),Strategies (total),90%,T11-R,fig_3f,T11-R^0,17,1.0329
2021-11-27,ZA,53,Omicron BA.2,Community,1.0576113757571446,2021-11-08,19,Traveler weight (travel hubs),Strategies (total),100%,T3-R,fig_3f,T3-R^0,17,1.081
2021-11-27,ZA,53,Omicron BA.2,Community,1.0576113757571446,2021-11-08,19,Traveler weight (travel hubs),Strategies (total),100%,T7-R,fig_3f,T7-R^0,17,1.081
2021-11-27,ZA,53,Omicron BA.2,Community,1.0576113757571446,2021-11-08,19,Traveler weight (travel hubs),Strategies (total),100%,T11-R,fig_3f,T11-R^0,17,1.0298
2021-11-27,TR,53,Omicron BA.2,Imported,1.255848720925578,2021-11-08,19,Traveler weight (travel hubs),Strategies (total),100%,T11-M,fig_3f,T11-R^90,17,1
2021-11-16,IN,54,Omicron BA.2,Imported,1,2021-11-08,8,Traveler weight (travel hubs),Strategies (total),50%,T11-R,fig_3f,T11-R^0,17,1.0547
2021-11-22,ZA,54,Omicron BA.2,Community,1.243502213917158,2021-11-08,14,Traveler weight (travel hubs),Strategies (total),70%,T3-R,fig_3f,T3-R^0,17,1.0872
2021-11-22,ZA,54,Omicron BA.2,Community,1.243502213917158,2021-11-08,14,Traveler weight (travel hubs),Strategies (total),70%,T7-R,fig_3f,T7-R^0,17,1.0872
2021-11-16,IN,54,Omicron BA.2,Imported,1,2021-11-08,8,Traveler weight (travel hubs),Strategies (total),70%,T11-R,fig_3f,T11-R^0,17,1.0367
2021-11-22,ZA,54,Omicron BA.2,Community,1.243502213917158,2021-11-08,14,Traveler weight (travel hubs),Strategies (total),90%,T3-R,fig_3f,T3-R^0,17,1.083
2021-11-22,ZA,54,Omicron BA.2,Community,1.243502213917158,2021-11-08,14,Traveler weight (travel hubs),Strategies (total),90%,T7-R,fig_3f,T7-R^0,17,1.083
2021-11-16,IN,54,Omicron BA.2,Imported,1,2021-11-08,8,Traveler weight (travel hubs),Strategies (total),90%,T11-R,fig_3f,T11-R^0,17,1.0329
2021-11-22,ZA,54,Omicron BA.2,Community,1.243502213917158,2021-11-08,14,Traveler weight (travel hubs),Strategies (total),100%,T3-R,fig_3f,T3-R^0,17,1.081
2021-11-22,ZA,54,Omicron BA.2,Community,1.243502213917158,2021-11-08,14,Traveler weight (travel hubs),Strategies (total),100%,T7-R,fig_3f,T7-R^0,17,1.081
2021-11-16,IN,54,Omicron BA.2,Imported,1,2021-11-08,8,Traveler weight (travel hubs),Strategies (total),100%,T11-R,fig_3f,T11-R^0,17,1.0298
2021-11-16,IN,54,Omicron BA.2,Imported,1,2021-11-08,8,Traveler weight (travel hubs),Strategies (total),100%,T11-M,fig_3f,T11-R^90,17,1
2021-11-25,ZA,55,Omicron BA.2,Community,1.2801897884297668,2021-11-08,17,Traveler weight (travel hubs),Strategies (total),50%,T11-R,fig_3f,T11-R^0,17,1.0547
2021-11-25,ZA,55,Omicron BA.2,Community,1.2801897884297668,2021-11-08,17,Traveler weight (travel hubs),Strategies (total),70%,T3-R,fig_3f,T3-R^0,17,1.0872
2021-11-25,ZA,55,Omicron BA.2,Community,1.2801897884297668,2021-11-08,17,Traveler weight (travel hubs),Strategies (total),70%,T7-R,fig_3f,T7-R^0,17,1.0872
2021-11-25,ZA,55,Omicron BA.2,Community,1.2801897884297668,2021-11-08,17,Traveler weight (travel hubs),Strategies (total),70%,T11-R,fig_3f,T11-R^0,17,1.0367
2021-11-25,ZA,55,Omicron BA.2,Community,1.2801897884297668,2021-11-08,17,Traveler weight (travel hubs),Strategies (total),90%,T3-R,fig_3f,T3-R^0,17,1.083
2021-11-25,ZA,55,Omicron BA.2,Community,1.2801897884297668,2021-11-08,17,Traveler weight (travel hubs),Strategies (total),90%,T7-R,fig_3f,T7-R^0,17,1.083
2021-11-25,ZA,55,Omicron BA.2,Community,1.2801897884297668,2021-11-08,17,Traveler weight (travel hubs),Strategies (total),90%,T11-R,fig_3f,T11-R^0,17,1.0329
2021-11-25,ZA,55,Omicron BA.2,Community,1.2801897884297668,2021-11-08,17,Traveler weight (travel hubs),Strategies (total),100%,T3-R,fig_3f,T3-R^0,17,1.081
2021-11-25,ZA,55,Omicron BA.2,Community,1.2801897884297668,2021-11-08,17,Traveler weight (travel hubs),Strategies (total),100%,T7-R,fig_3f,T7-R^0,17,1.081
2021-11-25,ZA,55,Omicron BA.2,Community,1.2801897884297668,2021-11-08,17,Traveler weight (travel hubs),Strategies (total),100%,T11-R,fig_3f,T11-R^0,17,1.0298
2021-11-25,US,55,Omicron BA.2,Imported,1,2021-11-08,17,Traveler weight (travel hubs),Strategies (total),100%,T11-M,fig_3f,T11-R^90,17,1
2021-11-25,ZA,56,Omicron BA.2,Community,1.3662779133328702,2021-11-08,17,Traveler weight (travel hubs),Strategies (total),50%,T11-R,fig_3f,T11-R^0,17,1.0547
2021-11-25,ZA,56,Omicron BA.2,Community,1.3662779133328702,2021-11-08,17,Traveler weight (travel hubs),Strategies (total),70%,T3-R,fig_3f,T3-R^0,17,1.0872
2021-11-25,ZA,56,Omicron BA.2,Community,1.3662779133328702,2021-11-08,17,Traveler weight (travel hubs),Strategies (total),70%,T7-R,fig_3f,T7-R^0,17,1.0872
2021-11-25,ZA,56,Omicron BA.2,Community,1.3662779133328702,2021-11-08,17,Traveler weight (travel hubs),Strategies (total),70%,T11-R,fig_3f,T11-R^0,17,1.0367
2021-11-25,ZA,56,Omicron BA.2,Community,1.3662779133328702,2021-11-08,17,Traveler weight (travel hubs),Strategies (total),90%,T3-R,fig_3f,T3-R^0,17,1.083
2021-11-25,ZA,56,Omicron BA.2,Community,1.3662779133328702,2021-11-08,17,Traveler weight (travel hubs),Strategies (total),90%,T7-R,fig_3f,T7-R^0,17,1.083
2021-11-25,ZA,56,Omicron BA.2,Community,1.3662779133328702,2021-11-08,17,Traveler weight (travel hubs),Strategies (total),90%,T11-R,fig_3f,T11-R^0,17,1.0329
2021-11-25,ZA,56,Omicron BA.2,Community,1.3662779133328702,2021-11-08,17,Traveler weight (travel hubs),Strategies (total),100%,T3-R,fig_3f,T3-R^0,17,1.081
2021-11-25,ZA,56,Omicron BA.2,Community,1.3662779133328702,2021-11-08,17,Traveler weight (travel hubs),Strategies (total),100%,T7-R,fig_3f,T7-R^0,17,1.081
2021-11-25,ZA,56,Omicron BA.2,Community,1.3662779133328702,2021-11-08,17,Traveler weight (travel hubs),Strategies (total),100%,T11-R,fig_3f,T11-R^0,17,1.0298
2021-11-27,US,56,Omicron BA.2,Imported,1,2021-11-08,19,Traveler weight (travel hubs),Strategies (total),100%,T11-M,fig_3f,T11-R^90,17,1
2021-12-01,ZA,57,Omicron BA.2,Community,1.3102475866333623,2021-11-08,23,Traveler weight (travel hubs),Strategies (total),50%,T11-R,fig_3f,T11-R^0,17,1.0547
2021-11-29,US,57,Omicron BA.2,Imported,1,2021-11-08,21,Traveler weight (travel hubs),Strategies (total),70%,T3-R,fig_3f,T3-R^0,17,1.0872
2021-11-29,US,57,Omicron BA.2,Imported,1,2021-11-08,21,Traveler weight (travel hubs),Strategies (total),70%,T7-R,fig_3f,T7-R^0,17,1.0872
2021-11-29,US,57,Omicron BA.2,Imported,1,2021-11-08,21,Traveler weight (travel hubs),Strategies (total),70%,T11-R,fig_3f,T11-R^0,17,1.0367
2021-11-29,US,57,Omicron BA.2,Imported,1,2021-11-08,21,Traveler weight (travel hubs),Strategies (total),90%,T3-R,fig_3f,T3-R^0,17,1.083
2021-11-29,US,57,Omicron BA.2,Imported,1,2021-11-08,21,Traveler weight (travel hubs),Strategies (total),90%,T7-R,fig_3f,T7-R^0,17,1.083
2021-11-29,US,57,Omicron BA.2,Imported,1,2021-11-08,21,Traveler weight (travel hubs),Strategies (total),90%,T11-R,fig_3f,T11-R^0,17,1.0329
2021-11-29,US,57,Omicron BA.2,Imported,1,2021-11-08,21,Traveler weight (travel hubs),Strategies (total),100%,T3-R,fig_3f,T3-R^0,17,1.081
2021-11-29,US,57,Omicron BA.2,Imported,1,2021-11-08,21,Traveler weight (travel hubs),Strategies (total),100%,T7-R,fig_3f,T7-R^0,17,1.081
2021-11-29,US,57,Omicron BA.2,Imported,1,2021-11-08,21,Traveler weight (travel hubs),Strategies (total),100%,T11-R,fig_3f,T11-R^0,17,1.0298
2021-11-29,US,57,Omicron BA.2,Imported,1,2021-11-08,21,Traveler weight (travel hubs),Strategies (total),100%,T11-M,fig_3f,T11-R^90,17,1
2021-11-26,ZA,58,Omicron BA.2,Community,1.1960137526438481,2021-11-08,18,Traveler weight (travel hubs),Strategies (total),50%,T11-R,fig_3f,T11-R^0,17,1.0547
2021-11-26,ZA,58,Omicron BA.2,Community,1.1960137526438481,2021-11-08,18,Traveler weight (travel hubs),Strategies (total),70%,T3-R,fig_3f,T3-R^0,17,1.0872
2021-11-26,ZA,58,Omicron BA.2,Community,1.1960137526438481,2021-11-08,18,Traveler weight (travel hubs),Strategies (total),70%,T7-R,fig_3f,T7-R^0,17,1.0872
2021-11-26,ZA,58,Omicron BA.2,Community,1.1960137526438481,2021-11-08,18,Traveler weight (travel hubs),Strategies (total),70%,T11-R,fig_3f,T11-R^0,17,1.0367
2021-11-26,ZA,58,Omicron BA.2,Community,1.1960137526438481,2021-11-08,18,Traveler weight (travel hubs),Strategies (total),90%,T3-R,fig_3f,T3-R^0,17,1.083
2021-11-26,ZA,58,Omicron BA.2,Community,1.1960137526438481,2021-11-08,18,Traveler weight (travel hubs),Strategies (total),90%,T7-R,fig_3f,T7-R^0,17,1.083
2021-11-26,ZA,58,Omicron BA.2,Community,1.1960137526438481,2021-11-08,18,Traveler weight (travel hubs),Strategies (total),90%,T11-R,fig_3f,T11-R^0,17,1.0329
2021-11-26,ZA,58,Omicron BA.2,Community,1.1960137526438481,2021-11-08,18,Traveler weight (travel hubs),Strategies (total),100%,T3-R,fig_3f,T3-R^0,17,1.081
2021-11-26,ZA,58,Omicron BA.2,Community,1.1960137526438481,2021-11-08,18,Traveler weight (travel hubs),Strategies (total),100%,T7-R,fig_3f,T7-R^0,17,1.081
2021-11-26,ZA,58,Omicron BA.2,Community,1.1960137526438481,2021-11-08,18,Traveler weight (travel hubs),Strategies (total),100%,T11-R,fig_3f,T11-R^0,17,1.0298
2021-11-27,US,58,Omicron BA.2,Imported,1,2021-11-08,19,Traveler weight (travel hubs),Strategies (total),100%,T11-M,fig_3f,T11-R^90,17,1
2021-11-23,ZA,59,Omicron BA.2,Community,1.0476610695605075,2021-11-08,15,Traveler weight (travel hubs),Strategies (total),50%,T11-R,fig_3f,T11-R^0,17,1.0547
2021-11-23,ZA,59,Omicron BA.2,Community,1.0476610695605075,2021-11-08,15,Traveler weight (travel hubs),Strategies (total),70%,T3-R,fig_3f,T3-R^0,17,1.0872
2021-11-23,ZA,59,Omicron BA.2,Community,1.0476610695605075,2021-11-08,15,Traveler weight (travel hubs),Strategies (total),70%,T7-R,fig_3f,T7-R^0,17,1.0872
2021-11-23,ZA,59,Omicron BA.2,Community,1.0476610695605075,2021-11-08,15,Traveler weight (travel hubs),Strategies (total),70%,T11-R,fig_3f,T11-R^0,17,1.0367
2021-11-23,ZA,59,Omicron BA.2,Community,1.0476610695605075,2021-11-08,15,Traveler weight (travel hubs),Strategies (total),90%,T3-R,fig_3f,T3-R^0,17,1.083
2021-11-23,ZA,59,Omicron BA.2,Community,1.0476610695605075,2021-11-08,15,Traveler weight (travel hubs),Strategies (total),90%,T7-R,fig_3f,T7-R^0,17,1.083
2021-11-23,ZA,59,Omicron BA.2,Community,1.0476610695605075,2021-11-08,15,Traveler weight (travel hubs),Strategies (total),90%,T11-R,fig_3f,T11-R^0,17,1.0329
2021-11-23,ZA,59,Omicron BA.2,Community,1.0476610695605075,2021-11-08,15,Traveler weight (travel hubs),Strategies (total),100%,T3-R,fig_3f,T3-R^0,17,1.081
2021-11-23,ZA,59,Omicron BA.2,Community,1.0476610695605075,2021-11-08,15,Traveler weight (travel hubs),Strategies (total),100%,T7-R,fig_3f,T7-R^0,17,1.081
2021-11-23,ZA,59,Omicron BA.2,Community,1.0476610695605075,2021-11-08,15,Traveler weight (travel hubs),Strategies (total),100%,T11-R,fig_3f,T11-R^0,17,1.0298
2021-12-04,GB,59,Omicron BA.2,Imported,1.0764698259778618,2021-11-08,26,Traveler weight (travel hubs),Strategies (total),100%,T11-M,fig_3f,T11-R^90,17,1
2021-11-22,US,6,Omicron BA.2,Imported,1,2021-11-08,14,Traveler weight (travel hubs),Strategies (total),50%,T11-R,fig_3f,T11-R^0,17,1.0547
2021-11-22,US,6,Omicron BA.2,Imported,1,2021-11-08,14,Traveler weight (travel hubs),Strategies (total),70%,T3-R,fig_3f,T3-R^0,17,1.0872
2021-11-22,US,6,Omicron BA.2,Imported,1,2021-11-08,14,Traveler weight (travel hubs),Strategies (total),70%,T7-R,fig_3f,T7-R^0,17,1.0872
2021-11-22,US,6,Omicron BA.2,Imported,1,2021-11-08,14,Traveler weight (travel hubs),Strategies (total),70%,T11-R,fig_3f,T11-R^0,17,1.0367
2021-11-22,US,6,Omicron BA.2,Imported,1,2021-11-08,14,Traveler weight (travel hubs),Strategies (total),90%,T3-R,fig_3f,T3-R^0,17,1.083
2021-11-22,US,6,Omicron BA.2,Imported,1,2021-11-08,14,Traveler weight (travel hubs),Strategies (total),90%,T7-R,fig_3f,T7-R^0,17,1.083
2021-11-22,US,6,Omicron BA.2,Imported,1,2021-11-08,14,Traveler weight (travel hubs),Strategies (total),90%,T11-R,fig_3f,T11-R^0,17,1.0329
2021-11-22,US,6,Omicron BA.2,Imported,1,2021-11-08,14,Traveler weight (travel hubs),Strategies (total),100%,T3-R,fig_3f,T3-R^0,17,1.081
2021-11-22,US,6,Omicron BA.2,Imported,1,2021-11-08,14,Traveler weight (travel hubs),Strategies (total),100%,T7-R,fig_3f,T7-R^0,17,1.081
2021-11-22,US,6,Omicron BA.2,Imported,1,2021-11-08,14,Traveler weight (travel hubs),Strategies (total),100%,T11-R,fig_3f,T11-R^0,17,1.0298
2021-11-22,US,6,Omicron BA.2,Imported,1,2021-11-08,14,Traveler weight (travel hubs),Strategies (total),100%,T11-M,fig_3f,T11-R^90,17,1
2021-11-28,ZA,60,Omicron BA.2,Community,1.1410304800692697,2021-11-08,20,Traveler weight (travel hubs),Strategies (total),50%,T11-R,fig_3f,T11-R^0,17,1.0547
2021-11-28,ZA,60,Omicron BA.2,Community,1.1410304800692697,2021-11-08,20,Traveler weight (travel hubs),Strategies (total),70%,T3-R,fig_3f,T3-R^0,17,1.0872
2021-11-28,ZA,60,Omicron BA.2,Community,1.1410304800692697,2021-11-08,20,Traveler weight (travel hubs),Strategies (total),70%,T7-R,fig_3f,T7-R^0,17,1.0872
2021-11-28,ZA,60,Omicron BA.2,Community,1.1410304800692697,2021-11-08,20,Traveler weight (travel hubs),Strategies (total),70%,T11-R,fig_3f,T11-R^0,17,1.0367
2021-11-28,ZA,60,Omicron BA.2,Community,1.1410304800692697,2021-11-08,20,Traveler weight (travel hubs),Strategies (total),90%,T3-R,fig_3f,T3-R^0,17,1.083
2021-11-28,ZA,60,Omicron BA.2,Community,1.1410304800692697,2021-11-08,20,Traveler weight (travel hubs),Strategies (total),90%,T7-R,fig_3f,T7-R^0,17,1.083
2021-11-26,IN,60,Omicron BA.2,Imported,1,2021-11-08,18,Traveler weight (travel hubs),Strategies (total),90%,T11-R,fig_3f,T11-R^0,17,1.0329
2021-11-28,ZA,60,Omicron BA.2,Community,1.1410304800692697,2021-11-08,20,Traveler weight (travel hubs),Strategies (total),100%,T3-R,fig_3f,T3-R^0,17,1.081
2021-11-28,ZA,60,Omicron BA.2,Community,1.1410304800692697,2021-11-08,20,Traveler weight (travel hubs),Strategies (total),100%,T7-R,fig_3f,T7-R^0,17,1.081
2021-11-26,IN,60,Omicron BA.2,Imported,1,2021-11-08,18,Traveler weight (travel hubs),Strategies (total),100%,T11-R,fig_3f,T11-R^0,17,1.0298
2021-11-26,IN,60,Omicron BA.2,Imported,1,2021-11-08,18,Traveler weight (travel hubs),Strategies (total),100%,T11-M,fig_3f,T11-R^90,17,1
2021-11-26,ZA,61,Omicron BA.2,Community,1.131257542854031,2021-11-08,18,Traveler weight (travel hubs),Strategies (total),50%,T11-R,fig_3f,T11-R^0,17,1.0547
2021-11-25,US,61,Omicron BA.2,Imported,1,2021-11-08,17,Traveler weight (travel hubs),Strategies (total),70%,T3-R,fig_3f,T3-R^0,17,1.0872
2021-11-25,US,61,Omicron BA.2,Imported,1,2021-11-08,17,Traveler weight (travel hubs),Strategies (total),70%,T7-R,fig_3f,T7-R^0,17,1.0872
2021-11-25,US,61,Omicron BA.2,Imported,1,2021-11-08,17,Traveler weight (travel hubs),Strategies (total),70%,T11-R,fig_3f,T11-R^0,17,1.0367
2021-11-25,US,61,Omicron BA.2,Imported,1,2021-11-08,17,Traveler weight (travel hubs),Strategies (total),90%,T3-R,fig_3f,T3-R^0,17,1.083
2021-11-25,US,61,Omicron BA.2,Imported,1,2021-11-08,17,Traveler weight (travel hubs),Strategies (total),90%,T7-R,fig_3f,T7-R^0,17,1.083
2021-11-25,US,61,Omicron BA.2,Imported,1,2021-11-08,17,Traveler weight (travel hubs),Strategies (total),90%,T11-R,fig_3f,T11-R^0,17,1.0329
2021-11-25,US,61,Omicron BA.2,Imported,1,2021-11-08,17,Traveler weight (travel hubs),Strategies (total),100%,T3-R,fig_3f,T3-R^0,17,1.081
2021-11-25,US,61,Omicron BA.2,Imported,1,2021-11-08,17,Traveler weight (travel hubs),Strategies (total),100%,T7-R,fig_3f,T7-R^0,17,1.081
2021-11-25,US,61,Omicron BA.2,Imported,1,2021-11-08,17,Traveler weight (travel hubs),Strategies (total),100%,T11-R,fig_3f,T11-R^0,17,1.0298
2021-11-25,US,61,Omicron BA.2,Imported,1,2021-11-08,17,Traveler weight (travel hubs),Strategies (total),100%,T11-M,fig_3f,T11-R^90,17,1
2021-11-26,ZA,62,Omicron BA.2,Community,1.4551906016852516,2021-11-08,18,Traveler weight (travel hubs),Strategies (total),50%,T11-R,fig_3f,T11-R^0,17,1.0547
2021-11-26,ZA,62,Omicron BA.2,Community,1.4551906016852516,2021-11-08,18,Traveler weight (travel hubs),Strategies (total),70%,T3-R,fig_3f,T3-R^0,17,1.0872
2021-11-26,ZA,62,Omicron BA.2,Community,1.4551906016852516,2021-11-08,18,Traveler weight (travel hubs),Strategies (total),70%,T7-R,fig_3f,T7-R^0,17,1.0872
2021-11-26,ZA,62,Omicron BA.2,Community,1.4551906016852516,2021-11-08,18,Traveler weight (travel hubs),Strategies (total),70%,T11-R,fig_3f,T11-R^0,17,1.0367
2021-11-26,ZA,62,Omicron BA.2,Community,1.4551906016852516,2021-11-08,18,Traveler weight (travel hubs),Strategies (total),90%,T3-R,fig_3f,T3-R^0,17,1.083
2021-11-26,ZA,62,Omicron BA.2,Community,1.4551906016852516,2021-11-08,18,Traveler weight (travel hubs),Strategies (total),90%,T7-R,fig_3f,T7-R^0,17,1.083
2021-11-26,ZA,62,Omicron BA.2,Community,1.4551906016852516,2021-11-08,18,Traveler weight (travel hubs),Strategies (total),90%,T11-R,fig_3f,T11-R^0,17,1.0329
2021-11-26,ZA,62,Omicron BA.2,Community,1.4551906016852516,2021-11-08,18,Traveler weight (travel hubs),Strategies (total),100%,T3-R,fig_3f,T3-R^0,17,1.081
2021-11-26,ZA,62,Omicron BA.2,Community,1.4551906016852516,2021-11-08,18,Traveler weight (travel hubs),Strategies (total),100%,T7-R,fig_3f,T7-R^0,17,1.081
2021-11-26,ZA,62,Omicron BA.2,Community,1.4551906016852516,2021-11-08,18,Traveler weight (travel hubs),Strategies (total),100%,T11-R,fig_3f,T11-R^0,17,1.0298
2021-11-23,TR,62,Omicron BA.2,Imported,1.6386573324635594,2021-11-08,15,Traveler weight (travel hubs),Strategies (total),100%,T11-M,fig_3f,T11-R^90,17,1
2021-11-26,ZA,63,Omicron BA.2,Community,1.0295629317052342,2021-11-08,18,Traveler weight (travel hubs),Strategies (total),50%,T11-R,fig_3f,T11-R^0,17,1.0547
2021-11-26,ZA,63,Omicron BA.2,Community,1.0295629317052342,2021-11-08,18,Traveler weight (travel hubs),Strategies (total),70%,T3-R,fig_3f,T3-R^0,17,1.0872
2021-11-26,ZA,63,Omicron BA.2,Community,1.0295629317052342,2021-11-08,18,Traveler weight (travel hubs),Strategies (total),70%,T7-R,fig_3f,T7-R^0,17,1.0872
2021-11-26,ZA,63,Omicron BA.2,Community,1.0295629317052342,2021-11-08,18,Traveler weight (travel hubs),Strategies (total),70%,T11-R,fig_3f,T11-R^0,17,1.0367
2021-11-26,ZA,63,Omicron BA.2,Community,1.0295629317052342,2021-11-08,18,Traveler weight (travel hubs),Strategies (total),90%,T3-R,fig_3f,T3-R^0,17,1.083
2021-11-26,ZA,63,Omicron BA.2,Community,1.0295629317052342,2021-11-08,18,Traveler weight (travel hubs),Strategies (total),90%,T7-R,fig_3f,T7-R^0,17,1.083
2021-11-26,ZA,63,Omicron BA.2,Community,1.0295629317052342,2021-11-08,18,Traveler weight (travel hubs),Strategies (total),90%,T11-R,fig_3f,T11-R^0,17,1.0329
2021-11-26,ZA,63,Omicron BA.2,Community,1.0295629317052342,2021-11-08,18,Traveler weight (travel hubs),Strategies (total),100%,T3-R,fig_3f,T3-R^0,17,1.081
2021-11-26,ZA,63,Omicron BA.2,Community,1.0295629317052342,2021-11-08,18,Traveler weight (travel hubs),Strategies (total),100%,T7-R,fig_3f,T7-R^0,17,1.081
2021-11-26,ZA,63,Omicron BA.2,Community,1.0295629317052342,2021-11-08,18,Traveler weight (travel hubs),Strategies (total),100%,T11-R,fig_3f,T11-R^0,17,1.0298
2021-11-26,IN,63,Omicron BA.2,Imported,1,2021-11-08,18,Traveler weight (travel hubs),Strategies (total),100%,T11-M,fig_3f,T11-R^90,17,1
2021-11-22,US,64,Omicron BA.2,Imported,1,2021-11-08,14,Traveler weight (travel hubs),Strategies (total),50%,T11-R,fig_3f,T11-R^0,17,1.0547
2021-11-22,US,64,Omicron BA.2,Imported,1,2021-11-08,14,Traveler weight (travel hubs),Strategies (total),70%,T3-R,fig_3f,T3-R^0,17,1.0872
2021-11-22,US,64,Omicron BA.2,Imported,1,2021-11-08,14,Traveler weight (travel hubs),Strategies (total),70%,T7-R,fig_3f,T7-R^0,17,1.0872
2021-11-22,US,64,Omicron BA.2,Imported,1,2021-11-08,14,Traveler weight (travel hubs),Strategies (total),70%,T11-R,fig_3f,T11-R^0,17,1.0367
2021-11-22,US,64,Omicron BA.2,Imported,1,2021-11-08,14,Traveler weight (travel hubs),Strategies (total),90%,T3-R,fig_3f,T3-R^0,17,1.083
2021-11-22,US,64,Omicron BA.2,Imported,1,2021-11-08,14,Traveler weight (travel hubs),Strategies (total),90%,T7-R,fig_3f,T7-R^0,17,1.083
2021-11-22,US,64,Omicron BA.2,Imported,1,2021-11-08,14,Traveler weight (travel hubs),Strategies (total),90%,T11-R,fig_3f,T11-R^0,17,1.0329
2021-11-22,US,64,Omicron BA.2,Imported,1,2021-11-08,14,Traveler weight (travel hubs),Strategies (total),100%,T3-R,fig_3f,T3-R^0,17,1.081
2021-11-22,US,64,Omicron BA.2,Imported,1,2021-11-08,14,Traveler weight (travel hubs),Strategies (total),100%,T7-R,fig_3f,T7-R^0,17,1.081
2021-11-22,US,64,Omicron BA.2,Imported,1,2021-11-08,14,Traveler weight (travel hubs),Strategies (total),100%,T11-R,fig_3f,T11-R^0,17,1.0298
2021-11-22,US,64,Omicron BA.2,Imported,1,2021-11-08,14,Traveler weight (travel hubs),Strategies (total),100%,T11-M,fig_3f,T11-R^90,17,1
2021-11-22,ZA,65,Omicron BA.2,Community,1.011043153777488,2021-11-08,14,Traveler weight (travel hubs),Strategies (total),50%,T11-R,fig_3f,T11-R^0,17,1.0547
2021-11-22,ZA,65,Omicron BA.2,Community,1.011043153777488,2021-11-08,14,Traveler weight (travel hubs),Strategies (total),70%,T3-R,fig_3f,T3-R^0,17,1.0872
2021-11-22,ZA,65,Omicron BA.2,Community,1.011043153777488,2021-11-08,14,Traveler weight (travel hubs),Strategies (total),70%,T7-R,fig_3f,T7-R^0,17,1.0872
2021-11-22,ZA,65,Omicron BA.2,Community,1.011043153777488,2021-11-08,14,Traveler weight (travel hubs),Strategies (total),70%,T11-R,fig_3f,T11-R^0,17,1.0367
2021-11-22,ZA,65,Omicron BA.2,Community,1.011043153777488,2021-11-08,14,Traveler weight (travel hubs),Strategies (total),90%,T3-R,fig_3f,T3-R^0,17,1.083
2021-11-22,ZA,65,Omicron BA.2,Community,1.011043153777488,2021-11-08,14,Traveler weight (travel hubs),Strategies (total),90%,T7-R,fig_3f,T7-R^0,17,1.083
2021-11-22,ZA,65,Omicron BA.2,Community,1.011043153777488,2021-11-08,14,Traveler weight (travel hubs),Strategies (total),90%,T11-R,fig_3f,T11-R^0,17,1.0329
2021-11-22,ZA,65,Omicron BA.2,Community,1.011043153777488,2021-11-08,14,Traveler weight (travel hubs),Strategies (total),100%,T3-R,fig_3f,T3-R^0,17,1.081
2021-11-22,ZA,65,Omicron BA.2,Community,1.011043153777488,2021-11-08,14,Traveler weight (travel hubs),Strategies (total),100%,T7-R,fig_3f,T7-R^0,17,1.081
2021-11-22,ZA,65,Omicron BA.2,Community,1.011043153777488,2021-11-08,14,Traveler weight (travel hubs),Strategies (total),100%,T11-R,fig_3f,T11-R^0,17,1.0298
2021-11-28,GB,65,Omicron BA.2,Imported,1.0003486021866845,2021-11-08,20,Traveler weight (travel hubs),Strategies (total),100%,T11-M,fig_3f,T11-R^90,17,1
2021-11-21,ZA,66,Omicron BA.2,Community,1.0829462506772336,2021-11-08,13,Traveler weight (travel hubs),Strategies (total),50%,T11-R,fig_3f,T11-R^0,17,1.0547
2021-11-21,ZA,66,Omicron BA.2,Community,1.0829462506772336,2021-11-08,13,Traveler weight (travel hubs),Strategies (total),70%,T3-R,fig_3f,T3-R^0,17,1.0872
2021-11-21,ZA,66,Omicron BA.2,Community,1.0829462506772336,2021-11-08,13,Traveler weight (travel hubs),Strategies (total),70%,T7-R,fig_3f,T7-R^0,17,1.0872
2021-11-21,ZA,66,Omicron BA.2,Community,1.0829462506772336,2021-11-08,13,Traveler weight (travel hubs),Strategies (total),70%,T11-R,fig_3f,T11-R^0,17,1.0367
2021-11-21,ZA,66,Omicron BA.2,Community,1.0829462506772336,2021-11-08,13,Traveler weight (travel hubs),Strategies (total),90%,T3-R,fig_3f,T3-R^0,17,1.083
2021-11-21,ZA,66,Omicron BA.2,Community,1.0829462506772336,2021-11-08,13,Traveler weight (travel hubs),Strategies (total),90%,T7-R,fig_3f,T7-R^0,17,1.083
2021-11-21,ZA,66,Omicron BA.2,Community,1.0829462506772336,2021-11-08,13,Traveler weight (travel hubs),Strategies (total),90%,T11-R,fig_3f,T11-R^0,17,1.0329
2021-11-21,ZA,66,Omicron BA.2,Community,1.0829462506772336,2021-11-08,13,Traveler weight (travel hubs),Strategies (total),100%,T3-R,fig_3f,T3-R^0,17,1.081
2021-11-21,ZA,66,Omicron BA.2,Community,1.0829462506772336,2021-11-08,13,Traveler weight (travel hubs),Strategies (total),100%,T7-R,fig_3f,T7-R^0,17,1.081
2021-11-21,ZA,66,Omicron BA.2,Community,1.0829462506772336,2021-11-08,13,Traveler weight (travel hubs),Strategies (total),100%,T11-R,fig_3f,T11-R^0,17,1.0298
2021-11-16,TR,66,Omicron BA.2,Imported,1,2021-11-08,8,Traveler weight (travel hubs),Strategies (total),100%,T11-M,fig_3f,T11-R^90,17,1
2021-11-29,ZA,67,Omicron BA.2,Community,1.2190275674171092,2021-11-08,21,Traveler weight (travel hubs),Strategies (total),50%,T11-R,fig_3f,T11-R^0,17,1.0547
2021-11-29,ZA,67,Omicron BA.2,Community,1.2190275674171092,2021-11-08,21,Traveler weight (travel hubs),Strategies (total),70%,T3-R,fig_3f,T3-R^0,17,1.0872
2021-11-29,ZA,67,Omicron BA.2,Community,1.2190275674171092,2021-11-08,21,Traveler weight (travel hubs),Strategies (total),70%,T7-R,fig_3f,T7-R^0,17,1.0872
2021-11-23,IN,67,Omicron BA.2,Imported,1,2021-11-08,15,Traveler weight (travel hubs),Strategies (total),70%,T11-R,fig_3f,T11-R^0,17,1.0367
2021-11-29,ZA,67,Omicron BA.2,Community,1.2190275674171092,2021-11-08,21,Traveler weight (travel hubs),Strategies (total),90%,T3-R,fig_3f,T3-R^0,17,1.083
2021-11-29,ZA,67,Omicron BA.2,Community,1.2190275674171092,2021-11-08,21,Traveler weight (travel hubs),Strategies (total),90%,T7-R,fig_3f,T7-R^0,17,1.083
2021-11-23,IN,67,Omicron BA.2,Imported,1,2021-11-08,15,Traveler weight (travel hubs),Strategies (total),90%,T11-R,fig_3f,T11-R^0,17,1.0329
2021-11-29,ZA,67,Omicron BA.2,Community,1.2190275674171092,2021-11-08,21,Traveler weight (travel hubs),Strategies (total),100%,T3-R,fig_3f,T3-R^0,17,1.081
2021-11-29,ZA,67,Omicron BA.2,Community,1.2190275674171092,2021-11-08,21,Traveler weight (travel hubs),Strategies (total),100%,T7-R,fig_3f,T7-R^0,17,1.081
2021-11-23,IN,67,Omicron BA.2,Imported,1,2021-11-08,15,Traveler weight (travel hubs),Strategies (total),100%,T11-R,fig_3f,T11-R^0,17,1.0298
2021-11-23,IN,67,Omicron BA.2,Imported,1,2021-11-08,15,Traveler weight (travel hubs),Strategies (total),100%,T11-M,fig_3f,T11-R^90,17,1
2021-11-20,IN,68,Omicron BA.2,Imported,1,2021-11-08,12,Traveler weight (travel hubs),Strategies (total),50%,T11-R,fig_3f,T11-R^0,17,1.0547
2021-11-23,ZA,68,Omicron BA.2,Community,1.0933415316735213,2021-11-08,15,Traveler weight (travel hubs),Strategies (total),70%,T3-R,fig_3f,T3-R^0,17,1.0872
2021-11-23,ZA,68,Omicron BA.2,Community,1.0933415316735213,2021-11-08,15,Traveler weight (travel hubs),Strategies (total),70%,T7-R,fig_3f,T7-R^0,17,1.0872
2021-11-20,IN,68,Omicron BA.2,Imported,1,2021-11-08,12,Traveler weight (travel hubs),Strategies (total),70%,T11-R,fig_3f,T11-R^0,17,1.0367
2021-11-23,ZA,68,Omicron BA.2,Community,1.0933415316735213,2021-11-08,15,Traveler weight (travel hubs),Strategies (total),90%,T3-R,fig_3f,T3-R^0,17,1.083
2021-11-23,ZA,68,Omicron BA.2,Community,1.0933415316735213,2021-11-08,15,Traveler weight (travel hubs),Strategies (total),90%,T7-R,fig_3f,T7-R^0,17,1.083
2021-11-20,IN,68,Omicron BA.2,Imported,1,2021-11-08,12,Traveler weight (travel hubs),Strategies (total),90%,T11-R,fig_3f,T11-R^0,17,1.0329
2021-11-23,ZA,68,Omicron BA.2,Community,1.0933415316735213,2021-11-08,15,Traveler weight (travel hubs),Strategies (total),100%,T3-R,fig_3f,T3-R^0,17,1.081
2021-11-23,ZA,68,Omicron BA.2,Community,1.0933415316735213,2021-11-08,15,Traveler weight (travel hubs),Strategies (total),100%,T7-R,fig_3f,T7-R^0,17,1.081
2021-11-20,IN,68,Omicron BA.2,Imported,1,2021-11-08,12,Traveler weight (travel hubs),Strategies (total),100%,T11-R,fig_3f,T11-R^0,17,1.0298
2021-11-20,IN,68,Omicron BA.2,Imported,1,2021-11-08,12,Traveler weight (travel hubs),Strategies (total),100%,T11-M,fig_3f,T11-R^90,17,1
2021-11-26,IN,69,Omicron BA.2,Imported,1,2021-11-08,18,Traveler weight (travel hubs),Strategies (total),50%,T11-R,fig_3f,T11-R^0,17,1.0547
2021-11-28,ZA,69,Omicron BA.2,Community,1.0404650818258763,2021-11-08,20,Traveler weight (travel hubs),Strategies (total),70%,T3-R,fig_3f,T3-R^0,17,1.0872
2021-11-28,ZA,69,Omicron BA.2,Community,1.0404650818258763,2021-11-08,20,Traveler weight (travel hubs),Strategies (total),70%,T7-R,fig_3f,T7-R^0,17,1.0872
2021-11-26,IN,69,Omicron BA.2,Imported,1,2021-11-08,18,Traveler weight (travel hubs),Strategies (total),70%,T11-R,fig_3f,T11-R^0,17,1.0367
2021-11-28,ZA,69,Omicron BA.2,Community,1.0404650818258763,2021-11-08,20,Traveler weight (travel hubs),Strategies (total),90%,T3-R,fig_3f,T3-R^0,17,1.083
2021-11-28,ZA,69,Omicron BA.2,Community,1.0404650818258763,2021-11-08,20,Traveler weight (travel hubs),Strategies (total),90%,T7-R,fig_3f,T7-R^0,17,1.083
2021-11-26,IN,69,Omicron BA.2,Imported,1,2021-11-08,18,Traveler weight (travel hubs),Strategies (total),90%,T11-R,fig_3f,T11-R^0,17,1.0329
2021-11-28,ZA,69,Omicron BA.2,Community,1.0404650818258763,2021-11-08,20,Traveler weight (travel hubs),Strategies (total),100%,T3-R,fig_3f,T3-R^0,17,1.081
2021-11-28,ZA,69,Omicron BA.2,Community,1.0404650818258763,2021-11-08,20,Traveler weight (travel hubs),Strategies (total),100%,T7-R,fig_3f,T7-R^0,17,1.081
2021-11-26,IN,69,Omicron BA.2,Imported,1,2021-11-08,18,Traveler weight (travel hubs),Strategies (total),100%,T11-R,fig_3f,T11-R^0,17,1.0298
2021-11-26,IN,69,Omicron BA.2,Imported,1,2021-11-08,18,Traveler weight (travel hubs),Strategies (total),100%,T11-M,fig_3f,T11-R^90,17,1
2021-11-28,US,7,Omicron BA.2,Imported,1,2021-11-08,20,Traveler weight (travel hubs),Strategies (total),50%,T11-R,fig_3f,T11-R^0,17,1.0547
2021-11-28,US,7,Omicron BA.2,Imported,1,2021-11-08,20,Traveler weight (travel hubs),Strategies (total),70%,T3-R,fig_3f,T3-R^0,17,1.0872
2021-11-28,US,7,Omicron BA.2,Imported,1,2021-11-08,20,Traveler weight (travel hubs),Strategies (total),70%,T7-R,fig_3f,T7-R^0,17,1.0872
2021-11-28,US,7,Omicron BA.2,Imported,1,2021-11-08,20,Traveler weight (travel hubs),Strategies (total),70%,T11-R,fig_3f,T11-R^0,17,1.0367
2021-11-28,US,7,Omicron BA.2,Imported,1,2021-11-08,20,Traveler weight (travel hubs),Strategies (total),90%,T3-R,fig_3f,T3-R^0,17,1.083
2021-11-28,US,7,Omicron BA.2,Imported,1,2021-11-08,20,Traveler weight (travel hubs),Strategies (total),90%,T7-R,fig_3f,T7-R^0,17,1.083
2021-11-28,US,7,Omicron BA.2,Imported,1,2021-11-08,20,Traveler weight (travel hubs),Strategies (total),90%,T11-R,fig_3f,T11-R^0,17,1.0329
2021-11-28,US,7,Omicron BA.2,Imported,1,2021-11-08,20,Traveler weight (travel hubs),Strategies (total),100%,T3-R,fig_3f,T3-R^0,17,1.081
2021-11-28,US,7,Omicron BA.2,Imported,1,2021-11-08,20,Traveler weight (travel hubs),Strategies (total),100%,T7-R,fig_3f,T7-R^0,17,1.081
2021-11-28,US,7,Omicron BA.2,Imported,1,2021-11-08,20,Traveler weight (travel hubs),Strategies (total),100%,T11-R,fig_3f,T11-R^0,17,1.0298
2021-11-28,US,7,Omicron BA.2,Imported,1,2021-11-08,20,Traveler weight (travel hubs),Strategies (total),100%,T11-M,fig_3f,T11-R^90,17,1
2021-11-29,ZA,70,Omicron BA.2,Community,1.103810457412068,2021-11-08,21,Traveler weight (travel hubs),Strategies (total),50%,T11-R,fig_3f,T11-R^0,17,1.0547
2021-11-29,ZA,70,Omicron BA.2,Community,1.103810457412068,2021-11-08,21,Traveler weight (travel hubs),Strategies (total),70%,T3-R,fig_3f,T3-R^0,17,1.0872
2021-11-29,ZA,70,Omicron BA.2,Community,1.103810457412068,2021-11-08,21,Traveler weight (travel hubs),Strategies (total),70%,T7-R,fig_3f,T7-R^0,17,1.0872
2021-11-29,ZA,70,Omicron BA.2,Community,1.103810457412068,2021-11-08,21,Traveler weight (travel hubs),Strategies (total),70%,T11-R,fig_3f,T11-R^0,17,1.0367
2021-11-29,ZA,70,Omicron BA.2,Community,1.103810457412068,2021-11-08,21,Traveler weight (travel hubs),Strategies (total),90%,T3-R,fig_3f,T3-R^0,17,1.083
2021-11-29,ZA,70,Omicron BA.2,Community,1.103810457412068,2021-11-08,21,Traveler weight (travel hubs),Strategies (total),90%,T7-R,fig_3f,T7-R^0,17,1.083
2021-11-29,ZA,70,Omicron BA.2,Community,1.103810457412068,2021-11-08,21,Traveler weight (travel hubs),Strategies (total),90%,T11-R,fig_3f,T11-R^0,17,1.0329
2021-11-29,ZA,70,Omicron BA.2,Community,1.103810457412068,2021-11-08,21,Traveler weight (travel hubs),Strategies (total),100%,T3-R,fig_3f,T3-R^0,17,1.081
2021-11-29,ZA,70,Omicron BA.2,Community,1.103810457412068,2021-11-08,21,Traveler weight (travel hubs),Strategies (total),100%,T7-R,fig_3f,T7-R^0,17,1.081
2021-11-29,ZA,70,Omicron BA.2,Community,1.103810457412068,2021-11-08,21,Traveler weight (travel hubs),Strategies (total),100%,T11-R,fig_3f,T11-R^0,17,1.0298
2021-12-04,ES,70,Omicron BA.2,Imported,1,2021-11-08,26,Traveler weight (travel hubs),Strategies (total),100%,T11-M,fig_3f,T11-R^90,17,1
2021-11-23,ZA,71,Omicron BA.2,Community,1.090232390273159,2021-11-08,15,Traveler weight (travel hubs),Strategies (total),50%,T11-R,fig_3f,T11-R^0,17,1.0547
2021-11-23,ZA,71,Omicron BA.2,Community,1.090232390273159,2021-11-08,15,Traveler weight (travel hubs),Strategies (total),70%,T3-R,fig_3f,T3-R^0,17,1.0872
2021-11-23,ZA,71,Omicron BA.2,Community,1.090232390273159,2021-11-08,15,Traveler weight (travel hubs),Strategies (total),70%,T7-R,fig_3f,T7-R^0,17,1.0872
2021-11-23,ZA,71,Omicron BA.2,Community,1.090232390273159,2021-11-08,15,Traveler weight (travel hubs),Strategies (total),70%,T11-R,fig_3f,T11-R^0,17,1.0367
2021-11-23,ZA,71,Omicron BA.2,Community,1.090232390273159,2021-11-08,15,Traveler weight (travel hubs),Strategies (total),90%,T3-R,fig_3f,T3-R^0,17,1.083
2021-11-23,ZA,71,Omicron BA.2,Community,1.090232390273159,2021-11-08,15,Traveler weight (travel hubs),Strategies (total),90%,T7-R,fig_3f,T7-R^0,17,1.083
2021-11-23,ZA,71,Omicron BA.2,Community,1.090232390273159,2021-11-08,15,Traveler weight (travel hubs),Strategies (total),90%,T11-R,fig_3f,T11-R^0,17,1.0329
2021-11-23,ZA,71,Omicron BA.2,Community,1.090232390273159,2021-11-08,15,Traveler weight (travel hubs),Strategies (total),100%,T3-R,fig_3f,T3-R^0,17,1.081
2021-11-23,ZA,71,Omicron BA.2,Community,1.090232390273159,2021-11-08,15,Traveler weight (travel hubs),Strategies (total),100%,T7-R,fig_3f,T7-R^0,17,1.081
2021-11-23,ZA,71,Omicron BA.2,Community,1.090232390273159,2021-11-08,15,Traveler weight (travel hubs),Strategies (total),100%,T11-R,fig_3f,T11-R^0,17,1.0298
2021-11-20,TR,71,Omicron BA.2,Imported,1.2176569119048068,2021-11-08,12,Traveler weight (travel hubs),Strategies (total),100%,T11-M,fig_3f,T11-R^90,17,1
2021-11-22,ZA,72,Omicron BA.2,Community,1.0415669304151318,2021-11-08,14,Traveler weight (travel hubs),Strategies (total),50%,T11-R,fig_3f,T11-R^0,17,1.0547
2021-11-22,ZA,72,Omicron BA.2,Community,1.0415669304151318,2021-11-08,14,Traveler weight (travel hubs),Strategies (total),70%,T3-R,fig_3f,T3-R^0,17,1.0872
2021-11-22,ZA,72,Omicron BA.2,Community,1.0415669304151318,2021-11-08,14,Traveler weight (travel hubs),Strategies (total),70%,T7-R,fig_3f,T7-R^0,17,1.0872
2021-11-22,ZA,72,Omicron BA.2,Community,1.0415669304151318,2021-11-08,14,Traveler weight (travel hubs),Strategies (total),70%,T11-R,fig_3f,T11-R^0,17,1.0367
2021-11-22,ZA,72,Omicron BA.2,Community,1.0415669304151318,2021-11-08,14,Traveler weight (travel hubs),Strategies (total),90%,T3-R,fig_3f,T3-R^0,17,1.083
2021-11-22,ZA,72,Omicron BA.2,Community,1.0415669304151318,2021-11-08,14,Traveler weight (travel hubs),Strategies (total),90%,T7-R,fig_3f,T7-R^0,17,1.083
2021-11-22,ZA,72,Omicron BA.2,Community,1.0415669304151318,2021-11-08,14,Traveler weight (travel hubs),Strategies (total),90%,T11-R,fig_3f,T11-R^0,17,1.0329
2021-11-22,ZA,72,Omicron BA.2,Community,1.0415669304151318,2021-11-08,14,Traveler weight (travel hubs),Strategies (total),100%,T3-R,fig_3f,T3-R^0,17,1.081
2021-11-22,ZA,72,Omicron BA.2,Community,1.0415669304151318,2021-11-08,14,Traveler weight (travel hubs),Strategies (total),100%,T7-R,fig_3f,T7-R^0,17,1.081
2021-11-22,ZA,72,Omicron BA.2,Community,1.0415669304151318,2021-11-08,14,Traveler weight (travel hubs),Strategies (total),100%,T11-R,fig_3f,T11-R^0,17,1.0298
2021-11-21,TR,72,Omicron BA.2,Imported,1,2021-11-08,13,Traveler weight (travel hubs),Strategies (total),100%,T11-M,fig_3f,T11-R^90,17,1
2021-11-22,ZA,73,Omicron BA.2,Community,1.4972595808898113,2021-11-08,14,Traveler weight (travel hubs),Strategies (total),50%,T11-R,fig_3f,T11-R^0,17,1.0547
2021-11-22,ZA,73,Omicron BA.2,Community,1.4972595808898113,2021-11-08,14,Traveler weight (travel hubs),Strategies (total),70%,T3-R,fig_3f,T3-R^0,17,1.0872
2021-11-22,ZA,73,Omicron BA.2,Community,1.4972595808898113,2021-11-08,14,Traveler weight (travel hubs),Strategies (total),70%,T7-R,fig_3f,T7-R^0,17,1.0872
2021-11-22,ZA,73,Omicron BA.2,Community,1.4972595808898113,2021-11-08,14,Traveler weight (travel hubs),Strategies (total),70%,T11-R,fig_3f,T11-R^0,17,1.0367
2021-11-22,ZA,73,Omicron BA.2,Community,1.4972595808898113,2021-11-08,14,Traveler weight (travel hubs),Strategies (total),90%,T3-R,fig_3f,T3-R^0,17,1.083
2021-11-22,ZA,73,Omicron BA.2,Community,1.4972595808898113,2021-11-08,14,Traveler weight (travel hubs),Strategies (total),90%,T7-R,fig_3f,T7-R^0,17,1.083
2021-11-22,ZA,73,Omicron BA.2,Community,1.4972595808898113,2021-11-08,14,Traveler weight (travel hubs),Strategies (total),90%,T11-R,fig_3f,T11-R^0,17,1.0329
2021-11-22,ZA,73,Omicron BA.2,Community,1.4972595808898113,2021-11-08,14,Traveler weight (travel hubs),Strategies (total),100%,T3-R,fig_3f,T3-R^0,17,1.081
2021-11-22,ZA,73,Omicron BA.2,Community,1.4972595808898113,2021-11-08,14,Traveler weight (travel hubs),Strategies (total),100%,T7-R,fig_3f,T7-R^0,17,1.081
2021-11-22,ZA,73,Omicron BA.2,Community,1.4972595808898113,2021-11-08,14,Traveler weight (travel hubs),Strategies (total),100%,T11-R,fig_3f,T11-R^0,17,1.0298
2021-11-23,US,73,Omicron BA.2,Imported,1,2021-11-08,15,Traveler weight (travel hubs),Strategies (total),100%,T11-M,fig_3f,T11-R^90,17,1
2021-11-22,ZA,74,Omicron BA.2,Community,1.3480575383699833,2021-11-08,14,Traveler weight (travel hubs),Strategies (total),50%,T11-R,fig_3f,T11-R^0,17,1.0547
2021-11-22,ZA,74,Omicron BA.2,Community,1.3480575383699833,2021-11-08,14,Traveler weight (travel hubs),Strategies (total),70%,T3-R,fig_3f,T3-R^0,17,1.0872
2021-11-22,ZA,74,Omicron BA.2,Community,1.3480575383699833,2021-11-08,14,Traveler weight (travel hubs),Strategies (total),70%,T7-R,fig_3f,T7-R^0,17,1.0872
2021-11-22,ZA,74,Omicron BA.2,Community,1.3480575383699833,2021-11-08,14,Traveler weight (travel hubs),Strategies (total),70%,T11-R,fig_3f,T11-R^0,17,1.0367
2021-11-22,ZA,74,Omicron BA.2,Community,1.3480575383699833,2021-11-08,14,Traveler weight (travel hubs),Strategies (total),90%,T3-R,fig_3f,T3-R^0,17,1.083
2021-11-22,ZA,74,Omicron BA.2,Community,1.3480575383699833,2021-11-08,14,Traveler weight (travel hubs),Strategies (total),90%,T7-R,fig_3f,T7-R^0,17,1.083
2021-11-22,ZA,74,Omicron BA.2,Community,1.3480575383699833,2021-11-08,14,Traveler weight (travel hubs),Strategies (total),90%,T11-R,fig_3f,T11-R^0,17,1.0329
2021-11-22,ZA,74,Omicron BA.2,Community,1.3480575383699833,2021-11-08,14,Traveler weight (travel hubs),Strategies (total),100%,T3-R,fig_3f,T3-R^0,17,1.081
2021-11-22,ZA,74,Omicron BA.2,Community,1.3480575383699833,2021-11-08,14,Traveler weight (travel hubs),Strategies (total),100%,T7-R,fig_3f,T7-R^0,17,1.081
2021-11-22,ZA,74,Omicron BA.2,Community,1.3480575383699833,2021-11-08,14,Traveler weight (travel hubs),Strategies (total),100%,T11-R,fig_3f,T11-R^0,17,1.0298
2021-11-28,US,74,Omicron BA.2,Imported,2,2021-11-08,20,Traveler weight (travel hubs),Strategies (total),100%,T11-M,fig_3f,T11-R^90,17,1
2021-12-07,ZA,75,Omicron BA.2,Community,1.0543138446133478,2021-11-08,29,Traveler weight (travel hubs),Strategies (total),50%,T11-R,fig_3f,T11-R^0,17,1.0547
2021-12-07,ZA,75,Omicron BA.2,Community,1.0543138446133478,2021-11-08,29,Traveler weight (travel hubs),Strategies (total),70%,T3-R,fig_3f,T3-R^0,17,1.0872
2021-12-07,ZA,75,Omicron BA.2,Community,1.0543138446133478,2021-11-08,29,Traveler weight (travel hubs),Strategies (total),70%,T7-R,fig_3f,T7-R^0,17,1.0872
2021-12-07,ZA,75,Omicron BA.2,Community,1.0543138446133478,2021-11-08,29,Traveler weight (travel hubs),Strategies (total),70%,T11-R,fig_3f,T11-R^0,17,1.0367
2021-12-07,ZA,75,Omicron BA.2,Community,1.0543138446133478,2021-11-08,29,Traveler weight (travel hubs),Strategies (total),90%,T3-R,fig_3f,T3-R^0,17,1.083
2021-12-07,ZA,75,Omicron BA.2,Community,1.0543138446133478,2021-11-08,29,Traveler weight (travel hubs),Strategies (total),90%,T7-R,fig_3f,T7-R^0,17,1.083
2021-12-07,ZA,75,Omicron BA.2,Community,1.0543138446133478,2021-11-08,29,Traveler weight (travel hubs),Strategies (total),90%,T11-R,fig_3f,T11-R^0,17,1.0329
2021-12-07,ZA,75,Omicron BA.2,Community,1.0543138446133478,2021-11-08,29,Traveler weight (travel hubs),Strategies (total),100%,T3-R,fig_3f,T3-R^0,17,1.081
2021-12-07,ZA,75,Omicron BA.2,Community,1.0543138446133478,2021-11-08,29,Traveler weight (travel hubs),Strategies (total),100%,T7-R,fig_3f,T7-R^0,17,1.081
2021-12-07,ZA,75,Omicron BA.2,Community,1.0543138446133478,2021-11-08,29,Traveler weight (travel hubs),Strategies (total),100%,T11-R,fig_3f,T11-R^0,17,1.0298
2021-11-21,TR,75,Omicron BA.2,Imported,1,2021-11-08,13,Traveler weight (travel hubs),Strategies (total),100%,T11-M,fig_3f,T11-R^90,17,1
2021-11-16,IN,76,Omicron BA.2,Imported,1,2021-11-08,8,Traveler weight (travel hubs),Strategies (total),50%,T11-R,fig_3f,T11-R^0,17,1.0547
2021-11-25,ZA,76,Omicron BA.2,Community,1.249316805705895,2021-11-08,17,Traveler weight (travel hubs),Strategies (total),70%,T3-R,fig_3f,T3-R^0,17,1.0872
2021-11-25,ZA,76,Omicron BA.2,Community,1.249316805705895,2021-11-08,17,Traveler weight (travel hubs),Strategies (total),70%,T7-R,fig_3f,T7-R^0,17,1.0872
2021-11-16,IN,76,Omicron BA.2,Imported,1,2021-11-08,8,Traveler weight (travel hubs),Strategies (total),70%,T11-R,fig_3f,T11-R^0,17,1.0367
2021-11-25,ZA,76,Omicron BA.2,Community,1.249316805705895,2021-11-08,17,Traveler weight (travel hubs),Strategies (total),90%,T3-R,fig_3f,T3-R^0,17,1.083
2021-11-25,ZA,76,Omicron BA.2,Community,1.249316805705895,2021-11-08,17,Traveler weight (travel hubs),Strategies (total),90%,T7-R,fig_3f,T7-R^0,17,1.083
2021-11-16,IN,76,Omicron BA.2,Imported,1,2021-11-08,8,Traveler weight (travel hubs),Strategies (total),90%,T11-R,fig_3f,T11-R^0,17,1.0329
2021-11-25,ZA,76,Omicron BA.2,Community,1.249316805705895,2021-11-08,17,Traveler weight (travel hubs),Strategies (total),100%,T3-R,fig_3f,T3-R^0,17,1.081
2021-11-25,ZA,76,Omicron BA.2,Community,1.249316805705895,2021-11-08,17,Traveler weight (travel hubs),Strategies (total),100%,T7-R,fig_3f,T7-R^0,17,1.081
2021-11-16,IN,76,Omicron BA.2,Imported,1,2021-11-08,8,Traveler weight (travel hubs),Strategies (total),100%,T11-R,fig_3f,T11-R^0,17,1.0298
2021-11-16,IN,76,Omicron BA.2,Imported,1,2021-11-08,8,Traveler weight (travel hubs),Strategies (total),100%,T11-M,fig_3f,T11-R^90,17,1
2021-11-27,ZA,77,Omicron BA.2,Community,1.05633045765974,2021-11-08,19,Traveler weight (travel hubs),Strategies (total),50%,T11-R,fig_3f,T11-R^0,17,1.0547
2021-11-27,ZA,77,Omicron BA.2,Community,1.05633045765974,2021-11-08,19,Traveler weight (travel hubs),Strategies (total),70%,T3-R,fig_3f,T3-R^0,17,1.0872
2021-11-27,ZA,77,Omicron BA.2,Community,1.05633045765974,2021-11-08,19,Traveler weight (travel hubs),Strategies (total),70%,T7-R,fig_3f,T7-R^0,17,1.0872
2021-11-27,ZA,77,Omicron BA.2,Community,1.05633045765974,2021-11-08,19,Traveler weight (travel hubs),Strategies (total),70%,T11-R,fig_3f,T11-R^0,17,1.0367
2021-11-27,ZA,77,Omicron BA.2,Community,1.05633045765974,2021-11-08,19,Traveler weight (travel hubs),Strategies (total),90%,T3-R,fig_3f,T3-R^0,17,1.083
2021-11-27,ZA,77,Omicron BA.2,Community,1.05633045765974,2021-11-08,19,Traveler weight (travel hubs),Strategies (total),90%,T7-R,fig_3f,T7-R^0,17,1.083
2021-11-27,ZA,77,Omicron BA.2,Community,1.05633045765974,2021-11-08,19,Traveler weight (travel hubs),Strategies (total),90%,T11-R,fig_3f,T11-R^0,17,1.0329
2021-11-27,ZA,77,Omicron BA.2,Community,1.05633045765974,2021-11-08,19,Traveler weight (travel hubs),Strategies (total),100%,T3-R,fig_3f,T3-R^0,17,1.081
2021-11-27,ZA,77,Omicron BA.2,Community,1.05633045765974,2021-11-08,19,Traveler weight (travel hubs),Strategies (total),100%,T7-R,fig_3f,T7-R^0,17,1.081
2021-11-27,ZA,77,Omicron BA.2,Community,1.05633045765974,2021-11-08,19,Traveler weight (travel hubs),Strategies (total),100%,T11-R,fig_3f,T11-R^0,17,1.0298
2021-11-25,TR,77,Omicron BA.2,Imported,1.413467266218349,2021-11-08,17,Traveler weight (travel hubs),Strategies (total),100%,T11-M,fig_3f,T11-R^90,17,1
2021-11-21,US,78,Omicron BA.2,Imported,1,2021-11-08,13,Traveler weight (travel hubs),Strategies (total),50%,T11-R,fig_3f,T11-R^0,17,1.0547
2021-11-21,US,78,Omicron BA.2,Imported,1,2021-11-08,13,Traveler weight (travel hubs),Strategies (total),70%,T3-R,fig_3f,T3-R^0,17,1.0872
2021-11-21,US,78,Omicron BA.2,Imported,1,2021-11-08,13,Traveler weight (travel hubs),Strategies (total),70%,T7-R,fig_3f,T7-R^0,17,1.0872
2021-11-21,US,78,Omicron BA.2,Imported,1,2021-11-08,13,Traveler weight (travel hubs),Strategies (total),70%,T11-R,fig_3f,T11-R^0,17,1.0367
2021-11-21,US,78,Omicron BA.2,Imported,1,2021-11-08,13,Traveler weight (travel hubs),Strategies (total),90%,T3-R,fig_3f,T3-R^0,17,1.083
2021-11-21,US,78,Omicron BA.2,Imported,1,2021-11-08,13,Traveler weight (travel hubs),Strategies (total),90%,T7-R,fig_3f,T7-R^0,17,1.083
2021-11-21,US,78,Omicron BA.2,Imported,1,2021-11-08,13,Traveler weight (travel hubs),Strategies (total),90%,T11-R,fig_3f,T11-R^0,17,1.0329
2021-11-21,US,78,Omicron BA.2,Imported,1,2021-11-08,13,Traveler weight (travel hubs),Strategies (total),100%,T3-R,fig_3f,T3-R^0,17,1.081
2021-11-21,US,78,Omicron BA.2,Imported,1,2021-11-08,13,Traveler weight (travel hubs),Strategies (total),100%,T7-R,fig_3f,T7-R^0,17,1.081
2021-11-21,US,78,Omicron BA.2,Imported,1,2021-11-08,13,Traveler weight (travel hubs),Strategies (total),100%,T11-R,fig_3f,T11-R^0,17,1.0298
2021-11-18,TR,78,Omicron BA.2,Imported,1,2021-11-08,10,Traveler weight (travel hubs),Strategies (total),100%,T11-M,fig_3f,T11-R^90,17,1
2021-11-26,US,79,Omicron BA.2,Imported,1,2021-11-08,18,Traveler weight (travel hubs),Strategies (total),50%,T11-R,fig_3f,T11-R^0,17,1.0547
2021-11-26,US,79,Omicron BA.2,Imported,1,2021-11-08,18,Traveler weight (travel hubs),Strategies (total),70%,T3-R,fig_3f,T3-R^0,17,1.0872
2021-11-26,US,79,Omicron BA.2,Imported,1,2021-11-08,18,Traveler weight (travel hubs),Strategies (total),70%,T7-R,fig_3f,T7-R^0,17,1.0872
2021-11-26,US,79,Omicron BA.2,Imported,1,2021-11-08,18,Traveler weight (travel hubs),Strategies (total),70%,T11-R,fig_3f,T11-R^0,17,1.0367
2021-11-26,US,79,Omicron BA.2,Imported,1,2021-11-08,18,Traveler weight (travel hubs),Strategies (total),90%,T3-R,fig_3f,T3-R^0,17,1.083
2021-11-26,US,79,Omicron BA.2,Imported,1,2021-11-08,18,Traveler weight (travel hubs),Strategies (total),90%,T7-R,fig_3f,T7-R^0,17,1.083
2021-11-26,US,79,Omicron BA.2,Imported,1,2021-11-08,18,Traveler weight (travel hubs),Strategies (total),90%,T11-R,fig_3f,T11-R^0,17,1.0329
2021-11-26,US,79,Omicron BA.2,Imported,1,2021-11-08,18,Traveler weight (travel hubs),Strategies (total),100%,T3-R,fig_3f,T3-R^0,17,1.081
2021-11-26,US,79,Omicron BA.2,Imported,1,2021-11-08,18,Traveler weight (travel hubs),Strategies (total),100%,T7-R,fig_3f,T7-R^0,17,1.081
2021-11-26,US,79,Omicron BA.2,Imported,1,2021-11-08,18,Traveler weight (travel hubs),Strategies (total),100%,T11-R,fig_3f,T11-R^0,17,1.0298
2021-11-26,US,79,Omicron BA.2,Imported,1,2021-11-08,18,Traveler weight (travel hubs),Strategies (total),100%,T11-M,fig_3f,T11-R^90,17,1
2021-11-22,IN,8,Omicron BA.2,Imported,1,2021-11-08,14,Traveler weight (travel hubs),Strategies (total),50%,T11-R,fig_3f,T11-R^0,17,1.0547
2021-11-29,US,8,Omicron BA.2,Imported,1,2021-11-08,21,Traveler weight (travel hubs),Strategies (total),70%,T3-R,fig_3f,T3-R^0,17,1.0872
2021-11-29,US,8,Omicron BA.2,Imported,1,2021-11-08,21,Traveler weight (travel hubs),Strategies (total),70%,T7-R,fig_3f,T7-R^0,17,1.0872
2021-11-22,IN,8,Omicron BA.2,Imported,1,2021-11-08,14,Traveler weight (travel hubs),Strategies (total),70%,T11-R,fig_3f,T11-R^0,17,1.0367
2021-11-29,US,8,Omicron BA.2,Imported,1,2021-11-08,21,Traveler weight (travel hubs),Strategies (total),90%,T3-R,fig_3f,T3-R^0,17,1.083
2021-11-29,US,8,Omicron BA.2,Imported,1,2021-11-08,21,Traveler weight (travel hubs),Strategies (total),90%,T7-R,fig_3f,T7-R^0,17,1.083
2021-11-22,IN,8,Omicron BA.2,Imported,1,2021-11-08,14,Traveler weight (travel hubs),Strategies (total),90%,T11-R,fig_3f,T11-R^0,17,1.0329
2021-11-29,US,8,Omicron BA.2,Imported,1,2021-11-08,21,Traveler weight (travel hubs),Strategies (total),100%,T3-R,fig_3f,T3-R^0,17,1.081
2021-11-29,US,8,Omicron BA.2,Imported,1,2021-11-08,21,Traveler weight (travel hubs),Strategies (total),100%,T7-R,fig_3f,T7-R^0,17,1.081
2021-11-22,IN,8,Omicron BA.2,Imported,1,2021-11-08,14,Traveler weight (travel hubs),Strategies (total),100%,T11-R,fig_3f,T11-R^0,17,1.0298
2021-11-22,IN,8,Omicron BA.2,Imported,1,2021-11-08,14,Traveler weight (travel hubs),Strategies (total),100%,T11-M,fig_3f,T11-R^90,17,1
2021-11-28,ZA,80,Omicron BA.2,Community,1.2569242224893624,2021-11-08,20,Traveler weight (travel hubs),Strategies (total),50%,T11-R,fig_3f,T11-R^0,17,1.0547
2021-11-27,US,80,Omicron BA.2,Imported,1,2021-11-08,19,Traveler weight (travel hubs),Strategies (total),70%,T3-R,fig_3f,T3-R^0,17,1.0872
2021-11-27,US,80,Omicron BA.2,Imported,1,2021-11-08,19,Traveler weight (travel hubs),Strategies (total),70%,T7-R,fig_3f,T7-R^0,17,1.0872
2021-11-27,US,80,Omicron BA.2,Imported,1,2021-11-08,19,Traveler weight (travel hubs),Strategies (total),70%,T11-R,fig_3f,T11-R^0,17,1.0367
2021-11-27,US,80,Omicron BA.2,Imported,1,2021-11-08,19,Traveler weight (travel hubs),Strategies (total),90%,T3-R,fig_3f,T3-R^0,17,1.083
2021-11-27,US,80,Omicron BA.2,Imported,1,2021-11-08,19,Traveler weight (travel hubs),Strategies (total),90%,T7-R,fig_3f,T7-R^0,17,1.083
2021-11-27,US,80,Omicron BA.2,Imported,1,2021-11-08,19,Traveler weight (travel hubs),Strategies (total),90%,T11-R,fig_3f,T11-R^0,17,1.0329
2021-11-27,US,80,Omicron BA.2,Imported,1,2021-11-08,19,Traveler weight (travel hubs),Strategies (total),100%,T3-R,fig_3f,T3-R^0,17,1.081
2021-11-27,US,80,Omicron BA.2,Imported,1,2021-11-08,19,Traveler weight (travel hubs),Strategies (total),100%,T7-R,fig_3f,T7-R^0,17,1.081
2021-11-27,US,80,Omicron BA.2,Imported,1,2021-11-08,19,Traveler weight (travel hubs),Strategies (total),100%,T11-R,fig_3f,T11-R^0,17,1.0298
2021-11-27,US,80,Omicron BA.2,Imported,1,2021-11-08,19,Traveler weight (travel hubs),Strategies (total),100%,T11-M,fig_3f,T11-R^90,17,1
2021-11-28,ZA,81,Omicron BA.2,Community,1.056366448214789,2021-11-08,20,Traveler weight (travel hubs),Strategies (total),50%,T11-R,fig_3f,T11-R^0,17,1.0547
2021-11-28,ZA,81,Omicron BA.2,Community,1.056366448214789,2021-11-08,20,Traveler weight (travel hubs),Strategies (total),70%,T3-R,fig_3f,T3-R^0,17,1.0872
2021-11-28,ZA,81,Omicron BA.2,Community,1.056366448214789,2021-11-08,20,Traveler weight (travel hubs),Strategies (total),70%,T7-R,fig_3f,T7-R^0,17,1.0872
2021-11-28,ZA,81,Omicron BA.2,Community,1.056366448214789,2021-11-08,20,Traveler weight (travel hubs),Strategies (total),70%,T11-R,fig_3f,T11-R^0,17,1.0367
2021-11-28,ZA,81,Omicron BA.2,Community,1.056366448214789,2021-11-08,20,Traveler weight (travel hubs),Strategies (total),90%,T3-R,fig_3f,T3-R^0,17,1.083
2021-11-28,ZA,81,Omicron BA.2,Community,1.056366448214789,2021-11-08,20,Traveler weight (travel hubs),Strategies (total),90%,T7-R,fig_3f,T7-R^0,17,1.083
2021-11-28,ZA,81,Omicron BA.2,Community,1.056366448214789,2021-11-08,20,Traveler weight (travel hubs),Strategies (total),90%,T11-R,fig_3f,T11-R^0,17,1.0329
2021-11-28,ZA,81,Omicron BA.2,Community,1.056366448214789,2021-11-08,20,Traveler weight (travel hubs),Strategies (total),100%,T3-R,fig_3f,T3-R^0,17,1.081
2021-11-28,ZA,81,Omicron BA.2,Community,1.056366448214789,2021-11-08,20,Traveler weight (travel hubs),Strategies (total),100%,T7-R,fig_3f,T7-R^0,17,1.081
2021-11-28,ZA,81,Omicron BA.2,Community,1.056366448214789,2021-11-08,20,Traveler weight (travel hubs),Strategies (total),100%,T11-R,fig_3f,T11-R^0,17,1.0298
2021-12-04,IN,81,Omicron BA.2,Imported,1,2021-11-08,26,Traveler weight (travel hubs),Strategies (total),100%,T11-M,fig_3f,T11-R^90,17,1
2021-11-26,US,82,Omicron BA.2,Imported,1,2021-11-08,18,Traveler weight (travel hubs),Strategies (total),50%,T11-R,fig_3f,T11-R^0,17,1.0547
2021-11-26,US,82,Omicron BA.2,Imported,1,2021-11-08,18,Traveler weight (travel hubs),Strategies (total),70%,T3-R,fig_3f,T3-R^0,17,1.0872
2021-11-26,US,82,Omicron BA.2,Imported,1,2021-11-08,18,Traveler weight (travel hubs),Strategies (total),70%,T7-R,fig_3f,T7-R^0,17,1.0872
2021-11-26,US,82,Omicron BA.2,Imported,1,2021-11-08,18,Traveler weight (travel hubs),Strategies (total),70%,T11-R,fig_3f,T11-R^0,17,1.0367
2021-11-26,US,82,Omicron BA.2,Imported,1,2021-11-08,18,Traveler weight (travel hubs),Strategies (total),90%,T3-R,fig_3f,T3-R^0,17,1.083
2021-11-26,US,82,Omicron BA.2,Imported,1,2021-11-08,18,Traveler weight (travel hubs),Strategies (total),90%,T7-R,fig_3f,T7-R^0,17,1.083
2021-11-26,US,82,Omicron BA.2,Imported,1,2021-11-08,18,Traveler weight (travel hubs),Strategies (total),90%,T11-R,fig_3f,T11-R^0,17,1.0329
2021-11-26,US,82,Omicron BA.2,Imported,1,2021-11-08,18,Traveler weight (travel hubs),Strategies (total),100%,T3-R,fig_3f,T3-R^0,17,1.081
2021-11-26,US,82,Omicron BA.2,Imported,1,2021-11-08,18,Traveler weight (travel hubs),Strategies (total),100%,T7-R,fig_3f,T7-R^0,17,1.081
2021-11-26,US,82,Omicron BA.2,Imported,1,2021-11-08,18,Traveler weight (travel hubs),Strategies (total),100%,T11-R,fig_3f,T11-R^0,17,1.0298
2021-11-26,US,82,Omicron BA.2,Imported,1,2021-11-08,18,Traveler weight (travel hubs),Strategies (total),100%,T11-M,fig_3f,T11-R^90,17,1
2021-11-22,ZA,83,Omicron BA.2,Community,1.7483973700166964,2021-11-08,14,Traveler weight (travel hubs),Strategies (total),50%,T11-R,fig_3f,T11-R^0,17,1.0547
2021-11-22,ZA,83,Omicron BA.2,Community,1.7483973700166964,2021-11-08,14,Traveler weight (travel hubs),Strategies (total),70%,T3-R,fig_3f,T3-R^0,17,1.0872
2021-11-22,ZA,83,Omicron BA.2,Community,1.7483973700166964,2021-11-08,14,Traveler weight (travel hubs),Strategies (total),70%,T7-R,fig_3f,T7-R^0,17,1.0872
2021-11-22,ZA,83,Omicron BA.2,Community,1.7483973700166964,2021-11-08,14,Traveler weight (travel hubs),Strategies (total),70%,T11-R,fig_3f,T11-R^0,17,1.0367
2021-11-22,ZA,83,Omicron BA.2,Community,1.7483973700166964,2021-11-08,14,Traveler weight (travel hubs),Strategies (total),90%,T3-R,fig_3f,T3-R^0,17,1.083
2021-11-22,ZA,83,Omicron BA.2,Community,1.7483973700166964,2021-11-08,14,Traveler weight (travel hubs),Strategies (total),90%,T7-R,fig_3f,T7-R^0,17,1.083
2021-11-22,ZA,83,Omicron BA.2,Community,1.7483973700166964,2021-11-08,14,Traveler weight (travel hubs),Strategies (total),90%,T11-R,fig_3f,T11-R^0,17,1.0329
2021-11-22,ZA,83,Omicron BA.2,Community,1.7483973700166964,2021-11-08,14,Traveler weight (travel hubs),Strategies (total),100%,T3-R,fig_3f,T3-R^0,17,1.081
2021-11-22,ZA,83,Omicron BA.2,Community,1.7483973700166964,2021-11-08,14,Traveler weight (travel hubs),Strategies (total),100%,T7-R,fig_3f,T7-R^0,17,1.081
2021-11-22,ZA,83,Omicron BA.2,Community,1.7483973700166964,2021-11-08,14,Traveler weight (travel hubs),Strategies (total),100%,T11-R,fig_3f,T11-R^0,17,1.0298
2021-11-25,US,83,Omicron BA.2,Imported,1.5659268582771881,2021-11-08,17,Traveler weight (travel hubs),Strategies (total),100%,T11-M,fig_3f,T11-R^90,17,1
2021-11-22,US,84,Omicron BA.2,Imported,1,2021-11-08,14,Traveler weight (travel hubs),Strategies (total),50%,T11-R,fig_3f,T11-R^0,17,1.0547
2021-11-22,US,84,Omicron BA.2,Imported,1,2021-11-08,14,Traveler weight (travel hubs),Strategies (total),70%,T3-R,fig_3f,T3-R^0,17,1.0872
2021-11-22,US,84,Omicron BA.2,Imported,1,2021-11-08,14,Traveler weight (travel hubs),Strategies (total),70%,T7-R,fig_3f,T7-R^0,17,1.0872
2021-11-22,US,84,Omicron BA.2,Imported,1,2021-11-08,14,Traveler weight (travel hubs),Strategies (total),70%,T11-R,fig_3f,T11-R^0,17,1.0367
2021-11-22,US,84,Omicron BA.2,Imported,1,2021-11-08,14,Traveler weight (travel hubs),Strategies (total),90%,T3-R,fig_3f,T3-R^0,17,1.083
2021-11-22,US,84,Omicron BA.2,Imported,1,2021-11-08,14,Traveler weight (travel hubs),Strategies (total),90%,T7-R,fig_3f,T7-R^0,17,1.083
2021-11-22,US,84,Omicron BA.2,Imported,1,2021-11-08,14,Traveler weight (travel hubs),Strategies (total),90%,T11-R,fig_3f,T11-R^0,17,1.0329
2021-11-22,US,84,Omicron BA.2,Imported,1,2021-11-08,14,Traveler weight (travel hubs),Strategies (total),100%,T3-R,fig_3f,T3-R^0,17,1.081
2021-11-22,US,84,Omicron BA.2,Imported,1,2021-11-08,14,Traveler weight (travel hubs),Strategies (total),100%,T7-R,fig_3f,T7-R^0,17,1.081
2021-11-22,US,84,Omicron BA.2,Imported,1,2021-11-08,14,Traveler weight (travel hubs),Strategies (total),100%,T11-R,fig_3f,T11-R^0,17,1.0298
2021-11-22,US,84,Omicron BA.2,Imported,1,2021-11-08,14,Traveler weight (travel hubs),Strategies (total),100%,T11-M,fig_3f,T11-R^90,17,1
2021-11-28,ZA,85,Omicron BA.2,Community,1.0408948484850362,2021-11-08,20,Traveler weight (travel hubs),Strategies (total),50%,T11-R,fig_3f,T11-R^0,17,1.0547
2021-11-28,ZA,85,Omicron BA.2,Community,1.0408948484850362,2021-11-08,20,Traveler weight (travel hubs),Strategies (total),70%,T3-R,fig_3f,T3-R^0,17,1.0872
2021-11-28,ZA,85,Omicron BA.2,Community,1.0408948484850362,2021-11-08,20,Traveler weight (travel hubs),Strategies (total),70%,T7-R,fig_3f,T7-R^0,17,1.0872
2021-11-28,ZA,85,Omicron BA.2,Community,1.0408948484850362,2021-11-08,20,Traveler weight (travel hubs),Strategies (total),70%,T11-R,fig_3f,T11-R^0,17,1.0367
2021-11-26,US,85,Omicron BA.2,Imported,1,2021-11-08,18,Traveler weight (travel hubs),Strategies (total),90%,T3-R,fig_3f,T3-R^0,17,1.083
2021-11-26,US,85,Omicron BA.2,Imported,1,2021-11-08,18,Traveler weight (travel hubs),Strategies (total),90%,T7-R,fig_3f,T7-R^0,17,1.083
2021-11-26,US,85,Omicron BA.2,Imported,1,2021-11-08,18,Traveler weight (travel hubs),Strategies (total),90%,T11-R,fig_3f,T11-R^0,17,1.0329
2021-11-26,US,85,Omicron BA.2,Imported,1,2021-11-08,18,Traveler weight (travel hubs),Strategies (total),100%,T3-R,fig_3f,T3-R^0,17,1.081
2021-11-26,US,85,Omicron BA.2,Imported,1,2021-11-08,18,Traveler weight (travel hubs),Strategies (total),100%,T7-R,fig_3f,T7-R^0,17,1.081
2021-11-26,US,85,Omicron BA.2,Imported,1,2021-11-08,18,Traveler weight (travel hubs),Strategies (total),100%,T11-R,fig_3f,T11-R^0,17,1.0298
2021-11-26,US,85,Omicron BA.2,Imported,1,2021-11-08,18,Traveler weight (travel hubs),Strategies (total),100%,T11-M,fig_3f,T11-R^90,17,1
2021-11-22,IN,86,Omicron BA.2,Imported,1,2021-11-08,14,Traveler weight (travel hubs),Strategies (total),50%,T11-R,fig_3f,T11-R^0,17,1.0547
2021-11-25,ZA,86,Omicron BA.2,Community,1.0217769859189003,2021-11-08,17,Traveler weight (travel hubs),Strategies (total),70%,T3-R,fig_3f,T3-R^0,17,1.0872
2021-11-25,ZA,86,Omicron BA.2,Community,1.0217769859189003,2021-11-08,17,Traveler weight (travel hubs),Strategies (total),70%,T7-R,fig_3f,T7-R^0,17,1.0872
2021-11-22,IN,86,Omicron BA.2,Imported,1,2021-11-08,14,Traveler weight (travel hubs),Strategies (total),70%,T11-R,fig_3f,T11-R^0,17,1.0367
2021-11-25,ZA,86,Omicron BA.2,Community,1.0217769859189003,2021-11-08,17,Traveler weight (travel hubs),Strategies (total),90%,T3-R,fig_3f,T3-R^0,17,1.083
2021-11-25,ZA,86,Omicron BA.2,Community,1.0217769859189003,2021-11-08,17,Traveler weight (travel hubs),Strategies (total),90%,T7-R,fig_3f,T7-R^0,17,1.083
2021-11-22,IN,86,Omicron BA.2,Imported,1,2021-11-08,14,Traveler weight (travel hubs),Strategies (total),90%,T11-R,fig_3f,T11-R^0,17,1.0329
2021-11-25,ZA,86,Omicron BA.2,Community,1.0217769859189003,2021-11-08,17,Traveler weight (travel hubs),Strategies (total),100%,T3-R,fig_3f,T3-R^0,17,1.081
2021-11-25,ZA,86,Omicron BA.2,Community,1.0217769859189003,2021-11-08,17,Traveler weight (travel hubs),Strategies (total),100%,T7-R,fig_3f,T7-R^0,17,1.081
2021-11-22,IN,86,Omicron BA.2,Imported,1,2021-11-08,14,Traveler weight (travel hubs),Strategies (total),100%,T11-R,fig_3f,T11-R^0,17,1.0298
2021-11-22,IN,86,Omicron BA.2,Imported,1,2021-11-08,14,Traveler weight (travel hubs),Strategies (total),100%,T11-M,fig_3f,T11-R^90,17,1
2021-11-25,ZA,87,Omicron BA.2,Community,1.3178904500252635,2021-11-08,17,Traveler weight (travel hubs),Strategies (total),50%,T11-R,fig_3f,T11-R^0,17,1.0547
2021-11-25,ZA,87,Omicron BA.2,Community,1.3178904500252635,2021-11-08,17,Traveler weight (travel hubs),Strategies (total),70%,T3-R,fig_3f,T3-R^0,17,1.0872
2021-11-25,ZA,87,Omicron BA.2,Community,1.3178904500252635,2021-11-08,17,Traveler weight (travel hubs),Strategies (total),70%,T7-R,fig_3f,T7-R^0,17,1.0872
2021-11-25,ZA,87,Omicron BA.2,Community,1.3178904500252635,2021-11-08,17,Traveler weight (travel hubs),Strategies (total),70%,T11-R,fig_3f,T11-R^0,17,1.0367
2021-11-25,ZA,87,Omicron BA.2,Community,1.3178904500252635,2021-11-08,17,Traveler weight (travel hubs),Strategies (total),90%,T3-R,fig_3f,T3-R^0,17,1.083
2021-11-25,ZA,87,Omicron BA.2,Community,1.3178904500252635,2021-11-08,17,Traveler weight (travel hubs),Strategies (total),90%,T7-R,fig_3f,T7-R^0,17,1.083
2021-11-25,ZA,87,Omicron BA.2,Community,1.3178904500252635,2021-11-08,17,Traveler weight (travel hubs),Strategies (total),90%,T11-R,fig_3f,T11-R^0,17,1.0329
2021-11-25,ZA,87,Omicron BA.2,Community,1.3178904500252635,2021-11-08,17,Traveler weight (travel hubs),Strategies (total),100%,T3-R,fig_3f,T3-R^0,17,1.081
2021-11-25,ZA,87,Omicron BA.2,Community,1.3178904500252635,2021-11-08,17,Traveler weight (travel hubs),Strategies (total),100%,T7-R,fig_3f,T7-R^0,17,1.081
2021-11-25,ZA,87,Omicron BA.2,Community,1.3178904500252635,2021-11-08,17,Traveler weight (travel hubs),Strategies (total),100%,T11-R,fig_3f,T11-R^0,17,1.0298
2021-11-21,TR,87,Omicron BA.2,Imported,1,2021-11-08,13,Traveler weight (travel hubs),Strategies (total),100%,T11-M,fig_3f,T11-R^90,17,1
2021-11-23,US,88,Omicron BA.2,Imported,1,2021-11-08,15,Traveler weight (travel hubs),Strategies (total),50%,T11-R,fig_3f,T11-R^0,17,1.0547
2021-11-23,US,88,Omicron BA.2,Imported,1,2021-11-08,15,Traveler weight (travel hubs),Strategies (total),70%,T3-R,fig_3f,T3-R^0,17,1.0872
2021-11-23,US,88,Omicron BA.2,Imported,1,2021-11-08,15,Traveler weight (travel hubs),Strategies (total),70%,T7-R,fig_3f,T7-R^0,17,1.0872
2021-11-23,US,88,Omicron BA.2,Imported,1,2021-11-08,15,Traveler weight (travel hubs),Strategies (total),70%,T11-R,fig_3f,T11-R^0,17,1.0367
2021-11-23,US,88,Omicron BA.2,Imported,1,2021-11-08,15,Traveler weight (travel hubs),Strategies (total),90%,T3-R,fig_3f,T3-R^0,17,1.083
2021-11-23,US,88,Omicron BA.2,Imported,1,2021-11-08,15,Traveler weight (travel hubs),Strategies (total),90%,T7-R,fig_3f,T7-R^0,17,1.083
2021-11-23,US,88,Omicron BA.2,Imported,1,2021-11-08,15,Traveler weight (travel hubs),Strategies (total),90%,T11-R,fig_3f,T11-R^0,17,1.0329
2021-11-23,US,88,Omicron BA.2,Imported,1,2021-11-08,15,Traveler weight (travel hubs),Strategies (total),100%,T3-R,fig_3f,T3-R^0,17,1.081
2021-11-23,US,88,Omicron BA.2,Imported,1,2021-11-08,15,Traveler weight (travel hubs),Strategies (total),100%,T7-R,fig_3f,T7-R^0,17,1.081
2021-11-23,US,88,Omicron BA.2,Imported,1,2021-11-08,15,Traveler weight (travel hubs),Strategies (total),100%,T11-R,fig_3f,T11-R^0,17,1.0298
2021-11-23,US,88,Omicron BA.2,Imported,1,2021-11-08,15,Traveler weight (travel hubs),Strategies (total),100%,T11-M,fig_3f,T11-R^90,17,1
2021-11-20,IN,89,Omicron BA.2,Imported,1,2021-11-08,12,Traveler weight (travel hubs),Strategies (total),50%,T11-R,fig_3f,T11-R^0,17,1.0547
2021-11-23,ZA,89,Omicron BA.2,Community,1.2272737766122008,2021-11-08,15,Traveler weight (travel hubs),Strategies (total),70%,T3-R,fig_3f,T3-R^0,17,1.0872
2021-11-23,ZA,89,Omicron BA.2,Community,1.2272737766122008,2021-11-08,15,Traveler weight (travel hubs),Strategies (total),70%,T7-R,fig_3f,T7-R^0,17,1.0872
2021-11-20,IN,89,Omicron BA.2,Imported,1,2021-11-08,12,Traveler weight (travel hubs),Strategies (total),70%,T11-R,fig_3f,T11-R^0,17,1.0367
2021-11-23,ZA,89,Omicron BA.2,Community,1.2272737766122008,2021-11-08,15,Traveler weight (travel hubs),Strategies (total),90%,T3-R,fig_3f,T3-R^0,17,1.083
2021-11-23,ZA,89,Omicron BA.2,Community,1.2272737766122008,2021-11-08,15,Traveler weight (travel hubs),Strategies (total),90%,T7-R,fig_3f,T7-R^0,17,1.083
2021-11-20,IN,89,Omicron BA.2,Imported,1,2021-11-08,12,Traveler weight (travel hubs),Strategies (total),90%,T11-R,fig_3f,T11-R^0,17,1.0329
2021-11-23,ZA,89,Omicron BA.2,Community,1.2272737766122008,2021-11-08,15,Traveler weight (travel hubs),Strategies (total),100%,T3-R,fig_3f,T3-R^0,17,1.081
2021-11-23,ZA,89,Omicron BA.2,Community,1.2272737766122008,2021-11-08,15,Traveler weight (travel hubs),Strategies (total),100%,T7-R,fig_3f,T7-R^0,17,1.081
2021-11-20,IN,89,Omicron BA.2,Imported,1,2021-11-08,12,Traveler weight (travel hubs),Strategies (total),100%,T11-R,fig_3f,T11-R^0,17,1.0298
2021-11-20,IN,89,Omicron BA.2,Imported,1,2021-11-08,12,Traveler weight (travel hubs),Strategies (total),100%,T11-M,fig_3f,T11-R^90,17,1
2021-11-23,IN,9,Omicron BA.2,Imported,1,2021-11-08,15,Traveler weight (travel hubs),Strategies (total),50%,T11-R,fig_3f,T11-R^0,17,1.0547
2021-11-29,ZA,9,Omicron BA.2,Community,1.379041904287145,2021-11-08,21,Traveler weight (travel hubs),Strategies (total),70%,T3-R,fig_3f,T3-R^0,17,1.0872
2021-11-29,ZA,9,Omicron BA.2,Community,1.379041904287145,2021-11-08,21,Traveler weight (travel hubs),Strategies (total),70%,T7-R,fig_3f,T7-R^0,17,1.0872
2021-11-23,IN,9,Omicron BA.2,Imported,1,2021-11-08,15,Traveler weight (travel hubs),Strategies (total),70%,T11-R,fig_3f,T11-R^0,17,1.0367
2021-11-29,ZA,9,Omicron BA.2,Community,1.379041904287145,2021-11-08,21,Traveler weight (travel hubs),Strategies (total),90%,T3-R,fig_3f,T3-R^0,17,1.083
2021-11-29,ZA,9,Omicron BA.2,Community,1.379041904287145,2021-11-08,21,Traveler weight (travel hubs),Strategies (total),90%,T7-R,fig_3f,T7-R^0,17,1.083
2021-11-23,IN,9,Omicron BA.2,Imported,1,2021-11-08,15,Traveler weight (travel hubs),Strategies (total),90%,T11-R,fig_3f,T11-R^0,17,1.0329
2021-11-29,ZA,9,Omicron BA.2,Community,1.379041904287145,2021-11-08,21,Traveler weight (travel hubs),Strategies (total),100%,T3-R,fig_3f,T3-R^0,17,1.081
2021-11-29,ZA,9,Omicron BA.2,Community,1.379041904287145,2021-11-08,21,Traveler weight (travel hubs),Strategies (total),100%,T7-R,fig_3f,T7-R^0,17,1.081
2021-11-23,IN,9,Omicron BA.2,Imported,1,2021-11-08,15,Traveler weight (travel hubs),Strategies (total),100%,T11-R,fig_3f,T11-R^0,17,1.0298
2021-11-23,IN,9,Omicron BA.2,Imported,1,2021-11-08,15,Traveler weight (travel hubs),Strategies (total),100%,T11-M,fig_3f,T11-R^90,17,1
2021-11-25,ZA,90,Omicron BA.2,Community,1.2242325072427496,2021-11-08,17,Traveler weight (travel hubs),Strategies (total),50%,T11-R,fig_3f,T11-R^0,17,1.0547
2021-11-25,ZA,90,Omicron BA.2,Community,1.2242325072427496,2021-11-08,17,Traveler weight (travel hubs),Strategies (total),70%,T3-R,fig_3f,T3-R^0,17,1.0872
2021-11-25,ZA,90,Omicron BA.2,Community,1.2242325072427496,2021-11-08,17,Traveler weight (travel hubs),Strategies (total),70%,T7-R,fig_3f,T7-R^0,17,1.0872
2021-11-25,ZA,90,Omicron BA.2,Community,1.2242325072427496,2021-11-08,17,Traveler weight (travel hubs),Strategies (total),70%,T11-R,fig_3f,T11-R^0,17,1.0367
2021-11-25,ZA,90,Omicron BA.2,Community,1.2242325072427496,2021-11-08,17,Traveler weight (travel hubs),Strategies (total),90%,T3-R,fig_3f,T3-R^0,17,1.083
2021-11-25,ZA,90,Omicron BA.2,Community,1.2242325072427496,2021-11-08,17,Traveler weight (travel hubs),Strategies (total),90%,T7-R,fig_3f,T7-R^0,17,1.083
2021-11-25,ZA,90,Omicron BA.2,Community,1.2242325072427496,2021-11-08,17,Traveler weight (travel hubs),Strategies (total),90%,T11-R,fig_3f,T11-R^0,17,1.0329
2021-11-25,ZA,90,Omicron BA.2,Community,1.2242325072427496,2021-11-08,17,Traveler weight (travel hubs),Strategies (total),100%,T3-R,fig_3f,T3-R^0,17,1.081
2021-11-25,ZA,90,Omicron BA.2,Community,1.2242325072427496,2021-11-08,17,Traveler weight (travel hubs),Strategies (total),100%,T7-R,fig_3f,T7-R^0,17,1.081
2021-11-25,ZA,90,Omicron BA.2,Community,1.2242325072427496,2021-11-08,17,Traveler weight (travel hubs),Strategies (total),100%,T11-R,fig_3f,T11-R^0,17,1.0298
2021-12-02,US,90,Omicron BA.2,Imported,1,2021-11-08,24,Traveler weight (travel hubs),Strategies (total),100%,T11-M,fig_3f,T11-R^90,17,1
2021-11-29,ZA,91,Omicron BA.2,Community,1.0921020912996264,2021-11-08,21,Traveler weight (travel hubs),Strategies (total),50%,T11-R,fig_3f,T11-R^0,17,1.0547
2021-11-29,ZA,91,Omicron BA.2,Community,1.0921020912996264,2021-11-08,21,Traveler weight (travel hubs),Strategies (total),70%,T3-R,fig_3f,T3-R^0,17,1.0872
2021-11-29,ZA,91,Omicron BA.2,Community,1.0921020912996264,2021-11-08,21,Traveler weight (travel hubs),Strategies (total),70%,T7-R,fig_3f,T7-R^0,17,1.0872
2021-11-29,ZA,91,Omicron BA.2,Community,1.0921020912996264,2021-11-08,21,Traveler weight (travel hubs),Strategies (total),70%,T11-R,fig_3f,T11-R^0,17,1.0367
2021-11-29,ZA,91,Omicron BA.2,Community,1.0921020912996264,2021-11-08,21,Traveler weight (travel hubs),Strategies (total),90%,T3-R,fig_3f,T3-R^0,17,1.083
2021-11-29,ZA,91,Omicron BA.2,Community,1.0921020912996264,2021-11-08,21,Traveler weight (travel hubs),Strategies (total),90%,T7-R,fig_3f,T7-R^0,17,1.083
2021-11-29,ZA,91,Omicron BA.2,Community,1.0921020912996264,2021-11-08,21,Traveler weight (travel hubs),Strategies (total),90%,T11-R,fig_3f,T11-R^0,17,1.0329
2021-11-29,ZA,91,Omicron BA.2,Community,1.0921020912996264,2021-11-08,21,Traveler weight (travel hubs),Strategies (total),100%,T3-R,fig_3f,T3-R^0,17,1.081
2021-11-29,ZA,91,Omicron BA.2,Community,1.0921020912996264,2021-11-08,21,Traveler weight (travel hubs),Strategies (total),100%,T7-R,fig_3f,T7-R^0,17,1.081
2021-11-29,ZA,91,Omicron BA.2,Community,1.0921020912996264,2021-11-08,21,Traveler weight (travel hubs),Strategies (total),100%,T11-R,fig_3f,T11-R^0,17,1.0298
2021-12-04,US,91,Omicron BA.2,Imported,1,2021-11-08,26,Traveler weight (travel hubs),Strategies (total),100%,T11-M,fig_3f,T11-R^90,17,1
2021-11-23,ZA,92,Omicron BA.2,Community,1.1792016672681387,2021-11-08,15,Traveler weight (travel hubs),Strategies (total),50%,T11-R,fig_3f,T11-R^0,17,1.0547
2021-11-23,ZA,92,Omicron BA.2,Community,1.1792016672681387,2021-11-08,15,Traveler weight (travel hubs),Strategies (total),70%,T3-R,fig_3f,T3-R^0,17,1.0872
2021-11-23,ZA,92,Omicron BA.2,Community,1.1792016672681387,2021-11-08,15,Traveler weight (travel hubs),Strategies (total),70%,T7-R,fig_3f,T7-R^0,17,1.0872
2021-11-23,ZA,92,Omicron BA.2,Community,1.1792016672681387,2021-11-08,15,Traveler weight (travel hubs),Strategies (total),70%,T11-R,fig_3f,T11-R^0,17,1.0367
2021-11-23,ZA,92,Omicron BA.2,Community,1.1792016672681387,2021-11-08,15,Traveler weight (travel hubs),Strategies (total),90%,T3-R,fig_3f,T3-R^0,17,1.083
2021-11-23,ZA,92,Omicron BA.2,Community,1.1792016672681387,2021-11-08,15,Traveler weight (travel hubs),Strategies (total),90%,T7-R,fig_3f,T7-R^0,17,1.083
2021-11-23,ZA,92,Omicron BA.2,Community,1.1792016672681387,2021-11-08,15,Traveler weight (travel hubs),Strategies (total),90%,T11-R,fig_3f,T11-R^0,17,1.0329
2021-11-23,ZA,92,Omicron BA.2,Community,1.1792016672681387,2021-11-08,15,Traveler weight (travel hubs),Strategies (total),100%,T3-R,fig_3f,T3-R^0,17,1.081
2021-11-23,ZA,92,Omicron BA.2,Community,1.1792016672681387,2021-11-08,15,Traveler weight (travel hubs),Strategies (total),100%,T7-R,fig_3f,T7-R^0,17,1.081
2021-11-23,ZA,92,Omicron BA.2,Community,1.1792016672681387,2021-11-08,15,Traveler weight (travel hubs),Strategies (total),100%,T11-R,fig_3f,T11-R^0,17,1.0298
2021-11-21,TR,92,Omicron BA.2,Imported,2,2021-11-08,13,Traveler weight (travel hubs),Strategies (total),100%,T11-M,fig_3f,T11-R^90,17,1
2021-11-16,US,93,Omicron BA.2,Imported,1,2021-11-08,8,Traveler weight (travel hubs),Strategies (total),50%,T11-R,fig_3f,T11-R^0,17,1.0547
2021-11-16,US,93,Omicron BA.2,Imported,1,2021-11-08,8,Traveler weight (travel hubs),Strategies (total),70%,T3-R,fig_3f,T3-R^0,17,1.0872
2021-11-16,US,93,Omicron BA.2,Imported,1,2021-11-08,8,Traveler weight (travel hubs),Strategies (total),70%,T7-R,fig_3f,T7-R^0,17,1.0872
2021-11-16,US,93,Omicron BA.2,Imported,1,2021-11-08,8,Traveler weight (travel hubs),Strategies (total),70%,T11-R,fig_3f,T11-R^0,17,1.0367
2021-11-16,US,93,Omicron BA.2,Imported,1,2021-11-08,8,Traveler weight (travel hubs),Strategies (total),90%,T3-R,fig_3f,T3-R^0,17,1.083
2021-11-16,US,93,Omicron BA.2,Imported,1,2021-11-08,8,Traveler weight (travel hubs),Strategies (total),90%,T7-R,fig_3f,T7-R^0,17,1.083
2021-11-16,US,93,Omicron BA.2,Imported,1,2021-11-08,8,Traveler weight (travel hubs),Strategies (total),90%,T11-R,fig_3f,T11-R^0,17,1.0329
2021-11-16,US,93,Omicron BA.2,Imported,1,2021-11-08,8,Traveler weight (travel hubs),Strategies (total),100%,T3-R,fig_3f,T3-R^0,17,1.081
2021-11-16,US,93,Omicron BA.2,Imported,1,2021-11-08,8,Traveler weight (travel hubs),Strategies (total),100%,T7-R,fig_3f,T7-R^0,17,1.081
2021-11-16,US,93,Omicron BA.2,Imported,1,2021-11-08,8,Traveler weight (travel hubs),Strategies (total),100%,T11-R,fig_3f,T11-R^0,17,1.0298
2021-11-16,US,93,Omicron BA.2,Imported,1,2021-11-08,8,Traveler weight (travel hubs),Strategies (total),100%,T11-M,fig_3f,T11-R^90,17,1
2021-11-16,US,94,Omicron BA.2,Imported,1,2021-11-08,8,Traveler weight (travel hubs),Strategies (total),50%,T11-R,fig_3f,T11-R^0,17,1.0547
2021-11-16,US,94,Omicron BA.2,Imported,1,2021-11-08,8,Traveler weight (travel hubs),Strategies (total),70%,T3-R,fig_3f,T3-R^0,17,1.0872
2021-11-16,US,94,Omicron BA.2,Imported,1,2021-11-08,8,Traveler weight (travel hubs),Strategies (total),70%,T7-R,fig_3f,T7-R^0,17,1.0872
2021-11-16,US,94,Omicron BA.2,Imported,1,2021-11-08,8,Traveler weight (travel hubs),Strategies (total),70%,T11-R,fig_3f,T11-R^0,17,1.0367
2021-11-16,US,94,Omicron BA.2,Imported,1,2021-11-08,8,Traveler weight (travel hubs),Strategies (total),90%,T3-R,fig_3f,T3-R^0,17,1.083
2021-11-16,US,94,Omicron BA.2,Imported,1,2021-11-08,8,Traveler weight (travel hubs),Strategies (total),90%,T7-R,fig_3f,T7-R^0,17,1.083
2021-11-16,US,94,Omicron BA.2,Imported,1,2021-11-08,8,Traveler weight (travel hubs),Strategies (total),90%,T11-R,fig_3f,T11-R^0,17,1.0329
2021-11-16,US,94,Omicron BA.2,Imported,1,2021-11-08,8,Traveler weight (travel hubs),Strategies (total),100%,T3-R,fig_3f,T3-R^0,17,1.081
2021-11-16,US,94,Omicron BA.2,Imported,1,2021-11-08,8,Traveler weight (travel hubs),Strategies (total),100%,T7-R,fig_3f,T7-R^0,17,1.081
2021-11-16,US,94,Omicron BA.2,Imported,1,2021-11-08,8,Traveler weight (travel hubs),Strategies (total),100%,T11-R,fig_3f,T11-R^0,17,1.0298
2021-11-16,US,94,Omicron BA.2,Imported,1,2021-11-08,8,Traveler weight (travel hubs),Strategies (total),100%,T11-M,fig_3f,T11-R^90,17,1
2021-11-21,US,95,Omicron BA.2,Imported,1,2021-11-08,13,Traveler weight (travel hubs),Strategies (total),50%,T11-R,fig_3f,T11-R^0,17,1.0547
2021-11-21,US,95,Omicron BA.2,Imported,1,2021-11-08,13,Traveler weight (travel hubs),Strategies (total),70%,T3-R,fig_3f,T3-R^0,17,1.0872
2021-11-21,US,95,Omicron BA.2,Imported,1,2021-11-08,13,Traveler weight (travel hubs),Strategies (total),70%,T7-R,fig_3f,T7-R^0,17,1.0872
2021-11-21,US,95,Omicron BA.2,Imported,1,2021-11-08,13,Traveler weight (travel hubs),Strategies (total),70%,T11-R,fig_3f,T11-R^0,17,1.0367
2021-11-21,US,95,Omicron BA.2,Imported,1,2021-11-08,13,Traveler weight (travel hubs),Strategies (total),90%,T3-R,fig_3f,T3-R^0,17,1.083
2021-11-21,US,95,Omicron BA.2,Imported,1,2021-11-08,13,Traveler weight (travel hubs),Strategies (total),90%,T7-R,fig_3f,T7-R^0,17,1.083
2021-11-21,US,95,Omicron BA.2,Imported,1,2021-11-08,13,Traveler weight (travel hubs),Strategies (total),90%,T11-R,fig_3f,T11-R^0,17,1.0329
2021-11-21,US,95,Omicron BA.2,Imported,1,2021-11-08,13,Traveler weight (travel hubs),Strategies (total),100%,T3-R,fig_3f,T3-R^0,17,1.081
2021-11-21,US,95,Omicron BA.2,Imported,1,2021-11-08,13,Traveler weight (travel hubs),Strategies (total),100%,T7-R,fig_3f,T7-R^0,17,1.081
2021-11-21,US,95,Omicron BA.2,Imported,1,2021-11-08,13,Traveler weight (travel hubs),Strategies (total),100%,T11-R,fig_3f,T11-R^0,17,1.0298
2021-11-21,US,95,Omicron BA.2,Imported,1,2021-11-08,13,Traveler weight (travel hubs),Strategies (total),100%,T11-M,fig_3f,T11-R^90,17,1
2021-11-26,ZA,96,Omicron BA.2,Community,1.0927990426736938,2021-11-08,18,Traveler weight (travel hubs),Strategies (total),50%,T11-R,fig_3f,T11-R^0,17,1.0547
2021-11-26,ZA,96,Omicron BA.2,Community,1.0927990426736938,2021-11-08,18,Traveler weight (travel hubs),Strategies (total),70%,T3-R,fig_3f,T3-R^0,17,1.0872
2021-11-26,ZA,96,Omicron BA.2,Community,1.0927990426736938,2021-11-08,18,Traveler weight (travel hubs),Strategies (total),70%,T7-R,fig_3f,T7-R^0,17,1.0872
2021-11-26,ZA,96,Omicron BA.2,Community,1.0927990426736938,2021-11-08,18,Traveler weight (travel hubs),Strategies (total),70%,T11-R,fig_3f,T11-R^0,17,1.0367
2021-11-26,ZA,96,Omicron BA.2,Community,1.0927990426736938,2021-11-08,18,Traveler weight (travel hubs),Strategies (total),90%,T3-R,fig_3f,T3-R^0,17,1.083
2021-11-26,ZA,96,Omicron BA.2,Community,1.0927990426736938,2021-11-08,18,Traveler weight (travel hubs),Strategies (total),90%,T7-R,fig_3f,T7-R^0,17,1.083
2021-11-26,ZA,96,Omicron BA.2,Community,1.0927990426736938,2021-11-08,18,Traveler weight (travel hubs),Strategies (total),90%,T11-R,fig_3f,T11-R^0,17,1.0329
2021-11-26,ZA,96,Omicron BA.2,Community,1.0927990426736938,2021-11-08,18,Traveler weight (travel hubs),Strategies (total),100%,T3-R,fig_3f,T3-R^0,17,1.081
2021-11-26,ZA,96,Omicron BA.2,Community,1.0927990426736938,2021-11-08,18,Traveler weight (travel hubs),Strategies (total),100%,T7-R,fig_3f,T7-R^0,17,1.081
2021-11-26,ZA,96,Omicron BA.2,Community,1.0927990426736938,2021-11-08,18,Traveler weight (travel hubs),Strategies (total),100%,T11-R,fig_3f,T11-R^0,17,1.0298
2021-12-07,IN,96,Omicron BA.2,Imported,1,2021-11-08,29,Traveler weight (travel hubs),Strategies (total),100%,T11-M,fig_3f,T11-R^90,17,1
2021-11-22,US,97,Omicron BA.2,Imported,1,2021-11-08,14,Traveler weight (travel hubs),Strategies (total),50%,T11-R,fig_3f,T11-R^0,17,1.0547
2021-11-22,US,97,Omicron BA.2,Imported,1,2021-11-08,14,Traveler weight (travel hubs),Strategies (total),70%,T3-R,fig_3f,T3-R^0,17,1.0872
2021-11-22,US,97,Omicron BA.2,Imported,1,2021-11-08,14,Traveler weight (travel hubs),Strategies (total),70%,T7-R,fig_3f,T7-R^0,17,1.0872
2021-11-22,US,97,Omicron BA.2,Imported,1,2021-11-08,14,Traveler weight (travel hubs),Strategies (total),70%,T11-R,fig_3f,T11-R^0,17,1.0367
2021-11-22,US,97,Omicron BA.2,Imported,1,2021-11-08,14,Traveler weight (travel hubs),Strategies (total),90%,T3-R,fig_3f,T3-R^0,17,1.083
2021-11-22,US,97,Omicron BA.2,Imported,1,2021-11-08,14,Traveler weight (travel hubs),Strategies (total),90%,T7-R,fig_3f,T7-R^0,17,1.083
2021-11-22,US,97,Omicron BA.2,Imported,1,2021-11-08,14,Traveler weight (travel hubs),Strategies (total),90%,T11-R,fig_3f,T11-R^0,17,1.0329
2021-11-22,US,97,Omicron BA.2,Imported,1,2021-11-08,14,Traveler weight (travel hubs),Strategies (total),100%,T3-R,fig_3f,T3-R^0,17,1.081
2021-11-22,US,97,Omicron BA.2,Imported,1,2021-11-08,14,Traveler weight (travel hubs),Strategies (total),100%,T7-R,fig_3f,T7-R^0,17,1.081
2021-11-22,US,97,Omicron BA.2,Imported,1,2021-11-08,14,Traveler weight (travel hubs),Strategies (total),100%,T11-R,fig_3f,T11-R^0,17,1.0298
2021-11-22,US,97,Omicron BA.2,Imported,1,2021-11-08,14,Traveler weight (travel hubs),Strategies (total),100%,T11-M,fig_3f,T11-R^90,17,1
2021-11-26,ZA,98,Omicron BA.2,Community,1.293452087092845,2021-11-08,18,Traveler weight (travel hubs),Strategies (total),50%,T11-R,fig_3f,T11-R^0,17,1.0547
2021-11-26,ZA,98,Omicron BA.2,Community,1.293452087092845,2021-11-08,18,Traveler weight (travel hubs),Strategies (total),70%,T3-R,fig_3f,T3-R^0,17,1.0872
2021-11-26,ZA,98,Omicron BA.2,Community,1.293452087092845,2021-11-08,18,Traveler weight (travel hubs),Strategies (total),70%,T7-R,fig_3f,T7-R^0,17,1.0872
2021-11-26,ZA,98,Omicron BA.2,Community,1.293452087092845,2021-11-08,18,Traveler weight (travel hubs),Strategies (total),70%,T11-R,fig_3f,T11-R^0,17,1.0367
2021-11-26,ZA,98,Omicron BA.2,Community,1.293452087092845,2021-11-08,18,Traveler weight (travel hubs),Strategies (total),90%,T3-R,fig_3f,T3-R^0,17,1.083
2021-11-26,ZA,98,Omicron BA.2,Community,1.293452087092845,2021-11-08,18,Traveler weight (travel hubs),Strategies (total),90%,T7-R,fig_3f,T7-R^0,17,1.083
2021-11-26,ZA,98,Omicron BA.2,Community,1.293452087092845,2021-11-08,18,Traveler weight (travel hubs),Strategies (total),90%,T11-R,fig_3f,T11-R^0,17,1.0329
2021-11-26,ZA,98,Omicron BA.2,Community,1.293452087092845,2021-11-08,18,Traveler weight (travel hubs),Strategies (total),100%,T3-R,fig_3f,T3-R^0,17,1.081
2021-11-26,ZA,98,Omicron BA.2,Community,1.293452087092845,2021-11-08,18,Traveler weight (travel hubs),Strategies (total),100%,T7-R,fig_3f,T7-R^0,17,1.081
2021-11-26,ZA,98,Omicron BA.2,Community,1.293452087092845,2021-11-08,18,Traveler weight (travel hubs),Strategies (total),100%,T11-R,fig_3f,T11-R^0,17,1.0298
2021-12-14,US,98,Omicron BA.2,Imported,2.007443517981519,2021-11-08,36,Traveler weight (travel hubs),Strategies (total),100%,T11-M,fig_3f,T11-R^90,17,1
2021-11-25,ZA,99,Omicron BA.2,Community,1.695490777186461,2021-11-08,17,Traveler weight (travel hubs),Strategies (total),50%,T11-R,fig_3f,T11-R^0,17,1.0547
2021-11-25,ZA,99,Omicron BA.2,Community,1.695490777186461,2021-11-08,17,Traveler weight (travel hubs),Strategies (total),70%,T3-R,fig_3f,T3-R^0,17,1.0872
2021-11-25,ZA,99,Omicron BA.2,Community,1.695490777186461,2021-11-08,17,Traveler weight (travel hubs),Strategies (total),70%,T7-R,fig_3f,T7-R^0,17,1.0872
2021-11-25,ZA,99,Omicron BA.2,Community,1.695490777186461,2021-11-08,17,Traveler weight (travel hubs),Strategies (total),70%,T11-R,fig_3f,T11-R^0,17,1.0367
2021-11-25,ZA,99,Omicron BA.2,Community,1.695490777186461,2021-11-08,17,Traveler weight (travel hubs),Strategies (total),90%,T3-R,fig_3f,T3-R^0,17,1.083
2021-11-25,ZA,99,Omicron BA.2,Community,1.695490777186461,2021-11-08,17,Traveler weight (travel hubs),Strategies (total),90%,T7-R,fig_3f,T7-R^0,17,1.083
2021-11-25,ZA,99,Omicron BA.2,Community,1.695490777186461,2021-11-08,17,Traveler weight (travel hubs),Strategies (total),90%,T11-R,fig_3f,T11-R^0,17,1.0329
2021-11-25,ZA,99,Omicron BA.2,Community,1.695490777186461,2021-11-08,17,Traveler weight (travel hubs),Strategies (total),100%,T3-R,fig_3f,T3-R^0,17,1.081
2021-11-25,ZA,99,Omicron BA.2,Community,1.695490777186461,2021-11-08,17,Traveler weight (travel hubs),Strategies (total),100%,T7-R,fig_3f,T7-R^0,17,1.081
2021-11-25,ZA,99,Omicron BA.2,Community,1.695490777186461,2021-11-08,17,Traveler weight (travel hubs),Strategies (total),100%,T11-R,fig_3f,T11-R^0,17,1.0298
2021-11-17,TR,99,Omicron BA.2,Imported,1,2021-11-08,9,Traveler weight (travel hubs),Strategies (total),100%,T11-M,fig_3f,T11-R^90,17,1
