date,unitname,id_sim,variant,case_type,value,date_intro,lag,params_1,params_2,parval_1,parval_2,fig,parval_2_new,lag_median,value_median
2021-09-26,ZA,1,Omicron BA.1,Community,1.0651354460865647,2021-09-21,5,Traveler weight (travel hubs),Strategies (per capita),50%,P7-R,fig_3e,P7-R^0,10,1.092
2021-09-26,ZA,1,Omicron BA.1,Community,1.0651354460865647,2021-09-21,5,Traveler weight (travel hubs),Strategies (per capita),50%,P11-R,fig_3e,P11-R^0,10,1.0899
2021-09-26,ZA,1,Omicron BA.1,Community,1.0651354460865647,2021-09-21,5,Traveler weight (travel hubs),Strategies (per capita),70%,P7-R,fig_3e,P7-R^0,10,1.0883
2021-09-26,ZA,1,Omicron BA.1,Community,1.0651354460865647,2021-09-21,5,Traveler weight (travel hubs),Strategies (per capita),70%,P11-R,fig_3e,P11-R^0,10,1.0862
2021-09-26,ZA,1,Omicron BA.1,Community,1.0651354460865647,2021-09-21,5,Traveler weight (travel hubs),Strategies (per capita),90%,P7-R,fig_3e,P7-R^0,10,1.0853
2021-09-26,ZA,1,Omicron BA.1,Community,1.0651354460865647,2021-09-21,5,Traveler weight (travel hubs),Strategies (per capita),90%,P11-R,fig_3e,P11-R^0,10,1.0844
2021-09-26,ZA,1,Omicron BA.1,Community,1.0651354460865647,2021-09-21,5,Traveler weight (travel hubs),Strategies (per capita),100%,P7-R,fig_3e,P7-R^0,10,1.0849
2021-09-26,ZA,1,Omicron BA.1,Community,1.0651354460865647,2021-09-21,5,Traveler weight (travel hubs),Strategies (per capita),100%,P11-R,fig_3e,P11-R^0,10,1.0815
2021-10-05,ZA,10,Omicron BA.1,Community,1.1199537453061368,2021-09-21,14,Traveler weight (travel hubs),Strategies (per capita),50%,P7-R,fig_3e,P7-R^0,10,1.092
2021-10-05,ZA,10,Omicron BA.1,Community,1.1199537453061368,2021-09-21,14,Traveler weight (travel hubs),Strategies (per capita),50%,P11-R,fig_3e,P11-R^0,10,1.0899
2021-10-05,ZA,10,Omicron BA.1,Community,1.1199537453061368,2021-09-21,14,Traveler weight (travel hubs),Strategies (per capita),70%,P7-R,fig_3e,P7-R^0,10,1.0883
2021-10-05,ZA,10,Omicron BA.1,Community,1.1199537453061368,2021-09-21,14,Traveler weight (travel hubs),Strategies (per capita),70%,P11-R,fig_3e,P11-R^0,10,1.0862
2021-10-05,ZA,10,Omicron BA.1,Community,1.1199537453061368,2021-09-21,14,Traveler weight (travel hubs),Strategies (per capita),90%,P7-R,fig_3e,P7-R^0,10,1.0853
2021-10-05,ZA,10,Omicron BA.1,Community,1.1199537453061368,2021-09-21,14,Traveler weight (travel hubs),Strategies (per capita),90%,P11-R,fig_3e,P11-R^0,10,1.0844
2021-10-05,ZA,10,Omicron BA.1,Community,1.1199537453061368,2021-09-21,14,Traveler weight (travel hubs),Strategies (per capita),100%,P7-R,fig_3e,P7-R^0,10,1.0849
2021-10-05,ZA,10,Omicron BA.1,Community,1.1199537453061368,2021-09-21,14,Traveler weight (travel hubs),Strategies (per capita),100%,P11-R,fig_3e,P11-R^0,10,1.0815
2021-10-05,ZA,100,Omicron BA.1,Community,1.0196110687035638,2021-09-21,14,Traveler weight (travel hubs),Strategies (per capita),50%,P7-R,fig_3e,P7-R^0,10,1.092
2021-10-05,ZA,100,Omicron BA.1,Community,1.0196110687035638,2021-09-21,14,Traveler weight (travel hubs),Strategies (per capita),50%,P11-R,fig_3e,P11-R^0,10,1.0899
2021-10-05,ZA,100,Omicron BA.1,Community,1.0196110687035638,2021-09-21,14,Traveler weight (travel hubs),Strategies (per capita),70%,P7-R,fig_3e,P7-R^0,10,1.0883
2021-10-05,ZA,100,Omicron BA.1,Community,1.0196110687035638,2021-09-21,14,Traveler weight (travel hubs),Strategies (per capita),70%,P11-R,fig_3e,P11-R^0,10,1.0862
2021-10-05,ZA,100,Omicron BA.1,Community,1.0196110687035638,2021-09-21,14,Traveler weight (travel hubs),Strategies (per capita),90%,P7-R,fig_3e,P7-R^0,10,1.0853
2021-10-05,ZA,100,Omicron BA.1,Community,1.0196110687035638,2021-09-21,14,Traveler weight (travel hubs),Strategies (per capita),90%,P11-R,fig_3e,P11-R^0,10,1.0844
2021-10-05,ZA,100,Omicron BA.1,Community,1.0196110687035638,2021-09-21,14,Traveler weight (travel hubs),Strategies (per capita),100%,P7-R,fig_3e,P7-R^0,10,1.0849
2021-10-05,ZA,100,Omicron BA.1,Community,1.0196110687035638,2021-09-21,14,Traveler weight (travel hubs),Strategies (per capita),100%,P11-R,fig_3e,P11-R^0,10,1.0815
2021-09-29,ZA,101,Omicron BA.1,Community,1.0212438185040476,2021-09-21,8,Traveler weight (travel hubs),Strategies (per capita),50%,P7-R,fig_3e,P7-R^0,10,1.092
2021-09-29,ZA,101,Omicron BA.1,Community,1.0212438185040476,2021-09-21,8,Traveler weight (travel hubs),Strategies (per capita),50%,P11-R,fig_3e,P11-R^0,10,1.0899
2021-09-29,ZA,101,Omicron BA.1,Community,1.0212438185040476,2021-09-21,8,Traveler weight (travel hubs),Strategies (per capita),70%,P7-R,fig_3e,P7-R^0,10,1.0883
2021-09-29,ZA,101,Omicron BA.1,Community,1.0212438185040476,2021-09-21,8,Traveler weight (travel hubs),Strategies (per capita),70%,P11-R,fig_3e,P11-R^0,10,1.0862
2021-09-29,ZA,101,Omicron BA.1,Community,1.0212438185040476,2021-09-21,8,Traveler weight (travel hubs),Strategies (per capita),90%,P7-R,fig_3e,P7-R^0,10,1.0853
2021-09-29,ZA,101,Omicron BA.1,Community,1.0212438185040476,2021-09-21,8,Traveler weight (travel hubs),Strategies (per capita),90%,P11-R,fig_3e,P11-R^0,10,1.0844
2021-09-29,ZA,101,Omicron BA.1,Community,1.0212438185040476,2021-09-21,8,Traveler weight (travel hubs),Strategies (per capita),100%,P7-R,fig_3e,P7-R^0,10,1.0849
2021-09-29,ZA,101,Omicron BA.1,Community,1.0212438185040476,2021-09-21,8,Traveler weight (travel hubs),Strategies (per capita),100%,P11-R,fig_3e,P11-R^0,10,1.0815
2021-10-01,ZA,102,Omicron BA.1,Community,2.046450307353465,2021-09-21,10,Traveler weight (travel hubs),Strategies (per capita),50%,P7-R,fig_3e,P7-R^0,10,1.092
2021-10-01,ZA,102,Omicron BA.1,Community,2.046450307353465,2021-09-21,10,Traveler weight (travel hubs),Strategies (per capita),50%,P11-R,fig_3e,P11-R^0,10,1.0899
2021-10-01,ZA,102,Omicron BA.1,Community,2.046450307353465,2021-09-21,10,Traveler weight (travel hubs),Strategies (per capita),70%,P7-R,fig_3e,P7-R^0,10,1.0883
2021-10-01,ZA,102,Omicron BA.1,Community,2.046450307353465,2021-09-21,10,Traveler weight (travel hubs),Strategies (per capita),70%,P11-R,fig_3e,P11-R^0,10,1.0862
2021-10-01,ZA,102,Omicron BA.1,Community,2.046450307353465,2021-09-21,10,Traveler weight (travel hubs),Strategies (per capita),90%,P7-R,fig_3e,P7-R^0,10,1.0853
2021-10-01,ZA,102,Omicron BA.1,Community,2.046450307353465,2021-09-21,10,Traveler weight (travel hubs),Strategies (per capita),90%,P11-R,fig_3e,P11-R^0,10,1.0844
2021-10-01,ZA,102,Omicron BA.1,Community,2.046450307353465,2021-09-21,10,Traveler weight (travel hubs),Strategies (per capita),100%,P7-R,fig_3e,P7-R^0,10,1.0849
2021-10-01,ZA,102,Omicron BA.1,Community,2.046450307353465,2021-09-21,10,Traveler weight (travel hubs),Strategies (per capita),100%,P11-R,fig_3e,P11-R^0,10,1.0815
2021-10-05,ZA,103,Omicron BA.1,Community,1.525640265763851,2021-09-21,14,Traveler weight (travel hubs),Strategies (per capita),50%,P7-R,fig_3e,P7-R^0,10,1.092
2021-10-05,ZA,103,Omicron BA.1,Community,1.525640265763851,2021-09-21,14,Traveler weight (travel hubs),Strategies (per capita),50%,P11-R,fig_3e,P11-R^0,10,1.0899
2021-10-05,ZA,103,Omicron BA.1,Community,1.525640265763851,2021-09-21,14,Traveler weight (travel hubs),Strategies (per capita),70%,P7-R,fig_3e,P7-R^0,10,1.0883
2021-10-05,ZA,103,Omicron BA.1,Community,1.525640265763851,2021-09-21,14,Traveler weight (travel hubs),Strategies (per capita),70%,P11-R,fig_3e,P11-R^0,10,1.0862
2021-10-05,ZA,103,Omicron BA.1,Community,1.525640265763851,2021-09-21,14,Traveler weight (travel hubs),Strategies (per capita),90%,P7-R,fig_3e,P7-R^0,10,1.0853
2021-10-05,ZA,103,Omicron BA.1,Community,1.525640265763851,2021-09-21,14,Traveler weight (travel hubs),Strategies (per capita),90%,P11-R,fig_3e,P11-R^0,10,1.0844
2021-10-05,ZA,103,Omicron BA.1,Community,1.525640265763851,2021-09-21,14,Traveler weight (travel hubs),Strategies (per capita),100%,P7-R,fig_3e,P7-R^0,10,1.0849
2021-10-05,ZA,103,Omicron BA.1,Community,1.525640265763851,2021-09-21,14,Traveler weight (travel hubs),Strategies (per capita),100%,P11-R,fig_3e,P11-R^0,10,1.0815
2021-10-05,ZA,104,Omicron BA.1,Community,1.2041121192308755,2021-09-21,14,Traveler weight (travel hubs),Strategies (per capita),50%,P7-R,fig_3e,P7-R^0,10,1.092
2021-10-05,ZA,104,Omicron BA.1,Community,1.2041121192308755,2021-09-21,14,Traveler weight (travel hubs),Strategies (per capita),50%,P11-R,fig_3e,P11-R^0,10,1.0899
2021-10-05,ZA,104,Omicron BA.1,Community,1.2041121192308755,2021-09-21,14,Traveler weight (travel hubs),Strategies (per capita),70%,P7-R,fig_3e,P7-R^0,10,1.0883
2021-10-05,ZA,104,Omicron BA.1,Community,1.2041121192308755,2021-09-21,14,Traveler weight (travel hubs),Strategies (per capita),70%,P11-R,fig_3e,P11-R^0,10,1.0862
2021-10-05,ZA,104,Omicron BA.1,Community,1.2041121192308755,2021-09-21,14,Traveler weight (travel hubs),Strategies (per capita),90%,P7-R,fig_3e,P7-R^0,10,1.0853
2021-10-05,ZA,104,Omicron BA.1,Community,1.2041121192308755,2021-09-21,14,Traveler weight (travel hubs),Strategies (per capita),90%,P11-R,fig_3e,P11-R^0,10,1.0844
2021-10-05,ZA,104,Omicron BA.1,Community,1.2041121192308755,2021-09-21,14,Traveler weight (travel hubs),Strategies (per capita),100%,P7-R,fig_3e,P7-R^0,10,1.0849
2021-10-05,ZA,104,Omicron BA.1,Community,1.2041121192308755,2021-09-21,14,Traveler weight (travel hubs),Strategies (per capita),100%,P11-R,fig_3e,P11-R^0,10,1.0815
2021-10-07,ZA,105,Omicron BA.1,Community,1.2741370403026062,2021-09-21,16,Traveler weight (travel hubs),Strategies (per capita),50%,P7-R,fig_3e,P7-R^0,10,1.092
2021-10-07,ZA,105,Omicron BA.1,Community,1.2741370403026062,2021-09-21,16,Traveler weight (travel hubs),Strategies (per capita),50%,P11-R,fig_3e,P11-R^0,10,1.0899
2021-10-07,ZA,105,Omicron BA.1,Community,1.2741370403026062,2021-09-21,16,Traveler weight (travel hubs),Strategies (per capita),70%,P7-R,fig_3e,P7-R^0,10,1.0883
2021-10-07,ZA,105,Omicron BA.1,Community,1.2741370403026062,2021-09-21,16,Traveler weight (travel hubs),Strategies (per capita),70%,P11-R,fig_3e,P11-R^0,10,1.0862
2021-10-07,ZA,105,Omicron BA.1,Community,1.2741370403026062,2021-09-21,16,Traveler weight (travel hubs),Strategies (per capita),90%,P7-R,fig_3e,P7-R^0,10,1.0853
2021-10-07,ZA,105,Omicron BA.1,Community,1.2741370403026062,2021-09-21,16,Traveler weight (travel hubs),Strategies (per capita),90%,P11-R,fig_3e,P11-R^0,10,1.0844
2021-10-07,ZA,105,Omicron BA.1,Community,1.2741370403026062,2021-09-21,16,Traveler weight (travel hubs),Strategies (per capita),100%,P7-R,fig_3e,P7-R^0,10,1.0849
2021-10-07,ZA,105,Omicron BA.1,Community,1.2741370403026062,2021-09-21,16,Traveler weight (travel hubs),Strategies (per capita),100%,P11-R,fig_3e,P11-R^0,10,1.0815
2021-10-05,ZA,106,Omicron BA.1,Community,1.1890067700648965,2021-09-21,14,Traveler weight (travel hubs),Strategies (per capita),50%,P7-R,fig_3e,P7-R^0,10,1.092
2021-10-05,ZA,106,Omicron BA.1,Community,1.1890067700648965,2021-09-21,14,Traveler weight (travel hubs),Strategies (per capita),50%,P11-R,fig_3e,P11-R^0,10,1.0899
2021-10-05,ZA,106,Omicron BA.1,Community,1.1890067700648965,2021-09-21,14,Traveler weight (travel hubs),Strategies (per capita),70%,P7-R,fig_3e,P7-R^0,10,1.0883
2021-10-05,ZA,106,Omicron BA.1,Community,1.1890067700648965,2021-09-21,14,Traveler weight (travel hubs),Strategies (per capita),70%,P11-R,fig_3e,P11-R^0,10,1.0862
2021-10-05,ZA,106,Omicron BA.1,Community,1.1890067700648965,2021-09-21,14,Traveler weight (travel hubs),Strategies (per capita),90%,P7-R,fig_3e,P7-R^0,10,1.0853
2021-10-05,ZA,106,Omicron BA.1,Community,1.1890067700648965,2021-09-21,14,Traveler weight (travel hubs),Strategies (per capita),90%,P11-R,fig_3e,P11-R^0,10,1.0844
2021-10-05,ZA,106,Omicron BA.1,Community,1.1890067700648965,2021-09-21,14,Traveler weight (travel hubs),Strategies (per capita),100%,P7-R,fig_3e,P7-R^0,10,1.0849
2021-10-05,ZA,106,Omicron BA.1,Community,1.1890067700648965,2021-09-21,14,Traveler weight (travel hubs),Strategies (per capita),100%,P11-R,fig_3e,P11-R^0,10,1.0815
2021-10-02,ZA,107,Omicron BA.1,Community,1.1987555040332627,2021-09-21,11,Traveler weight (travel hubs),Strategies (per capita),50%,P7-R,fig_3e,P7-R^0,10,1.092
2021-10-02,ZA,107,Omicron BA.1,Community,1.1987555040332627,2021-09-21,11,Traveler weight (travel hubs),Strategies (per capita),50%,P11-R,fig_3e,P11-R^0,10,1.0899
2021-10-02,ZA,107,Omicron BA.1,Community,1.1987555040332627,2021-09-21,11,Traveler weight (travel hubs),Strategies (per capita),70%,P7-R,fig_3e,P7-R^0,10,1.0883
2021-10-02,ZA,107,Omicron BA.1,Community,1.1987555040332627,2021-09-21,11,Traveler weight (travel hubs),Strategies (per capita),70%,P11-R,fig_3e,P11-R^0,10,1.0862
2021-10-02,ZA,107,Omicron BA.1,Community,1.1987555040332627,2021-09-21,11,Traveler weight (travel hubs),Strategies (per capita),90%,P7-R,fig_3e,P7-R^0,10,1.0853
2021-10-02,ZA,107,Omicron BA.1,Community,1.1987555040332627,2021-09-21,11,Traveler weight (travel hubs),Strategies (per capita),90%,P11-R,fig_3e,P11-R^0,10,1.0844
2021-10-02,ZA,107,Omicron BA.1,Community,1.1987555040332627,2021-09-21,11,Traveler weight (travel hubs),Strategies (per capita),100%,P7-R,fig_3e,P7-R^0,10,1.0849
2021-10-02,ZA,107,Omicron BA.1,Community,1.1987555040332627,2021-09-21,11,Traveler weight (travel hubs),Strategies (per capita),100%,P11-R,fig_3e,P11-R^0,10,1.0815
2021-10-01,ZA,108,Omicron BA.1,Community,1.252506257914867,2021-09-21,10,Traveler weight (travel hubs),Strategies (per capita),50%,P7-R,fig_3e,P7-R^0,10,1.092
2021-10-01,ZA,108,Omicron BA.1,Community,1.252506257914867,2021-09-21,10,Traveler weight (travel hubs),Strategies (per capita),50%,P11-R,fig_3e,P11-R^0,10,1.0899
2021-10-01,ZA,108,Omicron BA.1,Community,1.252506257914867,2021-09-21,10,Traveler weight (travel hubs),Strategies (per capita),70%,P7-R,fig_3e,P7-R^0,10,1.0883
2021-10-01,ZA,108,Omicron BA.1,Community,1.252506257914867,2021-09-21,10,Traveler weight (travel hubs),Strategies (per capita),70%,P11-R,fig_3e,P11-R^0,10,1.0862
2021-10-01,ZA,108,Omicron BA.1,Community,1.252506257914867,2021-09-21,10,Traveler weight (travel hubs),Strategies (per capita),90%,P7-R,fig_3e,P7-R^0,10,1.0853
2021-10-01,ZA,108,Omicron BA.1,Community,1.252506257914867,2021-09-21,10,Traveler weight (travel hubs),Strategies (per capita),90%,P11-R,fig_3e,P11-R^0,10,1.0844
2021-10-01,ZA,108,Omicron BA.1,Community,1.252506257914867,2021-09-21,10,Traveler weight (travel hubs),Strategies (per capita),100%,P7-R,fig_3e,P7-R^0,10,1.0849
2021-10-01,ZA,108,Omicron BA.1,Community,1.252506257914867,2021-09-21,10,Traveler weight (travel hubs),Strategies (per capita),100%,P11-R,fig_3e,P11-R^0,10,1.0815
2021-10-07,ZA,109,Omicron BA.1,Community,1.5557883860537085,2021-09-21,16,Traveler weight (travel hubs),Strategies (per capita),50%,P7-R,fig_3e,P7-R^0,10,1.092
2021-10-07,ZA,109,Omicron BA.1,Community,1.5557883860537085,2021-09-21,16,Traveler weight (travel hubs),Strategies (per capita),50%,P11-R,fig_3e,P11-R^0,10,1.0899
2021-10-07,ZA,109,Omicron BA.1,Community,1.5557883860537085,2021-09-21,16,Traveler weight (travel hubs),Strategies (per capita),70%,P7-R,fig_3e,P7-R^0,10,1.0883
2021-10-07,ZA,109,Omicron BA.1,Community,1.5557883860537085,2021-09-21,16,Traveler weight (travel hubs),Strategies (per capita),70%,P11-R,fig_3e,P11-R^0,10,1.0862
2021-10-07,ZA,109,Omicron BA.1,Community,1.5557883860537085,2021-09-21,16,Traveler weight (travel hubs),Strategies (per capita),90%,P7-R,fig_3e,P7-R^0,10,1.0853
2021-10-07,ZA,109,Omicron BA.1,Community,1.5557883860537085,2021-09-21,16,Traveler weight (travel hubs),Strategies (per capita),90%,P11-R,fig_3e,P11-R^0,10,1.0844
2021-10-07,ZA,109,Omicron BA.1,Community,1.5557883860537085,2021-09-21,16,Traveler weight (travel hubs),Strategies (per capita),100%,P7-R,fig_3e,P7-R^0,10,1.0849
2021-10-07,ZA,109,Omicron BA.1,Community,1.5557883860537085,2021-09-21,16,Traveler weight (travel hubs),Strategies (per capita),100%,P11-R,fig_3e,P11-R^0,10,1.0815
2021-10-03,ZA,11,Omicron BA.1,Community,1.076900184881751,2021-09-21,12,Traveler weight (travel hubs),Strategies (per capita),50%,P7-R,fig_3e,P7-R^0,10,1.092
2021-10-03,ZA,11,Omicron BA.1,Community,1.076900184881751,2021-09-21,12,Traveler weight (travel hubs),Strategies (per capita),50%,P11-R,fig_3e,P11-R^0,10,1.0899
2021-10-03,ZA,11,Omicron BA.1,Community,1.076900184881751,2021-09-21,12,Traveler weight (travel hubs),Strategies (per capita),70%,P7-R,fig_3e,P7-R^0,10,1.0883
2021-10-03,ZA,11,Omicron BA.1,Community,1.076900184881751,2021-09-21,12,Traveler weight (travel hubs),Strategies (per capita),70%,P11-R,fig_3e,P11-R^0,10,1.0862
2021-10-03,ZA,11,Omicron BA.1,Community,1.076900184881751,2021-09-21,12,Traveler weight (travel hubs),Strategies (per capita),90%,P7-R,fig_3e,P7-R^0,10,1.0853
2021-10-03,ZA,11,Omicron BA.1,Community,1.076900184881751,2021-09-21,12,Traveler weight (travel hubs),Strategies (per capita),90%,P11-R,fig_3e,P11-R^0,10,1.0844
2021-10-03,ZA,11,Omicron BA.1,Community,1.076900184881751,2021-09-21,12,Traveler weight (travel hubs),Strategies (per capita),100%,P7-R,fig_3e,P7-R^0,10,1.0849
2021-10-03,ZA,11,Omicron BA.1,Community,1.076900184881751,2021-09-21,12,Traveler weight (travel hubs),Strategies (per capita),100%,P11-R,fig_3e,P11-R^0,10,1.0815
2021-10-07,ZA,110,Omicron BA.1,Community,1.3425380814135883,2021-09-21,16,Traveler weight (travel hubs),Strategies (per capita),50%,P7-R,fig_3e,P7-R^0,10,1.092
2021-10-07,ZA,110,Omicron BA.1,Community,1.3425380814135883,2021-09-21,16,Traveler weight (travel hubs),Strategies (per capita),50%,P11-R,fig_3e,P11-R^0,10,1.0899
2021-10-07,ZA,110,Omicron BA.1,Community,1.3425380814135883,2021-09-21,16,Traveler weight (travel hubs),Strategies (per capita),70%,P7-R,fig_3e,P7-R^0,10,1.0883
2021-10-07,ZA,110,Omicron BA.1,Community,1.3425380814135883,2021-09-21,16,Traveler weight (travel hubs),Strategies (per capita),70%,P11-R,fig_3e,P11-R^0,10,1.0862
2021-10-07,ZA,110,Omicron BA.1,Community,1.3425380814135883,2021-09-21,16,Traveler weight (travel hubs),Strategies (per capita),90%,P7-R,fig_3e,P7-R^0,10,1.0853
2021-10-07,ZA,110,Omicron BA.1,Community,1.3425380814135883,2021-09-21,16,Traveler weight (travel hubs),Strategies (per capita),90%,P11-R,fig_3e,P11-R^0,10,1.0844
2021-10-07,ZA,110,Omicron BA.1,Community,1.3425380814135883,2021-09-21,16,Traveler weight (travel hubs),Strategies (per capita),100%,P7-R,fig_3e,P7-R^0,10,1.0849
2021-10-07,ZA,110,Omicron BA.1,Community,1.3425380814135883,2021-09-21,16,Traveler weight (travel hubs),Strategies (per capita),100%,P11-R,fig_3e,P11-R^0,10,1.0815
2021-10-01,ZA,111,Omicron BA.1,Community,1.6355040392607354,2021-09-21,10,Traveler weight (travel hubs),Strategies (per capita),50%,P7-R,fig_3e,P7-R^0,10,1.092
2021-10-01,ZA,111,Omicron BA.1,Community,1.6355040392607354,2021-09-21,10,Traveler weight (travel hubs),Strategies (per capita),50%,P11-R,fig_3e,P11-R^0,10,1.0899
2021-10-01,ZA,111,Omicron BA.1,Community,1.6355040392607354,2021-09-21,10,Traveler weight (travel hubs),Strategies (per capita),70%,P7-R,fig_3e,P7-R^0,10,1.0883
2021-10-01,ZA,111,Omicron BA.1,Community,1.6355040392607354,2021-09-21,10,Traveler weight (travel hubs),Strategies (per capita),70%,P11-R,fig_3e,P11-R^0,10,1.0862
2021-10-01,ZA,111,Omicron BA.1,Community,1.6355040392607354,2021-09-21,10,Traveler weight (travel hubs),Strategies (per capita),90%,P7-R,fig_3e,P7-R^0,10,1.0853
2021-10-01,ZA,111,Omicron BA.1,Community,1.6355040392607354,2021-09-21,10,Traveler weight (travel hubs),Strategies (per capita),90%,P11-R,fig_3e,P11-R^0,10,1.0844
2021-10-01,ZA,111,Omicron BA.1,Community,1.6355040392607354,2021-09-21,10,Traveler weight (travel hubs),Strategies (per capita),100%,P7-R,fig_3e,P7-R^0,10,1.0849
2021-10-01,ZA,111,Omicron BA.1,Community,1.6355040392607354,2021-09-21,10,Traveler weight (travel hubs),Strategies (per capita),100%,P11-R,fig_3e,P11-R^0,10,1.0815
2021-10-02,ZA,112,Omicron BA.1,Community,1.058191274823747,2021-09-21,11,Traveler weight (travel hubs),Strategies (per capita),50%,P7-R,fig_3e,P7-R^0,10,1.092
2021-10-02,ZA,112,Omicron BA.1,Community,1.058191274823747,2021-09-21,11,Traveler weight (travel hubs),Strategies (per capita),50%,P11-R,fig_3e,P11-R^0,10,1.0899
2021-10-02,ZA,112,Omicron BA.1,Community,1.058191274823747,2021-09-21,11,Traveler weight (travel hubs),Strategies (per capita),70%,P7-R,fig_3e,P7-R^0,10,1.0883
2021-10-02,ZA,112,Omicron BA.1,Community,1.058191274823747,2021-09-21,11,Traveler weight (travel hubs),Strategies (per capita),70%,P11-R,fig_3e,P11-R^0,10,1.0862
2021-10-02,ZA,112,Omicron BA.1,Community,1.058191274823747,2021-09-21,11,Traveler weight (travel hubs),Strategies (per capita),90%,P7-R,fig_3e,P7-R^0,10,1.0853
2021-10-02,ZA,112,Omicron BA.1,Community,1.058191274823747,2021-09-21,11,Traveler weight (travel hubs),Strategies (per capita),90%,P11-R,fig_3e,P11-R^0,10,1.0844
2021-10-02,ZA,112,Omicron BA.1,Community,1.058191274823747,2021-09-21,11,Traveler weight (travel hubs),Strategies (per capita),100%,P7-R,fig_3e,P7-R^0,10,1.0849
2021-10-02,ZA,112,Omicron BA.1,Community,1.058191274823747,2021-09-21,11,Traveler weight (travel hubs),Strategies (per capita),100%,P11-R,fig_3e,P11-R^0,10,1.0815
2021-10-01,GB,113,Omicron BA.1,Imported,2,2021-09-21,10,Traveler weight (travel hubs),Strategies (per capita),50%,P7-R,fig_3e,P7-R^0,10,1.092
2021-10-01,GB,113,Omicron BA.1,Imported,2,2021-09-21,10,Traveler weight (travel hubs),Strategies (per capita),50%,P11-R,fig_3e,P11-R^0,10,1.0899
2021-10-01,GB,113,Omicron BA.1,Imported,2,2021-09-21,10,Traveler weight (travel hubs),Strategies (per capita),70%,P7-R,fig_3e,P7-R^0,10,1.0883
2021-10-01,GB,113,Omicron BA.1,Imported,2,2021-09-21,10,Traveler weight (travel hubs),Strategies (per capita),70%,P11-R,fig_3e,P11-R^0,10,1.0862
2021-10-01,GB,113,Omicron BA.1,Imported,2,2021-09-21,10,Traveler weight (travel hubs),Strategies (per capita),90%,P7-R,fig_3e,P7-R^0,10,1.0853
2021-10-01,GB,113,Omicron BA.1,Imported,2,2021-09-21,10,Traveler weight (travel hubs),Strategies (per capita),90%,P11-R,fig_3e,P11-R^0,10,1.0844
2021-10-01,GB,113,Omicron BA.1,Imported,2,2021-09-21,10,Traveler weight (travel hubs),Strategies (per capita),100%,P7-R,fig_3e,P7-R^0,10,1.0849
2021-10-01,GB,113,Omicron BA.1,Imported,2,2021-09-21,10,Traveler weight (travel hubs),Strategies (per capita),100%,P11-R,fig_3e,P11-R^0,10,1.0815
2021-09-27,ZA,114,Omicron BA.1,Community,1.0805478591764257,2021-09-21,6,Traveler weight (travel hubs),Strategies (per capita),50%,P7-R,fig_3e,P7-R^0,10,1.092
2021-09-27,ZA,114,Omicron BA.1,Community,1.0805478591764257,2021-09-21,6,Traveler weight (travel hubs),Strategies (per capita),50%,P11-R,fig_3e,P11-R^0,10,1.0899
2021-09-27,ZA,114,Omicron BA.1,Community,1.0805478591764257,2021-09-21,6,Traveler weight (travel hubs),Strategies (per capita),70%,P7-R,fig_3e,P7-R^0,10,1.0883
2021-09-27,ZA,114,Omicron BA.1,Community,1.0805478591764257,2021-09-21,6,Traveler weight (travel hubs),Strategies (per capita),70%,P11-R,fig_3e,P11-R^0,10,1.0862
2021-09-27,ZA,114,Omicron BA.1,Community,1.0805478591764257,2021-09-21,6,Traveler weight (travel hubs),Strategies (per capita),90%,P7-R,fig_3e,P7-R^0,10,1.0853
2021-09-27,ZA,114,Omicron BA.1,Community,1.0805478591764257,2021-09-21,6,Traveler weight (travel hubs),Strategies (per capita),90%,P11-R,fig_3e,P11-R^0,10,1.0844
2021-09-27,ZA,114,Omicron BA.1,Community,1.0805478591764257,2021-09-21,6,Traveler weight (travel hubs),Strategies (per capita),100%,P7-R,fig_3e,P7-R^0,10,1.0849
2021-09-27,ZA,114,Omicron BA.1,Community,1.0805478591764257,2021-09-21,6,Traveler weight (travel hubs),Strategies (per capita),100%,P11-R,fig_3e,P11-R^0,10,1.0815
2021-10-03,ZA,115,Omicron BA.1,Community,1.0201722822239039,2021-09-21,12,Traveler weight (travel hubs),Strategies (per capita),50%,P7-R,fig_3e,P7-R^0,10,1.092
2021-10-03,ZA,115,Omicron BA.1,Community,1.0201722822239039,2021-09-21,12,Traveler weight (travel hubs),Strategies (per capita),50%,P11-R,fig_3e,P11-R^0,10,1.0899
2021-10-03,ZA,115,Omicron BA.1,Community,1.0201722822239039,2021-09-21,12,Traveler weight (travel hubs),Strategies (per capita),70%,P7-R,fig_3e,P7-R^0,10,1.0883
2021-10-03,ZA,115,Omicron BA.1,Community,1.0201722822239039,2021-09-21,12,Traveler weight (travel hubs),Strategies (per capita),70%,P11-R,fig_3e,P11-R^0,10,1.0862
2021-10-03,ZA,115,Omicron BA.1,Community,1.0201722822239039,2021-09-21,12,Traveler weight (travel hubs),Strategies (per capita),90%,P7-R,fig_3e,P7-R^0,10,1.0853
2021-10-03,ZA,115,Omicron BA.1,Community,1.0201722822239039,2021-09-21,12,Traveler weight (travel hubs),Strategies (per capita),90%,P11-R,fig_3e,P11-R^0,10,1.0844
2021-10-03,ZA,115,Omicron BA.1,Community,1.0201722822239039,2021-09-21,12,Traveler weight (travel hubs),Strategies (per capita),100%,P7-R,fig_3e,P7-R^0,10,1.0849
2021-10-03,ZA,115,Omicron BA.1,Community,1.0201722822239039,2021-09-21,12,Traveler weight (travel hubs),Strategies (per capita),100%,P11-R,fig_3e,P11-R^0,10,1.0815
2021-09-26,ZA,116,Omicron BA.1,Community,1.1375459698336778,2021-09-21,5,Traveler weight (travel hubs),Strategies (per capita),50%,P7-R,fig_3e,P7-R^0,10,1.092
2021-09-26,ZA,116,Omicron BA.1,Community,1.1375459698336778,2021-09-21,5,Traveler weight (travel hubs),Strategies (per capita),50%,P11-R,fig_3e,P11-R^0,10,1.0899
2021-09-26,ZA,116,Omicron BA.1,Community,1.1375459698336778,2021-09-21,5,Traveler weight (travel hubs),Strategies (per capita),70%,P7-R,fig_3e,P7-R^0,10,1.0883
2021-09-26,ZA,116,Omicron BA.1,Community,1.1375459698336778,2021-09-21,5,Traveler weight (travel hubs),Strategies (per capita),70%,P11-R,fig_3e,P11-R^0,10,1.0862
2021-09-26,ZA,116,Omicron BA.1,Community,1.1375459698336778,2021-09-21,5,Traveler weight (travel hubs),Strategies (per capita),90%,P7-R,fig_3e,P7-R^0,10,1.0853
2021-09-26,ZA,116,Omicron BA.1,Community,1.1375459698336778,2021-09-21,5,Traveler weight (travel hubs),Strategies (per capita),90%,P11-R,fig_3e,P11-R^0,10,1.0844
2021-09-26,ZA,116,Omicron BA.1,Community,1.1375459698336778,2021-09-21,5,Traveler weight (travel hubs),Strategies (per capita),100%,P7-R,fig_3e,P7-R^0,10,1.0849
2021-09-26,ZA,116,Omicron BA.1,Community,1.1375459698336778,2021-09-21,5,Traveler weight (travel hubs),Strategies (per capita),100%,P11-R,fig_3e,P11-R^0,10,1.0815
2021-10-01,ZA,117,Omicron BA.1,Community,1.3591245592084464,2021-09-21,10,Traveler weight (travel hubs),Strategies (per capita),50%,P7-R,fig_3e,P7-R^0,10,1.092
2021-10-01,ZA,117,Omicron BA.1,Community,1.3591245592084464,2021-09-21,10,Traveler weight (travel hubs),Strategies (per capita),50%,P11-R,fig_3e,P11-R^0,10,1.0899
2021-10-01,ZA,117,Omicron BA.1,Community,1.3591245592084464,2021-09-21,10,Traveler weight (travel hubs),Strategies (per capita),70%,P7-R,fig_3e,P7-R^0,10,1.0883
2021-10-01,ZA,117,Omicron BA.1,Community,1.3591245592084464,2021-09-21,10,Traveler weight (travel hubs),Strategies (per capita),70%,P11-R,fig_3e,P11-R^0,10,1.0862
2021-10-01,ZA,117,Omicron BA.1,Community,1.3591245592084464,2021-09-21,10,Traveler weight (travel hubs),Strategies (per capita),90%,P7-R,fig_3e,P7-R^0,10,1.0853
2021-10-01,ZA,117,Omicron BA.1,Community,1.3591245592084464,2021-09-21,10,Traveler weight (travel hubs),Strategies (per capita),90%,P11-R,fig_3e,P11-R^0,10,1.0844
2021-10-01,ZA,117,Omicron BA.1,Community,1.3591245592084464,2021-09-21,10,Traveler weight (travel hubs),Strategies (per capita),100%,P7-R,fig_3e,P7-R^0,10,1.0849
2021-10-01,ZA,117,Omicron BA.1,Community,1.3591245592084464,2021-09-21,10,Traveler weight (travel hubs),Strategies (per capita),100%,P11-R,fig_3e,P11-R^0,10,1.0815
2021-10-05,ZA,118,Omicron BA.1,Community,1.4641399155880803,2021-09-21,14,Traveler weight (travel hubs),Strategies (per capita),50%,P7-R,fig_3e,P7-R^0,10,1.092
2021-10-05,ZA,118,Omicron BA.1,Community,1.4641399155880803,2021-09-21,14,Traveler weight (travel hubs),Strategies (per capita),50%,P11-R,fig_3e,P11-R^0,10,1.0899
2021-10-05,ZA,118,Omicron BA.1,Community,1.4641399155880803,2021-09-21,14,Traveler weight (travel hubs),Strategies (per capita),70%,P7-R,fig_3e,P7-R^0,10,1.0883
2021-10-05,ZA,118,Omicron BA.1,Community,1.4641399155880803,2021-09-21,14,Traveler weight (travel hubs),Strategies (per capita),70%,P11-R,fig_3e,P11-R^0,10,1.0862
2021-10-05,ZA,118,Omicron BA.1,Community,1.4641399155880803,2021-09-21,14,Traveler weight (travel hubs),Strategies (per capita),90%,P7-R,fig_3e,P7-R^0,10,1.0853
2021-10-05,ZA,118,Omicron BA.1,Community,1.4641399155880803,2021-09-21,14,Traveler weight (travel hubs),Strategies (per capita),90%,P11-R,fig_3e,P11-R^0,10,1.0844
2021-10-05,ZA,118,Omicron BA.1,Community,1.4641399155880803,2021-09-21,14,Traveler weight (travel hubs),Strategies (per capita),100%,P7-R,fig_3e,P7-R^0,10,1.0849
2021-10-05,ZA,118,Omicron BA.1,Community,1.4641399155880803,2021-09-21,14,Traveler weight (travel hubs),Strategies (per capita),100%,P11-R,fig_3e,P11-R^0,10,1.0815
2021-10-02,ZA,119,Omicron BA.1,Community,1.1274835004904096,2021-09-21,11,Traveler weight (travel hubs),Strategies (per capita),50%,P7-R,fig_3e,P7-R^0,10,1.092
2021-10-02,ZA,119,Omicron BA.1,Community,1.1274835004904096,2021-09-21,11,Traveler weight (travel hubs),Strategies (per capita),50%,P11-R,fig_3e,P11-R^0,10,1.0899
2021-10-02,ZA,119,Omicron BA.1,Community,1.1274835004904096,2021-09-21,11,Traveler weight (travel hubs),Strategies (per capita),70%,P7-R,fig_3e,P7-R^0,10,1.0883
2021-10-02,ZA,119,Omicron BA.1,Community,1.1274835004904096,2021-09-21,11,Traveler weight (travel hubs),Strategies (per capita),70%,P11-R,fig_3e,P11-R^0,10,1.0862
2021-10-02,ZA,119,Omicron BA.1,Community,1.1274835004904096,2021-09-21,11,Traveler weight (travel hubs),Strategies (per capita),90%,P7-R,fig_3e,P7-R^0,10,1.0853
2021-10-02,ZA,119,Omicron BA.1,Community,1.1274835004904096,2021-09-21,11,Traveler weight (travel hubs),Strategies (per capita),90%,P11-R,fig_3e,P11-R^0,10,1.0844
2021-10-02,ZA,119,Omicron BA.1,Community,1.1274835004904096,2021-09-21,11,Traveler weight (travel hubs),Strategies (per capita),100%,P7-R,fig_3e,P7-R^0,10,1.0849
2021-10-02,ZA,119,Omicron BA.1,Community,1.1274835004904096,2021-09-21,11,Traveler weight (travel hubs),Strategies (per capita),100%,P11-R,fig_3e,P11-R^0,10,1.0815
2021-10-05,ZA,12,Omicron BA.1,Community,1.1512433971499496,2021-09-21,14,Traveler weight (travel hubs),Strategies (per capita),50%,P7-R,fig_3e,P7-R^0,10,1.092
2021-10-05,ZA,12,Omicron BA.1,Community,1.1512433971499496,2021-09-21,14,Traveler weight (travel hubs),Strategies (per capita),50%,P11-R,fig_3e,P11-R^0,10,1.0899
2021-10-05,ZA,12,Omicron BA.1,Community,1.1512433971499496,2021-09-21,14,Traveler weight (travel hubs),Strategies (per capita),70%,P7-R,fig_3e,P7-R^0,10,1.0883
2021-10-05,ZA,12,Omicron BA.1,Community,1.1512433971499496,2021-09-21,14,Traveler weight (travel hubs),Strategies (per capita),70%,P11-R,fig_3e,P11-R^0,10,1.0862
2021-10-05,ZA,12,Omicron BA.1,Community,1.1512433971499496,2021-09-21,14,Traveler weight (travel hubs),Strategies (per capita),90%,P7-R,fig_3e,P7-R^0,10,1.0853
2021-10-05,ZA,12,Omicron BA.1,Community,1.1512433971499496,2021-09-21,14,Traveler weight (travel hubs),Strategies (per capita),90%,P11-R,fig_3e,P11-R^0,10,1.0844
2021-10-05,ZA,12,Omicron BA.1,Community,1.1512433971499496,2021-09-21,14,Traveler weight (travel hubs),Strategies (per capita),100%,P7-R,fig_3e,P7-R^0,10,1.0849
2021-10-05,ZA,12,Omicron BA.1,Community,1.1512433971499496,2021-09-21,14,Traveler weight (travel hubs),Strategies (per capita),100%,P11-R,fig_3e,P11-R^0,10,1.0815
2021-09-30,ZA,120,Omicron BA.1,Community,1.1251423204238897,2021-09-21,9,Traveler weight (travel hubs),Strategies (per capita),50%,P7-R,fig_3e,P7-R^0,10,1.092
2021-09-30,ZA,120,Omicron BA.1,Community,1.1251423204238897,2021-09-21,9,Traveler weight (travel hubs),Strategies (per capita),50%,P11-R,fig_3e,P11-R^0,10,1.0899
2021-09-30,ZA,120,Omicron BA.1,Community,1.1251423204238897,2021-09-21,9,Traveler weight (travel hubs),Strategies (per capita),70%,P7-R,fig_3e,P7-R^0,10,1.0883
2021-09-30,ZA,120,Omicron BA.1,Community,1.1251423204238897,2021-09-21,9,Traveler weight (travel hubs),Strategies (per capita),70%,P11-R,fig_3e,P11-R^0,10,1.0862
2021-09-30,ZA,120,Omicron BA.1,Community,1.1251423204238897,2021-09-21,9,Traveler weight (travel hubs),Strategies (per capita),90%,P7-R,fig_3e,P7-R^0,10,1.0853
2021-09-30,ZA,120,Omicron BA.1,Community,1.1251423204238897,2021-09-21,9,Traveler weight (travel hubs),Strategies (per capita),90%,P11-R,fig_3e,P11-R^0,10,1.0844
2021-09-30,ZA,120,Omicron BA.1,Community,1.1251423204238897,2021-09-21,9,Traveler weight (travel hubs),Strategies (per capita),100%,P7-R,fig_3e,P7-R^0,10,1.0849
2021-09-30,ZA,120,Omicron BA.1,Community,1.1251423204238897,2021-09-21,9,Traveler weight (travel hubs),Strategies (per capita),100%,P11-R,fig_3e,P11-R^0,10,1.0815
2021-09-30,GB,121,Omicron BA.1,Imported,1,2021-09-21,9,Traveler weight (travel hubs),Strategies (per capita),50%,P7-R,fig_3e,P7-R^0,10,1.092
2021-09-30,GB,121,Omicron BA.1,Imported,1,2021-09-21,9,Traveler weight (travel hubs),Strategies (per capita),50%,P11-R,fig_3e,P11-R^0,10,1.0899
2021-09-30,GB,121,Omicron BA.1,Imported,1,2021-09-21,9,Traveler weight (travel hubs),Strategies (per capita),70%,P7-R,fig_3e,P7-R^0,10,1.0883
2021-09-30,GB,121,Omicron BA.1,Imported,1,2021-09-21,9,Traveler weight (travel hubs),Strategies (per capita),70%,P11-R,fig_3e,P11-R^0,10,1.0862
2021-09-30,GB,121,Omicron BA.1,Imported,1,2021-09-21,9,Traveler weight (travel hubs),Strategies (per capita),90%,P7-R,fig_3e,P7-R^0,10,1.0853
2021-09-30,GB,121,Omicron BA.1,Imported,1,2021-09-21,9,Traveler weight (travel hubs),Strategies (per capita),90%,P11-R,fig_3e,P11-R^0,10,1.0844
2021-09-30,GB,121,Omicron BA.1,Imported,1,2021-09-21,9,Traveler weight (travel hubs),Strategies (per capita),100%,P7-R,fig_3e,P7-R^0,10,1.0849
2021-09-30,GB,121,Omicron BA.1,Imported,1,2021-09-21,9,Traveler weight (travel hubs),Strategies (per capita),100%,P11-R,fig_3e,P11-R^0,10,1.0815
2021-10-02,ZA,122,Omicron BA.1,Community,1.064130608452318,2021-09-21,11,Traveler weight (travel hubs),Strategies (per capita),50%,P7-R,fig_3e,P7-R^0,10,1.092
2021-10-02,ZA,122,Omicron BA.1,Community,1.064130608452318,2021-09-21,11,Traveler weight (travel hubs),Strategies (per capita),50%,P11-R,fig_3e,P11-R^0,10,1.0899
2021-10-02,ZA,122,Omicron BA.1,Community,1.064130608452318,2021-09-21,11,Traveler weight (travel hubs),Strategies (per capita),70%,P7-R,fig_3e,P7-R^0,10,1.0883
2021-10-02,ZA,122,Omicron BA.1,Community,1.064130608452318,2021-09-21,11,Traveler weight (travel hubs),Strategies (per capita),70%,P11-R,fig_3e,P11-R^0,10,1.0862
2021-10-02,ZA,122,Omicron BA.1,Community,1.064130608452318,2021-09-21,11,Traveler weight (travel hubs),Strategies (per capita),90%,P7-R,fig_3e,P7-R^0,10,1.0853
2021-10-02,ZA,122,Omicron BA.1,Community,1.064130608452318,2021-09-21,11,Traveler weight (travel hubs),Strategies (per capita),90%,P11-R,fig_3e,P11-R^0,10,1.0844
2021-10-02,ZA,122,Omicron BA.1,Community,1.064130608452318,2021-09-21,11,Traveler weight (travel hubs),Strategies (per capita),100%,P7-R,fig_3e,P7-R^0,10,1.0849
2021-10-02,ZA,122,Omicron BA.1,Community,1.064130608452318,2021-09-21,11,Traveler weight (travel hubs),Strategies (per capita),100%,P11-R,fig_3e,P11-R^0,10,1.0815
2021-10-01,ZA,123,Omicron BA.1,Community,1.171766185090603,2021-09-21,10,Traveler weight (travel hubs),Strategies (per capita),50%,P7-R,fig_3e,P7-R^0,10,1.092
2021-10-01,ZA,123,Omicron BA.1,Community,1.171766185090603,2021-09-21,10,Traveler weight (travel hubs),Strategies (per capita),50%,P11-R,fig_3e,P11-R^0,10,1.0899
2021-10-01,ZA,123,Omicron BA.1,Community,1.171766185090603,2021-09-21,10,Traveler weight (travel hubs),Strategies (per capita),70%,P7-R,fig_3e,P7-R^0,10,1.0883
2021-10-01,ZA,123,Omicron BA.1,Community,1.171766185090603,2021-09-21,10,Traveler weight (travel hubs),Strategies (per capita),70%,P11-R,fig_3e,P11-R^0,10,1.0862
2021-10-01,ZA,123,Omicron BA.1,Community,1.171766185090603,2021-09-21,10,Traveler weight (travel hubs),Strategies (per capita),90%,P7-R,fig_3e,P7-R^0,10,1.0853
2021-10-01,ZA,123,Omicron BA.1,Community,1.171766185090603,2021-09-21,10,Traveler weight (travel hubs),Strategies (per capita),90%,P11-R,fig_3e,P11-R^0,10,1.0844
2021-10-01,ZA,123,Omicron BA.1,Community,1.171766185090603,2021-09-21,10,Traveler weight (travel hubs),Strategies (per capita),100%,P7-R,fig_3e,P7-R^0,10,1.0849
2021-10-01,ZA,123,Omicron BA.1,Community,1.171766185090603,2021-09-21,10,Traveler weight (travel hubs),Strategies (per capita),100%,P11-R,fig_3e,P11-R^0,10,1.0815
2021-10-02,ZA,124,Omicron BA.1,Community,1.0037473832285122,2021-09-21,11,Traveler weight (travel hubs),Strategies (per capita),50%,P7-R,fig_3e,P7-R^0,10,1.092
2021-10-02,ZA,124,Omicron BA.1,Community,1.0037473832285122,2021-09-21,11,Traveler weight (travel hubs),Strategies (per capita),50%,P11-R,fig_3e,P11-R^0,10,1.0899
2021-10-02,ZA,124,Omicron BA.1,Community,1.0037473832285122,2021-09-21,11,Traveler weight (travel hubs),Strategies (per capita),70%,P7-R,fig_3e,P7-R^0,10,1.0883
2021-10-02,ZA,124,Omicron BA.1,Community,1.0037473832285122,2021-09-21,11,Traveler weight (travel hubs),Strategies (per capita),70%,P11-R,fig_3e,P11-R^0,10,1.0862
2021-10-02,ZA,124,Omicron BA.1,Community,1.0037473832285122,2021-09-21,11,Traveler weight (travel hubs),Strategies (per capita),90%,P7-R,fig_3e,P7-R^0,10,1.0853
2021-10-02,ZA,124,Omicron BA.1,Community,1.0037473832285122,2021-09-21,11,Traveler weight (travel hubs),Strategies (per capita),90%,P11-R,fig_3e,P11-R^0,10,1.0844
2021-10-02,ZA,124,Omicron BA.1,Community,1.0037473832285122,2021-09-21,11,Traveler weight (travel hubs),Strategies (per capita),100%,P7-R,fig_3e,P7-R^0,10,1.0849
2021-10-02,ZA,124,Omicron BA.1,Community,1.0037473832285122,2021-09-21,11,Traveler weight (travel hubs),Strategies (per capita),100%,P11-R,fig_3e,P11-R^0,10,1.0815
2021-09-26,ZA,125,Omicron BA.1,Community,1.0394413892730732,2021-09-21,5,Traveler weight (travel hubs),Strategies (per capita),50%,P7-R,fig_3e,P7-R^0,10,1.092
2021-09-26,ZA,125,Omicron BA.1,Community,1.0394413892730732,2021-09-21,5,Traveler weight (travel hubs),Strategies (per capita),50%,P11-R,fig_3e,P11-R^0,10,1.0899
2021-09-26,ZA,125,Omicron BA.1,Community,1.0394413892730732,2021-09-21,5,Traveler weight (travel hubs),Strategies (per capita),70%,P7-R,fig_3e,P7-R^0,10,1.0883
2021-09-26,ZA,125,Omicron BA.1,Community,1.0394413892730732,2021-09-21,5,Traveler weight (travel hubs),Strategies (per capita),70%,P11-R,fig_3e,P11-R^0,10,1.0862
2021-09-26,ZA,125,Omicron BA.1,Community,1.0394413892730732,2021-09-21,5,Traveler weight (travel hubs),Strategies (per capita),90%,P7-R,fig_3e,P7-R^0,10,1.0853
2021-09-26,ZA,125,Omicron BA.1,Community,1.0394413892730732,2021-09-21,5,Traveler weight (travel hubs),Strategies (per capita),90%,P11-R,fig_3e,P11-R^0,10,1.0844
2021-09-26,ZA,125,Omicron BA.1,Community,1.0394413892730732,2021-09-21,5,Traveler weight (travel hubs),Strategies (per capita),100%,P7-R,fig_3e,P7-R^0,10,1.0849
2021-09-26,ZA,125,Omicron BA.1,Community,1.0394413892730732,2021-09-21,5,Traveler weight (travel hubs),Strategies (per capita),100%,P11-R,fig_3e,P11-R^0,10,1.0815
2021-09-27,GB,126,Omicron BA.1,Imported,1,2021-09-21,6,Traveler weight (travel hubs),Strategies (per capita),50%,P7-R,fig_3e,P7-R^0,10,1.092
2021-09-27,GB,126,Omicron BA.1,Imported,1,2021-09-21,6,Traveler weight (travel hubs),Strategies (per capita),50%,P11-R,fig_3e,P11-R^0,10,1.0899
2021-09-27,GB,126,Omicron BA.1,Imported,1,2021-09-21,6,Traveler weight (travel hubs),Strategies (per capita),70%,P7-R,fig_3e,P7-R^0,10,1.0883
2021-09-27,GB,126,Omicron BA.1,Imported,1,2021-09-21,6,Traveler weight (travel hubs),Strategies (per capita),70%,P11-R,fig_3e,P11-R^0,10,1.0862
2021-09-27,GB,126,Omicron BA.1,Imported,1,2021-09-21,6,Traveler weight (travel hubs),Strategies (per capita),90%,P7-R,fig_3e,P7-R^0,10,1.0853
2021-09-27,GB,126,Omicron BA.1,Imported,1,2021-09-21,6,Traveler weight (travel hubs),Strategies (per capita),90%,P11-R,fig_3e,P11-R^0,10,1.0844
2021-09-27,GB,126,Omicron BA.1,Imported,1,2021-09-21,6,Traveler weight (travel hubs),Strategies (per capita),100%,P7-R,fig_3e,P7-R^0,10,1.0849
2021-09-27,GB,126,Omicron BA.1,Imported,1,2021-09-21,6,Traveler weight (travel hubs),Strategies (per capita),100%,P11-R,fig_3e,P11-R^0,10,1.0815
2021-10-01,ZA,127,Omicron BA.1,Community,1.0185670725522555,2021-09-21,10,Traveler weight (travel hubs),Strategies (per capita),50%,P7-R,fig_3e,P7-R^0,10,1.092
2021-10-01,ZA,127,Omicron BA.1,Community,1.0185670725522555,2021-09-21,10,Traveler weight (travel hubs),Strategies (per capita),50%,P11-R,fig_3e,P11-R^0,10,1.0899
2021-10-01,ZA,127,Omicron BA.1,Community,1.0185670725522555,2021-09-21,10,Traveler weight (travel hubs),Strategies (per capita),70%,P7-R,fig_3e,P7-R^0,10,1.0883
2021-10-01,ZA,127,Omicron BA.1,Community,1.0185670725522555,2021-09-21,10,Traveler weight (travel hubs),Strategies (per capita),70%,P11-R,fig_3e,P11-R^0,10,1.0862
2021-10-01,ZA,127,Omicron BA.1,Community,1.0185670725522555,2021-09-21,10,Traveler weight (travel hubs),Strategies (per capita),90%,P7-R,fig_3e,P7-R^0,10,1.0853
2021-10-01,ZA,127,Omicron BA.1,Community,1.0185670725522555,2021-09-21,10,Traveler weight (travel hubs),Strategies (per capita),90%,P11-R,fig_3e,P11-R^0,10,1.0844
2021-10-01,ZA,127,Omicron BA.1,Community,1.0185670725522555,2021-09-21,10,Traveler weight (travel hubs),Strategies (per capita),100%,P7-R,fig_3e,P7-R^0,10,1.0849
2021-10-01,ZA,127,Omicron BA.1,Community,1.0185670725522555,2021-09-21,10,Traveler weight (travel hubs),Strategies (per capita),100%,P11-R,fig_3e,P11-R^0,10,1.0815
2021-09-30,ZA,128,Omicron BA.1,Community,1.1210095662625532,2021-09-21,9,Traveler weight (travel hubs),Strategies (per capita),50%,P7-R,fig_3e,P7-R^0,10,1.092
2021-09-30,ZA,128,Omicron BA.1,Community,1.1210095662625532,2021-09-21,9,Traveler weight (travel hubs),Strategies (per capita),50%,P11-R,fig_3e,P11-R^0,10,1.0899
2021-09-30,ZA,128,Omicron BA.1,Community,1.1210095662625532,2021-09-21,9,Traveler weight (travel hubs),Strategies (per capita),70%,P7-R,fig_3e,P7-R^0,10,1.0883
2021-09-30,ZA,128,Omicron BA.1,Community,1.1210095662625532,2021-09-21,9,Traveler weight (travel hubs),Strategies (per capita),70%,P11-R,fig_3e,P11-R^0,10,1.0862
2021-09-30,ZA,128,Omicron BA.1,Community,1.1210095662625532,2021-09-21,9,Traveler weight (travel hubs),Strategies (per capita),90%,P7-R,fig_3e,P7-R^0,10,1.0853
2021-09-30,ZA,128,Omicron BA.1,Community,1.1210095662625532,2021-09-21,9,Traveler weight (travel hubs),Strategies (per capita),90%,P11-R,fig_3e,P11-R^0,10,1.0844
2021-09-30,ZA,128,Omicron BA.1,Community,1.1210095662625532,2021-09-21,9,Traveler weight (travel hubs),Strategies (per capita),100%,P7-R,fig_3e,P7-R^0,10,1.0849
2021-09-30,ZA,128,Omicron BA.1,Community,1.1210095662625532,2021-09-21,9,Traveler weight (travel hubs),Strategies (per capita),100%,P11-R,fig_3e,P11-R^0,10,1.0815
2021-09-29,ZA,129,Omicron BA.1,Community,1.1989445248684834,2021-09-21,8,Traveler weight (travel hubs),Strategies (per capita),50%,P7-R,fig_3e,P7-R^0,10,1.092
2021-09-29,ZA,129,Omicron BA.1,Community,1.1989445248684834,2021-09-21,8,Traveler weight (travel hubs),Strategies (per capita),50%,P11-R,fig_3e,P11-R^0,10,1.0899
2021-09-29,ZA,129,Omicron BA.1,Community,1.1989445248684834,2021-09-21,8,Traveler weight (travel hubs),Strategies (per capita),70%,P7-R,fig_3e,P7-R^0,10,1.0883
2021-09-29,ZA,129,Omicron BA.1,Community,1.1989445248684834,2021-09-21,8,Traveler weight (travel hubs),Strategies (per capita),70%,P11-R,fig_3e,P11-R^0,10,1.0862
2021-09-29,ZA,129,Omicron BA.1,Community,1.1989445248684834,2021-09-21,8,Traveler weight (travel hubs),Strategies (per capita),90%,P7-R,fig_3e,P7-R^0,10,1.0853
2021-09-29,ZA,129,Omicron BA.1,Community,1.1989445248684834,2021-09-21,8,Traveler weight (travel hubs),Strategies (per capita),90%,P11-R,fig_3e,P11-R^0,10,1.0844
2021-09-29,ZA,129,Omicron BA.1,Community,1.1989445248684834,2021-09-21,8,Traveler weight (travel hubs),Strategies (per capita),100%,P7-R,fig_3e,P7-R^0,10,1.0849
2021-09-29,ZA,129,Omicron BA.1,Community,1.1989445248684834,2021-09-21,8,Traveler weight (travel hubs),Strategies (per capita),100%,P11-R,fig_3e,P11-R^0,10,1.0815
2021-10-07,ZA,13,Omicron BA.1,Community,1.5061641013261333,2021-09-21,16,Traveler weight (travel hubs),Strategies (per capita),50%,P7-R,fig_3e,P7-R^0,10,1.092
2021-10-07,ZA,13,Omicron BA.1,Community,1.5061641013261333,2021-09-21,16,Traveler weight (travel hubs),Strategies (per capita),50%,P11-R,fig_3e,P11-R^0,10,1.0899
2021-10-07,ZA,13,Omicron BA.1,Community,1.5061641013261333,2021-09-21,16,Traveler weight (travel hubs),Strategies (per capita),70%,P7-R,fig_3e,P7-R^0,10,1.0883
2021-10-07,ZA,13,Omicron BA.1,Community,1.5061641013261333,2021-09-21,16,Traveler weight (travel hubs),Strategies (per capita),70%,P11-R,fig_3e,P11-R^0,10,1.0862
2021-10-07,ZA,13,Omicron BA.1,Community,1.5061641013261333,2021-09-21,16,Traveler weight (travel hubs),Strategies (per capita),90%,P7-R,fig_3e,P7-R^0,10,1.0853
2021-10-07,ZA,13,Omicron BA.1,Community,1.5061641013261333,2021-09-21,16,Traveler weight (travel hubs),Strategies (per capita),90%,P11-R,fig_3e,P11-R^0,10,1.0844
2021-10-07,ZA,13,Omicron BA.1,Community,1.5061641013261333,2021-09-21,16,Traveler weight (travel hubs),Strategies (per capita),100%,P7-R,fig_3e,P7-R^0,10,1.0849
2021-10-07,ZA,13,Omicron BA.1,Community,1.5061641013261333,2021-09-21,16,Traveler weight (travel hubs),Strategies (per capita),100%,P11-R,fig_3e,P11-R^0,10,1.0815
2021-10-06,ZA,130,Omicron BA.1,Community,1.129297651637496,2021-09-21,15,Traveler weight (travel hubs),Strategies (per capita),50%,P7-R,fig_3e,P7-R^0,10,1.092
2021-10-06,ZA,130,Omicron BA.1,Community,1.129297651637496,2021-09-21,15,Traveler weight (travel hubs),Strategies (per capita),50%,P11-R,fig_3e,P11-R^0,10,1.0899
2021-10-06,ZA,130,Omicron BA.1,Community,1.129297651637496,2021-09-21,15,Traveler weight (travel hubs),Strategies (per capita),70%,P7-R,fig_3e,P7-R^0,10,1.0883
2021-10-06,ZA,130,Omicron BA.1,Community,1.129297651637496,2021-09-21,15,Traveler weight (travel hubs),Strategies (per capita),70%,P11-R,fig_3e,P11-R^0,10,1.0862
2021-10-06,ZA,130,Omicron BA.1,Community,1.129297651637496,2021-09-21,15,Traveler weight (travel hubs),Strategies (per capita),90%,P7-R,fig_3e,P7-R^0,10,1.0853
2021-10-06,ZA,130,Omicron BA.1,Community,1.129297651637496,2021-09-21,15,Traveler weight (travel hubs),Strategies (per capita),90%,P11-R,fig_3e,P11-R^0,10,1.0844
2021-10-06,ZA,130,Omicron BA.1,Community,1.129297651637496,2021-09-21,15,Traveler weight (travel hubs),Strategies (per capita),100%,P7-R,fig_3e,P7-R^0,10,1.0849
2021-10-06,ZA,130,Omicron BA.1,Community,1.129297651637496,2021-09-21,15,Traveler weight (travel hubs),Strategies (per capita),100%,P11-R,fig_3e,P11-R^0,10,1.0815
2021-10-01,ZA,131,Omicron BA.1,Community,1.0444453010215708,2021-09-21,10,Traveler weight (travel hubs),Strategies (per capita),50%,P7-R,fig_3e,P7-R^0,10,1.092
2021-10-01,ZA,131,Omicron BA.1,Community,1.0444453010215708,2021-09-21,10,Traveler weight (travel hubs),Strategies (per capita),50%,P11-R,fig_3e,P11-R^0,10,1.0899
2021-10-01,ZA,131,Omicron BA.1,Community,1.0444453010215708,2021-09-21,10,Traveler weight (travel hubs),Strategies (per capita),70%,P7-R,fig_3e,P7-R^0,10,1.0883
2021-10-01,ZA,131,Omicron BA.1,Community,1.0444453010215708,2021-09-21,10,Traveler weight (travel hubs),Strategies (per capita),70%,P11-R,fig_3e,P11-R^0,10,1.0862
2021-10-01,ZA,131,Omicron BA.1,Community,1.0444453010215708,2021-09-21,10,Traveler weight (travel hubs),Strategies (per capita),90%,P7-R,fig_3e,P7-R^0,10,1.0853
2021-10-01,ZA,131,Omicron BA.1,Community,1.0444453010215708,2021-09-21,10,Traveler weight (travel hubs),Strategies (per capita),90%,P11-R,fig_3e,P11-R^0,10,1.0844
2021-10-01,ZA,131,Omicron BA.1,Community,1.0444453010215708,2021-09-21,10,Traveler weight (travel hubs),Strategies (per capita),100%,P7-R,fig_3e,P7-R^0,10,1.0849
2021-10-01,ZA,131,Omicron BA.1,Community,1.0444453010215708,2021-09-21,10,Traveler weight (travel hubs),Strategies (per capita),100%,P11-R,fig_3e,P11-R^0,10,1.0815
2021-10-02,ZA,132,Omicron BA.1,Community,1.0433429407523194,2021-09-21,11,Traveler weight (travel hubs),Strategies (per capita),50%,P7-R,fig_3e,P7-R^0,10,1.092
2021-10-02,ZA,132,Omicron BA.1,Community,1.0433429407523194,2021-09-21,11,Traveler weight (travel hubs),Strategies (per capita),50%,P11-R,fig_3e,P11-R^0,10,1.0899
2021-10-02,ZA,132,Omicron BA.1,Community,1.0433429407523194,2021-09-21,11,Traveler weight (travel hubs),Strategies (per capita),70%,P7-R,fig_3e,P7-R^0,10,1.0883
2021-10-02,ZA,132,Omicron BA.1,Community,1.0433429407523194,2021-09-21,11,Traveler weight (travel hubs),Strategies (per capita),70%,P11-R,fig_3e,P11-R^0,10,1.0862
2021-10-02,ZA,132,Omicron BA.1,Community,1.0433429407523194,2021-09-21,11,Traveler weight (travel hubs),Strategies (per capita),90%,P7-R,fig_3e,P7-R^0,10,1.0853
2021-10-02,ZA,132,Omicron BA.1,Community,1.0433429407523194,2021-09-21,11,Traveler weight (travel hubs),Strategies (per capita),90%,P11-R,fig_3e,P11-R^0,10,1.0844
2021-10-02,ZA,132,Omicron BA.1,Community,1.0433429407523194,2021-09-21,11,Traveler weight (travel hubs),Strategies (per capita),100%,P7-R,fig_3e,P7-R^0,10,1.0849
2021-10-02,ZA,132,Omicron BA.1,Community,1.0433429407523194,2021-09-21,11,Traveler weight (travel hubs),Strategies (per capita),100%,P11-R,fig_3e,P11-R^0,10,1.0815
2021-10-08,ZA,133,Omicron BA.1,Community,1.1527746667163474,2021-09-21,17,Traveler weight (travel hubs),Strategies (per capita),50%,P7-R,fig_3e,P7-R^0,10,1.092
2021-10-08,ZA,133,Omicron BA.1,Community,1.1527746667163474,2021-09-21,17,Traveler weight (travel hubs),Strategies (per capita),50%,P11-R,fig_3e,P11-R^0,10,1.0899
2021-10-08,ZA,133,Omicron BA.1,Community,1.1527746667163474,2021-09-21,17,Traveler weight (travel hubs),Strategies (per capita),70%,P7-R,fig_3e,P7-R^0,10,1.0883
2021-10-08,ZA,133,Omicron BA.1,Community,1.1527746667163474,2021-09-21,17,Traveler weight (travel hubs),Strategies (per capita),70%,P11-R,fig_3e,P11-R^0,10,1.0862
2021-10-08,ZA,133,Omicron BA.1,Community,1.1527746667163474,2021-09-21,17,Traveler weight (travel hubs),Strategies (per capita),90%,P7-R,fig_3e,P7-R^0,10,1.0853
2021-10-08,ZA,133,Omicron BA.1,Community,1.1527746667163474,2021-09-21,17,Traveler weight (travel hubs),Strategies (per capita),90%,P11-R,fig_3e,P11-R^0,10,1.0844
2021-10-08,ZA,133,Omicron BA.1,Community,1.1527746667163474,2021-09-21,17,Traveler weight (travel hubs),Strategies (per capita),100%,P7-R,fig_3e,P7-R^0,10,1.0849
2021-10-08,ZA,133,Omicron BA.1,Community,1.1527746667163474,2021-09-21,17,Traveler weight (travel hubs),Strategies (per capita),100%,P11-R,fig_3e,P11-R^0,10,1.0815
2021-09-29,GB,134,Omicron BA.1,Imported,1,2021-09-21,8,Traveler weight (travel hubs),Strategies (per capita),50%,P7-R,fig_3e,P7-R^0,10,1.092
2021-09-29,GB,134,Omicron BA.1,Imported,1,2021-09-21,8,Traveler weight (travel hubs),Strategies (per capita),50%,P11-R,fig_3e,P11-R^0,10,1.0899
2021-09-29,GB,134,Omicron BA.1,Imported,1,2021-09-21,8,Traveler weight (travel hubs),Strategies (per capita),70%,P7-R,fig_3e,P7-R^0,10,1.0883
2021-09-29,GB,134,Omicron BA.1,Imported,1,2021-09-21,8,Traveler weight (travel hubs),Strategies (per capita),70%,P11-R,fig_3e,P11-R^0,10,1.0862
2021-09-29,GB,134,Omicron BA.1,Imported,1,2021-09-21,8,Traveler weight (travel hubs),Strategies (per capita),90%,P7-R,fig_3e,P7-R^0,10,1.0853
2021-09-29,GB,134,Omicron BA.1,Imported,1,2021-09-21,8,Traveler weight (travel hubs),Strategies (per capita),90%,P11-R,fig_3e,P11-R^0,10,1.0844
2021-09-29,GB,134,Omicron BA.1,Imported,1,2021-09-21,8,Traveler weight (travel hubs),Strategies (per capita),100%,P7-R,fig_3e,P7-R^0,10,1.0849
2021-09-29,GB,134,Omicron BA.1,Imported,1,2021-09-21,8,Traveler weight (travel hubs),Strategies (per capita),100%,P11-R,fig_3e,P11-R^0,10,1.0815
2021-09-29,ZA,135,Omicron BA.1,Community,1.3006407122457209,2021-09-21,8,Traveler weight (travel hubs),Strategies (per capita),50%,P7-R,fig_3e,P7-R^0,10,1.092
2021-09-29,ZA,135,Omicron BA.1,Community,1.3006407122457209,2021-09-21,8,Traveler weight (travel hubs),Strategies (per capita),50%,P11-R,fig_3e,P11-R^0,10,1.0899
2021-09-29,ZA,135,Omicron BA.1,Community,1.3006407122457209,2021-09-21,8,Traveler weight (travel hubs),Strategies (per capita),70%,P7-R,fig_3e,P7-R^0,10,1.0883
2021-09-29,ZA,135,Omicron BA.1,Community,1.3006407122457209,2021-09-21,8,Traveler weight (travel hubs),Strategies (per capita),70%,P11-R,fig_3e,P11-R^0,10,1.0862
2021-09-29,ZA,135,Omicron BA.1,Community,1.3006407122457209,2021-09-21,8,Traveler weight (travel hubs),Strategies (per capita),90%,P7-R,fig_3e,P7-R^0,10,1.0853
2021-09-29,ZA,135,Omicron BA.1,Community,1.3006407122457209,2021-09-21,8,Traveler weight (travel hubs),Strategies (per capita),90%,P11-R,fig_3e,P11-R^0,10,1.0844
2021-09-29,ZA,135,Omicron BA.1,Community,1.3006407122457209,2021-09-21,8,Traveler weight (travel hubs),Strategies (per capita),100%,P7-R,fig_3e,P7-R^0,10,1.0849
2021-09-29,ZA,135,Omicron BA.1,Community,1.3006407122457209,2021-09-21,8,Traveler weight (travel hubs),Strategies (per capita),100%,P11-R,fig_3e,P11-R^0,10,1.0815
2021-09-27,GB,136,Omicron BA.1,Imported,1,2021-09-21,6,Traveler weight (travel hubs),Strategies (per capita),50%,P7-R,fig_3e,P7-R^0,10,1.092
2021-09-27,GB,136,Omicron BA.1,Imported,1,2021-09-21,6,Traveler weight (travel hubs),Strategies (per capita),50%,P11-R,fig_3e,P11-R^0,10,1.0899
2021-09-27,GB,136,Omicron BA.1,Imported,1,2021-09-21,6,Traveler weight (travel hubs),Strategies (per capita),70%,P7-R,fig_3e,P7-R^0,10,1.0883
2021-09-27,GB,136,Omicron BA.1,Imported,1,2021-09-21,6,Traveler weight (travel hubs),Strategies (per capita),70%,P11-R,fig_3e,P11-R^0,10,1.0862
2021-09-27,GB,136,Omicron BA.1,Imported,1,2021-09-21,6,Traveler weight (travel hubs),Strategies (per capita),90%,P7-R,fig_3e,P7-R^0,10,1.0853
2021-09-27,GB,136,Omicron BA.1,Imported,1,2021-09-21,6,Traveler weight (travel hubs),Strategies (per capita),90%,P11-R,fig_3e,P11-R^0,10,1.0844
2021-09-27,GB,136,Omicron BA.1,Imported,1,2021-09-21,6,Traveler weight (travel hubs),Strategies (per capita),100%,P7-R,fig_3e,P7-R^0,10,1.0849
2021-09-27,GB,136,Omicron BA.1,Imported,1,2021-09-21,6,Traveler weight (travel hubs),Strategies (per capita),100%,P11-R,fig_3e,P11-R^0,10,1.0815
2021-10-01,ZA,137,Omicron BA.1,Community,1.1262205029846077,2021-09-21,10,Traveler weight (travel hubs),Strategies (per capita),50%,P7-R,fig_3e,P7-R^0,10,1.092
2021-10-01,ZA,137,Omicron BA.1,Community,1.1262205029846077,2021-09-21,10,Traveler weight (travel hubs),Strategies (per capita),50%,P11-R,fig_3e,P11-R^0,10,1.0899
2021-10-01,ZA,137,Omicron BA.1,Community,1.1262205029846077,2021-09-21,10,Traveler weight (travel hubs),Strategies (per capita),70%,P7-R,fig_3e,P7-R^0,10,1.0883
2021-10-01,ZA,137,Omicron BA.1,Community,1.1262205029846077,2021-09-21,10,Traveler weight (travel hubs),Strategies (per capita),70%,P11-R,fig_3e,P11-R^0,10,1.0862
2021-10-01,ZA,137,Omicron BA.1,Community,1.1262205029846077,2021-09-21,10,Traveler weight (travel hubs),Strategies (per capita),90%,P7-R,fig_3e,P7-R^0,10,1.0853
2021-10-01,ZA,137,Omicron BA.1,Community,1.1262205029846077,2021-09-21,10,Traveler weight (travel hubs),Strategies (per capita),90%,P11-R,fig_3e,P11-R^0,10,1.0844
2021-10-01,ZA,137,Omicron BA.1,Community,1.1262205029846077,2021-09-21,10,Traveler weight (travel hubs),Strategies (per capita),100%,P7-R,fig_3e,P7-R^0,10,1.0849
2021-10-01,ZA,137,Omicron BA.1,Community,1.1262205029846077,2021-09-21,10,Traveler weight (travel hubs),Strategies (per capita),100%,P11-R,fig_3e,P11-R^0,10,1.0815
2021-10-06,ZA,138,Omicron BA.1,Community,1.0308772812791518,2021-09-21,15,Traveler weight (travel hubs),Strategies (per capita),50%,P7-R,fig_3e,P7-R^0,10,1.092
2021-10-06,ZA,138,Omicron BA.1,Community,1.0308772812791518,2021-09-21,15,Traveler weight (travel hubs),Strategies (per capita),50%,P11-R,fig_3e,P11-R^0,10,1.0899
2021-10-06,ZA,138,Omicron BA.1,Community,1.0308772812791518,2021-09-21,15,Traveler weight (travel hubs),Strategies (per capita),70%,P7-R,fig_3e,P7-R^0,10,1.0883
2021-10-06,ZA,138,Omicron BA.1,Community,1.0308772812791518,2021-09-21,15,Traveler weight (travel hubs),Strategies (per capita),70%,P11-R,fig_3e,P11-R^0,10,1.0862
2021-10-06,ZA,138,Omicron BA.1,Community,1.0308772812791518,2021-09-21,15,Traveler weight (travel hubs),Strategies (per capita),90%,P7-R,fig_3e,P7-R^0,10,1.0853
2021-10-06,ZA,138,Omicron BA.1,Community,1.0308772812791518,2021-09-21,15,Traveler weight (travel hubs),Strategies (per capita),90%,P11-R,fig_3e,P11-R^0,10,1.0844
2021-10-06,ZA,138,Omicron BA.1,Community,1.0308772812791518,2021-09-21,15,Traveler weight (travel hubs),Strategies (per capita),100%,P7-R,fig_3e,P7-R^0,10,1.0849
2021-10-06,ZA,138,Omicron BA.1,Community,1.0308772812791518,2021-09-21,15,Traveler weight (travel hubs),Strategies (per capita),100%,P11-R,fig_3e,P11-R^0,10,1.0815
2021-10-05,ZA,139,Omicron BA.1,Community,1.0120583941205743,2021-09-21,14,Traveler weight (travel hubs),Strategies (per capita),50%,P7-R,fig_3e,P7-R^0,10,1.092
2021-10-05,ZA,139,Omicron BA.1,Community,1.0120583941205743,2021-09-21,14,Traveler weight (travel hubs),Strategies (per capita),50%,P11-R,fig_3e,P11-R^0,10,1.0899
2021-10-05,ZA,139,Omicron BA.1,Community,1.0120583941205743,2021-09-21,14,Traveler weight (travel hubs),Strategies (per capita),70%,P7-R,fig_3e,P7-R^0,10,1.0883
2021-10-05,ZA,139,Omicron BA.1,Community,1.0120583941205743,2021-09-21,14,Traveler weight (travel hubs),Strategies (per capita),70%,P11-R,fig_3e,P11-R^0,10,1.0862
2021-10-05,ZA,139,Omicron BA.1,Community,1.0120583941205743,2021-09-21,14,Traveler weight (travel hubs),Strategies (per capita),90%,P7-R,fig_3e,P7-R^0,10,1.0853
2021-10-05,ZA,139,Omicron BA.1,Community,1.0120583941205743,2021-09-21,14,Traveler weight (travel hubs),Strategies (per capita),90%,P11-R,fig_3e,P11-R^0,10,1.0844
2021-10-05,ZA,139,Omicron BA.1,Community,1.0120583941205743,2021-09-21,14,Traveler weight (travel hubs),Strategies (per capita),100%,P7-R,fig_3e,P7-R^0,10,1.0849
2021-10-05,ZA,139,Omicron BA.1,Community,1.0120583941205743,2021-09-21,14,Traveler weight (travel hubs),Strategies (per capita),100%,P11-R,fig_3e,P11-R^0,10,1.0815
2021-09-29,ZA,14,Omicron BA.1,Community,1.1250809782471218,2021-09-21,8,Traveler weight (travel hubs),Strategies (per capita),50%,P7-R,fig_3e,P7-R^0,10,1.092
2021-09-29,ZA,14,Omicron BA.1,Community,1.1250809782471218,2021-09-21,8,Traveler weight (travel hubs),Strategies (per capita),50%,P11-R,fig_3e,P11-R^0,10,1.0899
2021-09-29,ZA,14,Omicron BA.1,Community,1.1250809782471218,2021-09-21,8,Traveler weight (travel hubs),Strategies (per capita),70%,P7-R,fig_3e,P7-R^0,10,1.0883
2021-09-29,ZA,14,Omicron BA.1,Community,1.1250809782471218,2021-09-21,8,Traveler weight (travel hubs),Strategies (per capita),70%,P11-R,fig_3e,P11-R^0,10,1.0862
2021-09-29,ZA,14,Omicron BA.1,Community,1.1250809782471218,2021-09-21,8,Traveler weight (travel hubs),Strategies (per capita),90%,P7-R,fig_3e,P7-R^0,10,1.0853
2021-09-29,ZA,14,Omicron BA.1,Community,1.1250809782471218,2021-09-21,8,Traveler weight (travel hubs),Strategies (per capita),90%,P11-R,fig_3e,P11-R^0,10,1.0844
2021-09-29,ZA,14,Omicron BA.1,Community,1.1250809782471218,2021-09-21,8,Traveler weight (travel hubs),Strategies (per capita),100%,P7-R,fig_3e,P7-R^0,10,1.0849
2021-09-29,ZA,14,Omicron BA.1,Community,1.1250809782471218,2021-09-21,8,Traveler weight (travel hubs),Strategies (per capita),100%,P11-R,fig_3e,P11-R^0,10,1.0815
2021-10-01,GB,140,Omicron BA.1,Imported,1,2021-09-21,10,Traveler weight (travel hubs),Strategies (per capita),50%,P7-R,fig_3e,P7-R^0,10,1.092
2021-10-01,GB,140,Omicron BA.1,Imported,1,2021-09-21,10,Traveler weight (travel hubs),Strategies (per capita),50%,P11-R,fig_3e,P11-R^0,10,1.0899
2021-10-01,GB,140,Omicron BA.1,Imported,1,2021-09-21,10,Traveler weight (travel hubs),Strategies (per capita),70%,P7-R,fig_3e,P7-R^0,10,1.0883
2021-10-01,GB,140,Omicron BA.1,Imported,1,2021-09-21,10,Traveler weight (travel hubs),Strategies (per capita),70%,P11-R,fig_3e,P11-R^0,10,1.0862
2021-10-01,GB,140,Omicron BA.1,Imported,1,2021-09-21,10,Traveler weight (travel hubs),Strategies (per capita),90%,P7-R,fig_3e,P7-R^0,10,1.0853
2021-10-01,GB,140,Omicron BA.1,Imported,1,2021-09-21,10,Traveler weight (travel hubs),Strategies (per capita),90%,P11-R,fig_3e,P11-R^0,10,1.0844
2021-10-01,GB,140,Omicron BA.1,Imported,1,2021-09-21,10,Traveler weight (travel hubs),Strategies (per capita),100%,P7-R,fig_3e,P7-R^0,10,1.0849
2021-10-01,GB,140,Omicron BA.1,Imported,1,2021-09-21,10,Traveler weight (travel hubs),Strategies (per capita),100%,P11-R,fig_3e,P11-R^0,10,1.0815
2021-10-05,ZA,141,Omicron BA.1,Community,1.01313734763243,2021-09-21,14,Traveler weight (travel hubs),Strategies (per capita),50%,P7-R,fig_3e,P7-R^0,10,1.092
2021-10-05,ZA,141,Omicron BA.1,Community,1.01313734763243,2021-09-21,14,Traveler weight (travel hubs),Strategies (per capita),50%,P11-R,fig_3e,P11-R^0,10,1.0899
2021-10-05,ZA,141,Omicron BA.1,Community,1.01313734763243,2021-09-21,14,Traveler weight (travel hubs),Strategies (per capita),70%,P7-R,fig_3e,P7-R^0,10,1.0883
2021-10-05,ZA,141,Omicron BA.1,Community,1.01313734763243,2021-09-21,14,Traveler weight (travel hubs),Strategies (per capita),70%,P11-R,fig_3e,P11-R^0,10,1.0862
2021-10-05,ZA,141,Omicron BA.1,Community,1.01313734763243,2021-09-21,14,Traveler weight (travel hubs),Strategies (per capita),90%,P7-R,fig_3e,P7-R^0,10,1.0853
2021-10-05,ZA,141,Omicron BA.1,Community,1.01313734763243,2021-09-21,14,Traveler weight (travel hubs),Strategies (per capita),90%,P11-R,fig_3e,P11-R^0,10,1.0844
2021-10-05,ZA,141,Omicron BA.1,Community,1.01313734763243,2021-09-21,14,Traveler weight (travel hubs),Strategies (per capita),100%,P7-R,fig_3e,P7-R^0,10,1.0849
2021-10-05,ZA,141,Omicron BA.1,Community,1.01313734763243,2021-09-21,14,Traveler weight (travel hubs),Strategies (per capita),100%,P11-R,fig_3e,P11-R^0,10,1.0815
2021-10-01,ZA,142,Omicron BA.1,Community,1.0899909831275663,2021-09-21,10,Traveler weight (travel hubs),Strategies (per capita),50%,P7-R,fig_3e,P7-R^0,10,1.092
2021-10-01,ZA,142,Omicron BA.1,Community,1.0899909831275663,2021-09-21,10,Traveler weight (travel hubs),Strategies (per capita),50%,P11-R,fig_3e,P11-R^0,10,1.0899
2021-10-01,ZA,142,Omicron BA.1,Community,1.0899909831275663,2021-09-21,10,Traveler weight (travel hubs),Strategies (per capita),70%,P7-R,fig_3e,P7-R^0,10,1.0883
2021-10-01,ZA,142,Omicron BA.1,Community,1.0899909831275663,2021-09-21,10,Traveler weight (travel hubs),Strategies (per capita),70%,P11-R,fig_3e,P11-R^0,10,1.0862
2021-10-01,ZA,142,Omicron BA.1,Community,1.0899909831275663,2021-09-21,10,Traveler weight (travel hubs),Strategies (per capita),90%,P7-R,fig_3e,P7-R^0,10,1.0853
2021-10-01,ZA,142,Omicron BA.1,Community,1.0899909831275663,2021-09-21,10,Traveler weight (travel hubs),Strategies (per capita),90%,P11-R,fig_3e,P11-R^0,10,1.0844
2021-10-01,ZA,142,Omicron BA.1,Community,1.0899909831275663,2021-09-21,10,Traveler weight (travel hubs),Strategies (per capita),100%,P7-R,fig_3e,P7-R^0,10,1.0849
2021-10-01,ZA,142,Omicron BA.1,Community,1.0899909831275663,2021-09-21,10,Traveler weight (travel hubs),Strategies (per capita),100%,P11-R,fig_3e,P11-R^0,10,1.0815
2021-10-01,ZA,143,Omicron BA.1,Community,1.1520987314539233,2021-09-21,10,Traveler weight (travel hubs),Strategies (per capita),50%,P7-R,fig_3e,P7-R^0,10,1.092
2021-10-01,ZA,143,Omicron BA.1,Community,1.1520987314539233,2021-09-21,10,Traveler weight (travel hubs),Strategies (per capita),50%,P11-R,fig_3e,P11-R^0,10,1.0899
2021-10-01,ZA,143,Omicron BA.1,Community,1.1520987314539233,2021-09-21,10,Traveler weight (travel hubs),Strategies (per capita),70%,P7-R,fig_3e,P7-R^0,10,1.0883
2021-10-01,ZA,143,Omicron BA.1,Community,1.1520987314539233,2021-09-21,10,Traveler weight (travel hubs),Strategies (per capita),70%,P11-R,fig_3e,P11-R^0,10,1.0862
2021-10-01,ZA,143,Omicron BA.1,Community,1.1520987314539233,2021-09-21,10,Traveler weight (travel hubs),Strategies (per capita),90%,P7-R,fig_3e,P7-R^0,10,1.0853
2021-10-01,ZA,143,Omicron BA.1,Community,1.1520987314539233,2021-09-21,10,Traveler weight (travel hubs),Strategies (per capita),90%,P11-R,fig_3e,P11-R^0,10,1.0844
2021-10-01,ZA,143,Omicron BA.1,Community,1.1520987314539233,2021-09-21,10,Traveler weight (travel hubs),Strategies (per capita),100%,P7-R,fig_3e,P7-R^0,10,1.0849
2021-10-01,ZA,143,Omicron BA.1,Community,1.1520987314539233,2021-09-21,10,Traveler weight (travel hubs),Strategies (per capita),100%,P11-R,fig_3e,P11-R^0,10,1.0815
2021-09-30,ZA,144,Omicron BA.1,Community,1.0135579580678016,2021-09-21,9,Traveler weight (travel hubs),Strategies (per capita),50%,P7-R,fig_3e,P7-R^0,10,1.092
2021-09-30,ZA,144,Omicron BA.1,Community,1.0135579580678016,2021-09-21,9,Traveler weight (travel hubs),Strategies (per capita),50%,P11-R,fig_3e,P11-R^0,10,1.0899
2021-09-30,ZA,144,Omicron BA.1,Community,1.0135579580678016,2021-09-21,9,Traveler weight (travel hubs),Strategies (per capita),70%,P7-R,fig_3e,P7-R^0,10,1.0883
2021-09-30,ZA,144,Omicron BA.1,Community,1.0135579580678016,2021-09-21,9,Traveler weight (travel hubs),Strategies (per capita),70%,P11-R,fig_3e,P11-R^0,10,1.0862
2021-09-30,ZA,144,Omicron BA.1,Community,1.0135579580678016,2021-09-21,9,Traveler weight (travel hubs),Strategies (per capita),90%,P7-R,fig_3e,P7-R^0,10,1.0853
2021-09-30,ZA,144,Omicron BA.1,Community,1.0135579580678016,2021-09-21,9,Traveler weight (travel hubs),Strategies (per capita),90%,P11-R,fig_3e,P11-R^0,10,1.0844
2021-09-30,ZA,144,Omicron BA.1,Community,1.0135579580678016,2021-09-21,9,Traveler weight (travel hubs),Strategies (per capita),100%,P7-R,fig_3e,P7-R^0,10,1.0849
2021-09-30,ZA,144,Omicron BA.1,Community,1.0135579580678016,2021-09-21,9,Traveler weight (travel hubs),Strategies (per capita),100%,P11-R,fig_3e,P11-R^0,10,1.0815
2021-09-30,ZA,145,Omicron BA.1,Community,1.304917126442032,2021-09-21,9,Traveler weight (travel hubs),Strategies (per capita),50%,P7-R,fig_3e,P7-R^0,10,1.092
2021-09-30,ZA,145,Omicron BA.1,Community,1.304917126442032,2021-09-21,9,Traveler weight (travel hubs),Strategies (per capita),50%,P11-R,fig_3e,P11-R^0,10,1.0899
2021-09-30,ZA,145,Omicron BA.1,Community,1.304917126442032,2021-09-21,9,Traveler weight (travel hubs),Strategies (per capita),70%,P7-R,fig_3e,P7-R^0,10,1.0883
2021-09-30,ZA,145,Omicron BA.1,Community,1.304917126442032,2021-09-21,9,Traveler weight (travel hubs),Strategies (per capita),70%,P11-R,fig_3e,P11-R^0,10,1.0862
2021-09-30,ZA,145,Omicron BA.1,Community,1.304917126442032,2021-09-21,9,Traveler weight (travel hubs),Strategies (per capita),90%,P7-R,fig_3e,P7-R^0,10,1.0853
2021-09-30,ZA,145,Omicron BA.1,Community,1.304917126442032,2021-09-21,9,Traveler weight (travel hubs),Strategies (per capita),90%,P11-R,fig_3e,P11-R^0,10,1.0844
2021-09-30,ZA,145,Omicron BA.1,Community,1.304917126442032,2021-09-21,9,Traveler weight (travel hubs),Strategies (per capita),100%,P7-R,fig_3e,P7-R^0,10,1.0849
2021-09-30,ZA,145,Omicron BA.1,Community,1.304917126442032,2021-09-21,9,Traveler weight (travel hubs),Strategies (per capita),100%,P11-R,fig_3e,P11-R^0,10,1.0815
2021-09-30,ZA,146,Omicron BA.1,Community,1.0207902778501408,2021-09-21,9,Traveler weight (travel hubs),Strategies (per capita),50%,P7-R,fig_3e,P7-R^0,10,1.092
2021-09-30,ZA,146,Omicron BA.1,Community,1.0207902778501408,2021-09-21,9,Traveler weight (travel hubs),Strategies (per capita),50%,P11-R,fig_3e,P11-R^0,10,1.0899
2021-09-30,ZA,146,Omicron BA.1,Community,1.0207902778501408,2021-09-21,9,Traveler weight (travel hubs),Strategies (per capita),70%,P7-R,fig_3e,P7-R^0,10,1.0883
2021-09-30,ZA,146,Omicron BA.1,Community,1.0207902778501408,2021-09-21,9,Traveler weight (travel hubs),Strategies (per capita),70%,P11-R,fig_3e,P11-R^0,10,1.0862
2021-09-30,ZA,146,Omicron BA.1,Community,1.0207902778501408,2021-09-21,9,Traveler weight (travel hubs),Strategies (per capita),90%,P7-R,fig_3e,P7-R^0,10,1.0853
2021-09-30,ZA,146,Omicron BA.1,Community,1.0207902778501408,2021-09-21,9,Traveler weight (travel hubs),Strategies (per capita),90%,P11-R,fig_3e,P11-R^0,10,1.0844
2021-09-30,ZA,146,Omicron BA.1,Community,1.0207902778501408,2021-09-21,9,Traveler weight (travel hubs),Strategies (per capita),100%,P7-R,fig_3e,P7-R^0,10,1.0849
2021-09-30,ZA,146,Omicron BA.1,Community,1.0207902778501408,2021-09-21,9,Traveler weight (travel hubs),Strategies (per capita),100%,P11-R,fig_3e,P11-R^0,10,1.0815
2021-10-01,ZA,147,Omicron BA.1,Community,1.069288400352114,2021-09-21,10,Traveler weight (travel hubs),Strategies (per capita),50%,P7-R,fig_3e,P7-R^0,10,1.092
2021-10-01,ZA,147,Omicron BA.1,Community,1.069288400352114,2021-09-21,10,Traveler weight (travel hubs),Strategies (per capita),50%,P11-R,fig_3e,P11-R^0,10,1.0899
2021-10-01,ZA,147,Omicron BA.1,Community,1.069288400352114,2021-09-21,10,Traveler weight (travel hubs),Strategies (per capita),70%,P7-R,fig_3e,P7-R^0,10,1.0883
2021-10-01,ZA,147,Omicron BA.1,Community,1.069288400352114,2021-09-21,10,Traveler weight (travel hubs),Strategies (per capita),70%,P11-R,fig_3e,P11-R^0,10,1.0862
2021-10-01,ZA,147,Omicron BA.1,Community,1.069288400352114,2021-09-21,10,Traveler weight (travel hubs),Strategies (per capita),90%,P7-R,fig_3e,P7-R^0,10,1.0853
2021-10-01,ZA,147,Omicron BA.1,Community,1.069288400352114,2021-09-21,10,Traveler weight (travel hubs),Strategies (per capita),90%,P11-R,fig_3e,P11-R^0,10,1.0844
2021-10-01,ZA,147,Omicron BA.1,Community,1.069288400352114,2021-09-21,10,Traveler weight (travel hubs),Strategies (per capita),100%,P7-R,fig_3e,P7-R^0,10,1.0849
2021-10-01,ZA,147,Omicron BA.1,Community,1.069288400352114,2021-09-21,10,Traveler weight (travel hubs),Strategies (per capita),100%,P11-R,fig_3e,P11-R^0,10,1.0815
2021-09-27,GB,148,Omicron BA.1,Imported,1,2021-09-21,6,Traveler weight (travel hubs),Strategies (per capita),50%,P7-R,fig_3e,P7-R^0,10,1.092
2021-09-27,GB,148,Omicron BA.1,Imported,1,2021-09-21,6,Traveler weight (travel hubs),Strategies (per capita),50%,P11-R,fig_3e,P11-R^0,10,1.0899
2021-09-27,GB,148,Omicron BA.1,Imported,1,2021-09-21,6,Traveler weight (travel hubs),Strategies (per capita),70%,P7-R,fig_3e,P7-R^0,10,1.0883
2021-09-27,GB,148,Omicron BA.1,Imported,1,2021-09-21,6,Traveler weight (travel hubs),Strategies (per capita),70%,P11-R,fig_3e,P11-R^0,10,1.0862
2021-09-27,GB,148,Omicron BA.1,Imported,1,2021-09-21,6,Traveler weight (travel hubs),Strategies (per capita),90%,P7-R,fig_3e,P7-R^0,10,1.0853
2021-09-27,GB,148,Omicron BA.1,Imported,1,2021-09-21,6,Traveler weight (travel hubs),Strategies (per capita),90%,P11-R,fig_3e,P11-R^0,10,1.0844
2021-09-27,GB,148,Omicron BA.1,Imported,1,2021-09-21,6,Traveler weight (travel hubs),Strategies (per capita),100%,P7-R,fig_3e,P7-R^0,10,1.0849
2021-09-27,GB,148,Omicron BA.1,Imported,1,2021-09-21,6,Traveler weight (travel hubs),Strategies (per capita),100%,P11-R,fig_3e,P11-R^0,10,1.0815
2021-10-07,ZA,149,Omicron BA.1,Community,1.2111007867297403,2021-09-21,16,Traveler weight (travel hubs),Strategies (per capita),50%,P7-R,fig_3e,P7-R^0,10,1.092
2021-10-07,ZA,149,Omicron BA.1,Community,1.2111007867297403,2021-09-21,16,Traveler weight (travel hubs),Strategies (per capita),50%,P11-R,fig_3e,P11-R^0,10,1.0899
2021-10-07,ZA,149,Omicron BA.1,Community,1.2111007867297403,2021-09-21,16,Traveler weight (travel hubs),Strategies (per capita),70%,P7-R,fig_3e,P7-R^0,10,1.0883
2021-10-07,ZA,149,Omicron BA.1,Community,1.2111007867297403,2021-09-21,16,Traveler weight (travel hubs),Strategies (per capita),70%,P11-R,fig_3e,P11-R^0,10,1.0862
2021-10-07,ZA,149,Omicron BA.1,Community,1.2111007867297403,2021-09-21,16,Traveler weight (travel hubs),Strategies (per capita),90%,P7-R,fig_3e,P7-R^0,10,1.0853
2021-10-07,ZA,149,Omicron BA.1,Community,1.2111007867297403,2021-09-21,16,Traveler weight (travel hubs),Strategies (per capita),90%,P11-R,fig_3e,P11-R^0,10,1.0844
2021-10-07,ZA,149,Omicron BA.1,Community,1.2111007867297403,2021-09-21,16,Traveler weight (travel hubs),Strategies (per capita),100%,P7-R,fig_3e,P7-R^0,10,1.0849
2021-10-07,ZA,149,Omicron BA.1,Community,1.2111007867297403,2021-09-21,16,Traveler weight (travel hubs),Strategies (per capita),100%,P11-R,fig_3e,P11-R^0,10,1.0815
2021-10-08,ZA,15,Omicron BA.1,Community,1.2290282438921365,2021-09-21,17,Traveler weight (travel hubs),Strategies (per capita),50%,P7-R,fig_3e,P7-R^0,10,1.092
2021-10-08,ZA,15,Omicron BA.1,Community,1.2290282438921365,2021-09-21,17,Traveler weight (travel hubs),Strategies (per capita),50%,P11-R,fig_3e,P11-R^0,10,1.0899
2021-10-08,ZA,15,Omicron BA.1,Community,1.2290282438921365,2021-09-21,17,Traveler weight (travel hubs),Strategies (per capita),70%,P7-R,fig_3e,P7-R^0,10,1.0883
2021-10-08,ZA,15,Omicron BA.1,Community,1.2290282438921365,2021-09-21,17,Traveler weight (travel hubs),Strategies (per capita),70%,P11-R,fig_3e,P11-R^0,10,1.0862
2021-10-08,ZA,15,Omicron BA.1,Community,1.2290282438921365,2021-09-21,17,Traveler weight (travel hubs),Strategies (per capita),90%,P7-R,fig_3e,P7-R^0,10,1.0853
2021-10-08,ZA,15,Omicron BA.1,Community,1.2290282438921365,2021-09-21,17,Traveler weight (travel hubs),Strategies (per capita),90%,P11-R,fig_3e,P11-R^0,10,1.0844
2021-10-08,ZA,15,Omicron BA.1,Community,1.2290282438921365,2021-09-21,17,Traveler weight (travel hubs),Strategies (per capita),100%,P7-R,fig_3e,P7-R^0,10,1.0849
2021-10-08,ZA,15,Omicron BA.1,Community,1.2290282438921365,2021-09-21,17,Traveler weight (travel hubs),Strategies (per capita),100%,P11-R,fig_3e,P11-R^0,10,1.0815
2021-09-26,ZA,150,Omicron BA.1,Community,1.0803182978399917,2021-09-21,5,Traveler weight (travel hubs),Strategies (per capita),50%,P7-R,fig_3e,P7-R^0,10,1.092
2021-09-26,ZA,150,Omicron BA.1,Community,1.0803182978399917,2021-09-21,5,Traveler weight (travel hubs),Strategies (per capita),50%,P11-R,fig_3e,P11-R^0,10,1.0899
2021-09-26,ZA,150,Omicron BA.1,Community,1.0803182978399917,2021-09-21,5,Traveler weight (travel hubs),Strategies (per capita),70%,P7-R,fig_3e,P7-R^0,10,1.0883
2021-09-26,ZA,150,Omicron BA.1,Community,1.0803182978399917,2021-09-21,5,Traveler weight (travel hubs),Strategies (per capita),70%,P11-R,fig_3e,P11-R^0,10,1.0862
2021-09-26,ZA,150,Omicron BA.1,Community,1.0803182978399917,2021-09-21,5,Traveler weight (travel hubs),Strategies (per capita),90%,P7-R,fig_3e,P7-R^0,10,1.0853
2021-09-26,ZA,150,Omicron BA.1,Community,1.0803182978399917,2021-09-21,5,Traveler weight (travel hubs),Strategies (per capita),90%,P11-R,fig_3e,P11-R^0,10,1.0844
2021-09-26,ZA,150,Omicron BA.1,Community,1.0803182978399917,2021-09-21,5,Traveler weight (travel hubs),Strategies (per capita),100%,P7-R,fig_3e,P7-R^0,10,1.0849
2021-09-26,ZA,150,Omicron BA.1,Community,1.0803182978399917,2021-09-21,5,Traveler weight (travel hubs),Strategies (per capita),100%,P11-R,fig_3e,P11-R^0,10,1.0815
2021-10-09,ZA,151,Omicron BA.1,Community,1.1338652205993374,2021-09-21,18,Traveler weight (travel hubs),Strategies (per capita),50%,P7-R,fig_3e,P7-R^0,10,1.092
2021-10-09,ZA,151,Omicron BA.1,Community,1.1338652205993374,2021-09-21,18,Traveler weight (travel hubs),Strategies (per capita),50%,P11-R,fig_3e,P11-R^0,10,1.0899
2021-10-09,ZA,151,Omicron BA.1,Community,1.1338652205993374,2021-09-21,18,Traveler weight (travel hubs),Strategies (per capita),70%,P7-R,fig_3e,P7-R^0,10,1.0883
2021-10-09,ZA,151,Omicron BA.1,Community,1.1338652205993374,2021-09-21,18,Traveler weight (travel hubs),Strategies (per capita),70%,P11-R,fig_3e,P11-R^0,10,1.0862
2021-10-09,ZA,151,Omicron BA.1,Community,1.1338652205993374,2021-09-21,18,Traveler weight (travel hubs),Strategies (per capita),90%,P7-R,fig_3e,P7-R^0,10,1.0853
2021-10-09,ZA,151,Omicron BA.1,Community,1.1338652205993374,2021-09-21,18,Traveler weight (travel hubs),Strategies (per capita),90%,P11-R,fig_3e,P11-R^0,10,1.0844
2021-10-09,ZA,151,Omicron BA.1,Community,1.1338652205993374,2021-09-21,18,Traveler weight (travel hubs),Strategies (per capita),100%,P7-R,fig_3e,P7-R^0,10,1.0849
2021-10-09,ZA,151,Omicron BA.1,Community,1.1338652205993374,2021-09-21,18,Traveler weight (travel hubs),Strategies (per capita),100%,P11-R,fig_3e,P11-R^0,10,1.0815
2021-09-29,ZA,152,Omicron BA.1,Community,1.1100941716862653,2021-09-21,8,Traveler weight (travel hubs),Strategies (per capita),50%,P7-R,fig_3e,P7-R^0,10,1.092
2021-09-29,ZA,152,Omicron BA.1,Community,1.1100941716862653,2021-09-21,8,Traveler weight (travel hubs),Strategies (per capita),50%,P11-R,fig_3e,P11-R^0,10,1.0899
2021-09-29,ZA,152,Omicron BA.1,Community,1.1100941716862653,2021-09-21,8,Traveler weight (travel hubs),Strategies (per capita),70%,P7-R,fig_3e,P7-R^0,10,1.0883
2021-09-29,ZA,152,Omicron BA.1,Community,1.1100941716862653,2021-09-21,8,Traveler weight (travel hubs),Strategies (per capita),70%,P11-R,fig_3e,P11-R^0,10,1.0862
2021-09-29,ZA,152,Omicron BA.1,Community,1.1100941716862653,2021-09-21,8,Traveler weight (travel hubs),Strategies (per capita),90%,P7-R,fig_3e,P7-R^0,10,1.0853
2021-09-29,ZA,152,Omicron BA.1,Community,1.1100941716862653,2021-09-21,8,Traveler weight (travel hubs),Strategies (per capita),90%,P11-R,fig_3e,P11-R^0,10,1.0844
2021-09-29,ZA,152,Omicron BA.1,Community,1.1100941716862653,2021-09-21,8,Traveler weight (travel hubs),Strategies (per capita),100%,P7-R,fig_3e,P7-R^0,10,1.0849
2021-09-29,ZA,152,Omicron BA.1,Community,1.1100941716862653,2021-09-21,8,Traveler weight (travel hubs),Strategies (per capita),100%,P11-R,fig_3e,P11-R^0,10,1.0815
2021-09-27,ZA,153,Omicron BA.1,Community,1.0254178663613023,2021-09-21,6,Traveler weight (travel hubs),Strategies (per capita),50%,P7-R,fig_3e,P7-R^0,10,1.092
2021-09-27,ZA,153,Omicron BA.1,Community,1.0254178663613023,2021-09-21,6,Traveler weight (travel hubs),Strategies (per capita),50%,P11-R,fig_3e,P11-R^0,10,1.0899
2021-09-27,ZA,153,Omicron BA.1,Community,1.0254178663613023,2021-09-21,6,Traveler weight (travel hubs),Strategies (per capita),70%,P7-R,fig_3e,P7-R^0,10,1.0883
2021-09-27,ZA,153,Omicron BA.1,Community,1.0254178663613023,2021-09-21,6,Traveler weight (travel hubs),Strategies (per capita),70%,P11-R,fig_3e,P11-R^0,10,1.0862
2021-09-27,ZA,153,Omicron BA.1,Community,1.0254178663613023,2021-09-21,6,Traveler weight (travel hubs),Strategies (per capita),90%,P7-R,fig_3e,P7-R^0,10,1.0853
2021-09-27,ZA,153,Omicron BA.1,Community,1.0254178663613023,2021-09-21,6,Traveler weight (travel hubs),Strategies (per capita),90%,P11-R,fig_3e,P11-R^0,10,1.0844
2021-09-27,ZA,153,Omicron BA.1,Community,1.0254178663613023,2021-09-21,6,Traveler weight (travel hubs),Strategies (per capita),100%,P7-R,fig_3e,P7-R^0,10,1.0849
2021-09-27,ZA,153,Omicron BA.1,Community,1.0254178663613023,2021-09-21,6,Traveler weight (travel hubs),Strategies (per capita),100%,P11-R,fig_3e,P11-R^0,10,1.0815
2021-10-02,ZA,154,Omicron BA.1,Community,1.0958070544713638,2021-09-21,11,Traveler weight (travel hubs),Strategies (per capita),50%,P7-R,fig_3e,P7-R^0,10,1.092
2021-10-02,ZA,154,Omicron BA.1,Community,1.0958070544713638,2021-09-21,11,Traveler weight (travel hubs),Strategies (per capita),50%,P11-R,fig_3e,P11-R^0,10,1.0899
2021-10-02,ZA,154,Omicron BA.1,Community,1.0958070544713638,2021-09-21,11,Traveler weight (travel hubs),Strategies (per capita),70%,P7-R,fig_3e,P7-R^0,10,1.0883
2021-10-02,ZA,154,Omicron BA.1,Community,1.0958070544713638,2021-09-21,11,Traveler weight (travel hubs),Strategies (per capita),70%,P11-R,fig_3e,P11-R^0,10,1.0862
2021-10-02,ZA,154,Omicron BA.1,Community,1.0958070544713638,2021-09-21,11,Traveler weight (travel hubs),Strategies (per capita),90%,P7-R,fig_3e,P7-R^0,10,1.0853
2021-10-02,ZA,154,Omicron BA.1,Community,1.0958070544713638,2021-09-21,11,Traveler weight (travel hubs),Strategies (per capita),90%,P11-R,fig_3e,P11-R^0,10,1.0844
2021-10-02,ZA,154,Omicron BA.1,Community,1.0958070544713638,2021-09-21,11,Traveler weight (travel hubs),Strategies (per capita),100%,P7-R,fig_3e,P7-R^0,10,1.0849
2021-10-02,ZA,154,Omicron BA.1,Community,1.0958070544713638,2021-09-21,11,Traveler weight (travel hubs),Strategies (per capita),100%,P11-R,fig_3e,P11-R^0,10,1.0815
2021-09-29,ZA,155,Omicron BA.1,Community,1.0533584039915964,2021-09-21,8,Traveler weight (travel hubs),Strategies (per capita),50%,P7-R,fig_3e,P7-R^0,10,1.092
2021-09-29,ZA,155,Omicron BA.1,Community,1.0533584039915964,2021-09-21,8,Traveler weight (travel hubs),Strategies (per capita),50%,P11-R,fig_3e,P11-R^0,10,1.0899
2021-09-29,ZA,155,Omicron BA.1,Community,1.0533584039915964,2021-09-21,8,Traveler weight (travel hubs),Strategies (per capita),70%,P7-R,fig_3e,P7-R^0,10,1.0883
2021-09-29,ZA,155,Omicron BA.1,Community,1.0533584039915964,2021-09-21,8,Traveler weight (travel hubs),Strategies (per capita),70%,P11-R,fig_3e,P11-R^0,10,1.0862
2021-09-29,ZA,155,Omicron BA.1,Community,1.0533584039915964,2021-09-21,8,Traveler weight (travel hubs),Strategies (per capita),90%,P7-R,fig_3e,P7-R^0,10,1.0853
2021-09-29,ZA,155,Omicron BA.1,Community,1.0533584039915964,2021-09-21,8,Traveler weight (travel hubs),Strategies (per capita),90%,P11-R,fig_3e,P11-R^0,10,1.0844
2021-09-29,ZA,155,Omicron BA.1,Community,1.0533584039915964,2021-09-21,8,Traveler weight (travel hubs),Strategies (per capita),100%,P7-R,fig_3e,P7-R^0,10,1.0849
2021-09-29,ZA,155,Omicron BA.1,Community,1.0533584039915964,2021-09-21,8,Traveler weight (travel hubs),Strategies (per capita),100%,P11-R,fig_3e,P11-R^0,10,1.0815
2021-10-01,ZA,156,Omicron BA.1,Community,1.750403373664496,2021-09-21,10,Traveler weight (travel hubs),Strategies (per capita),50%,P7-R,fig_3e,P7-R^0,10,1.092
2021-10-01,ZA,156,Omicron BA.1,Community,1.750403373664496,2021-09-21,10,Traveler weight (travel hubs),Strategies (per capita),50%,P11-R,fig_3e,P11-R^0,10,1.0899
2021-10-01,ZA,156,Omicron BA.1,Community,1.750403373664496,2021-09-21,10,Traveler weight (travel hubs),Strategies (per capita),70%,P7-R,fig_3e,P7-R^0,10,1.0883
2021-10-01,ZA,156,Omicron BA.1,Community,1.750403373664496,2021-09-21,10,Traveler weight (travel hubs),Strategies (per capita),70%,P11-R,fig_3e,P11-R^0,10,1.0862
2021-10-01,ZA,156,Omicron BA.1,Community,1.750403373664496,2021-09-21,10,Traveler weight (travel hubs),Strategies (per capita),90%,P7-R,fig_3e,P7-R^0,10,1.0853
2021-10-01,ZA,156,Omicron BA.1,Community,1.750403373664496,2021-09-21,10,Traveler weight (travel hubs),Strategies (per capita),90%,P11-R,fig_3e,P11-R^0,10,1.0844
2021-10-01,ZA,156,Omicron BA.1,Community,1.750403373664496,2021-09-21,10,Traveler weight (travel hubs),Strategies (per capita),100%,P7-R,fig_3e,P7-R^0,10,1.0849
2021-10-01,ZA,156,Omicron BA.1,Community,1.750403373664496,2021-09-21,10,Traveler weight (travel hubs),Strategies (per capita),100%,P11-R,fig_3e,P11-R^0,10,1.0815
2021-09-30,ZA,157,Omicron BA.1,Community,1.2367266827799783,2021-09-21,9,Traveler weight (travel hubs),Strategies (per capita),50%,P7-R,fig_3e,P7-R^0,10,1.092
2021-09-30,ZA,157,Omicron BA.1,Community,1.2367266827799783,2021-09-21,9,Traveler weight (travel hubs),Strategies (per capita),50%,P11-R,fig_3e,P11-R^0,10,1.0899
2021-09-30,ZA,157,Omicron BA.1,Community,1.2367266827799783,2021-09-21,9,Traveler weight (travel hubs),Strategies (per capita),70%,P7-R,fig_3e,P7-R^0,10,1.0883
2021-09-30,ZA,157,Omicron BA.1,Community,1.2367266827799783,2021-09-21,9,Traveler weight (travel hubs),Strategies (per capita),70%,P11-R,fig_3e,P11-R^0,10,1.0862
2021-09-30,ZA,157,Omicron BA.1,Community,1.2367266827799783,2021-09-21,9,Traveler weight (travel hubs),Strategies (per capita),90%,P7-R,fig_3e,P7-R^0,10,1.0853
2021-09-30,ZA,157,Omicron BA.1,Community,1.2367266827799783,2021-09-21,9,Traveler weight (travel hubs),Strategies (per capita),90%,P11-R,fig_3e,P11-R^0,10,1.0844
2021-09-30,ZA,157,Omicron BA.1,Community,1.2367266827799783,2021-09-21,9,Traveler weight (travel hubs),Strategies (per capita),100%,P7-R,fig_3e,P7-R^0,10,1.0849
2021-09-30,ZA,157,Omicron BA.1,Community,1.2367266827799783,2021-09-21,9,Traveler weight (travel hubs),Strategies (per capita),100%,P11-R,fig_3e,P11-R^0,10,1.0815
2021-09-29,ZA,158,Omicron BA.1,Community,1.0180323599552927,2021-09-21,8,Traveler weight (travel hubs),Strategies (per capita),50%,P7-R,fig_3e,P7-R^0,10,1.092
2021-09-29,ZA,158,Omicron BA.1,Community,1.0180323599552927,2021-09-21,8,Traveler weight (travel hubs),Strategies (per capita),50%,P11-R,fig_3e,P11-R^0,10,1.0899
2021-09-29,ZA,158,Omicron BA.1,Community,1.0180323599552927,2021-09-21,8,Traveler weight (travel hubs),Strategies (per capita),70%,P7-R,fig_3e,P7-R^0,10,1.0883
2021-09-29,ZA,158,Omicron BA.1,Community,1.0180323599552927,2021-09-21,8,Traveler weight (travel hubs),Strategies (per capita),70%,P11-R,fig_3e,P11-R^0,10,1.0862
2021-09-29,ZA,158,Omicron BA.1,Community,1.0180323599552927,2021-09-21,8,Traveler weight (travel hubs),Strategies (per capita),90%,P7-R,fig_3e,P7-R^0,10,1.0853
2021-09-29,ZA,158,Omicron BA.1,Community,1.0180323599552927,2021-09-21,8,Traveler weight (travel hubs),Strategies (per capita),90%,P11-R,fig_3e,P11-R^0,10,1.0844
2021-09-29,ZA,158,Omicron BA.1,Community,1.0180323599552927,2021-09-21,8,Traveler weight (travel hubs),Strategies (per capita),100%,P7-R,fig_3e,P7-R^0,10,1.0849
2021-09-29,ZA,158,Omicron BA.1,Community,1.0180323599552927,2021-09-21,8,Traveler weight (travel hubs),Strategies (per capita),100%,P11-R,fig_3e,P11-R^0,10,1.0815
2021-10-01,ZA,159,Omicron BA.1,Community,1.7555790193583594,2021-09-21,10,Traveler weight (travel hubs),Strategies (per capita),50%,P7-R,fig_3e,P7-R^0,10,1.092
2021-10-01,ZA,159,Omicron BA.1,Community,1.7555790193583594,2021-09-21,10,Traveler weight (travel hubs),Strategies (per capita),50%,P11-R,fig_3e,P11-R^0,10,1.0899
2021-10-01,ZA,159,Omicron BA.1,Community,1.7555790193583594,2021-09-21,10,Traveler weight (travel hubs),Strategies (per capita),70%,P7-R,fig_3e,P7-R^0,10,1.0883
2021-10-01,ZA,159,Omicron BA.1,Community,1.7555790193583594,2021-09-21,10,Traveler weight (travel hubs),Strategies (per capita),70%,P11-R,fig_3e,P11-R^0,10,1.0862
2021-10-01,ZA,159,Omicron BA.1,Community,1.7555790193583594,2021-09-21,10,Traveler weight (travel hubs),Strategies (per capita),90%,P7-R,fig_3e,P7-R^0,10,1.0853
2021-10-01,ZA,159,Omicron BA.1,Community,1.7555790193583594,2021-09-21,10,Traveler weight (travel hubs),Strategies (per capita),90%,P11-R,fig_3e,P11-R^0,10,1.0844
2021-10-01,ZA,159,Omicron BA.1,Community,1.7555790193583594,2021-09-21,10,Traveler weight (travel hubs),Strategies (per capita),100%,P7-R,fig_3e,P7-R^0,10,1.0849
2021-10-01,ZA,159,Omicron BA.1,Community,1.7555790193583594,2021-09-21,10,Traveler weight (travel hubs),Strategies (per capita),100%,P11-R,fig_3e,P11-R^0,10,1.0815
2021-10-08,ZA,16,Omicron BA.1,Community,1.0525983986618783,2021-09-21,17,Traveler weight (travel hubs),Strategies (per capita),50%,P7-R,fig_3e,P7-R^0,10,1.092
2021-10-08,ZA,16,Omicron BA.1,Community,1.0525983986618783,2021-09-21,17,Traveler weight (travel hubs),Strategies (per capita),50%,P11-R,fig_3e,P11-R^0,10,1.0899
2021-10-08,ZA,16,Omicron BA.1,Community,1.0525983986618783,2021-09-21,17,Traveler weight (travel hubs),Strategies (per capita),70%,P7-R,fig_3e,P7-R^0,10,1.0883
2021-10-08,ZA,16,Omicron BA.1,Community,1.0525983986618783,2021-09-21,17,Traveler weight (travel hubs),Strategies (per capita),70%,P11-R,fig_3e,P11-R^0,10,1.0862
2021-10-08,ZA,16,Omicron BA.1,Community,1.0525983986618783,2021-09-21,17,Traveler weight (travel hubs),Strategies (per capita),90%,P7-R,fig_3e,P7-R^0,10,1.0853
2021-10-08,ZA,16,Omicron BA.1,Community,1.0525983986618783,2021-09-21,17,Traveler weight (travel hubs),Strategies (per capita),90%,P11-R,fig_3e,P11-R^0,10,1.0844
2021-10-08,ZA,16,Omicron BA.1,Community,1.0525983986618783,2021-09-21,17,Traveler weight (travel hubs),Strategies (per capita),100%,P7-R,fig_3e,P7-R^0,10,1.0849
2021-10-08,ZA,16,Omicron BA.1,Community,1.0525983986618783,2021-09-21,17,Traveler weight (travel hubs),Strategies (per capita),100%,P11-R,fig_3e,P11-R^0,10,1.0815
2021-09-29,ZA,160,Omicron BA.1,Community,1.029807707967394,2021-09-21,8,Traveler weight (travel hubs),Strategies (per capita),50%,P7-R,fig_3e,P7-R^0,10,1.092
2021-09-29,ZA,160,Omicron BA.1,Community,1.029807707967394,2021-09-21,8,Traveler weight (travel hubs),Strategies (per capita),50%,P11-R,fig_3e,P11-R^0,10,1.0899
2021-09-29,ZA,160,Omicron BA.1,Community,1.029807707967394,2021-09-21,8,Traveler weight (travel hubs),Strategies (per capita),70%,P7-R,fig_3e,P7-R^0,10,1.0883
2021-09-29,ZA,160,Omicron BA.1,Community,1.029807707967394,2021-09-21,8,Traveler weight (travel hubs),Strategies (per capita),70%,P11-R,fig_3e,P11-R^0,10,1.0862
2021-09-29,ZA,160,Omicron BA.1,Community,1.029807707967394,2021-09-21,8,Traveler weight (travel hubs),Strategies (per capita),90%,P7-R,fig_3e,P7-R^0,10,1.0853
2021-09-29,ZA,160,Omicron BA.1,Community,1.029807707967394,2021-09-21,8,Traveler weight (travel hubs),Strategies (per capita),90%,P11-R,fig_3e,P11-R^0,10,1.0844
2021-09-29,ZA,160,Omicron BA.1,Community,1.029807707967394,2021-09-21,8,Traveler weight (travel hubs),Strategies (per capita),100%,P7-R,fig_3e,P7-R^0,10,1.0849
2021-09-29,ZA,160,Omicron BA.1,Community,1.029807707967394,2021-09-21,8,Traveler weight (travel hubs),Strategies (per capita),100%,P11-R,fig_3e,P11-R^0,10,1.0815
2021-10-01,ZA,161,Omicron BA.1,Community,1.1179394698744267,2021-09-21,10,Traveler weight (travel hubs),Strategies (per capita),50%,P7-R,fig_3e,P7-R^0,10,1.092
2021-10-01,ZA,161,Omicron BA.1,Community,1.1179394698744267,2021-09-21,10,Traveler weight (travel hubs),Strategies (per capita),50%,P11-R,fig_3e,P11-R^0,10,1.0899
2021-10-01,ZA,161,Omicron BA.1,Community,1.1179394698744267,2021-09-21,10,Traveler weight (travel hubs),Strategies (per capita),70%,P7-R,fig_3e,P7-R^0,10,1.0883
2021-10-01,ZA,161,Omicron BA.1,Community,1.1179394698744267,2021-09-21,10,Traveler weight (travel hubs),Strategies (per capita),70%,P11-R,fig_3e,P11-R^0,10,1.0862
2021-10-01,ZA,161,Omicron BA.1,Community,1.1179394698744267,2021-09-21,10,Traveler weight (travel hubs),Strategies (per capita),90%,P7-R,fig_3e,P7-R^0,10,1.0853
2021-10-01,ZA,161,Omicron BA.1,Community,1.1179394698744267,2021-09-21,10,Traveler weight (travel hubs),Strategies (per capita),90%,P11-R,fig_3e,P11-R^0,10,1.0844
2021-10-01,ZA,161,Omicron BA.1,Community,1.1179394698744267,2021-09-21,10,Traveler weight (travel hubs),Strategies (per capita),100%,P7-R,fig_3e,P7-R^0,10,1.0849
2021-10-01,ZA,161,Omicron BA.1,Community,1.1179394698744267,2021-09-21,10,Traveler weight (travel hubs),Strategies (per capita),100%,P11-R,fig_3e,P11-R^0,10,1.0815
2021-10-06,ZA,162,Omicron BA.1,Community,1.001452634470987,2021-09-21,15,Traveler weight (travel hubs),Strategies (per capita),50%,P7-R,fig_3e,P7-R^0,10,1.092
2021-10-06,ZA,162,Omicron BA.1,Community,1.001452634470987,2021-09-21,15,Traveler weight (travel hubs),Strategies (per capita),50%,P11-R,fig_3e,P11-R^0,10,1.0899
2021-10-06,ZA,162,Omicron BA.1,Community,1.001452634470987,2021-09-21,15,Traveler weight (travel hubs),Strategies (per capita),70%,P7-R,fig_3e,P7-R^0,10,1.0883
2021-10-06,ZA,162,Omicron BA.1,Community,1.001452634470987,2021-09-21,15,Traveler weight (travel hubs),Strategies (per capita),70%,P11-R,fig_3e,P11-R^0,10,1.0862
2021-10-06,ZA,162,Omicron BA.1,Community,1.001452634470987,2021-09-21,15,Traveler weight (travel hubs),Strategies (per capita),90%,P7-R,fig_3e,P7-R^0,10,1.0853
2021-10-06,ZA,162,Omicron BA.1,Community,1.001452634470987,2021-09-21,15,Traveler weight (travel hubs),Strategies (per capita),90%,P11-R,fig_3e,P11-R^0,10,1.0844
2021-10-06,ZA,162,Omicron BA.1,Community,1.001452634470987,2021-09-21,15,Traveler weight (travel hubs),Strategies (per capita),100%,P7-R,fig_3e,P7-R^0,10,1.0849
2021-10-06,ZA,162,Omicron BA.1,Community,1.001452634470987,2021-09-21,15,Traveler weight (travel hubs),Strategies (per capita),100%,P11-R,fig_3e,P11-R^0,10,1.0815
2021-10-05,ZA,163,Omicron BA.1,Community,1.4220607286257112,2021-09-21,14,Traveler weight (travel hubs),Strategies (per capita),50%,P7-R,fig_3e,P7-R^0,10,1.092
2021-10-05,ZA,163,Omicron BA.1,Community,1.4220607286257112,2021-09-21,14,Traveler weight (travel hubs),Strategies (per capita),50%,P11-R,fig_3e,P11-R^0,10,1.0899
2021-10-05,ZA,163,Omicron BA.1,Community,1.4220607286257112,2021-09-21,14,Traveler weight (travel hubs),Strategies (per capita),70%,P7-R,fig_3e,P7-R^0,10,1.0883
2021-10-05,ZA,163,Omicron BA.1,Community,1.4220607286257112,2021-09-21,14,Traveler weight (travel hubs),Strategies (per capita),70%,P11-R,fig_3e,P11-R^0,10,1.0862
2021-10-05,ZA,163,Omicron BA.1,Community,1.4220607286257112,2021-09-21,14,Traveler weight (travel hubs),Strategies (per capita),90%,P7-R,fig_3e,P7-R^0,10,1.0853
2021-10-05,ZA,163,Omicron BA.1,Community,1.4220607286257112,2021-09-21,14,Traveler weight (travel hubs),Strategies (per capita),90%,P11-R,fig_3e,P11-R^0,10,1.0844
2021-10-05,ZA,163,Omicron BA.1,Community,1.4220607286257112,2021-09-21,14,Traveler weight (travel hubs),Strategies (per capita),100%,P7-R,fig_3e,P7-R^0,10,1.0849
2021-10-05,ZA,163,Omicron BA.1,Community,1.4220607286257112,2021-09-21,14,Traveler weight (travel hubs),Strategies (per capita),100%,P11-R,fig_3e,P11-R^0,10,1.0815
2021-10-08,ZA,164,Omicron BA.1,Community,1.0511032304819612,2021-09-21,17,Traveler weight (travel hubs),Strategies (per capita),50%,P7-R,fig_3e,P7-R^0,10,1.092
2021-10-08,ZA,164,Omicron BA.1,Community,1.0511032304819612,2021-09-21,17,Traveler weight (travel hubs),Strategies (per capita),50%,P11-R,fig_3e,P11-R^0,10,1.0899
2021-10-08,ZA,164,Omicron BA.1,Community,1.0511032304819612,2021-09-21,17,Traveler weight (travel hubs),Strategies (per capita),70%,P7-R,fig_3e,P7-R^0,10,1.0883
2021-10-08,ZA,164,Omicron BA.1,Community,1.0511032304819612,2021-09-21,17,Traveler weight (travel hubs),Strategies (per capita),70%,P11-R,fig_3e,P11-R^0,10,1.0862
2021-10-08,ZA,164,Omicron BA.1,Community,1.0511032304819612,2021-09-21,17,Traveler weight (travel hubs),Strategies (per capita),90%,P7-R,fig_3e,P7-R^0,10,1.0853
2021-10-08,ZA,164,Omicron BA.1,Community,1.0511032304819612,2021-09-21,17,Traveler weight (travel hubs),Strategies (per capita),90%,P11-R,fig_3e,P11-R^0,10,1.0844
2021-10-08,ZA,164,Omicron BA.1,Community,1.0511032304819612,2021-09-21,17,Traveler weight (travel hubs),Strategies (per capita),100%,P7-R,fig_3e,P7-R^0,10,1.0849
2021-10-08,ZA,164,Omicron BA.1,Community,1.0511032304819612,2021-09-21,17,Traveler weight (travel hubs),Strategies (per capita),100%,P11-R,fig_3e,P11-R^0,10,1.0815
2021-09-30,ZA,165,Omicron BA.1,Community,1.007358826825797,2021-09-21,9,Traveler weight (travel hubs),Strategies (per capita),50%,P7-R,fig_3e,P7-R^0,10,1.092
2021-09-30,ZA,165,Omicron BA.1,Community,1.007358826825797,2021-09-21,9,Traveler weight (travel hubs),Strategies (per capita),50%,P11-R,fig_3e,P11-R^0,10,1.0899
2021-09-30,ZA,165,Omicron BA.1,Community,1.007358826825797,2021-09-21,9,Traveler weight (travel hubs),Strategies (per capita),70%,P7-R,fig_3e,P7-R^0,10,1.0883
2021-09-30,ZA,165,Omicron BA.1,Community,1.007358826825797,2021-09-21,9,Traveler weight (travel hubs),Strategies (per capita),70%,P11-R,fig_3e,P11-R^0,10,1.0862
2021-09-30,ZA,165,Omicron BA.1,Community,1.007358826825797,2021-09-21,9,Traveler weight (travel hubs),Strategies (per capita),90%,P7-R,fig_3e,P7-R^0,10,1.0853
2021-09-30,ZA,165,Omicron BA.1,Community,1.007358826825797,2021-09-21,9,Traveler weight (travel hubs),Strategies (per capita),90%,P11-R,fig_3e,P11-R^0,10,1.0844
2021-09-30,ZA,165,Omicron BA.1,Community,1.007358826825797,2021-09-21,9,Traveler weight (travel hubs),Strategies (per capita),100%,P7-R,fig_3e,P7-R^0,10,1.0849
2021-09-30,ZA,165,Omicron BA.1,Community,1.007358826825797,2021-09-21,9,Traveler weight (travel hubs),Strategies (per capita),100%,P11-R,fig_3e,P11-R^0,10,1.0815
2021-10-01,ZA,166,Omicron BA.1,Community,1.0465155592991162,2021-09-21,10,Traveler weight (travel hubs),Strategies (per capita),50%,P7-R,fig_3e,P7-R^0,10,1.092
2021-10-01,ZA,166,Omicron BA.1,Community,1.0465155592991162,2021-09-21,10,Traveler weight (travel hubs),Strategies (per capita),50%,P11-R,fig_3e,P11-R^0,10,1.0899
2021-10-01,ZA,166,Omicron BA.1,Community,1.0465155592991162,2021-09-21,10,Traveler weight (travel hubs),Strategies (per capita),70%,P7-R,fig_3e,P7-R^0,10,1.0883
2021-10-01,ZA,166,Omicron BA.1,Community,1.0465155592991162,2021-09-21,10,Traveler weight (travel hubs),Strategies (per capita),70%,P11-R,fig_3e,P11-R^0,10,1.0862
2021-10-01,ZA,166,Omicron BA.1,Community,1.0465155592991162,2021-09-21,10,Traveler weight (travel hubs),Strategies (per capita),90%,P7-R,fig_3e,P7-R^0,10,1.0853
2021-10-01,ZA,166,Omicron BA.1,Community,1.0465155592991162,2021-09-21,10,Traveler weight (travel hubs),Strategies (per capita),90%,P11-R,fig_3e,P11-R^0,10,1.0844
2021-10-01,ZA,166,Omicron BA.1,Community,1.0465155592991162,2021-09-21,10,Traveler weight (travel hubs),Strategies (per capita),100%,P7-R,fig_3e,P7-R^0,10,1.0849
2021-10-01,ZA,166,Omicron BA.1,Community,1.0465155592991162,2021-09-21,10,Traveler weight (travel hubs),Strategies (per capita),100%,P11-R,fig_3e,P11-R^0,10,1.0815
2021-10-07,ZA,167,Omicron BA.1,Community,1.4055743349864542,2021-09-21,16,Traveler weight (travel hubs),Strategies (per capita),50%,P7-R,fig_3e,P7-R^0,10,1.092
2021-10-07,ZA,167,Omicron BA.1,Community,1.4055743349864542,2021-09-21,16,Traveler weight (travel hubs),Strategies (per capita),50%,P11-R,fig_3e,P11-R^0,10,1.0899
2021-10-07,ZA,167,Omicron BA.1,Community,1.4055743349864542,2021-09-21,16,Traveler weight (travel hubs),Strategies (per capita),70%,P7-R,fig_3e,P7-R^0,10,1.0883
2021-10-07,ZA,167,Omicron BA.1,Community,1.4055743349864542,2021-09-21,16,Traveler weight (travel hubs),Strategies (per capita),70%,P11-R,fig_3e,P11-R^0,10,1.0862
2021-10-07,ZA,167,Omicron BA.1,Community,1.4055743349864542,2021-09-21,16,Traveler weight (travel hubs),Strategies (per capita),90%,P7-R,fig_3e,P7-R^0,10,1.0853
2021-10-07,ZA,167,Omicron BA.1,Community,1.4055743349864542,2021-09-21,16,Traveler weight (travel hubs),Strategies (per capita),90%,P11-R,fig_3e,P11-R^0,10,1.0844
2021-10-07,ZA,167,Omicron BA.1,Community,1.4055743349864542,2021-09-21,16,Traveler weight (travel hubs),Strategies (per capita),100%,P7-R,fig_3e,P7-R^0,10,1.0849
2021-10-07,ZA,167,Omicron BA.1,Community,1.4055743349864542,2021-09-21,16,Traveler weight (travel hubs),Strategies (per capita),100%,P11-R,fig_3e,P11-R^0,10,1.0815
2021-09-27,ZA,168,Omicron BA.1,Community,1.0673166609007965,2021-09-21,6,Traveler weight (travel hubs),Strategies (per capita),50%,P7-R,fig_3e,P7-R^0,10,1.092
2021-09-27,ZA,168,Omicron BA.1,Community,1.0673166609007965,2021-09-21,6,Traveler weight (travel hubs),Strategies (per capita),50%,P11-R,fig_3e,P11-R^0,10,1.0899
2021-09-27,ZA,168,Omicron BA.1,Community,1.0673166609007965,2021-09-21,6,Traveler weight (travel hubs),Strategies (per capita),70%,P7-R,fig_3e,P7-R^0,10,1.0883
2021-09-27,ZA,168,Omicron BA.1,Community,1.0673166609007965,2021-09-21,6,Traveler weight (travel hubs),Strategies (per capita),70%,P11-R,fig_3e,P11-R^0,10,1.0862
2021-09-27,ZA,168,Omicron BA.1,Community,1.0673166609007965,2021-09-21,6,Traveler weight (travel hubs),Strategies (per capita),90%,P7-R,fig_3e,P7-R^0,10,1.0853
2021-09-27,ZA,168,Omicron BA.1,Community,1.0673166609007965,2021-09-21,6,Traveler weight (travel hubs),Strategies (per capita),90%,P11-R,fig_3e,P11-R^0,10,1.0844
2021-09-27,ZA,168,Omicron BA.1,Community,1.0673166609007965,2021-09-21,6,Traveler weight (travel hubs),Strategies (per capita),100%,P7-R,fig_3e,P7-R^0,10,1.0849
2021-09-27,ZA,168,Omicron BA.1,Community,1.0673166609007965,2021-09-21,6,Traveler weight (travel hubs),Strategies (per capita),100%,P11-R,fig_3e,P11-R^0,10,1.0815
2021-10-02,ZA,169,Omicron BA.1,Community,1.0740294978332698,2021-09-21,11,Traveler weight (travel hubs),Strategies (per capita),50%,P7-R,fig_3e,P7-R^0,10,1.092
2021-10-02,ZA,169,Omicron BA.1,Community,1.0740294978332698,2021-09-21,11,Traveler weight (travel hubs),Strategies (per capita),50%,P11-R,fig_3e,P11-R^0,10,1.0899
2021-10-02,ZA,169,Omicron BA.1,Community,1.0740294978332698,2021-09-21,11,Traveler weight (travel hubs),Strategies (per capita),70%,P7-R,fig_3e,P7-R^0,10,1.0883
2021-10-02,ZA,169,Omicron BA.1,Community,1.0740294978332698,2021-09-21,11,Traveler weight (travel hubs),Strategies (per capita),70%,P11-R,fig_3e,P11-R^0,10,1.0862
2021-10-02,ZA,169,Omicron BA.1,Community,1.0740294978332698,2021-09-21,11,Traveler weight (travel hubs),Strategies (per capita),90%,P7-R,fig_3e,P7-R^0,10,1.0853
2021-10-02,ZA,169,Omicron BA.1,Community,1.0740294978332698,2021-09-21,11,Traveler weight (travel hubs),Strategies (per capita),90%,P11-R,fig_3e,P11-R^0,10,1.0844
2021-10-02,ZA,169,Omicron BA.1,Community,1.0740294978332698,2021-09-21,11,Traveler weight (travel hubs),Strategies (per capita),100%,P7-R,fig_3e,P7-R^0,10,1.0849
2021-10-02,ZA,169,Omicron BA.1,Community,1.0740294978332698,2021-09-21,11,Traveler weight (travel hubs),Strategies (per capita),100%,P11-R,fig_3e,P11-R^0,10,1.0815
2021-09-27,ZA,17,Omicron BA.1,Community,1.0055710689478574,2021-09-21,6,Traveler weight (travel hubs),Strategies (per capita),50%,P7-R,fig_3e,P7-R^0,10,1.092
2021-09-27,ZA,17,Omicron BA.1,Community,1.0055710689478574,2021-09-21,6,Traveler weight (travel hubs),Strategies (per capita),50%,P11-R,fig_3e,P11-R^0,10,1.0899
2021-09-27,ZA,17,Omicron BA.1,Community,1.0055710689478574,2021-09-21,6,Traveler weight (travel hubs),Strategies (per capita),70%,P7-R,fig_3e,P7-R^0,10,1.0883
2021-09-27,ZA,17,Omicron BA.1,Community,1.0055710689478574,2021-09-21,6,Traveler weight (travel hubs),Strategies (per capita),70%,P11-R,fig_3e,P11-R^0,10,1.0862
2021-09-27,ZA,17,Omicron BA.1,Community,1.0055710689478574,2021-09-21,6,Traveler weight (travel hubs),Strategies (per capita),90%,P7-R,fig_3e,P7-R^0,10,1.0853
2021-09-27,ZA,17,Omicron BA.1,Community,1.0055710689478574,2021-09-21,6,Traveler weight (travel hubs),Strategies (per capita),90%,P11-R,fig_3e,P11-R^0,10,1.0844
2021-09-27,ZA,17,Omicron BA.1,Community,1.0055710689478574,2021-09-21,6,Traveler weight (travel hubs),Strategies (per capita),100%,P7-R,fig_3e,P7-R^0,10,1.0849
2021-09-27,ZA,17,Omicron BA.1,Community,1.0055710689478574,2021-09-21,6,Traveler weight (travel hubs),Strategies (per capita),100%,P11-R,fig_3e,P11-R^0,10,1.0815
2021-09-30,ZA,170,Omicron BA.1,Community,1.1468392797709068,2021-09-21,9,Traveler weight (travel hubs),Strategies (per capita),50%,P7-R,fig_3e,P7-R^0,10,1.092
2021-09-30,ZA,170,Omicron BA.1,Community,1.1468392797709068,2021-09-21,9,Traveler weight (travel hubs),Strategies (per capita),50%,P11-R,fig_3e,P11-R^0,10,1.0899
2021-09-30,ZA,170,Omicron BA.1,Community,1.1468392797709068,2021-09-21,9,Traveler weight (travel hubs),Strategies (per capita),70%,P7-R,fig_3e,P7-R^0,10,1.0883
2021-09-30,ZA,170,Omicron BA.1,Community,1.1468392797709068,2021-09-21,9,Traveler weight (travel hubs),Strategies (per capita),70%,P11-R,fig_3e,P11-R^0,10,1.0862
2021-09-30,ZA,170,Omicron BA.1,Community,1.1468392797709068,2021-09-21,9,Traveler weight (travel hubs),Strategies (per capita),90%,P7-R,fig_3e,P7-R^0,10,1.0853
2021-09-30,ZA,170,Omicron BA.1,Community,1.1468392797709068,2021-09-21,9,Traveler weight (travel hubs),Strategies (per capita),90%,P11-R,fig_3e,P11-R^0,10,1.0844
2021-09-30,ZA,170,Omicron BA.1,Community,1.1468392797709068,2021-09-21,9,Traveler weight (travel hubs),Strategies (per capita),100%,P7-R,fig_3e,P7-R^0,10,1.0849
2021-09-30,ZA,170,Omicron BA.1,Community,1.1468392797709068,2021-09-21,9,Traveler weight (travel hubs),Strategies (per capita),100%,P11-R,fig_3e,P11-R^0,10,1.0815
2021-09-29,ZA,171,Omicron BA.1,Community,1.0083979843090283,2021-09-21,8,Traveler weight (travel hubs),Strategies (per capita),50%,P7-R,fig_3e,P7-R^0,10,1.092
2021-09-29,ZA,171,Omicron BA.1,Community,1.0083979843090283,2021-09-21,8,Traveler weight (travel hubs),Strategies (per capita),50%,P11-R,fig_3e,P11-R^0,10,1.0899
2021-09-29,ZA,171,Omicron BA.1,Community,1.0083979843090283,2021-09-21,8,Traveler weight (travel hubs),Strategies (per capita),70%,P7-R,fig_3e,P7-R^0,10,1.0883
2021-09-29,ZA,171,Omicron BA.1,Community,1.0083979843090283,2021-09-21,8,Traveler weight (travel hubs),Strategies (per capita),70%,P11-R,fig_3e,P11-R^0,10,1.0862
2021-09-29,ZA,171,Omicron BA.1,Community,1.0083979843090283,2021-09-21,8,Traveler weight (travel hubs),Strategies (per capita),90%,P7-R,fig_3e,P7-R^0,10,1.0853
2021-09-29,ZA,171,Omicron BA.1,Community,1.0083979843090283,2021-09-21,8,Traveler weight (travel hubs),Strategies (per capita),90%,P11-R,fig_3e,P11-R^0,10,1.0844
2021-09-29,ZA,171,Omicron BA.1,Community,1.0083979843090283,2021-09-21,8,Traveler weight (travel hubs),Strategies (per capita),100%,P7-R,fig_3e,P7-R^0,10,1.0849
2021-09-29,ZA,171,Omicron BA.1,Community,1.0083979843090283,2021-09-21,8,Traveler weight (travel hubs),Strategies (per capita),100%,P11-R,fig_3e,P11-R^0,10,1.0815
2021-09-26,ZA,172,Omicron BA.1,Community,1.1854303484406397,2021-09-21,5,Traveler weight (travel hubs),Strategies (per capita),50%,P7-R,fig_3e,P7-R^0,10,1.092
2021-09-26,ZA,172,Omicron BA.1,Community,1.1854303484406397,2021-09-21,5,Traveler weight (travel hubs),Strategies (per capita),50%,P11-R,fig_3e,P11-R^0,10,1.0899
2021-09-26,ZA,172,Omicron BA.1,Community,1.1854303484406397,2021-09-21,5,Traveler weight (travel hubs),Strategies (per capita),70%,P7-R,fig_3e,P7-R^0,10,1.0883
2021-09-26,ZA,172,Omicron BA.1,Community,1.1854303484406397,2021-09-21,5,Traveler weight (travel hubs),Strategies (per capita),70%,P11-R,fig_3e,P11-R^0,10,1.0862
2021-09-26,ZA,172,Omicron BA.1,Community,1.1854303484406397,2021-09-21,5,Traveler weight (travel hubs),Strategies (per capita),90%,P7-R,fig_3e,P7-R^0,10,1.0853
2021-09-26,ZA,172,Omicron BA.1,Community,1.1854303484406397,2021-09-21,5,Traveler weight (travel hubs),Strategies (per capita),90%,P11-R,fig_3e,P11-R^0,10,1.0844
2021-09-26,ZA,172,Omicron BA.1,Community,1.1854303484406397,2021-09-21,5,Traveler weight (travel hubs),Strategies (per capita),100%,P7-R,fig_3e,P7-R^0,10,1.0849
2021-09-26,ZA,172,Omicron BA.1,Community,1.1854303484406397,2021-09-21,5,Traveler weight (travel hubs),Strategies (per capita),100%,P11-R,fig_3e,P11-R^0,10,1.0815
2021-09-29,ZA,173,Omicron BA.1,Community,1.034089652699067,2021-09-21,8,Traveler weight (travel hubs),Strategies (per capita),50%,P7-R,fig_3e,P7-R^0,10,1.092
2021-09-29,ZA,173,Omicron BA.1,Community,1.034089652699067,2021-09-21,8,Traveler weight (travel hubs),Strategies (per capita),50%,P11-R,fig_3e,P11-R^0,10,1.0899
2021-09-29,ZA,173,Omicron BA.1,Community,1.034089652699067,2021-09-21,8,Traveler weight (travel hubs),Strategies (per capita),70%,P7-R,fig_3e,P7-R^0,10,1.0883
2021-09-29,ZA,173,Omicron BA.1,Community,1.034089652699067,2021-09-21,8,Traveler weight (travel hubs),Strategies (per capita),70%,P11-R,fig_3e,P11-R^0,10,1.0862
2021-09-29,ZA,173,Omicron BA.1,Community,1.034089652699067,2021-09-21,8,Traveler weight (travel hubs),Strategies (per capita),90%,P7-R,fig_3e,P7-R^0,10,1.0853
2021-09-29,ZA,173,Omicron BA.1,Community,1.034089652699067,2021-09-21,8,Traveler weight (travel hubs),Strategies (per capita),90%,P11-R,fig_3e,P11-R^0,10,1.0844
2021-09-29,ZA,173,Omicron BA.1,Community,1.034089652699067,2021-09-21,8,Traveler weight (travel hubs),Strategies (per capita),100%,P7-R,fig_3e,P7-R^0,10,1.0849
2021-09-29,ZA,173,Omicron BA.1,Community,1.034089652699067,2021-09-21,8,Traveler weight (travel hubs),Strategies (per capita),100%,P11-R,fig_3e,P11-R^0,10,1.0815
2021-10-02,ZA,174,Omicron BA.1,Community,1.1512408350046937,2021-09-21,11,Traveler weight (travel hubs),Strategies (per capita),50%,P7-R,fig_3e,P7-R^0,10,1.092
2021-10-02,ZA,174,Omicron BA.1,Community,1.1512408350046937,2021-09-21,11,Traveler weight (travel hubs),Strategies (per capita),50%,P11-R,fig_3e,P11-R^0,10,1.0899
2021-10-02,ZA,174,Omicron BA.1,Community,1.1512408350046937,2021-09-21,11,Traveler weight (travel hubs),Strategies (per capita),70%,P7-R,fig_3e,P7-R^0,10,1.0883
2021-10-02,ZA,174,Omicron BA.1,Community,1.1512408350046937,2021-09-21,11,Traveler weight (travel hubs),Strategies (per capita),70%,P11-R,fig_3e,P11-R^0,10,1.0862
2021-10-02,ZA,174,Omicron BA.1,Community,1.1512408350046937,2021-09-21,11,Traveler weight (travel hubs),Strategies (per capita),90%,P7-R,fig_3e,P7-R^0,10,1.0853
2021-10-02,ZA,174,Omicron BA.1,Community,1.1512408350046937,2021-09-21,11,Traveler weight (travel hubs),Strategies (per capita),90%,P11-R,fig_3e,P11-R^0,10,1.0844
2021-10-02,ZA,174,Omicron BA.1,Community,1.1512408350046937,2021-09-21,11,Traveler weight (travel hubs),Strategies (per capita),100%,P7-R,fig_3e,P7-R^0,10,1.0849
2021-10-02,ZA,174,Omicron BA.1,Community,1.1512408350046937,2021-09-21,11,Traveler weight (travel hubs),Strategies (per capita),100%,P11-R,fig_3e,P11-R^0,10,1.0815
2021-10-01,ZA,175,Omicron BA.1,Community,1.0299534930787544,2021-09-21,10,Traveler weight (travel hubs),Strategies (per capita),50%,P7-R,fig_3e,P7-R^0,10,1.092
2021-10-01,ZA,175,Omicron BA.1,Community,1.0299534930787544,2021-09-21,10,Traveler weight (travel hubs),Strategies (per capita),50%,P11-R,fig_3e,P11-R^0,10,1.0899
2021-10-01,ZA,175,Omicron BA.1,Community,1.0299534930787544,2021-09-21,10,Traveler weight (travel hubs),Strategies (per capita),70%,P7-R,fig_3e,P7-R^0,10,1.0883
2021-10-01,ZA,175,Omicron BA.1,Community,1.0299534930787544,2021-09-21,10,Traveler weight (travel hubs),Strategies (per capita),70%,P11-R,fig_3e,P11-R^0,10,1.0862
2021-10-01,ZA,175,Omicron BA.1,Community,1.0299534930787544,2021-09-21,10,Traveler weight (travel hubs),Strategies (per capita),90%,P7-R,fig_3e,P7-R^0,10,1.0853
2021-10-01,ZA,175,Omicron BA.1,Community,1.0299534930787544,2021-09-21,10,Traveler weight (travel hubs),Strategies (per capita),90%,P11-R,fig_3e,P11-R^0,10,1.0844
2021-10-01,ZA,175,Omicron BA.1,Community,1.0299534930787544,2021-09-21,10,Traveler weight (travel hubs),Strategies (per capita),100%,P7-R,fig_3e,P7-R^0,10,1.0849
2021-10-01,ZA,175,Omicron BA.1,Community,1.0299534930787544,2021-09-21,10,Traveler weight (travel hubs),Strategies (per capita),100%,P11-R,fig_3e,P11-R^0,10,1.0815
2021-09-27,ZA,176,Omicron BA.1,Community,1.1158310545781054,2021-09-21,6,Traveler weight (travel hubs),Strategies (per capita),50%,P7-R,fig_3e,P7-R^0,10,1.092
2021-09-27,ZA,176,Omicron BA.1,Community,1.1158310545781054,2021-09-21,6,Traveler weight (travel hubs),Strategies (per capita),50%,P11-R,fig_3e,P11-R^0,10,1.0899
2021-09-27,ZA,176,Omicron BA.1,Community,1.1158310545781054,2021-09-21,6,Traveler weight (travel hubs),Strategies (per capita),70%,P7-R,fig_3e,P7-R^0,10,1.0883
2021-09-27,ZA,176,Omicron BA.1,Community,1.1158310545781054,2021-09-21,6,Traveler weight (travel hubs),Strategies (per capita),70%,P11-R,fig_3e,P11-R^0,10,1.0862
2021-09-27,ZA,176,Omicron BA.1,Community,1.1158310545781054,2021-09-21,6,Traveler weight (travel hubs),Strategies (per capita),90%,P7-R,fig_3e,P7-R^0,10,1.0853
2021-09-27,ZA,176,Omicron BA.1,Community,1.1158310545781054,2021-09-21,6,Traveler weight (travel hubs),Strategies (per capita),90%,P11-R,fig_3e,P11-R^0,10,1.0844
2021-09-27,ZA,176,Omicron BA.1,Community,1.1158310545781054,2021-09-21,6,Traveler weight (travel hubs),Strategies (per capita),100%,P7-R,fig_3e,P7-R^0,10,1.0849
2021-09-27,ZA,176,Omicron BA.1,Community,1.1158310545781054,2021-09-21,6,Traveler weight (travel hubs),Strategies (per capita),100%,P11-R,fig_3e,P11-R^0,10,1.0815
2021-10-05,ZA,177,Omicron BA.1,Community,1.3702709600566416,2021-09-21,14,Traveler weight (travel hubs),Strategies (per capita),50%,P7-R,fig_3e,P7-R^0,10,1.092
2021-10-05,ZA,177,Omicron BA.1,Community,1.3702709600566416,2021-09-21,14,Traveler weight (travel hubs),Strategies (per capita),50%,P11-R,fig_3e,P11-R^0,10,1.0899
2021-10-05,ZA,177,Omicron BA.1,Community,1.3702709600566416,2021-09-21,14,Traveler weight (travel hubs),Strategies (per capita),70%,P7-R,fig_3e,P7-R^0,10,1.0883
2021-10-05,ZA,177,Omicron BA.1,Community,1.3702709600566416,2021-09-21,14,Traveler weight (travel hubs),Strategies (per capita),70%,P11-R,fig_3e,P11-R^0,10,1.0862
2021-10-05,ZA,177,Omicron BA.1,Community,1.3702709600566416,2021-09-21,14,Traveler weight (travel hubs),Strategies (per capita),90%,P7-R,fig_3e,P7-R^0,10,1.0853
2021-10-05,ZA,177,Omicron BA.1,Community,1.3702709600566416,2021-09-21,14,Traveler weight (travel hubs),Strategies (per capita),90%,P11-R,fig_3e,P11-R^0,10,1.0844
2021-10-05,ZA,177,Omicron BA.1,Community,1.3702709600566416,2021-09-21,14,Traveler weight (travel hubs),Strategies (per capita),100%,P7-R,fig_3e,P7-R^0,10,1.0849
2021-10-05,ZA,177,Omicron BA.1,Community,1.3702709600566416,2021-09-21,14,Traveler weight (travel hubs),Strategies (per capita),100%,P11-R,fig_3e,P11-R^0,10,1.0815
2021-10-07,ZA,178,Omicron BA.1,Community,1.1909828334618044,2021-09-21,16,Traveler weight (travel hubs),Strategies (per capita),50%,P7-R,fig_3e,P7-R^0,10,1.092
2021-10-07,ZA,178,Omicron BA.1,Community,1.1909828334618044,2021-09-21,16,Traveler weight (travel hubs),Strategies (per capita),50%,P11-R,fig_3e,P11-R^0,10,1.0899
2021-10-07,ZA,178,Omicron BA.1,Community,1.1909828334618044,2021-09-21,16,Traveler weight (travel hubs),Strategies (per capita),70%,P7-R,fig_3e,P7-R^0,10,1.0883
2021-10-07,ZA,178,Omicron BA.1,Community,1.1909828334618044,2021-09-21,16,Traveler weight (travel hubs),Strategies (per capita),70%,P11-R,fig_3e,P11-R^0,10,1.0862
2021-10-07,ZA,178,Omicron BA.1,Community,1.1909828334618044,2021-09-21,16,Traveler weight (travel hubs),Strategies (per capita),90%,P7-R,fig_3e,P7-R^0,10,1.0853
2021-10-07,ZA,178,Omicron BA.1,Community,1.1909828334618044,2021-09-21,16,Traveler weight (travel hubs),Strategies (per capita),90%,P11-R,fig_3e,P11-R^0,10,1.0844
2021-10-07,ZA,178,Omicron BA.1,Community,1.1909828334618044,2021-09-21,16,Traveler weight (travel hubs),Strategies (per capita),100%,P7-R,fig_3e,P7-R^0,10,1.0849
2021-10-07,ZA,178,Omicron BA.1,Community,1.1909828334618044,2021-09-21,16,Traveler weight (travel hubs),Strategies (per capita),100%,P11-R,fig_3e,P11-R^0,10,1.0815
2021-09-29,ZA,179,Omicron BA.1,Community,1.0319486803332305,2021-09-21,8,Traveler weight (travel hubs),Strategies (per capita),50%,P7-R,fig_3e,P7-R^0,10,1.092
2021-09-29,ZA,179,Omicron BA.1,Community,1.0319486803332305,2021-09-21,8,Traveler weight (travel hubs),Strategies (per capita),50%,P11-R,fig_3e,P11-R^0,10,1.0899
2021-09-29,ZA,179,Omicron BA.1,Community,1.0319486803332305,2021-09-21,8,Traveler weight (travel hubs),Strategies (per capita),70%,P7-R,fig_3e,P7-R^0,10,1.0883
2021-09-29,ZA,179,Omicron BA.1,Community,1.0319486803332305,2021-09-21,8,Traveler weight (travel hubs),Strategies (per capita),70%,P11-R,fig_3e,P11-R^0,10,1.0862
2021-09-29,ZA,179,Omicron BA.1,Community,1.0319486803332305,2021-09-21,8,Traveler weight (travel hubs),Strategies (per capita),90%,P7-R,fig_3e,P7-R^0,10,1.0853
2021-09-29,ZA,179,Omicron BA.1,Community,1.0319486803332305,2021-09-21,8,Traveler weight (travel hubs),Strategies (per capita),90%,P11-R,fig_3e,P11-R^0,10,1.0844
2021-09-29,ZA,179,Omicron BA.1,Community,1.0319486803332305,2021-09-21,8,Traveler weight (travel hubs),Strategies (per capita),100%,P7-R,fig_3e,P7-R^0,10,1.0849
2021-09-29,ZA,179,Omicron BA.1,Community,1.0319486803332305,2021-09-21,8,Traveler weight (travel hubs),Strategies (per capita),100%,P11-R,fig_3e,P11-R^0,10,1.0815
2021-10-01,ZA,18,Omicron BA.1,Community,1.0268481056624363,2021-09-21,10,Traveler weight (travel hubs),Strategies (per capita),50%,P7-R,fig_3e,P7-R^0,10,1.092
2021-10-01,ZA,18,Omicron BA.1,Community,1.0268481056624363,2021-09-21,10,Traveler weight (travel hubs),Strategies (per capita),50%,P11-R,fig_3e,P11-R^0,10,1.0899
2021-10-01,ZA,18,Omicron BA.1,Community,1.0268481056624363,2021-09-21,10,Traveler weight (travel hubs),Strategies (per capita),70%,P7-R,fig_3e,P7-R^0,10,1.0883
2021-10-01,ZA,18,Omicron BA.1,Community,1.0268481056624363,2021-09-21,10,Traveler weight (travel hubs),Strategies (per capita),70%,P11-R,fig_3e,P11-R^0,10,1.0862
2021-10-01,ZA,18,Omicron BA.1,Community,1.0268481056624363,2021-09-21,10,Traveler weight (travel hubs),Strategies (per capita),90%,P7-R,fig_3e,P7-R^0,10,1.0853
2021-10-01,ZA,18,Omicron BA.1,Community,1.0268481056624363,2021-09-21,10,Traveler weight (travel hubs),Strategies (per capita),90%,P11-R,fig_3e,P11-R^0,10,1.0844
2021-10-01,ZA,18,Omicron BA.1,Community,1.0268481056624363,2021-09-21,10,Traveler weight (travel hubs),Strategies (per capita),100%,P7-R,fig_3e,P7-R^0,10,1.0849
2021-10-01,ZA,18,Omicron BA.1,Community,1.0268481056624363,2021-09-21,10,Traveler weight (travel hubs),Strategies (per capita),100%,P11-R,fig_3e,P11-R^0,10,1.0815
2021-10-07,ZA,180,Omicron BA.1,Community,1.321078931261123,2021-09-21,16,Traveler weight (travel hubs),Strategies (per capita),50%,P7-R,fig_3e,P7-R^0,10,1.092
2021-10-07,ZA,180,Omicron BA.1,Community,1.321078931261123,2021-09-21,16,Traveler weight (travel hubs),Strategies (per capita),50%,P11-R,fig_3e,P11-R^0,10,1.0899
2021-10-07,ZA,180,Omicron BA.1,Community,1.321078931261123,2021-09-21,16,Traveler weight (travel hubs),Strategies (per capita),70%,P7-R,fig_3e,P7-R^0,10,1.0883
2021-10-07,ZA,180,Omicron BA.1,Community,1.321078931261123,2021-09-21,16,Traveler weight (travel hubs),Strategies (per capita),70%,P11-R,fig_3e,P11-R^0,10,1.0862
2021-10-07,ZA,180,Omicron BA.1,Community,1.321078931261123,2021-09-21,16,Traveler weight (travel hubs),Strategies (per capita),90%,P7-R,fig_3e,P7-R^0,10,1.0853
2021-10-07,ZA,180,Omicron BA.1,Community,1.321078931261123,2021-09-21,16,Traveler weight (travel hubs),Strategies (per capita),90%,P11-R,fig_3e,P11-R^0,10,1.0844
2021-10-07,ZA,180,Omicron BA.1,Community,1.321078931261123,2021-09-21,16,Traveler weight (travel hubs),Strategies (per capita),100%,P7-R,fig_3e,P7-R^0,10,1.0849
2021-10-07,ZA,180,Omicron BA.1,Community,1.321078931261123,2021-09-21,16,Traveler weight (travel hubs),Strategies (per capita),100%,P11-R,fig_3e,P11-R^0,10,1.0815
2021-10-01,ZA,181,Omicron BA.1,Community,1.0920612414051112,2021-09-21,10,Traveler weight (travel hubs),Strategies (per capita),50%,P7-R,fig_3e,P7-R^0,10,1.092
2021-10-01,ZA,181,Omicron BA.1,Community,1.0920612414051112,2021-09-21,10,Traveler weight (travel hubs),Strategies (per capita),50%,P11-R,fig_3e,P11-R^0,10,1.0899
2021-10-01,ZA,181,Omicron BA.1,Community,1.0920612414051112,2021-09-21,10,Traveler weight (travel hubs),Strategies (per capita),70%,P7-R,fig_3e,P7-R^0,10,1.0883
2021-10-01,ZA,181,Omicron BA.1,Community,1.0920612414051112,2021-09-21,10,Traveler weight (travel hubs),Strategies (per capita),70%,P11-R,fig_3e,P11-R^0,10,1.0862
2021-10-01,ZA,181,Omicron BA.1,Community,1.0920612414051112,2021-09-21,10,Traveler weight (travel hubs),Strategies (per capita),90%,P7-R,fig_3e,P7-R^0,10,1.0853
2021-10-01,ZA,181,Omicron BA.1,Community,1.0920612414051112,2021-09-21,10,Traveler weight (travel hubs),Strategies (per capita),90%,P11-R,fig_3e,P11-R^0,10,1.0844
2021-10-01,ZA,181,Omicron BA.1,Community,1.0920612414051112,2021-09-21,10,Traveler weight (travel hubs),Strategies (per capita),100%,P7-R,fig_3e,P7-R^0,10,1.0849
2021-10-01,ZA,181,Omicron BA.1,Community,1.0920612414051112,2021-09-21,10,Traveler weight (travel hubs),Strategies (per capita),100%,P11-R,fig_3e,P11-R^0,10,1.0815
2021-10-01,GB,182,Omicron BA.1,Imported,1,2021-09-21,10,Traveler weight (travel hubs),Strategies (per capita),50%,P7-R,fig_3e,P7-R^0,10,1.092
2021-10-01,GB,182,Omicron BA.1,Imported,1,2021-09-21,10,Traveler weight (travel hubs),Strategies (per capita),50%,P11-R,fig_3e,P11-R^0,10,1.0899
2021-10-01,GB,182,Omicron BA.1,Imported,1,2021-09-21,10,Traveler weight (travel hubs),Strategies (per capita),70%,P7-R,fig_3e,P7-R^0,10,1.0883
2021-10-01,GB,182,Omicron BA.1,Imported,1,2021-09-21,10,Traveler weight (travel hubs),Strategies (per capita),70%,P11-R,fig_3e,P11-R^0,10,1.0862
2021-10-01,GB,182,Omicron BA.1,Imported,1,2021-09-21,10,Traveler weight (travel hubs),Strategies (per capita),90%,P7-R,fig_3e,P7-R^0,10,1.0853
2021-10-01,GB,182,Omicron BA.1,Imported,1,2021-09-21,10,Traveler weight (travel hubs),Strategies (per capita),90%,P11-R,fig_3e,P11-R^0,10,1.0844
2021-10-01,GB,182,Omicron BA.1,Imported,1,2021-09-21,10,Traveler weight (travel hubs),Strategies (per capita),100%,P7-R,fig_3e,P7-R^0,10,1.0849
2021-10-01,GB,182,Omicron BA.1,Imported,1,2021-09-21,10,Traveler weight (travel hubs),Strategies (per capita),100%,P11-R,fig_3e,P11-R^0,10,1.0815
2021-10-07,ZA,183,Omicron BA.1,Community,1.335832096990943,2021-09-21,16,Traveler weight (travel hubs),Strategies (per capita),50%,P7-R,fig_3e,P7-R^0,10,1.092
2021-10-07,ZA,183,Omicron BA.1,Community,1.335832096990943,2021-09-21,16,Traveler weight (travel hubs),Strategies (per capita),50%,P11-R,fig_3e,P11-R^0,10,1.0899
2021-10-07,ZA,183,Omicron BA.1,Community,1.335832096990943,2021-09-21,16,Traveler weight (travel hubs),Strategies (per capita),70%,P7-R,fig_3e,P7-R^0,10,1.0883
2021-10-07,ZA,183,Omicron BA.1,Community,1.335832096990943,2021-09-21,16,Traveler weight (travel hubs),Strategies (per capita),70%,P11-R,fig_3e,P11-R^0,10,1.0862
2021-10-07,ZA,183,Omicron BA.1,Community,1.335832096990943,2021-09-21,16,Traveler weight (travel hubs),Strategies (per capita),90%,P7-R,fig_3e,P7-R^0,10,1.0853
2021-10-07,ZA,183,Omicron BA.1,Community,1.335832096990943,2021-09-21,16,Traveler weight (travel hubs),Strategies (per capita),90%,P11-R,fig_3e,P11-R^0,10,1.0844
2021-10-07,ZA,183,Omicron BA.1,Community,1.335832096990943,2021-09-21,16,Traveler weight (travel hubs),Strategies (per capita),100%,P7-R,fig_3e,P7-R^0,10,1.0849
2021-10-07,ZA,183,Omicron BA.1,Community,1.335832096990943,2021-09-21,16,Traveler weight (travel hubs),Strategies (per capita),100%,P11-R,fig_3e,P11-R^0,10,1.0815
2021-10-08,ZA,184,Omicron BA.1,Community,1.0839969304401451,2021-09-21,17,Traveler weight (travel hubs),Strategies (per capita),50%,P7-R,fig_3e,P7-R^0,10,1.092
2021-10-08,ZA,184,Omicron BA.1,Community,1.0839969304401451,2021-09-21,17,Traveler weight (travel hubs),Strategies (per capita),50%,P11-R,fig_3e,P11-R^0,10,1.0899
2021-10-08,ZA,184,Omicron BA.1,Community,1.0839969304401451,2021-09-21,17,Traveler weight (travel hubs),Strategies (per capita),70%,P7-R,fig_3e,P7-R^0,10,1.0883
2021-10-08,ZA,184,Omicron BA.1,Community,1.0839969304401451,2021-09-21,17,Traveler weight (travel hubs),Strategies (per capita),70%,P11-R,fig_3e,P11-R^0,10,1.0862
2021-10-08,ZA,184,Omicron BA.1,Community,1.0839969304401451,2021-09-21,17,Traveler weight (travel hubs),Strategies (per capita),90%,P7-R,fig_3e,P7-R^0,10,1.0853
2021-10-08,ZA,184,Omicron BA.1,Community,1.0839969304401451,2021-09-21,17,Traveler weight (travel hubs),Strategies (per capita),90%,P11-R,fig_3e,P11-R^0,10,1.0844
2021-10-08,ZA,184,Omicron BA.1,Community,1.0839969304401451,2021-09-21,17,Traveler weight (travel hubs),Strategies (per capita),100%,P7-R,fig_3e,P7-R^0,10,1.0849
2021-10-08,ZA,184,Omicron BA.1,Community,1.0839969304401451,2021-09-21,17,Traveler weight (travel hubs),Strategies (per capita),100%,P11-R,fig_3e,P11-R^0,10,1.0815
2021-09-30,ZA,185,Omicron BA.1,Community,1.3235145201680465,2021-09-21,9,Traveler weight (travel hubs),Strategies (per capita),50%,P7-R,fig_3e,P7-R^0,10,1.092
2021-09-30,ZA,185,Omicron BA.1,Community,1.3235145201680465,2021-09-21,9,Traveler weight (travel hubs),Strategies (per capita),50%,P11-R,fig_3e,P11-R^0,10,1.0899
2021-09-30,ZA,185,Omicron BA.1,Community,1.3235145201680465,2021-09-21,9,Traveler weight (travel hubs),Strategies (per capita),70%,P7-R,fig_3e,P7-R^0,10,1.0883
2021-09-30,ZA,185,Omicron BA.1,Community,1.3235145201680465,2021-09-21,9,Traveler weight (travel hubs),Strategies (per capita),70%,P11-R,fig_3e,P11-R^0,10,1.0862
2021-09-30,ZA,185,Omicron BA.1,Community,1.3235145201680465,2021-09-21,9,Traveler weight (travel hubs),Strategies (per capita),90%,P7-R,fig_3e,P7-R^0,10,1.0853
2021-09-30,ZA,185,Omicron BA.1,Community,1.3235145201680465,2021-09-21,9,Traveler weight (travel hubs),Strategies (per capita),90%,P11-R,fig_3e,P11-R^0,10,1.0844
2021-09-30,ZA,185,Omicron BA.1,Community,1.3235145201680465,2021-09-21,9,Traveler weight (travel hubs),Strategies (per capita),100%,P7-R,fig_3e,P7-R^0,10,1.0849
2021-09-30,ZA,185,Omicron BA.1,Community,1.3235145201680465,2021-09-21,9,Traveler weight (travel hubs),Strategies (per capita),100%,P11-R,fig_3e,P11-R^0,10,1.0815
2021-09-27,ZA,186,Omicron BA.1,Community,1.1312674525663398,2021-09-21,6,Traveler weight (travel hubs),Strategies (per capita),50%,P7-R,fig_3e,P7-R^0,10,1.092
2021-09-27,ZA,186,Omicron BA.1,Community,1.1312674525663398,2021-09-21,6,Traveler weight (travel hubs),Strategies (per capita),50%,P11-R,fig_3e,P11-R^0,10,1.0899
2021-09-27,ZA,186,Omicron BA.1,Community,1.1312674525663398,2021-09-21,6,Traveler weight (travel hubs),Strategies (per capita),70%,P7-R,fig_3e,P7-R^0,10,1.0883
2021-09-27,ZA,186,Omicron BA.1,Community,1.1312674525663398,2021-09-21,6,Traveler weight (travel hubs),Strategies (per capita),70%,P11-R,fig_3e,P11-R^0,10,1.0862
2021-09-27,ZA,186,Omicron BA.1,Community,1.1312674525663398,2021-09-21,6,Traveler weight (travel hubs),Strategies (per capita),90%,P7-R,fig_3e,P7-R^0,10,1.0853
2021-09-27,ZA,186,Omicron BA.1,Community,1.1312674525663398,2021-09-21,6,Traveler weight (travel hubs),Strategies (per capita),90%,P11-R,fig_3e,P11-R^0,10,1.0844
2021-09-27,ZA,186,Omicron BA.1,Community,1.1312674525663398,2021-09-21,6,Traveler weight (travel hubs),Strategies (per capita),100%,P7-R,fig_3e,P7-R^0,10,1.0849
2021-09-27,ZA,186,Omicron BA.1,Community,1.1312674525663398,2021-09-21,6,Traveler weight (travel hubs),Strategies (per capita),100%,P11-R,fig_3e,P11-R^0,10,1.0815
2021-10-02,GB,187,Omicron BA.1,Imported,1,2021-09-21,11,Traveler weight (travel hubs),Strategies (per capita),50%,P7-R,fig_3e,P7-R^0,10,1.092
2021-10-02,GB,187,Omicron BA.1,Imported,1,2021-09-21,11,Traveler weight (travel hubs),Strategies (per capita),50%,P11-R,fig_3e,P11-R^0,10,1.0899
2021-10-02,GB,187,Omicron BA.1,Imported,1,2021-09-21,11,Traveler weight (travel hubs),Strategies (per capita),70%,P7-R,fig_3e,P7-R^0,10,1.0883
2021-10-02,GB,187,Omicron BA.1,Imported,1,2021-09-21,11,Traveler weight (travel hubs),Strategies (per capita),70%,P11-R,fig_3e,P11-R^0,10,1.0862
2021-10-02,GB,187,Omicron BA.1,Imported,1,2021-09-21,11,Traveler weight (travel hubs),Strategies (per capita),90%,P7-R,fig_3e,P7-R^0,10,1.0853
2021-10-02,GB,187,Omicron BA.1,Imported,1,2021-09-21,11,Traveler weight (travel hubs),Strategies (per capita),90%,P11-R,fig_3e,P11-R^0,10,1.0844
2021-10-02,GB,187,Omicron BA.1,Imported,1,2021-09-21,11,Traveler weight (travel hubs),Strategies (per capita),100%,P7-R,fig_3e,P7-R^0,10,1.0849
2021-10-02,GB,187,Omicron BA.1,Imported,1,2021-09-21,11,Traveler weight (travel hubs),Strategies (per capita),100%,P11-R,fig_3e,P11-R^0,10,1.0815
2021-09-26,ZA,188,Omicron BA.1,Community,1.1293705881202942,2021-09-21,5,Traveler weight (travel hubs),Strategies (per capita),50%,P7-R,fig_3e,P7-R^0,10,1.092
2021-09-26,ZA,188,Omicron BA.1,Community,1.1293705881202942,2021-09-21,5,Traveler weight (travel hubs),Strategies (per capita),50%,P11-R,fig_3e,P11-R^0,10,1.0899
2021-09-26,ZA,188,Omicron BA.1,Community,1.1293705881202942,2021-09-21,5,Traveler weight (travel hubs),Strategies (per capita),70%,P7-R,fig_3e,P7-R^0,10,1.0883
2021-09-26,ZA,188,Omicron BA.1,Community,1.1293705881202942,2021-09-21,5,Traveler weight (travel hubs),Strategies (per capita),70%,P11-R,fig_3e,P11-R^0,10,1.0862
2021-09-26,ZA,188,Omicron BA.1,Community,1.1293705881202942,2021-09-21,5,Traveler weight (travel hubs),Strategies (per capita),90%,P7-R,fig_3e,P7-R^0,10,1.0853
2021-09-26,ZA,188,Omicron BA.1,Community,1.1293705881202942,2021-09-21,5,Traveler weight (travel hubs),Strategies (per capita),90%,P11-R,fig_3e,P11-R^0,10,1.0844
2021-09-26,ZA,188,Omicron BA.1,Community,1.1293705881202942,2021-09-21,5,Traveler weight (travel hubs),Strategies (per capita),100%,P7-R,fig_3e,P7-R^0,10,1.0849
2021-09-26,ZA,188,Omicron BA.1,Community,1.1293705881202942,2021-09-21,5,Traveler weight (travel hubs),Strategies (per capita),100%,P11-R,fig_3e,P11-R^0,10,1.0815
2021-10-01,ZA,189,Omicron BA.1,Community,1.0040752646094389,2021-09-21,10,Traveler weight (travel hubs),Strategies (per capita),50%,P7-R,fig_3e,P7-R^0,10,1.092
2021-10-01,ZA,189,Omicron BA.1,Community,1.0040752646094389,2021-09-21,10,Traveler weight (travel hubs),Strategies (per capita),50%,P11-R,fig_3e,P11-R^0,10,1.0899
2021-10-01,ZA,189,Omicron BA.1,Community,1.0040752646094389,2021-09-21,10,Traveler weight (travel hubs),Strategies (per capita),70%,P7-R,fig_3e,P7-R^0,10,1.0883
2021-10-01,ZA,189,Omicron BA.1,Community,1.0040752646094389,2021-09-21,10,Traveler weight (travel hubs),Strategies (per capita),70%,P11-R,fig_3e,P11-R^0,10,1.0862
2021-10-01,ZA,189,Omicron BA.1,Community,1.0040752646094389,2021-09-21,10,Traveler weight (travel hubs),Strategies (per capita),90%,P7-R,fig_3e,P7-R^0,10,1.0853
2021-10-01,ZA,189,Omicron BA.1,Community,1.0040752646094389,2021-09-21,10,Traveler weight (travel hubs),Strategies (per capita),90%,P11-R,fig_3e,P11-R^0,10,1.0844
2021-10-01,ZA,189,Omicron BA.1,Community,1.0040752646094389,2021-09-21,10,Traveler weight (travel hubs),Strategies (per capita),100%,P7-R,fig_3e,P7-R^0,10,1.0849
2021-10-01,ZA,189,Omicron BA.1,Community,1.0040752646094389,2021-09-21,10,Traveler weight (travel hubs),Strategies (per capita),100%,P11-R,fig_3e,P11-R^0,10,1.0815
2021-09-27,GB,19,Omicron BA.1,Imported,1,2021-09-21,6,Traveler weight (travel hubs),Strategies (per capita),50%,P7-R,fig_3e,P7-R^0,10,1.092
2021-09-27,GB,19,Omicron BA.1,Imported,1,2021-09-21,6,Traveler weight (travel hubs),Strategies (per capita),50%,P11-R,fig_3e,P11-R^0,10,1.0899
2021-09-27,GB,19,Omicron BA.1,Imported,1,2021-09-21,6,Traveler weight (travel hubs),Strategies (per capita),70%,P7-R,fig_3e,P7-R^0,10,1.0883
2021-09-27,GB,19,Omicron BA.1,Imported,1,2021-09-21,6,Traveler weight (travel hubs),Strategies (per capita),70%,P11-R,fig_3e,P11-R^0,10,1.0862
2021-09-27,GB,19,Omicron BA.1,Imported,1,2021-09-21,6,Traveler weight (travel hubs),Strategies (per capita),90%,P7-R,fig_3e,P7-R^0,10,1.0853
2021-09-27,GB,19,Omicron BA.1,Imported,1,2021-09-21,6,Traveler weight (travel hubs),Strategies (per capita),90%,P11-R,fig_3e,P11-R^0,10,1.0844
2021-09-27,GB,19,Omicron BA.1,Imported,1,2021-09-21,6,Traveler weight (travel hubs),Strategies (per capita),100%,P7-R,fig_3e,P7-R^0,10,1.0849
2021-09-27,GB,19,Omicron BA.1,Imported,1,2021-09-21,6,Traveler weight (travel hubs),Strategies (per capita),100%,P11-R,fig_3e,P11-R^0,10,1.0815
2021-10-01,ZA,190,Omicron BA.1,Community,1.061007367241933,2021-09-21,10,Traveler weight (travel hubs),Strategies (per capita),50%,P7-R,fig_3e,P7-R^0,10,1.092
2021-10-01,ZA,190,Omicron BA.1,Community,1.061007367241933,2021-09-21,10,Traveler weight (travel hubs),Strategies (per capita),50%,P11-R,fig_3e,P11-R^0,10,1.0899
2021-10-01,ZA,190,Omicron BA.1,Community,1.061007367241933,2021-09-21,10,Traveler weight (travel hubs),Strategies (per capita),70%,P7-R,fig_3e,P7-R^0,10,1.0883
2021-10-01,ZA,190,Omicron BA.1,Community,1.061007367241933,2021-09-21,10,Traveler weight (travel hubs),Strategies (per capita),70%,P11-R,fig_3e,P11-R^0,10,1.0862
2021-10-01,ZA,190,Omicron BA.1,Community,1.061007367241933,2021-09-21,10,Traveler weight (travel hubs),Strategies (per capita),90%,P7-R,fig_3e,P7-R^0,10,1.0853
2021-10-01,ZA,190,Omicron BA.1,Community,1.061007367241933,2021-09-21,10,Traveler weight (travel hubs),Strategies (per capita),90%,P11-R,fig_3e,P11-R^0,10,1.0844
2021-10-01,ZA,190,Omicron BA.1,Community,1.061007367241933,2021-09-21,10,Traveler weight (travel hubs),Strategies (per capita),100%,P7-R,fig_3e,P7-R^0,10,1.0849
2021-10-01,ZA,190,Omicron BA.1,Community,1.061007367241933,2021-09-21,10,Traveler weight (travel hubs),Strategies (per capita),100%,P11-R,fig_3e,P11-R^0,10,1.0815
2021-10-01,ZA,191,Omicron BA.1,Community,1.12311511556829,2021-09-21,10,Traveler weight (travel hubs),Strategies (per capita),50%,P7-R,fig_3e,P7-R^0,10,1.092
2021-10-01,ZA,191,Omicron BA.1,Community,1.12311511556829,2021-09-21,10,Traveler weight (travel hubs),Strategies (per capita),50%,P11-R,fig_3e,P11-R^0,10,1.0899
2021-10-01,ZA,191,Omicron BA.1,Community,1.12311511556829,2021-09-21,10,Traveler weight (travel hubs),Strategies (per capita),70%,P7-R,fig_3e,P7-R^0,10,1.0883
2021-10-01,ZA,191,Omicron BA.1,Community,1.12311511556829,2021-09-21,10,Traveler weight (travel hubs),Strategies (per capita),70%,P11-R,fig_3e,P11-R^0,10,1.0862
2021-10-01,ZA,191,Omicron BA.1,Community,1.12311511556829,2021-09-21,10,Traveler weight (travel hubs),Strategies (per capita),90%,P7-R,fig_3e,P7-R^0,10,1.0853
2021-10-01,ZA,191,Omicron BA.1,Community,1.12311511556829,2021-09-21,10,Traveler weight (travel hubs),Strategies (per capita),90%,P11-R,fig_3e,P11-R^0,10,1.0844
2021-10-01,ZA,191,Omicron BA.1,Community,1.12311511556829,2021-09-21,10,Traveler weight (travel hubs),Strategies (per capita),100%,P7-R,fig_3e,P7-R^0,10,1.0849
2021-10-01,ZA,191,Omicron BA.1,Community,1.12311511556829,2021-09-21,10,Traveler weight (travel hubs),Strategies (per capita),100%,P11-R,fig_3e,P11-R^0,10,1.0815
2021-09-29,ZA,192,Omicron BA.1,Community,1.1368563262592228,2021-09-21,8,Traveler weight (travel hubs),Strategies (per capita),50%,P7-R,fig_3e,P7-R^0,10,1.092
2021-09-29,ZA,192,Omicron BA.1,Community,1.1368563262592228,2021-09-21,8,Traveler weight (travel hubs),Strategies (per capita),50%,P11-R,fig_3e,P11-R^0,10,1.0899
2021-09-29,ZA,192,Omicron BA.1,Community,1.1368563262592228,2021-09-21,8,Traveler weight (travel hubs),Strategies (per capita),70%,P7-R,fig_3e,P7-R^0,10,1.0883
2021-09-29,ZA,192,Omicron BA.1,Community,1.1368563262592228,2021-09-21,8,Traveler weight (travel hubs),Strategies (per capita),70%,P11-R,fig_3e,P11-R^0,10,1.0862
2021-09-29,ZA,192,Omicron BA.1,Community,1.1368563262592228,2021-09-21,8,Traveler weight (travel hubs),Strategies (per capita),90%,P7-R,fig_3e,P7-R^0,10,1.0853
2021-09-29,ZA,192,Omicron BA.1,Community,1.1368563262592228,2021-09-21,8,Traveler weight (travel hubs),Strategies (per capita),90%,P11-R,fig_3e,P11-R^0,10,1.0844
2021-09-29,ZA,192,Omicron BA.1,Community,1.1368563262592228,2021-09-21,8,Traveler weight (travel hubs),Strategies (per capita),100%,P7-R,fig_3e,P7-R^0,10,1.0849
2021-09-29,ZA,192,Omicron BA.1,Community,1.1368563262592228,2021-09-21,8,Traveler weight (travel hubs),Strategies (per capita),100%,P11-R,fig_3e,P11-R^0,10,1.0815
2021-10-05,ZA,193,Omicron BA.1,Community,1.2202964219087098,2021-09-21,14,Traveler weight (travel hubs),Strategies (per capita),50%,P7-R,fig_3e,P7-R^0,10,1.092
2021-10-05,ZA,193,Omicron BA.1,Community,1.2202964219087098,2021-09-21,14,Traveler weight (travel hubs),Strategies (per capita),50%,P11-R,fig_3e,P11-R^0,10,1.0899
2021-10-05,ZA,193,Omicron BA.1,Community,1.2202964219087098,2021-09-21,14,Traveler weight (travel hubs),Strategies (per capita),70%,P7-R,fig_3e,P7-R^0,10,1.0883
2021-10-05,ZA,193,Omicron BA.1,Community,1.2202964219087098,2021-09-21,14,Traveler weight (travel hubs),Strategies (per capita),70%,P11-R,fig_3e,P11-R^0,10,1.0862
2021-10-05,ZA,193,Omicron BA.1,Community,1.2202964219087098,2021-09-21,14,Traveler weight (travel hubs),Strategies (per capita),90%,P7-R,fig_3e,P7-R^0,10,1.0853
2021-10-05,ZA,193,Omicron BA.1,Community,1.2202964219087098,2021-09-21,14,Traveler weight (travel hubs),Strategies (per capita),90%,P11-R,fig_3e,P11-R^0,10,1.0844
2021-10-05,ZA,193,Omicron BA.1,Community,1.2202964219087098,2021-09-21,14,Traveler weight (travel hubs),Strategies (per capita),100%,P7-R,fig_3e,P7-R^0,10,1.0849
2021-10-05,ZA,193,Omicron BA.1,Community,1.2202964219087098,2021-09-21,14,Traveler weight (travel hubs),Strategies (per capita),100%,P11-R,fig_3e,P11-R^0,10,1.0815
2021-10-02,ZA,194,Omicron BA.1,Community,1.0037473832285118,2021-09-21,11,Traveler weight (travel hubs),Strategies (per capita),50%,P7-R,fig_3e,P7-R^0,10,1.092
2021-10-02,ZA,194,Omicron BA.1,Community,1.0037473832285118,2021-09-21,11,Traveler weight (travel hubs),Strategies (per capita),50%,P11-R,fig_3e,P11-R^0,10,1.0899
2021-10-02,ZA,194,Omicron BA.1,Community,1.0037473832285118,2021-09-21,11,Traveler weight (travel hubs),Strategies (per capita),70%,P7-R,fig_3e,P7-R^0,10,1.0883
2021-10-02,ZA,194,Omicron BA.1,Community,1.0037473832285118,2021-09-21,11,Traveler weight (travel hubs),Strategies (per capita),70%,P11-R,fig_3e,P11-R^0,10,1.0862
2021-10-02,ZA,194,Omicron BA.1,Community,1.0037473832285118,2021-09-21,11,Traveler weight (travel hubs),Strategies (per capita),90%,P7-R,fig_3e,P7-R^0,10,1.0853
2021-10-02,ZA,194,Omicron BA.1,Community,1.0037473832285118,2021-09-21,11,Traveler weight (travel hubs),Strategies (per capita),90%,P11-R,fig_3e,P11-R^0,10,1.0844
2021-10-02,ZA,194,Omicron BA.1,Community,1.0037473832285118,2021-09-21,11,Traveler weight (travel hubs),Strategies (per capita),100%,P7-R,fig_3e,P7-R^0,10,1.0849
2021-10-02,ZA,194,Omicron BA.1,Community,1.0037473832285118,2021-09-21,11,Traveler weight (travel hubs),Strategies (per capita),100%,P11-R,fig_3e,P11-R^0,10,1.0815
2021-09-25,GB,195,Omicron BA.1,Imported,1,2021-09-21,4,Traveler weight (travel hubs),Strategies (per capita),50%,P7-R,fig_3e,P7-R^0,10,1.092
2021-09-25,GB,195,Omicron BA.1,Imported,1,2021-09-21,4,Traveler weight (travel hubs),Strategies (per capita),50%,P11-R,fig_3e,P11-R^0,10,1.0899
2021-09-25,GB,195,Omicron BA.1,Imported,1,2021-09-21,4,Traveler weight (travel hubs),Strategies (per capita),70%,P7-R,fig_3e,P7-R^0,10,1.0883
2021-09-25,GB,195,Omicron BA.1,Imported,1,2021-09-21,4,Traveler weight (travel hubs),Strategies (per capita),70%,P11-R,fig_3e,P11-R^0,10,1.0862
2021-09-25,GB,195,Omicron BA.1,Imported,1,2021-09-21,4,Traveler weight (travel hubs),Strategies (per capita),90%,P7-R,fig_3e,P7-R^0,10,1.0853
2021-09-25,GB,195,Omicron BA.1,Imported,1,2021-09-21,4,Traveler weight (travel hubs),Strategies (per capita),90%,P11-R,fig_3e,P11-R^0,10,1.0844
2021-09-25,GB,195,Omicron BA.1,Imported,1,2021-09-21,4,Traveler weight (travel hubs),Strategies (per capita),100%,P7-R,fig_3e,P7-R^0,10,1.0849
2021-09-25,GB,195,Omicron BA.1,Imported,1,2021-09-21,4,Traveler weight (travel hubs),Strategies (per capita),100%,P11-R,fig_3e,P11-R^0,10,1.0815
2021-10-05,ZA,196,Omicron BA.1,Community,1.0606113021540775,2021-09-21,14,Traveler weight (travel hubs),Strategies (per capita),50%,P7-R,fig_3e,P7-R^0,10,1.092
2021-10-05,ZA,196,Omicron BA.1,Community,1.0606113021540775,2021-09-21,14,Traveler weight (travel hubs),Strategies (per capita),50%,P11-R,fig_3e,P11-R^0,10,1.0899
2021-10-05,ZA,196,Omicron BA.1,Community,1.0606113021540775,2021-09-21,14,Traveler weight (travel hubs),Strategies (per capita),70%,P7-R,fig_3e,P7-R^0,10,1.0883
2021-10-05,ZA,196,Omicron BA.1,Community,1.0606113021540775,2021-09-21,14,Traveler weight (travel hubs),Strategies (per capita),70%,P11-R,fig_3e,P11-R^0,10,1.0862
2021-10-05,ZA,196,Omicron BA.1,Community,1.0606113021540775,2021-09-21,14,Traveler weight (travel hubs),Strategies (per capita),90%,P7-R,fig_3e,P7-R^0,10,1.0853
2021-10-05,ZA,196,Omicron BA.1,Community,1.0606113021540775,2021-09-21,14,Traveler weight (travel hubs),Strategies (per capita),90%,P11-R,fig_3e,P11-R^0,10,1.0844
2021-10-05,ZA,196,Omicron BA.1,Community,1.0606113021540775,2021-09-21,14,Traveler weight (travel hubs),Strategies (per capita),100%,P7-R,fig_3e,P7-R^0,10,1.0849
2021-10-05,ZA,196,Omicron BA.1,Community,1.0606113021540775,2021-09-21,14,Traveler weight (travel hubs),Strategies (per capita),100%,P11-R,fig_3e,P11-R^0,10,1.0815
2021-10-05,ZA,197,Omicron BA.1,Community,1.0865061864386125,2021-09-21,14,Traveler weight (travel hubs),Strategies (per capita),50%,P7-R,fig_3e,P7-R^0,10,1.092
2021-10-05,ZA,197,Omicron BA.1,Community,1.0865061864386125,2021-09-21,14,Traveler weight (travel hubs),Strategies (per capita),50%,P11-R,fig_3e,P11-R^0,10,1.0899
2021-10-02,GB,197,Omicron BA.1,Imported,1,2021-09-21,11,Traveler weight (travel hubs),Strategies (per capita),70%,P7-R,fig_3e,P7-R^0,10,1.0883
2021-10-02,GB,197,Omicron BA.1,Imported,1,2021-09-21,11,Traveler weight (travel hubs),Strategies (per capita),70%,P11-R,fig_3e,P11-R^0,10,1.0862
2021-10-02,GB,197,Omicron BA.1,Imported,1,2021-09-21,11,Traveler weight (travel hubs),Strategies (per capita),90%,P7-R,fig_3e,P7-R^0,10,1.0853
2021-10-02,GB,197,Omicron BA.1,Imported,1,2021-09-21,11,Traveler weight (travel hubs),Strategies (per capita),90%,P11-R,fig_3e,P11-R^0,10,1.0844
2021-10-02,GB,197,Omicron BA.1,Imported,1,2021-09-21,11,Traveler weight (travel hubs),Strategies (per capita),100%,P7-R,fig_3e,P7-R^0,10,1.0849
2021-10-02,GB,197,Omicron BA.1,Imported,1,2021-09-21,11,Traveler weight (travel hubs),Strategies (per capita),100%,P11-R,fig_3e,P11-R^0,10,1.0815
2021-09-29,ZA,198,Omicron BA.1,Community,1.3402487010136976,2021-09-21,8,Traveler weight (travel hubs),Strategies (per capita),50%,P7-R,fig_3e,P7-R^0,10,1.092
2021-09-29,ZA,198,Omicron BA.1,Community,1.3402487010136976,2021-09-21,8,Traveler weight (travel hubs),Strategies (per capita),50%,P11-R,fig_3e,P11-R^0,10,1.0899
2021-09-29,ZA,198,Omicron BA.1,Community,1.3402487010136976,2021-09-21,8,Traveler weight (travel hubs),Strategies (per capita),70%,P7-R,fig_3e,P7-R^0,10,1.0883
2021-09-29,ZA,198,Omicron BA.1,Community,1.3402487010136976,2021-09-21,8,Traveler weight (travel hubs),Strategies (per capita),70%,P11-R,fig_3e,P11-R^0,10,1.0862
2021-09-29,ZA,198,Omicron BA.1,Community,1.3402487010136976,2021-09-21,8,Traveler weight (travel hubs),Strategies (per capita),90%,P7-R,fig_3e,P7-R^0,10,1.0853
2021-09-29,ZA,198,Omicron BA.1,Community,1.3402487010136976,2021-09-21,8,Traveler weight (travel hubs),Strategies (per capita),90%,P11-R,fig_3e,P11-R^0,10,1.0844
2021-09-29,ZA,198,Omicron BA.1,Community,1.3402487010136976,2021-09-21,8,Traveler weight (travel hubs),Strategies (per capita),100%,P7-R,fig_3e,P7-R^0,10,1.0849
2021-09-29,ZA,198,Omicron BA.1,Community,1.3402487010136976,2021-09-21,8,Traveler weight (travel hubs),Strategies (per capita),100%,P11-R,fig_3e,P11-R^0,10,1.0815
2021-10-06,ZA,199,Omicron BA.1,Community,1.0562433561137763,2021-09-21,15,Traveler weight (travel hubs),Strategies (per capita),50%,P7-R,fig_3e,P7-R^0,10,1.092
2021-10-06,ZA,199,Omicron BA.1,Community,1.0562433561137763,2021-09-21,15,Traveler weight (travel hubs),Strategies (per capita),50%,P11-R,fig_3e,P11-R^0,10,1.0899
2021-10-06,ZA,199,Omicron BA.1,Community,1.0562433561137763,2021-09-21,15,Traveler weight (travel hubs),Strategies (per capita),70%,P7-R,fig_3e,P7-R^0,10,1.0883
2021-10-06,ZA,199,Omicron BA.1,Community,1.0562433561137763,2021-09-21,15,Traveler weight (travel hubs),Strategies (per capita),70%,P11-R,fig_3e,P11-R^0,10,1.0862
2021-10-06,ZA,199,Omicron BA.1,Community,1.0562433561137763,2021-09-21,15,Traveler weight (travel hubs),Strategies (per capita),90%,P7-R,fig_3e,P7-R^0,10,1.0853
2021-10-06,ZA,199,Omicron BA.1,Community,1.0562433561137763,2021-09-21,15,Traveler weight (travel hubs),Strategies (per capita),90%,P11-R,fig_3e,P11-R^0,10,1.0844
2021-10-06,ZA,199,Omicron BA.1,Community,1.0562433561137763,2021-09-21,15,Traveler weight (travel hubs),Strategies (per capita),100%,P7-R,fig_3e,P7-R^0,10,1.0849
2021-10-06,ZA,199,Omicron BA.1,Community,1.0562433561137763,2021-09-21,15,Traveler weight (travel hubs),Strategies (per capita),100%,P11-R,fig_3e,P11-R^0,10,1.0815
2021-09-30,ZA,2,Omicron BA.1,Community,1.278054224393344,2021-09-21,9,Traveler weight (travel hubs),Strategies (per capita),50%,P7-R,fig_3e,P7-R^0,10,1.092
2021-09-30,ZA,2,Omicron BA.1,Community,1.278054224393344,2021-09-21,9,Traveler weight (travel hubs),Strategies (per capita),50%,P11-R,fig_3e,P11-R^0,10,1.0899
2021-09-30,ZA,2,Omicron BA.1,Community,1.278054224393344,2021-09-21,9,Traveler weight (travel hubs),Strategies (per capita),70%,P7-R,fig_3e,P7-R^0,10,1.0883
2021-09-30,ZA,2,Omicron BA.1,Community,1.278054224393344,2021-09-21,9,Traveler weight (travel hubs),Strategies (per capita),70%,P11-R,fig_3e,P11-R^0,10,1.0862
2021-09-30,ZA,2,Omicron BA.1,Community,1.278054224393344,2021-09-21,9,Traveler weight (travel hubs),Strategies (per capita),90%,P7-R,fig_3e,P7-R^0,10,1.0853
2021-09-30,ZA,2,Omicron BA.1,Community,1.278054224393344,2021-09-21,9,Traveler weight (travel hubs),Strategies (per capita),90%,P11-R,fig_3e,P11-R^0,10,1.0844
2021-09-30,ZA,2,Omicron BA.1,Community,1.278054224393344,2021-09-21,9,Traveler weight (travel hubs),Strategies (per capita),100%,P7-R,fig_3e,P7-R^0,10,1.0849
2021-09-30,ZA,2,Omicron BA.1,Community,1.278054224393344,2021-09-21,9,Traveler weight (travel hubs),Strategies (per capita),100%,P11-R,fig_3e,P11-R^0,10,1.0815
2021-10-01,ZA,20,Omicron BA.1,Community,1.125185373845835,2021-09-21,10,Traveler weight (travel hubs),Strategies (per capita),50%,P7-R,fig_3e,P7-R^0,10,1.092
2021-10-01,ZA,20,Omicron BA.1,Community,1.125185373845835,2021-09-21,10,Traveler weight (travel hubs),Strategies (per capita),50%,P11-R,fig_3e,P11-R^0,10,1.0899
2021-10-01,ZA,20,Omicron BA.1,Community,1.125185373845835,2021-09-21,10,Traveler weight (travel hubs),Strategies (per capita),70%,P7-R,fig_3e,P7-R^0,10,1.0883
2021-10-01,ZA,20,Omicron BA.1,Community,1.125185373845835,2021-09-21,10,Traveler weight (travel hubs),Strategies (per capita),70%,P11-R,fig_3e,P11-R^0,10,1.0862
2021-10-01,ZA,20,Omicron BA.1,Community,1.125185373845835,2021-09-21,10,Traveler weight (travel hubs),Strategies (per capita),90%,P7-R,fig_3e,P7-R^0,10,1.0853
2021-10-01,ZA,20,Omicron BA.1,Community,1.125185373845835,2021-09-21,10,Traveler weight (travel hubs),Strategies (per capita),90%,P11-R,fig_3e,P11-R^0,10,1.0844
2021-10-01,ZA,20,Omicron BA.1,Community,1.125185373845835,2021-09-21,10,Traveler weight (travel hubs),Strategies (per capita),100%,P7-R,fig_3e,P7-R^0,10,1.0849
2021-10-01,ZA,20,Omicron BA.1,Community,1.125185373845835,2021-09-21,10,Traveler weight (travel hubs),Strategies (per capita),100%,P11-R,fig_3e,P11-R^0,10,1.0815
2021-09-26,GB,200,Omicron BA.1,Imported,1,2021-09-21,5,Traveler weight (travel hubs),Strategies (per capita),50%,P7-R,fig_3e,P7-R^0,10,1.092
2021-09-26,GB,200,Omicron BA.1,Imported,1,2021-09-21,5,Traveler weight (travel hubs),Strategies (per capita),50%,P11-R,fig_3e,P11-R^0,10,1.0899
2021-09-26,GB,200,Omicron BA.1,Imported,1,2021-09-21,5,Traveler weight (travel hubs),Strategies (per capita),70%,P7-R,fig_3e,P7-R^0,10,1.0883
2021-09-26,GB,200,Omicron BA.1,Imported,1,2021-09-21,5,Traveler weight (travel hubs),Strategies (per capita),70%,P11-R,fig_3e,P11-R^0,10,1.0862
2021-09-26,GB,200,Omicron BA.1,Imported,1,2021-09-21,5,Traveler weight (travel hubs),Strategies (per capita),90%,P7-R,fig_3e,P7-R^0,10,1.0853
2021-09-26,GB,200,Omicron BA.1,Imported,1,2021-09-21,5,Traveler weight (travel hubs),Strategies (per capita),90%,P11-R,fig_3e,P11-R^0,10,1.0844
2021-09-26,GB,200,Omicron BA.1,Imported,1,2021-09-21,5,Traveler weight (travel hubs),Strategies (per capita),100%,P7-R,fig_3e,P7-R^0,10,1.0849
2021-09-26,GB,200,Omicron BA.1,Imported,1,2021-09-21,5,Traveler weight (travel hubs),Strategies (per capita),100%,P11-R,fig_3e,P11-R^0,10,1.0815
2021-10-05,ZA,201,Omicron BA.1,Community,1.362718285473652,2021-09-21,14,Traveler weight (travel hubs),Strategies (per capita),50%,P7-R,fig_3e,P7-R^0,10,1.092
2021-10-05,ZA,201,Omicron BA.1,Community,1.362718285473652,2021-09-21,14,Traveler weight (travel hubs),Strategies (per capita),50%,P11-R,fig_3e,P11-R^0,10,1.0899
2021-10-05,ZA,201,Omicron BA.1,Community,1.362718285473652,2021-09-21,14,Traveler weight (travel hubs),Strategies (per capita),70%,P7-R,fig_3e,P7-R^0,10,1.0883
2021-10-05,ZA,201,Omicron BA.1,Community,1.362718285473652,2021-09-21,14,Traveler weight (travel hubs),Strategies (per capita),70%,P11-R,fig_3e,P11-R^0,10,1.0862
2021-10-05,ZA,201,Omicron BA.1,Community,1.362718285473652,2021-09-21,14,Traveler weight (travel hubs),Strategies (per capita),90%,P7-R,fig_3e,P7-R^0,10,1.0853
2021-10-05,ZA,201,Omicron BA.1,Community,1.362718285473652,2021-09-21,14,Traveler weight (travel hubs),Strategies (per capita),90%,P11-R,fig_3e,P11-R^0,10,1.0844
2021-10-05,ZA,201,Omicron BA.1,Community,1.362718285473652,2021-09-21,14,Traveler weight (travel hubs),Strategies (per capita),100%,P7-R,fig_3e,P7-R^0,10,1.0849
2021-10-05,ZA,201,Omicron BA.1,Community,1.362718285473652,2021-09-21,14,Traveler weight (travel hubs),Strategies (per capita),100%,P11-R,fig_3e,P11-R^0,10,1.0815
2021-10-05,ZA,202,Omicron BA.1,Community,1.0152952546561416,2021-09-21,14,Traveler weight (travel hubs),Strategies (per capita),50%,P7-R,fig_3e,P7-R^0,10,1.092
2021-10-05,ZA,202,Omicron BA.1,Community,1.0152952546561416,2021-09-21,14,Traveler weight (travel hubs),Strategies (per capita),50%,P11-R,fig_3e,P11-R^0,10,1.0899
2021-10-05,ZA,202,Omicron BA.1,Community,1.0152952546561416,2021-09-21,14,Traveler weight (travel hubs),Strategies (per capita),70%,P7-R,fig_3e,P7-R^0,10,1.0883
2021-10-05,ZA,202,Omicron BA.1,Community,1.0152952546561416,2021-09-21,14,Traveler weight (travel hubs),Strategies (per capita),70%,P11-R,fig_3e,P11-R^0,10,1.0862
2021-10-05,ZA,202,Omicron BA.1,Community,1.0152952546561416,2021-09-21,14,Traveler weight (travel hubs),Strategies (per capita),90%,P7-R,fig_3e,P7-R^0,10,1.0853
2021-10-05,ZA,202,Omicron BA.1,Community,1.0152952546561416,2021-09-21,14,Traveler weight (travel hubs),Strategies (per capita),90%,P11-R,fig_3e,P11-R^0,10,1.0844
2021-10-05,ZA,202,Omicron BA.1,Community,1.0152952546561416,2021-09-21,14,Traveler weight (travel hubs),Strategies (per capita),100%,P7-R,fig_3e,P7-R^0,10,1.0849
2021-10-05,ZA,202,Omicron BA.1,Community,1.0152952546561416,2021-09-21,14,Traveler weight (travel hubs),Strategies (per capita),100%,P11-R,fig_3e,P11-R^0,10,1.0815
2021-10-08,ZA,203,Omicron BA.1,Community,1.0929679395196497,2021-09-21,17,Traveler weight (travel hubs),Strategies (per capita),50%,P7-R,fig_3e,P7-R^0,10,1.092
2021-10-08,ZA,203,Omicron BA.1,Community,1.0929679395196497,2021-09-21,17,Traveler weight (travel hubs),Strategies (per capita),50%,P11-R,fig_3e,P11-R^0,10,1.0899
2021-10-08,ZA,203,Omicron BA.1,Community,1.0929679395196497,2021-09-21,17,Traveler weight (travel hubs),Strategies (per capita),70%,P7-R,fig_3e,P7-R^0,10,1.0883
2021-10-08,ZA,203,Omicron BA.1,Community,1.0929679395196497,2021-09-21,17,Traveler weight (travel hubs),Strategies (per capita),70%,P11-R,fig_3e,P11-R^0,10,1.0862
2021-10-08,ZA,203,Omicron BA.1,Community,1.0929679395196497,2021-09-21,17,Traveler weight (travel hubs),Strategies (per capita),90%,P7-R,fig_3e,P7-R^0,10,1.0853
2021-10-08,ZA,203,Omicron BA.1,Community,1.0929679395196497,2021-09-21,17,Traveler weight (travel hubs),Strategies (per capita),90%,P11-R,fig_3e,P11-R^0,10,1.0844
2021-10-08,ZA,203,Omicron BA.1,Community,1.0929679395196497,2021-09-21,17,Traveler weight (travel hubs),Strategies (per capita),100%,P7-R,fig_3e,P7-R^0,10,1.0849
2021-10-08,ZA,203,Omicron BA.1,Community,1.0929679395196497,2021-09-21,17,Traveler weight (travel hubs),Strategies (per capita),100%,P11-R,fig_3e,P11-R^0,10,1.0815
2021-10-05,ZA,204,Omicron BA.1,Community,1.1674276998277842,2021-09-21,14,Traveler weight (travel hubs),Strategies (per capita),50%,P7-R,fig_3e,P7-R^0,10,1.092
2021-10-05,ZA,204,Omicron BA.1,Community,1.1674276998277842,2021-09-21,14,Traveler weight (travel hubs),Strategies (per capita),50%,P11-R,fig_3e,P11-R^0,10,1.0899
2021-10-05,ZA,204,Omicron BA.1,Community,1.1674276998277842,2021-09-21,14,Traveler weight (travel hubs),Strategies (per capita),70%,P7-R,fig_3e,P7-R^0,10,1.0883
2021-10-05,ZA,204,Omicron BA.1,Community,1.1674276998277842,2021-09-21,14,Traveler weight (travel hubs),Strategies (per capita),70%,P11-R,fig_3e,P11-R^0,10,1.0862
2021-10-05,ZA,204,Omicron BA.1,Community,1.1674276998277842,2021-09-21,14,Traveler weight (travel hubs),Strategies (per capita),90%,P7-R,fig_3e,P7-R^0,10,1.0853
2021-10-05,ZA,204,Omicron BA.1,Community,1.1674276998277842,2021-09-21,14,Traveler weight (travel hubs),Strategies (per capita),90%,P11-R,fig_3e,P11-R^0,10,1.0844
2021-10-05,ZA,204,Omicron BA.1,Community,1.1674276998277842,2021-09-21,14,Traveler weight (travel hubs),Strategies (per capita),100%,P7-R,fig_3e,P7-R^0,10,1.0849
2021-10-05,ZA,204,Omicron BA.1,Community,1.1674276998277842,2021-09-21,14,Traveler weight (travel hubs),Strategies (per capita),100%,P11-R,fig_3e,P11-R^0,10,1.0815
2021-10-05,ZA,205,Omicron BA.1,Community,1.0055846730494407,2021-09-21,14,Traveler weight (travel hubs),Strategies (per capita),50%,P7-R,fig_3e,P7-R^0,10,1.092
2021-10-05,ZA,205,Omicron BA.1,Community,1.0055846730494407,2021-09-21,14,Traveler weight (travel hubs),Strategies (per capita),50%,P11-R,fig_3e,P11-R^0,10,1.0899
2021-10-05,ZA,205,Omicron BA.1,Community,1.0055846730494407,2021-09-21,14,Traveler weight (travel hubs),Strategies (per capita),70%,P7-R,fig_3e,P7-R^0,10,1.0883
2021-10-05,ZA,205,Omicron BA.1,Community,1.0055846730494407,2021-09-21,14,Traveler weight (travel hubs),Strategies (per capita),70%,P11-R,fig_3e,P11-R^0,10,1.0862
2021-10-05,ZA,205,Omicron BA.1,Community,1.0055846730494407,2021-09-21,14,Traveler weight (travel hubs),Strategies (per capita),90%,P7-R,fig_3e,P7-R^0,10,1.0853
2021-10-05,ZA,205,Omicron BA.1,Community,1.0055846730494407,2021-09-21,14,Traveler weight (travel hubs),Strategies (per capita),90%,P11-R,fig_3e,P11-R^0,10,1.0844
2021-10-05,ZA,205,Omicron BA.1,Community,1.0055846730494407,2021-09-21,14,Traveler weight (travel hubs),Strategies (per capita),100%,P7-R,fig_3e,P7-R^0,10,1.0849
2021-10-05,ZA,205,Omicron BA.1,Community,1.0055846730494407,2021-09-21,14,Traveler weight (travel hubs),Strategies (per capita),100%,P11-R,fig_3e,P11-R^0,10,1.0815
2021-10-07,ZA,206,Omicron BA.1,Community,1.2835254184943095,2021-09-21,16,Traveler weight (travel hubs),Strategies (per capita),50%,P7-R,fig_3e,P7-R^0,10,1.092
2021-10-07,ZA,206,Omicron BA.1,Community,1.2835254184943095,2021-09-21,16,Traveler weight (travel hubs),Strategies (per capita),50%,P11-R,fig_3e,P11-R^0,10,1.0899
2021-10-07,ZA,206,Omicron BA.1,Community,1.2835254184943095,2021-09-21,16,Traveler weight (travel hubs),Strategies (per capita),70%,P7-R,fig_3e,P7-R^0,10,1.0883
2021-10-07,ZA,206,Omicron BA.1,Community,1.2835254184943095,2021-09-21,16,Traveler weight (travel hubs),Strategies (per capita),70%,P11-R,fig_3e,P11-R^0,10,1.0862
2021-10-07,ZA,206,Omicron BA.1,Community,1.2835254184943095,2021-09-21,16,Traveler weight (travel hubs),Strategies (per capita),90%,P7-R,fig_3e,P7-R^0,10,1.0853
2021-10-07,ZA,206,Omicron BA.1,Community,1.2835254184943095,2021-09-21,16,Traveler weight (travel hubs),Strategies (per capita),90%,P11-R,fig_3e,P11-R^0,10,1.0844
2021-10-07,ZA,206,Omicron BA.1,Community,1.2835254184943095,2021-09-21,16,Traveler weight (travel hubs),Strategies (per capita),100%,P7-R,fig_3e,P7-R^0,10,1.0849
2021-10-07,ZA,206,Omicron BA.1,Community,1.2835254184943095,2021-09-21,16,Traveler weight (travel hubs),Strategies (per capita),100%,P11-R,fig_3e,P11-R^0,10,1.0815
2021-10-01,ZA,207,Omicron BA.1,Community,1.1748715725069205,2021-09-21,10,Traveler weight (travel hubs),Strategies (per capita),50%,P7-R,fig_3e,P7-R^0,10,1.092
2021-10-01,ZA,207,Omicron BA.1,Community,1.1748715725069205,2021-09-21,10,Traveler weight (travel hubs),Strategies (per capita),50%,P11-R,fig_3e,P11-R^0,10,1.0899
2021-10-01,ZA,207,Omicron BA.1,Community,1.1748715725069205,2021-09-21,10,Traveler weight (travel hubs),Strategies (per capita),70%,P7-R,fig_3e,P7-R^0,10,1.0883
2021-10-01,ZA,207,Omicron BA.1,Community,1.1748715725069205,2021-09-21,10,Traveler weight (travel hubs),Strategies (per capita),70%,P11-R,fig_3e,P11-R^0,10,1.0862
2021-10-01,ZA,207,Omicron BA.1,Community,1.1748715725069205,2021-09-21,10,Traveler weight (travel hubs),Strategies (per capita),90%,P7-R,fig_3e,P7-R^0,10,1.0853
2021-10-01,ZA,207,Omicron BA.1,Community,1.1748715725069205,2021-09-21,10,Traveler weight (travel hubs),Strategies (per capita),90%,P11-R,fig_3e,P11-R^0,10,1.0844
2021-10-01,ZA,207,Omicron BA.1,Community,1.1748715725069205,2021-09-21,10,Traveler weight (travel hubs),Strategies (per capita),100%,P7-R,fig_3e,P7-R^0,10,1.0849
2021-10-01,ZA,207,Omicron BA.1,Community,1.1748715725069205,2021-09-21,10,Traveler weight (travel hubs),Strategies (per capita),100%,P11-R,fig_3e,P11-R^0,10,1.0815
2021-09-30,GB,208,Omicron BA.1,Imported,1,2021-09-21,9,Traveler weight (travel hubs),Strategies (per capita),50%,P7-R,fig_3e,P7-R^0,10,1.092
2021-09-30,GB,208,Omicron BA.1,Imported,1,2021-09-21,9,Traveler weight (travel hubs),Strategies (per capita),50%,P11-R,fig_3e,P11-R^0,10,1.0899
2021-09-30,GB,208,Omicron BA.1,Imported,1,2021-09-21,9,Traveler weight (travel hubs),Strategies (per capita),70%,P7-R,fig_3e,P7-R^0,10,1.0883
2021-09-30,GB,208,Omicron BA.1,Imported,1,2021-09-21,9,Traveler weight (travel hubs),Strategies (per capita),70%,P11-R,fig_3e,P11-R^0,10,1.0862
2021-09-30,GB,208,Omicron BA.1,Imported,1,2021-09-21,9,Traveler weight (travel hubs),Strategies (per capita),90%,P7-R,fig_3e,P7-R^0,10,1.0853
2021-09-30,GB,208,Omicron BA.1,Imported,1,2021-09-21,9,Traveler weight (travel hubs),Strategies (per capita),90%,P11-R,fig_3e,P11-R^0,10,1.0844
2021-09-30,GB,208,Omicron BA.1,Imported,1,2021-09-21,9,Traveler weight (travel hubs),Strategies (per capita),100%,P7-R,fig_3e,P7-R^0,10,1.0849
2021-09-30,GB,208,Omicron BA.1,Imported,1,2021-09-21,9,Traveler weight (travel hubs),Strategies (per capita),100%,P11-R,fig_3e,P11-R^0,10,1.0815
2021-10-05,ZA,209,Omicron BA.1,Community,1.5094559630860165,2021-09-21,14,Traveler weight (travel hubs),Strategies (per capita),50%,P7-R,fig_3e,P7-R^0,10,1.092
2021-10-03,US,209,Omicron BA.1,Imported,1,2021-09-21,12,Traveler weight (travel hubs),Strategies (per capita),50%,P11-R,fig_3e,P11-R^0,10,1.0899
2021-10-05,ZA,209,Omicron BA.1,Community,1.5094559630860165,2021-09-21,14,Traveler weight (travel hubs),Strategies (per capita),70%,P7-R,fig_3e,P7-R^0,10,1.0883
2021-10-03,US,209,Omicron BA.1,Imported,1,2021-09-21,12,Traveler weight (travel hubs),Strategies (per capita),70%,P11-R,fig_3e,P11-R^0,10,1.0862
2021-10-05,ZA,209,Omicron BA.1,Community,1.5094559630860165,2021-09-21,14,Traveler weight (travel hubs),Strategies (per capita),90%,P7-R,fig_3e,P7-R^0,10,1.0853
2021-10-03,US,209,Omicron BA.1,Imported,1,2021-09-21,12,Traveler weight (travel hubs),Strategies (per capita),90%,P11-R,fig_3e,P11-R^0,10,1.0844
2021-10-05,ZA,209,Omicron BA.1,Community,1.5094559630860165,2021-09-21,14,Traveler weight (travel hubs),Strategies (per capita),100%,P7-R,fig_3e,P7-R^0,10,1.0849
2021-10-03,US,209,Omicron BA.1,Imported,1,2021-09-21,12,Traveler weight (travel hubs),Strategies (per capita),100%,P11-R,fig_3e,P11-R^0,10,1.0815
2021-09-29,ZA,21,Omicron BA.1,Community,1.014820901406538,2021-09-21,8,Traveler weight (travel hubs),Strategies (per capita),50%,P7-R,fig_3e,P7-R^0,10,1.092
2021-09-29,ZA,21,Omicron BA.1,Community,1.014820901406538,2021-09-21,8,Traveler weight (travel hubs),Strategies (per capita),50%,P11-R,fig_3e,P11-R^0,10,1.0899
2021-09-29,ZA,21,Omicron BA.1,Community,1.014820901406538,2021-09-21,8,Traveler weight (travel hubs),Strategies (per capita),70%,P7-R,fig_3e,P7-R^0,10,1.0883
2021-09-29,ZA,21,Omicron BA.1,Community,1.014820901406538,2021-09-21,8,Traveler weight (travel hubs),Strategies (per capita),70%,P11-R,fig_3e,P11-R^0,10,1.0862
2021-09-29,ZA,21,Omicron BA.1,Community,1.014820901406538,2021-09-21,8,Traveler weight (travel hubs),Strategies (per capita),90%,P7-R,fig_3e,P7-R^0,10,1.0853
2021-09-29,ZA,21,Omicron BA.1,Community,1.014820901406538,2021-09-21,8,Traveler weight (travel hubs),Strategies (per capita),90%,P11-R,fig_3e,P11-R^0,10,1.0844
2021-09-29,ZA,21,Omicron BA.1,Community,1.014820901406538,2021-09-21,8,Traveler weight (travel hubs),Strategies (per capita),100%,P7-R,fig_3e,P7-R^0,10,1.0849
2021-09-29,ZA,21,Omicron BA.1,Community,1.014820901406538,2021-09-21,8,Traveler weight (travel hubs),Strategies (per capita),100%,P11-R,fig_3e,P11-R^0,10,1.0815
2021-10-01,GB,210,Omicron BA.1,Imported,1,2021-09-21,10,Traveler weight (travel hubs),Strategies (per capita),50%,P7-R,fig_3e,P7-R^0,10,1.092
2021-10-01,GB,210,Omicron BA.1,Imported,1,2021-09-21,10,Traveler weight (travel hubs),Strategies (per capita),50%,P11-R,fig_3e,P11-R^0,10,1.0899
2021-10-01,GB,210,Omicron BA.1,Imported,1,2021-09-21,10,Traveler weight (travel hubs),Strategies (per capita),70%,P7-R,fig_3e,P7-R^0,10,1.0883
2021-10-01,GB,210,Omicron BA.1,Imported,1,2021-09-21,10,Traveler weight (travel hubs),Strategies (per capita),70%,P11-R,fig_3e,P11-R^0,10,1.0862
2021-10-01,GB,210,Omicron BA.1,Imported,1,2021-09-21,10,Traveler weight (travel hubs),Strategies (per capita),90%,P7-R,fig_3e,P7-R^0,10,1.0853
2021-10-01,GB,210,Omicron BA.1,Imported,1,2021-09-21,10,Traveler weight (travel hubs),Strategies (per capita),90%,P11-R,fig_3e,P11-R^0,10,1.0844
2021-10-01,GB,210,Omicron BA.1,Imported,1,2021-09-21,10,Traveler weight (travel hubs),Strategies (per capita),100%,P7-R,fig_3e,P7-R^0,10,1.0849
2021-10-01,GB,210,Omicron BA.1,Imported,1,2021-09-21,10,Traveler weight (travel hubs),Strategies (per capita),100%,P11-R,fig_3e,P11-R^0,10,1.0815
2021-09-30,ZA,211,Omicron BA.1,Community,1.0734828934071825,2021-09-21,9,Traveler weight (travel hubs),Strategies (per capita),50%,P7-R,fig_3e,P7-R^0,10,1.092
2021-09-30,ZA,211,Omicron BA.1,Community,1.0734828934071825,2021-09-21,9,Traveler weight (travel hubs),Strategies (per capita),50%,P11-R,fig_3e,P11-R^0,10,1.0899
2021-09-30,ZA,211,Omicron BA.1,Community,1.0734828934071825,2021-09-21,9,Traveler weight (travel hubs),Strategies (per capita),70%,P7-R,fig_3e,P7-R^0,10,1.0883
2021-09-30,ZA,211,Omicron BA.1,Community,1.0734828934071825,2021-09-21,9,Traveler weight (travel hubs),Strategies (per capita),70%,P11-R,fig_3e,P11-R^0,10,1.0862
2021-09-30,ZA,211,Omicron BA.1,Community,1.0734828934071825,2021-09-21,9,Traveler weight (travel hubs),Strategies (per capita),90%,P7-R,fig_3e,P7-R^0,10,1.0853
2021-09-30,ZA,211,Omicron BA.1,Community,1.0734828934071825,2021-09-21,9,Traveler weight (travel hubs),Strategies (per capita),90%,P11-R,fig_3e,P11-R^0,10,1.0844
2021-09-30,ZA,211,Omicron BA.1,Community,1.0734828934071825,2021-09-21,9,Traveler weight (travel hubs),Strategies (per capita),100%,P7-R,fig_3e,P7-R^0,10,1.0849
2021-09-30,ZA,211,Omicron BA.1,Community,1.0734828934071825,2021-09-21,9,Traveler weight (travel hubs),Strategies (per capita),100%,P11-R,fig_3e,P11-R^0,10,1.0815
2021-10-07,ZA,212,Omicron BA.1,Community,1.0139448447039685,2021-09-21,16,Traveler weight (travel hubs),Strategies (per capita),50%,P7-R,fig_3e,P7-R^0,10,1.092
2021-10-07,ZA,212,Omicron BA.1,Community,1.0139448447039685,2021-09-21,16,Traveler weight (travel hubs),Strategies (per capita),50%,P11-R,fig_3e,P11-R^0,10,1.0899
2021-10-07,ZA,212,Omicron BA.1,Community,1.0139448447039685,2021-09-21,16,Traveler weight (travel hubs),Strategies (per capita),70%,P7-R,fig_3e,P7-R^0,10,1.0883
2021-10-07,ZA,212,Omicron BA.1,Community,1.0139448447039685,2021-09-21,16,Traveler weight (travel hubs),Strategies (per capita),70%,P11-R,fig_3e,P11-R^0,10,1.0862
2021-10-07,ZA,212,Omicron BA.1,Community,1.0139448447039685,2021-09-21,16,Traveler weight (travel hubs),Strategies (per capita),90%,P7-R,fig_3e,P7-R^0,10,1.0853
2021-10-07,ZA,212,Omicron BA.1,Community,1.0139448447039685,2021-09-21,16,Traveler weight (travel hubs),Strategies (per capita),90%,P11-R,fig_3e,P11-R^0,10,1.0844
2021-10-07,ZA,212,Omicron BA.1,Community,1.0139448447039685,2021-09-21,16,Traveler weight (travel hubs),Strategies (per capita),100%,P7-R,fig_3e,P7-R^0,10,1.0849
2021-10-07,ZA,212,Omicron BA.1,Community,1.0139448447039685,2021-09-21,16,Traveler weight (travel hubs),Strategies (per capita),100%,P11-R,fig_3e,P11-R^0,10,1.0815
2021-10-05,ZA,213,Omicron BA.1,Community,1.2731651439896352,2021-09-21,14,Traveler weight (travel hubs),Strategies (per capita),50%,P7-R,fig_3e,P7-R^0,10,1.092
2021-10-05,ZA,213,Omicron BA.1,Community,1.2731651439896352,2021-09-21,14,Traveler weight (travel hubs),Strategies (per capita),50%,P11-R,fig_3e,P11-R^0,10,1.0899
2021-10-05,ZA,213,Omicron BA.1,Community,1.2731651439896352,2021-09-21,14,Traveler weight (travel hubs),Strategies (per capita),70%,P7-R,fig_3e,P7-R^0,10,1.0883
2021-10-05,ZA,213,Omicron BA.1,Community,1.2731651439896352,2021-09-21,14,Traveler weight (travel hubs),Strategies (per capita),70%,P11-R,fig_3e,P11-R^0,10,1.0862
2021-10-05,ZA,213,Omicron BA.1,Community,1.2731651439896352,2021-09-21,14,Traveler weight (travel hubs),Strategies (per capita),90%,P7-R,fig_3e,P7-R^0,10,1.0853
2021-10-05,ZA,213,Omicron BA.1,Community,1.2731651439896352,2021-09-21,14,Traveler weight (travel hubs),Strategies (per capita),90%,P11-R,fig_3e,P11-R^0,10,1.0844
2021-10-05,ZA,213,Omicron BA.1,Community,1.2731651439896352,2021-09-21,14,Traveler weight (travel hubs),Strategies (per capita),100%,P7-R,fig_3e,P7-R^0,10,1.0849
2021-10-05,ZA,213,Omicron BA.1,Community,1.2731651439896352,2021-09-21,14,Traveler weight (travel hubs),Strategies (per capita),100%,P11-R,fig_3e,P11-R^0,10,1.0815
2021-10-01,ZA,214,Omicron BA.1,Community,1.2628575493025933,2021-09-21,10,Traveler weight (travel hubs),Strategies (per capita),50%,P7-R,fig_3e,P7-R^0,10,1.092
2021-10-01,ZA,214,Omicron BA.1,Community,1.2628575493025933,2021-09-21,10,Traveler weight (travel hubs),Strategies (per capita),50%,P11-R,fig_3e,P11-R^0,10,1.0899
2021-10-01,ZA,214,Omicron BA.1,Community,1.2628575493025933,2021-09-21,10,Traveler weight (travel hubs),Strategies (per capita),70%,P7-R,fig_3e,P7-R^0,10,1.0883
2021-10-01,ZA,214,Omicron BA.1,Community,1.2628575493025933,2021-09-21,10,Traveler weight (travel hubs),Strategies (per capita),70%,P11-R,fig_3e,P11-R^0,10,1.0862
2021-10-01,ZA,214,Omicron BA.1,Community,1.2628575493025933,2021-09-21,10,Traveler weight (travel hubs),Strategies (per capita),90%,P7-R,fig_3e,P7-R^0,10,1.0853
2021-10-01,ZA,214,Omicron BA.1,Community,1.2628575493025933,2021-09-21,10,Traveler weight (travel hubs),Strategies (per capita),90%,P11-R,fig_3e,P11-R^0,10,1.0844
2021-10-01,ZA,214,Omicron BA.1,Community,1.2628575493025933,2021-09-21,10,Traveler weight (travel hubs),Strategies (per capita),100%,P7-R,fig_3e,P7-R^0,10,1.0849
2021-10-01,ZA,214,Omicron BA.1,Community,1.2628575493025933,2021-09-21,10,Traveler weight (travel hubs),Strategies (per capita),100%,P11-R,fig_3e,P11-R^0,10,1.0815
2021-10-05,ZA,215,Omicron BA.1,Community,1.0120583941205743,2021-09-21,14,Traveler weight (travel hubs),Strategies (per capita),50%,P7-R,fig_3e,P7-R^0,10,1.092
2021-10-05,ZA,215,Omicron BA.1,Community,1.0120583941205743,2021-09-21,14,Traveler weight (travel hubs),Strategies (per capita),50%,P11-R,fig_3e,P11-R^0,10,1.0899
2021-10-05,ZA,215,Omicron BA.1,Community,1.0120583941205743,2021-09-21,14,Traveler weight (travel hubs),Strategies (per capita),70%,P7-R,fig_3e,P7-R^0,10,1.0883
2021-10-05,ZA,215,Omicron BA.1,Community,1.0120583941205743,2021-09-21,14,Traveler weight (travel hubs),Strategies (per capita),70%,P11-R,fig_3e,P11-R^0,10,1.0862
2021-10-05,ZA,215,Omicron BA.1,Community,1.0120583941205743,2021-09-21,14,Traveler weight (travel hubs),Strategies (per capita),90%,P7-R,fig_3e,P7-R^0,10,1.0853
2021-10-05,ZA,215,Omicron BA.1,Community,1.0120583941205743,2021-09-21,14,Traveler weight (travel hubs),Strategies (per capita),90%,P11-R,fig_3e,P11-R^0,10,1.0844
2021-10-05,ZA,215,Omicron BA.1,Community,1.0120583941205743,2021-09-21,14,Traveler weight (travel hubs),Strategies (per capita),100%,P7-R,fig_3e,P7-R^0,10,1.0849
2021-10-05,ZA,215,Omicron BA.1,Community,1.0120583941205743,2021-09-21,14,Traveler weight (travel hubs),Strategies (per capita),100%,P11-R,fig_3e,P11-R^0,10,1.0815
2021-09-29,ZA,216,Omicron BA.1,Community,1.122940005881285,2021-09-21,8,Traveler weight (travel hubs),Strategies (per capita),50%,P7-R,fig_3e,P7-R^0,10,1.092
2021-09-29,ZA,216,Omicron BA.1,Community,1.122940005881285,2021-09-21,8,Traveler weight (travel hubs),Strategies (per capita),50%,P11-R,fig_3e,P11-R^0,10,1.0899
2021-09-29,ZA,216,Omicron BA.1,Community,1.122940005881285,2021-09-21,8,Traveler weight (travel hubs),Strategies (per capita),70%,P7-R,fig_3e,P7-R^0,10,1.0883
2021-09-29,ZA,216,Omicron BA.1,Community,1.122940005881285,2021-09-21,8,Traveler weight (travel hubs),Strategies (per capita),70%,P11-R,fig_3e,P11-R^0,10,1.0862
2021-09-29,ZA,216,Omicron BA.1,Community,1.122940005881285,2021-09-21,8,Traveler weight (travel hubs),Strategies (per capita),90%,P7-R,fig_3e,P7-R^0,10,1.0853
2021-09-29,ZA,216,Omicron BA.1,Community,1.122940005881285,2021-09-21,8,Traveler weight (travel hubs),Strategies (per capita),90%,P11-R,fig_3e,P11-R^0,10,1.0844
2021-09-29,ZA,216,Omicron BA.1,Community,1.122940005881285,2021-09-21,8,Traveler weight (travel hubs),Strategies (per capita),100%,P7-R,fig_3e,P7-R^0,10,1.0849
2021-09-29,ZA,216,Omicron BA.1,Community,1.122940005881285,2021-09-21,8,Traveler weight (travel hubs),Strategies (per capita),100%,P11-R,fig_3e,P11-R^0,10,1.0815
2021-09-30,ZA,217,Omicron BA.1,Community,1.022856654930809,2021-09-21,9,Traveler weight (travel hubs),Strategies (per capita),50%,P7-R,fig_3e,P7-R^0,10,1.092
2021-09-30,ZA,217,Omicron BA.1,Community,1.022856654930809,2021-09-21,9,Traveler weight (travel hubs),Strategies (per capita),50%,P11-R,fig_3e,P11-R^0,10,1.0899
2021-09-30,ZA,217,Omicron BA.1,Community,1.022856654930809,2021-09-21,9,Traveler weight (travel hubs),Strategies (per capita),70%,P7-R,fig_3e,P7-R^0,10,1.0883
2021-09-30,ZA,217,Omicron BA.1,Community,1.022856654930809,2021-09-21,9,Traveler weight (travel hubs),Strategies (per capita),70%,P11-R,fig_3e,P11-R^0,10,1.0862
2021-09-30,ZA,217,Omicron BA.1,Community,1.022856654930809,2021-09-21,9,Traveler weight (travel hubs),Strategies (per capita),90%,P7-R,fig_3e,P7-R^0,10,1.0853
2021-09-30,ZA,217,Omicron BA.1,Community,1.022856654930809,2021-09-21,9,Traveler weight (travel hubs),Strategies (per capita),90%,P11-R,fig_3e,P11-R^0,10,1.0844
2021-09-30,ZA,217,Omicron BA.1,Community,1.022856654930809,2021-09-21,9,Traveler weight (travel hubs),Strategies (per capita),100%,P7-R,fig_3e,P7-R^0,10,1.0849
2021-09-30,ZA,217,Omicron BA.1,Community,1.022856654930809,2021-09-21,9,Traveler weight (travel hubs),Strategies (per capita),100%,P11-R,fig_3e,P11-R^0,10,1.0815
2021-10-07,ZA,218,Omicron BA.1,Community,1.5423764172084178,2021-09-21,16,Traveler weight (travel hubs),Strategies (per capita),50%,P7-R,fig_3e,P7-R^0,10,1.092
2021-10-07,ZA,218,Omicron BA.1,Community,1.5423764172084178,2021-09-21,16,Traveler weight (travel hubs),Strategies (per capita),50%,P11-R,fig_3e,P11-R^0,10,1.0899
2021-10-07,ZA,218,Omicron BA.1,Community,1.5423764172084178,2021-09-21,16,Traveler weight (travel hubs),Strategies (per capita),70%,P7-R,fig_3e,P7-R^0,10,1.0883
2021-10-07,ZA,218,Omicron BA.1,Community,1.5423764172084178,2021-09-21,16,Traveler weight (travel hubs),Strategies (per capita),70%,P11-R,fig_3e,P11-R^0,10,1.0862
2021-10-07,ZA,218,Omicron BA.1,Community,1.5423764172084178,2021-09-21,16,Traveler weight (travel hubs),Strategies (per capita),90%,P7-R,fig_3e,P7-R^0,10,1.0853
2021-10-07,ZA,218,Omicron BA.1,Community,1.5423764172084178,2021-09-21,16,Traveler weight (travel hubs),Strategies (per capita),90%,P11-R,fig_3e,P11-R^0,10,1.0844
2021-10-07,ZA,218,Omicron BA.1,Community,1.5423764172084178,2021-09-21,16,Traveler weight (travel hubs),Strategies (per capita),100%,P7-R,fig_3e,P7-R^0,10,1.0849
2021-10-07,ZA,218,Omicron BA.1,Community,1.5423764172084178,2021-09-21,16,Traveler weight (travel hubs),Strategies (per capita),100%,P11-R,fig_3e,P11-R^0,10,1.0815
2021-10-07,ZA,219,Omicron BA.1,Community,1.2258539524595597,2021-09-21,16,Traveler weight (travel hubs),Strategies (per capita),50%,P7-R,fig_3e,P7-R^0,10,1.092
2021-10-07,ZA,219,Omicron BA.1,Community,1.2258539524595597,2021-09-21,16,Traveler weight (travel hubs),Strategies (per capita),50%,P11-R,fig_3e,P11-R^0,10,1.0899
2021-10-07,ZA,219,Omicron BA.1,Community,1.2258539524595597,2021-09-21,16,Traveler weight (travel hubs),Strategies (per capita),70%,P7-R,fig_3e,P7-R^0,10,1.0883
2021-10-07,ZA,219,Omicron BA.1,Community,1.2258539524595597,2021-09-21,16,Traveler weight (travel hubs),Strategies (per capita),70%,P11-R,fig_3e,P11-R^0,10,1.0862
2021-10-07,ZA,219,Omicron BA.1,Community,1.2258539524595597,2021-09-21,16,Traveler weight (travel hubs),Strategies (per capita),90%,P7-R,fig_3e,P7-R^0,10,1.0853
2021-10-07,ZA,219,Omicron BA.1,Community,1.2258539524595597,2021-09-21,16,Traveler weight (travel hubs),Strategies (per capita),90%,P11-R,fig_3e,P11-R^0,10,1.0844
2021-10-07,ZA,219,Omicron BA.1,Community,1.2258539524595597,2021-09-21,16,Traveler weight (travel hubs),Strategies (per capita),100%,P7-R,fig_3e,P7-R^0,10,1.0849
2021-10-07,ZA,219,Omicron BA.1,Community,1.2258539524595597,2021-09-21,16,Traveler weight (travel hubs),Strategies (per capita),100%,P11-R,fig_3e,P11-R^0,10,1.0815
2021-09-27,GB,22,Omicron BA.1,Imported,1,2021-09-21,6,Traveler weight (travel hubs),Strategies (per capita),50%,P7-R,fig_3e,P7-R^0,10,1.092
2021-09-27,GB,22,Omicron BA.1,Imported,1,2021-09-21,6,Traveler weight (travel hubs),Strategies (per capita),50%,P11-R,fig_3e,P11-R^0,10,1.0899
2021-09-27,GB,22,Omicron BA.1,Imported,1,2021-09-21,6,Traveler weight (travel hubs),Strategies (per capita),70%,P7-R,fig_3e,P7-R^0,10,1.0883
2021-09-27,GB,22,Omicron BA.1,Imported,1,2021-09-21,6,Traveler weight (travel hubs),Strategies (per capita),70%,P11-R,fig_3e,P11-R^0,10,1.0862
2021-09-27,GB,22,Omicron BA.1,Imported,1,2021-09-21,6,Traveler weight (travel hubs),Strategies (per capita),90%,P7-R,fig_3e,P7-R^0,10,1.0853
2021-09-27,GB,22,Omicron BA.1,Imported,1,2021-09-21,6,Traveler weight (travel hubs),Strategies (per capita),90%,P11-R,fig_3e,P11-R^0,10,1.0844
2021-09-27,GB,22,Omicron BA.1,Imported,1,2021-09-21,6,Traveler weight (travel hubs),Strategies (per capita),100%,P7-R,fig_3e,P7-R^0,10,1.0849
2021-09-27,GB,22,Omicron BA.1,Imported,1,2021-09-21,6,Traveler weight (travel hubs),Strategies (per capita),100%,P11-R,fig_3e,P11-R^0,10,1.0815
2021-10-07,ZA,220,Omicron BA.1,Community,1.131970170542526,2021-09-21,16,Traveler weight (travel hubs),Strategies (per capita),50%,P7-R,fig_3e,P7-R^0,10,1.092
2021-10-07,ZA,220,Omicron BA.1,Community,1.131970170542526,2021-09-21,16,Traveler weight (travel hubs),Strategies (per capita),50%,P11-R,fig_3e,P11-R^0,10,1.0899
2021-10-07,ZA,220,Omicron BA.1,Community,1.131970170542526,2021-09-21,16,Traveler weight (travel hubs),Strategies (per capita),70%,P7-R,fig_3e,P7-R^0,10,1.0883
2021-10-07,ZA,220,Omicron BA.1,Community,1.131970170542526,2021-09-21,16,Traveler weight (travel hubs),Strategies (per capita),70%,P11-R,fig_3e,P11-R^0,10,1.0862
2021-10-07,ZA,220,Omicron BA.1,Community,1.131970170542526,2021-09-21,16,Traveler weight (travel hubs),Strategies (per capita),90%,P7-R,fig_3e,P7-R^0,10,1.0853
2021-10-07,ZA,220,Omicron BA.1,Community,1.131970170542526,2021-09-21,16,Traveler weight (travel hubs),Strategies (per capita),90%,P11-R,fig_3e,P11-R^0,10,1.0844
2021-10-07,ZA,220,Omicron BA.1,Community,1.131970170542526,2021-09-21,16,Traveler weight (travel hubs),Strategies (per capita),100%,P7-R,fig_3e,P7-R^0,10,1.0849
2021-10-07,ZA,220,Omicron BA.1,Community,1.131970170542526,2021-09-21,16,Traveler weight (travel hubs),Strategies (per capita),100%,P11-R,fig_3e,P11-R^0,10,1.0815
2021-09-30,ZA,221,Omicron BA.1,Community,1.2770210358530096,2021-09-21,9,Traveler weight (travel hubs),Strategies (per capita),50%,P7-R,fig_3e,P7-R^0,10,1.092
2021-09-30,ZA,221,Omicron BA.1,Community,1.2770210358530096,2021-09-21,9,Traveler weight (travel hubs),Strategies (per capita),50%,P11-R,fig_3e,P11-R^0,10,1.0899
2021-09-30,ZA,221,Omicron BA.1,Community,1.2770210358530096,2021-09-21,9,Traveler weight (travel hubs),Strategies (per capita),70%,P7-R,fig_3e,P7-R^0,10,1.0883
2021-09-30,ZA,221,Omicron BA.1,Community,1.2770210358530096,2021-09-21,9,Traveler weight (travel hubs),Strategies (per capita),70%,P11-R,fig_3e,P11-R^0,10,1.0862
2021-09-30,ZA,221,Omicron BA.1,Community,1.2770210358530096,2021-09-21,9,Traveler weight (travel hubs),Strategies (per capita),90%,P7-R,fig_3e,P7-R^0,10,1.0853
2021-09-30,ZA,221,Omicron BA.1,Community,1.2770210358530096,2021-09-21,9,Traveler weight (travel hubs),Strategies (per capita),90%,P11-R,fig_3e,P11-R^0,10,1.0844
2021-09-30,ZA,221,Omicron BA.1,Community,1.2770210358530096,2021-09-21,9,Traveler weight (travel hubs),Strategies (per capita),100%,P7-R,fig_3e,P7-R^0,10,1.0849
2021-09-30,ZA,221,Omicron BA.1,Community,1.2770210358530096,2021-09-21,9,Traveler weight (travel hubs),Strategies (per capita),100%,P11-R,fig_3e,P11-R^0,10,1.0815
2021-10-05,ZA,222,Omicron BA.1,Community,1.036874324893254,2021-09-21,14,Traveler weight (travel hubs),Strategies (per capita),50%,P7-R,fig_3e,P7-R^0,10,1.092
2021-10-05,ZA,222,Omicron BA.1,Community,1.036874324893254,2021-09-21,14,Traveler weight (travel hubs),Strategies (per capita),50%,P11-R,fig_3e,P11-R^0,10,1.0899
2021-10-05,ZA,222,Omicron BA.1,Community,1.036874324893254,2021-09-21,14,Traveler weight (travel hubs),Strategies (per capita),70%,P7-R,fig_3e,P7-R^0,10,1.0883
2021-10-05,ZA,222,Omicron BA.1,Community,1.036874324893254,2021-09-21,14,Traveler weight (travel hubs),Strategies (per capita),70%,P11-R,fig_3e,P11-R^0,10,1.0862
2021-10-05,ZA,222,Omicron BA.1,Community,1.036874324893254,2021-09-21,14,Traveler weight (travel hubs),Strategies (per capita),90%,P7-R,fig_3e,P7-R^0,10,1.0853
2021-10-05,ZA,222,Omicron BA.1,Community,1.036874324893254,2021-09-21,14,Traveler weight (travel hubs),Strategies (per capita),90%,P11-R,fig_3e,P11-R^0,10,1.0844
2021-10-05,ZA,222,Omicron BA.1,Community,1.036874324893254,2021-09-21,14,Traveler weight (travel hubs),Strategies (per capita),100%,P7-R,fig_3e,P7-R^0,10,1.0849
2021-10-05,ZA,222,Omicron BA.1,Community,1.036874324893254,2021-09-21,14,Traveler weight (travel hubs),Strategies (per capita),100%,P11-R,fig_3e,P11-R^0,10,1.0815
2021-10-05,ZA,223,Omicron BA.1,Community,1.1145589777468585,2021-09-21,14,Traveler weight (travel hubs),Strategies (per capita),50%,P7-R,fig_3e,P7-R^0,10,1.092
2021-10-05,ZA,223,Omicron BA.1,Community,1.1145589777468585,2021-09-21,14,Traveler weight (travel hubs),Strategies (per capita),50%,P11-R,fig_3e,P11-R^0,10,1.0899
2021-10-05,ZA,223,Omicron BA.1,Community,1.1145589777468585,2021-09-21,14,Traveler weight (travel hubs),Strategies (per capita),70%,P7-R,fig_3e,P7-R^0,10,1.0883
2021-10-05,ZA,223,Omicron BA.1,Community,1.1145589777468585,2021-09-21,14,Traveler weight (travel hubs),Strategies (per capita),70%,P11-R,fig_3e,P11-R^0,10,1.0862
2021-10-05,ZA,223,Omicron BA.1,Community,1.1145589777468585,2021-09-21,14,Traveler weight (travel hubs),Strategies (per capita),90%,P7-R,fig_3e,P7-R^0,10,1.0853
2021-10-05,ZA,223,Omicron BA.1,Community,1.1145589777468585,2021-09-21,14,Traveler weight (travel hubs),Strategies (per capita),90%,P11-R,fig_3e,P11-R^0,10,1.0844
2021-10-05,ZA,223,Omicron BA.1,Community,1.1145589777468585,2021-09-21,14,Traveler weight (travel hubs),Strategies (per capita),100%,P7-R,fig_3e,P7-R^0,10,1.0849
2021-10-05,ZA,223,Omicron BA.1,Community,1.1145589777468585,2021-09-21,14,Traveler weight (travel hubs),Strategies (per capita),100%,P11-R,fig_3e,P11-R^0,10,1.0815
2021-10-07,ZA,224,Omicron BA.1,Community,1.205735999191624,2021-09-21,16,Traveler weight (travel hubs),Strategies (per capita),50%,P7-R,fig_3e,P7-R^0,10,1.092
2021-10-07,ZA,224,Omicron BA.1,Community,1.205735999191624,2021-09-21,16,Traveler weight (travel hubs),Strategies (per capita),50%,P11-R,fig_3e,P11-R^0,10,1.0899
2021-10-07,ZA,224,Omicron BA.1,Community,1.205735999191624,2021-09-21,16,Traveler weight (travel hubs),Strategies (per capita),70%,P7-R,fig_3e,P7-R^0,10,1.0883
2021-10-07,ZA,224,Omicron BA.1,Community,1.205735999191624,2021-09-21,16,Traveler weight (travel hubs),Strategies (per capita),70%,P11-R,fig_3e,P11-R^0,10,1.0862
2021-10-07,ZA,224,Omicron BA.1,Community,1.205735999191624,2021-09-21,16,Traveler weight (travel hubs),Strategies (per capita),90%,P7-R,fig_3e,P7-R^0,10,1.0853
2021-10-07,ZA,224,Omicron BA.1,Community,1.205735999191624,2021-09-21,16,Traveler weight (travel hubs),Strategies (per capita),90%,P11-R,fig_3e,P11-R^0,10,1.0844
2021-10-07,ZA,224,Omicron BA.1,Community,1.205735999191624,2021-09-21,16,Traveler weight (travel hubs),Strategies (per capita),100%,P7-R,fig_3e,P7-R^0,10,1.0849
2021-10-07,ZA,224,Omicron BA.1,Community,1.205735999191624,2021-09-21,16,Traveler weight (travel hubs),Strategies (per capita),100%,P11-R,fig_3e,P11-R^0,10,1.0815
2021-10-01,ZA,225,Omicron BA.1,Community,1.0806748208786126,2021-09-21,10,Traveler weight (travel hubs),Strategies (per capita),50%,P7-R,fig_3e,P7-R^0,10,1.092
2021-10-01,ZA,225,Omicron BA.1,Community,1.0806748208786126,2021-09-21,10,Traveler weight (travel hubs),Strategies (per capita),50%,P11-R,fig_3e,P11-R^0,10,1.0899
2021-10-01,ZA,225,Omicron BA.1,Community,1.0806748208786126,2021-09-21,10,Traveler weight (travel hubs),Strategies (per capita),70%,P7-R,fig_3e,P7-R^0,10,1.0883
2021-10-01,ZA,225,Omicron BA.1,Community,1.0806748208786126,2021-09-21,10,Traveler weight (travel hubs),Strategies (per capita),70%,P11-R,fig_3e,P11-R^0,10,1.0862
2021-10-01,ZA,225,Omicron BA.1,Community,1.0806748208786126,2021-09-21,10,Traveler weight (travel hubs),Strategies (per capita),90%,P7-R,fig_3e,P7-R^0,10,1.0853
2021-10-01,ZA,225,Omicron BA.1,Community,1.0806748208786126,2021-09-21,10,Traveler weight (travel hubs),Strategies (per capita),90%,P11-R,fig_3e,P11-R^0,10,1.0844
2021-10-01,ZA,225,Omicron BA.1,Community,1.0806748208786126,2021-09-21,10,Traveler weight (travel hubs),Strategies (per capita),100%,P7-R,fig_3e,P7-R^0,10,1.0849
2021-10-01,ZA,225,Omicron BA.1,Community,1.0806748208786126,2021-09-21,10,Traveler weight (travel hubs),Strategies (per capita),100%,P11-R,fig_3e,P11-R^0,10,1.0815
2021-09-27,ZA,226,Omicron BA.1,Community,1.0099814683730677,2021-09-21,6,Traveler weight (travel hubs),Strategies (per capita),50%,P7-R,fig_3e,P7-R^0,10,1.092
2021-09-27,ZA,226,Omicron BA.1,Community,1.0099814683730677,2021-09-21,6,Traveler weight (travel hubs),Strategies (per capita),50%,P11-R,fig_3e,P11-R^0,10,1.0899
2021-09-27,ZA,226,Omicron BA.1,Community,1.0099814683730677,2021-09-21,6,Traveler weight (travel hubs),Strategies (per capita),70%,P7-R,fig_3e,P7-R^0,10,1.0883
2021-09-27,ZA,226,Omicron BA.1,Community,1.0099814683730677,2021-09-21,6,Traveler weight (travel hubs),Strategies (per capita),70%,P11-R,fig_3e,P11-R^0,10,1.0862
2021-09-27,ZA,226,Omicron BA.1,Community,1.0099814683730677,2021-09-21,6,Traveler weight (travel hubs),Strategies (per capita),90%,P7-R,fig_3e,P7-R^0,10,1.0853
2021-09-27,ZA,226,Omicron BA.1,Community,1.0099814683730677,2021-09-21,6,Traveler weight (travel hubs),Strategies (per capita),90%,P11-R,fig_3e,P11-R^0,10,1.0844
2021-09-27,ZA,226,Omicron BA.1,Community,1.0099814683730677,2021-09-21,6,Traveler weight (travel hubs),Strategies (per capita),100%,P7-R,fig_3e,P7-R^0,10,1.0849
2021-09-27,ZA,226,Omicron BA.1,Community,1.0099814683730677,2021-09-21,6,Traveler weight (travel hubs),Strategies (per capita),100%,P11-R,fig_3e,P11-R^0,10,1.0815
2021-10-01,ZA,227,Omicron BA.1,Community,1.0889558539887936,2021-09-21,10,Traveler weight (travel hubs),Strategies (per capita),50%,P7-R,fig_3e,P7-R^0,10,1.092
2021-10-01,ZA,227,Omicron BA.1,Community,1.0889558539887936,2021-09-21,10,Traveler weight (travel hubs),Strategies (per capita),50%,P11-R,fig_3e,P11-R^0,10,1.0899
2021-10-01,ZA,227,Omicron BA.1,Community,1.0889558539887936,2021-09-21,10,Traveler weight (travel hubs),Strategies (per capita),70%,P7-R,fig_3e,P7-R^0,10,1.0883
2021-10-01,ZA,227,Omicron BA.1,Community,1.0889558539887936,2021-09-21,10,Traveler weight (travel hubs),Strategies (per capita),70%,P11-R,fig_3e,P11-R^0,10,1.0862
2021-10-01,ZA,227,Omicron BA.1,Community,1.0889558539887936,2021-09-21,10,Traveler weight (travel hubs),Strategies (per capita),90%,P7-R,fig_3e,P7-R^0,10,1.0853
2021-10-01,ZA,227,Omicron BA.1,Community,1.0889558539887936,2021-09-21,10,Traveler weight (travel hubs),Strategies (per capita),90%,P11-R,fig_3e,P11-R^0,10,1.0844
2021-10-01,ZA,227,Omicron BA.1,Community,1.0889558539887936,2021-09-21,10,Traveler weight (travel hubs),Strategies (per capita),100%,P7-R,fig_3e,P7-R^0,10,1.0849
2021-10-01,ZA,227,Omicron BA.1,Community,1.0889558539887936,2021-09-21,10,Traveler weight (travel hubs),Strategies (per capita),100%,P11-R,fig_3e,P11-R^0,10,1.0815
2021-10-01,ZA,228,Omicron BA.1,Community,1.141747440066197,2021-09-21,10,Traveler weight (travel hubs),Strategies (per capita),50%,P7-R,fig_3e,P7-R^0,10,1.092
2021-10-01,ZA,228,Omicron BA.1,Community,1.141747440066197,2021-09-21,10,Traveler weight (travel hubs),Strategies (per capita),50%,P11-R,fig_3e,P11-R^0,10,1.0899
2021-10-01,ZA,228,Omicron BA.1,Community,1.141747440066197,2021-09-21,10,Traveler weight (travel hubs),Strategies (per capita),70%,P7-R,fig_3e,P7-R^0,10,1.0883
2021-10-01,ZA,228,Omicron BA.1,Community,1.141747440066197,2021-09-21,10,Traveler weight (travel hubs),Strategies (per capita),70%,P11-R,fig_3e,P11-R^0,10,1.0862
2021-10-01,ZA,228,Omicron BA.1,Community,1.141747440066197,2021-09-21,10,Traveler weight (travel hubs),Strategies (per capita),90%,P7-R,fig_3e,P7-R^0,10,1.0853
2021-10-01,ZA,228,Omicron BA.1,Community,1.141747440066197,2021-09-21,10,Traveler weight (travel hubs),Strategies (per capita),90%,P11-R,fig_3e,P11-R^0,10,1.0844
2021-10-01,ZA,228,Omicron BA.1,Community,1.141747440066197,2021-09-21,10,Traveler weight (travel hubs),Strategies (per capita),100%,P7-R,fig_3e,P7-R^0,10,1.0849
2021-10-01,ZA,228,Omicron BA.1,Community,1.141747440066197,2021-09-21,10,Traveler weight (travel hubs),Strategies (per capita),100%,P11-R,fig_3e,P11-R^0,10,1.0815
2021-10-01,ZA,229,Omicron BA.1,Community,1.2597521618862753,2021-09-21,10,Traveler weight (travel hubs),Strategies (per capita),50%,P7-R,fig_3e,P7-R^0,10,1.092
2021-10-01,ZA,229,Omicron BA.1,Community,1.2597521618862753,2021-09-21,10,Traveler weight (travel hubs),Strategies (per capita),50%,P11-R,fig_3e,P11-R^0,10,1.0899
2021-10-01,ZA,229,Omicron BA.1,Community,1.2597521618862753,2021-09-21,10,Traveler weight (travel hubs),Strategies (per capita),70%,P7-R,fig_3e,P7-R^0,10,1.0883
2021-10-01,ZA,229,Omicron BA.1,Community,1.2597521618862753,2021-09-21,10,Traveler weight (travel hubs),Strategies (per capita),70%,P11-R,fig_3e,P11-R^0,10,1.0862
2021-10-01,ZA,229,Omicron BA.1,Community,1.2597521618862753,2021-09-21,10,Traveler weight (travel hubs),Strategies (per capita),90%,P7-R,fig_3e,P7-R^0,10,1.0853
2021-10-01,ZA,229,Omicron BA.1,Community,1.2597521618862753,2021-09-21,10,Traveler weight (travel hubs),Strategies (per capita),90%,P11-R,fig_3e,P11-R^0,10,1.0844
2021-10-01,ZA,229,Omicron BA.1,Community,1.2597521618862753,2021-09-21,10,Traveler weight (travel hubs),Strategies (per capita),100%,P7-R,fig_3e,P7-R^0,10,1.0849
2021-10-01,ZA,229,Omicron BA.1,Community,1.2597521618862753,2021-09-21,10,Traveler weight (travel hubs),Strategies (per capita),100%,P11-R,fig_3e,P11-R^0,10,1.0815
2021-10-02,ZA,23,Omicron BA.1,Community,1.189846503590406,2021-09-21,11,Traveler weight (travel hubs),Strategies (per capita),50%,P7-R,fig_3e,P7-R^0,10,1.092
2021-10-02,ZA,23,Omicron BA.1,Community,1.189846503590406,2021-09-21,11,Traveler weight (travel hubs),Strategies (per capita),50%,P11-R,fig_3e,P11-R^0,10,1.0899
2021-10-01,GB,23,Omicron BA.1,Imported,1,2021-09-21,10,Traveler weight (travel hubs),Strategies (per capita),70%,P7-R,fig_3e,P7-R^0,10,1.0883
2021-10-01,GB,23,Omicron BA.1,Imported,1,2021-09-21,10,Traveler weight (travel hubs),Strategies (per capita),70%,P11-R,fig_3e,P11-R^0,10,1.0862
2021-10-01,GB,23,Omicron BA.1,Imported,1,2021-09-21,10,Traveler weight (travel hubs),Strategies (per capita),90%,P7-R,fig_3e,P7-R^0,10,1.0853
2021-10-01,GB,23,Omicron BA.1,Imported,1,2021-09-21,10,Traveler weight (travel hubs),Strategies (per capita),90%,P11-R,fig_3e,P11-R^0,10,1.0844
2021-10-01,GB,23,Omicron BA.1,Imported,1,2021-09-21,10,Traveler weight (travel hubs),Strategies (per capita),100%,P7-R,fig_3e,P7-R^0,10,1.0849
2021-10-01,GB,23,Omicron BA.1,Imported,1,2021-09-21,10,Traveler weight (travel hubs),Strategies (per capita),100%,P11-R,fig_3e,P11-R^0,10,1.0815
2021-10-07,ZA,230,Omicron BA.1,Community,1.3224201281456522,2021-09-21,16,Traveler weight (travel hubs),Strategies (per capita),50%,P7-R,fig_3e,P7-R^0,10,1.092
2021-10-07,ZA,230,Omicron BA.1,Community,1.3224201281456522,2021-09-21,16,Traveler weight (travel hubs),Strategies (per capita),50%,P11-R,fig_3e,P11-R^0,10,1.0899
2021-10-07,ZA,230,Omicron BA.1,Community,1.3224201281456522,2021-09-21,16,Traveler weight (travel hubs),Strategies (per capita),70%,P7-R,fig_3e,P7-R^0,10,1.0883
2021-10-07,ZA,230,Omicron BA.1,Community,1.3224201281456522,2021-09-21,16,Traveler weight (travel hubs),Strategies (per capita),70%,P11-R,fig_3e,P11-R^0,10,1.0862
2021-10-07,ZA,230,Omicron BA.1,Community,1.3224201281456522,2021-09-21,16,Traveler weight (travel hubs),Strategies (per capita),90%,P7-R,fig_3e,P7-R^0,10,1.0853
2021-10-07,ZA,230,Omicron BA.1,Community,1.3224201281456522,2021-09-21,16,Traveler weight (travel hubs),Strategies (per capita),90%,P11-R,fig_3e,P11-R^0,10,1.0844
2021-10-07,ZA,230,Omicron BA.1,Community,1.3224201281456522,2021-09-21,16,Traveler weight (travel hubs),Strategies (per capita),100%,P7-R,fig_3e,P7-R^0,10,1.0849
2021-10-07,ZA,230,Omicron BA.1,Community,1.3224201281456522,2021-09-21,16,Traveler weight (travel hubs),Strategies (per capita),100%,P11-R,fig_3e,P11-R^0,10,1.0815
2021-10-03,GB,231,Omicron BA.1,Imported,1,2021-09-21,12,Traveler weight (travel hubs),Strategies (per capita),50%,P7-R,fig_3e,P7-R^0,10,1.092
2021-10-03,GB,231,Omicron BA.1,Imported,1,2021-09-21,12,Traveler weight (travel hubs),Strategies (per capita),50%,P11-R,fig_3e,P11-R^0,10,1.0899
2021-10-03,GB,231,Omicron BA.1,Imported,1,2021-09-21,12,Traveler weight (travel hubs),Strategies (per capita),70%,P7-R,fig_3e,P7-R^0,10,1.0883
2021-10-03,GB,231,Omicron BA.1,Imported,1,2021-09-21,12,Traveler weight (travel hubs),Strategies (per capita),70%,P11-R,fig_3e,P11-R^0,10,1.0862
2021-10-03,GB,231,Omicron BA.1,Imported,1,2021-09-21,12,Traveler weight (travel hubs),Strategies (per capita),90%,P7-R,fig_3e,P7-R^0,10,1.0853
2021-10-03,GB,231,Omicron BA.1,Imported,1,2021-09-21,12,Traveler weight (travel hubs),Strategies (per capita),90%,P11-R,fig_3e,P11-R^0,10,1.0844
2021-10-03,GB,231,Omicron BA.1,Imported,1,2021-09-21,12,Traveler weight (travel hubs),Strategies (per capita),100%,P7-R,fig_3e,P7-R^0,10,1.0849
2021-10-03,GB,231,Omicron BA.1,Imported,1,2021-09-21,12,Traveler weight (travel hubs),Strategies (per capita),100%,P11-R,fig_3e,P11-R^0,10,1.0815
2021-10-01,ZA,232,Omicron BA.1,Community,1.071358658629659,2021-09-21,10,Traveler weight (travel hubs),Strategies (per capita),50%,P7-R,fig_3e,P7-R^0,10,1.092
2021-10-01,ZA,232,Omicron BA.1,Community,1.071358658629659,2021-09-21,10,Traveler weight (travel hubs),Strategies (per capita),50%,P11-R,fig_3e,P11-R^0,10,1.0899
2021-10-01,ZA,232,Omicron BA.1,Community,1.071358658629659,2021-09-21,10,Traveler weight (travel hubs),Strategies (per capita),70%,P7-R,fig_3e,P7-R^0,10,1.0883
2021-10-01,ZA,232,Omicron BA.1,Community,1.071358658629659,2021-09-21,10,Traveler weight (travel hubs),Strategies (per capita),70%,P11-R,fig_3e,P11-R^0,10,1.0862
2021-10-01,ZA,232,Omicron BA.1,Community,1.071358658629659,2021-09-21,10,Traveler weight (travel hubs),Strategies (per capita),90%,P7-R,fig_3e,P7-R^0,10,1.0853
2021-10-01,ZA,232,Omicron BA.1,Community,1.071358658629659,2021-09-21,10,Traveler weight (travel hubs),Strategies (per capita),90%,P11-R,fig_3e,P11-R^0,10,1.0844
2021-10-01,ZA,232,Omicron BA.1,Community,1.071358658629659,2021-09-21,10,Traveler weight (travel hubs),Strategies (per capita),100%,P7-R,fig_3e,P7-R^0,10,1.0849
2021-10-01,ZA,232,Omicron BA.1,Community,1.071358658629659,2021-09-21,10,Traveler weight (travel hubs),Strategies (per capita),100%,P11-R,fig_3e,P11-R^0,10,1.0815
2021-09-27,ZA,233,Omicron BA.1,Community,1.0673166609007965,2021-09-21,6,Traveler weight (travel hubs),Strategies (per capita),50%,P7-R,fig_3e,P7-R^0,10,1.092
2021-09-27,ZA,233,Omicron BA.1,Community,1.0673166609007965,2021-09-21,6,Traveler weight (travel hubs),Strategies (per capita),50%,P11-R,fig_3e,P11-R^0,10,1.0899
2021-09-27,ZA,233,Omicron BA.1,Community,1.0673166609007965,2021-09-21,6,Traveler weight (travel hubs),Strategies (per capita),70%,P7-R,fig_3e,P7-R^0,10,1.0883
2021-09-27,ZA,233,Omicron BA.1,Community,1.0673166609007965,2021-09-21,6,Traveler weight (travel hubs),Strategies (per capita),70%,P11-R,fig_3e,P11-R^0,10,1.0862
2021-09-27,ZA,233,Omicron BA.1,Community,1.0673166609007965,2021-09-21,6,Traveler weight (travel hubs),Strategies (per capita),90%,P7-R,fig_3e,P7-R^0,10,1.0853
2021-09-27,ZA,233,Omicron BA.1,Community,1.0673166609007965,2021-09-21,6,Traveler weight (travel hubs),Strategies (per capita),90%,P11-R,fig_3e,P11-R^0,10,1.0844
2021-09-27,ZA,233,Omicron BA.1,Community,1.0673166609007965,2021-09-21,6,Traveler weight (travel hubs),Strategies (per capita),100%,P7-R,fig_3e,P7-R^0,10,1.0849
2021-09-27,ZA,233,Omicron BA.1,Community,1.0673166609007965,2021-09-21,6,Traveler weight (travel hubs),Strategies (per capita),100%,P11-R,fig_3e,P11-R^0,10,1.0815
2021-10-01,ZA,234,Omicron BA.1,Community,1.2980519400208623,2021-09-21,10,Traveler weight (travel hubs),Strategies (per capita),50%,P7-R,fig_3e,P7-R^0,10,1.092
2021-10-01,ZA,234,Omicron BA.1,Community,1.2980519400208623,2021-09-21,10,Traveler weight (travel hubs),Strategies (per capita),50%,P11-R,fig_3e,P11-R^0,10,1.0899
2021-10-01,ZA,234,Omicron BA.1,Community,1.2980519400208623,2021-09-21,10,Traveler weight (travel hubs),Strategies (per capita),70%,P7-R,fig_3e,P7-R^0,10,1.0883
2021-10-01,ZA,234,Omicron BA.1,Community,1.2980519400208623,2021-09-21,10,Traveler weight (travel hubs),Strategies (per capita),70%,P11-R,fig_3e,P11-R^0,10,1.0862
2021-10-01,ZA,234,Omicron BA.1,Community,1.2980519400208623,2021-09-21,10,Traveler weight (travel hubs),Strategies (per capita),90%,P7-R,fig_3e,P7-R^0,10,1.0853
2021-10-01,ZA,234,Omicron BA.1,Community,1.2980519400208623,2021-09-21,10,Traveler weight (travel hubs),Strategies (per capita),90%,P11-R,fig_3e,P11-R^0,10,1.0844
2021-10-01,ZA,234,Omicron BA.1,Community,1.2980519400208623,2021-09-21,10,Traveler weight (travel hubs),Strategies (per capita),100%,P7-R,fig_3e,P7-R^0,10,1.0849
2021-10-01,ZA,234,Omicron BA.1,Community,1.2980519400208623,2021-09-21,10,Traveler weight (travel hubs),Strategies (per capita),100%,P11-R,fig_3e,P11-R^0,10,1.0815
2021-10-07,ZA,235,Omicron BA.1,Community,1.2137831804987986,2021-09-21,16,Traveler weight (travel hubs),Strategies (per capita),50%,P7-R,fig_3e,P7-R^0,10,1.092
2021-10-07,ZA,235,Omicron BA.1,Community,1.2137831804987986,2021-09-21,16,Traveler weight (travel hubs),Strategies (per capita),50%,P11-R,fig_3e,P11-R^0,10,1.0899
2021-10-07,ZA,235,Omicron BA.1,Community,1.2137831804987986,2021-09-21,16,Traveler weight (travel hubs),Strategies (per capita),70%,P7-R,fig_3e,P7-R^0,10,1.0883
2021-10-07,ZA,235,Omicron BA.1,Community,1.2137831804987986,2021-09-21,16,Traveler weight (travel hubs),Strategies (per capita),70%,P11-R,fig_3e,P11-R^0,10,1.0862
2021-10-07,ZA,235,Omicron BA.1,Community,1.2137831804987986,2021-09-21,16,Traveler weight (travel hubs),Strategies (per capita),90%,P7-R,fig_3e,P7-R^0,10,1.0853
2021-10-07,ZA,235,Omicron BA.1,Community,1.2137831804987986,2021-09-21,16,Traveler weight (travel hubs),Strategies (per capita),90%,P11-R,fig_3e,P11-R^0,10,1.0844
2021-10-07,ZA,235,Omicron BA.1,Community,1.2137831804987986,2021-09-21,16,Traveler weight (travel hubs),Strategies (per capita),100%,P7-R,fig_3e,P7-R^0,10,1.0849
2021-10-07,ZA,235,Omicron BA.1,Community,1.2137831804987986,2021-09-21,16,Traveler weight (travel hubs),Strategies (per capita),100%,P11-R,fig_3e,P11-R^0,10,1.0815
2021-10-01,GB,236,Omicron BA.1,Imported,1,2021-09-21,10,Traveler weight (travel hubs),Strategies (per capita),50%,P7-R,fig_3e,P7-R^0,10,1.092
2021-10-01,GB,236,Omicron BA.1,Imported,1,2021-09-21,10,Traveler weight (travel hubs),Strategies (per capita),50%,P11-R,fig_3e,P11-R^0,10,1.0899
2021-10-01,GB,236,Omicron BA.1,Imported,1,2021-09-21,10,Traveler weight (travel hubs),Strategies (per capita),70%,P7-R,fig_3e,P7-R^0,10,1.0883
2021-10-01,GB,236,Omicron BA.1,Imported,1,2021-09-21,10,Traveler weight (travel hubs),Strategies (per capita),70%,P11-R,fig_3e,P11-R^0,10,1.0862
2021-10-01,GB,236,Omicron BA.1,Imported,1,2021-09-21,10,Traveler weight (travel hubs),Strategies (per capita),90%,P7-R,fig_3e,P7-R^0,10,1.0853
2021-10-01,GB,236,Omicron BA.1,Imported,1,2021-09-21,10,Traveler weight (travel hubs),Strategies (per capita),90%,P11-R,fig_3e,P11-R^0,10,1.0844
2021-10-01,GB,236,Omicron BA.1,Imported,1,2021-09-21,10,Traveler weight (travel hubs),Strategies (per capita),100%,P7-R,fig_3e,P7-R^0,10,1.0849
2021-10-01,GB,236,Omicron BA.1,Imported,1,2021-09-21,10,Traveler weight (travel hubs),Strategies (per capita),100%,P11-R,fig_3e,P11-R^0,10,1.0815
2021-10-01,ZA,237,Omicron BA.1,Community,1.1800472182007842,2021-09-21,10,Traveler weight (travel hubs),Strategies (per capita),50%,P7-R,fig_3e,P7-R^0,10,1.092
2021-10-01,ZA,237,Omicron BA.1,Community,1.1800472182007842,2021-09-21,10,Traveler weight (travel hubs),Strategies (per capita),50%,P11-R,fig_3e,P11-R^0,10,1.0899
2021-10-01,ZA,237,Omicron BA.1,Community,1.1800472182007842,2021-09-21,10,Traveler weight (travel hubs),Strategies (per capita),70%,P7-R,fig_3e,P7-R^0,10,1.0883
2021-10-01,ZA,237,Omicron BA.1,Community,1.1800472182007842,2021-09-21,10,Traveler weight (travel hubs),Strategies (per capita),70%,P11-R,fig_3e,P11-R^0,10,1.0862
2021-10-01,ZA,237,Omicron BA.1,Community,1.1800472182007842,2021-09-21,10,Traveler weight (travel hubs),Strategies (per capita),90%,P7-R,fig_3e,P7-R^0,10,1.0853
2021-10-01,ZA,237,Omicron BA.1,Community,1.1800472182007842,2021-09-21,10,Traveler weight (travel hubs),Strategies (per capita),90%,P11-R,fig_3e,P11-R^0,10,1.0844
2021-10-01,ZA,237,Omicron BA.1,Community,1.1800472182007842,2021-09-21,10,Traveler weight (travel hubs),Strategies (per capita),100%,P7-R,fig_3e,P7-R^0,10,1.0849
2021-10-01,ZA,237,Omicron BA.1,Community,1.1800472182007842,2021-09-21,10,Traveler weight (travel hubs),Strategies (per capita),100%,P11-R,fig_3e,P11-R^0,10,1.0815
2021-10-05,ZA,238,Omicron BA.1,Community,1.053058627571088,2021-09-21,14,Traveler weight (travel hubs),Strategies (per capita),50%,P7-R,fig_3e,P7-R^0,10,1.092
2021-10-05,ZA,238,Omicron BA.1,Community,1.053058627571088,2021-09-21,14,Traveler weight (travel hubs),Strategies (per capita),50%,P11-R,fig_3e,P11-R^0,10,1.0899
2021-10-02,GB,238,Omicron BA.1,Imported,1,2021-09-21,11,Traveler weight (travel hubs),Strategies (per capita),70%,P7-R,fig_3e,P7-R^0,10,1.0883
2021-10-02,GB,238,Omicron BA.1,Imported,1,2021-09-21,11,Traveler weight (travel hubs),Strategies (per capita),70%,P11-R,fig_3e,P11-R^0,10,1.0862
2021-10-02,GB,238,Omicron BA.1,Imported,1,2021-09-21,11,Traveler weight (travel hubs),Strategies (per capita),90%,P7-R,fig_3e,P7-R^0,10,1.0853
2021-10-02,GB,238,Omicron BA.1,Imported,1,2021-09-21,11,Traveler weight (travel hubs),Strategies (per capita),90%,P11-R,fig_3e,P11-R^0,10,1.0844
2021-10-02,GB,238,Omicron BA.1,Imported,1,2021-09-21,11,Traveler weight (travel hubs),Strategies (per capita),100%,P7-R,fig_3e,P7-R^0,10,1.0849
2021-10-02,GB,238,Omicron BA.1,Imported,1,2021-09-21,11,Traveler weight (travel hubs),Strategies (per capita),100%,P11-R,fig_3e,P11-R^0,10,1.0815
2021-10-01,ZA,239,Omicron BA.1,Community,1.3850027876777622,2021-09-21,10,Traveler weight (travel hubs),Strategies (per capita),50%,P7-R,fig_3e,P7-R^0,10,1.092
2021-10-01,ZA,239,Omicron BA.1,Community,1.3850027876777622,2021-09-21,10,Traveler weight (travel hubs),Strategies (per capita),50%,P11-R,fig_3e,P11-R^0,10,1.0899
2021-10-01,ZA,239,Omicron BA.1,Community,1.3850027876777622,2021-09-21,10,Traveler weight (travel hubs),Strategies (per capita),70%,P7-R,fig_3e,P7-R^0,10,1.0883
2021-10-01,ZA,239,Omicron BA.1,Community,1.3850027876777622,2021-09-21,10,Traveler weight (travel hubs),Strategies (per capita),70%,P11-R,fig_3e,P11-R^0,10,1.0862
2021-10-01,ZA,239,Omicron BA.1,Community,1.3850027876777622,2021-09-21,10,Traveler weight (travel hubs),Strategies (per capita),90%,P7-R,fig_3e,P7-R^0,10,1.0853
2021-10-01,ZA,239,Omicron BA.1,Community,1.3850027876777622,2021-09-21,10,Traveler weight (travel hubs),Strategies (per capita),90%,P11-R,fig_3e,P11-R^0,10,1.0844
2021-10-01,ZA,239,Omicron BA.1,Community,1.3850027876777622,2021-09-21,10,Traveler weight (travel hubs),Strategies (per capita),100%,P7-R,fig_3e,P7-R^0,10,1.0849
2021-10-01,ZA,239,Omicron BA.1,Community,1.3850027876777622,2021-09-21,10,Traveler weight (travel hubs),Strategies (per capita),100%,P11-R,fig_3e,P11-R^0,10,1.0815
2021-09-26,GB,24,Omicron BA.1,Imported,1,2021-09-21,5,Traveler weight (travel hubs),Strategies (per capita),50%,P7-R,fig_3e,P7-R^0,10,1.092
2021-09-26,GB,24,Omicron BA.1,Imported,1,2021-09-21,5,Traveler weight (travel hubs),Strategies (per capita),50%,P11-R,fig_3e,P11-R^0,10,1.0899
2021-09-26,GB,24,Omicron BA.1,Imported,1,2021-09-21,5,Traveler weight (travel hubs),Strategies (per capita),70%,P7-R,fig_3e,P7-R^0,10,1.0883
2021-09-26,GB,24,Omicron BA.1,Imported,1,2021-09-21,5,Traveler weight (travel hubs),Strategies (per capita),70%,P11-R,fig_3e,P11-R^0,10,1.0862
2021-09-26,GB,24,Omicron BA.1,Imported,1,2021-09-21,5,Traveler weight (travel hubs),Strategies (per capita),90%,P7-R,fig_3e,P7-R^0,10,1.0853
2021-09-26,GB,24,Omicron BA.1,Imported,1,2021-09-21,5,Traveler weight (travel hubs),Strategies (per capita),90%,P11-R,fig_3e,P11-R^0,10,1.0844
2021-09-26,GB,24,Omicron BA.1,Imported,1,2021-09-21,5,Traveler weight (travel hubs),Strategies (per capita),100%,P7-R,fig_3e,P7-R^0,10,1.0849
2021-09-26,GB,24,Omicron BA.1,Imported,1,2021-09-21,5,Traveler weight (travel hubs),Strategies (per capita),100%,P11-R,fig_3e,P11-R^0,10,1.0815
2021-10-05,ZA,240,Omicron BA.1,Community,1.30661270285716,2021-09-21,14,Traveler weight (travel hubs),Strategies (per capita),50%,P7-R,fig_3e,P7-R^0,10,1.092
2021-10-05,ZA,240,Omicron BA.1,Community,1.30661270285716,2021-09-21,14,Traveler weight (travel hubs),Strategies (per capita),50%,P11-R,fig_3e,P11-R^0,10,1.0899
2021-10-05,ZA,240,Omicron BA.1,Community,1.30661270285716,2021-09-21,14,Traveler weight (travel hubs),Strategies (per capita),70%,P7-R,fig_3e,P7-R^0,10,1.0883
2021-10-05,ZA,240,Omicron BA.1,Community,1.30661270285716,2021-09-21,14,Traveler weight (travel hubs),Strategies (per capita),70%,P11-R,fig_3e,P11-R^0,10,1.0862
2021-10-05,ZA,240,Omicron BA.1,Community,1.30661270285716,2021-09-21,14,Traveler weight (travel hubs),Strategies (per capita),90%,P7-R,fig_3e,P7-R^0,10,1.0853
2021-10-05,ZA,240,Omicron BA.1,Community,1.30661270285716,2021-09-21,14,Traveler weight (travel hubs),Strategies (per capita),90%,P11-R,fig_3e,P11-R^0,10,1.0844
2021-10-05,ZA,240,Omicron BA.1,Community,1.30661270285716,2021-09-21,14,Traveler weight (travel hubs),Strategies (per capita),100%,P7-R,fig_3e,P7-R^0,10,1.0849
2021-10-05,ZA,240,Omicron BA.1,Community,1.30661270285716,2021-09-21,14,Traveler weight (travel hubs),Strategies (per capita),100%,P11-R,fig_3e,P11-R^0,10,1.0815
2021-10-07,ZA,241,Omicron BA.1,Community,1.5464000078620055,2021-09-21,16,Traveler weight (travel hubs),Strategies (per capita),50%,P7-R,fig_3e,P7-R^0,10,1.092
2021-10-07,ZA,241,Omicron BA.1,Community,1.5464000078620055,2021-09-21,16,Traveler weight (travel hubs),Strategies (per capita),50%,P11-R,fig_3e,P11-R^0,10,1.0899
2021-10-07,ZA,241,Omicron BA.1,Community,1.5464000078620055,2021-09-21,16,Traveler weight (travel hubs),Strategies (per capita),70%,P7-R,fig_3e,P7-R^0,10,1.0883
2021-10-07,ZA,241,Omicron BA.1,Community,1.5464000078620055,2021-09-21,16,Traveler weight (travel hubs),Strategies (per capita),70%,P11-R,fig_3e,P11-R^0,10,1.0862
2021-10-02,GB,241,Omicron BA.1,Imported,1,2021-09-21,11,Traveler weight (travel hubs),Strategies (per capita),90%,P7-R,fig_3e,P7-R^0,10,1.0853
2021-10-02,GB,241,Omicron BA.1,Imported,1,2021-09-21,11,Traveler weight (travel hubs),Strategies (per capita),90%,P11-R,fig_3e,P11-R^0,10,1.0844
2021-10-02,GB,241,Omicron BA.1,Imported,1,2021-09-21,11,Traveler weight (travel hubs),Strategies (per capita),100%,P7-R,fig_3e,P7-R^0,10,1.0849
2021-10-02,GB,241,Omicron BA.1,Imported,1,2021-09-21,11,Traveler weight (travel hubs),Strategies (per capita),100%,P11-R,fig_3e,P11-R^0,10,1.0815
2021-10-01,ZA,242,Omicron BA.1,Community,1.0030401354706662,2021-09-21,10,Traveler weight (travel hubs),Strategies (per capita),50%,P7-R,fig_3e,P7-R^0,10,1.092
2021-10-01,ZA,242,Omicron BA.1,Community,1.0030401354706662,2021-09-21,10,Traveler weight (travel hubs),Strategies (per capita),50%,P11-R,fig_3e,P11-R^0,10,1.0899
2021-10-01,ZA,242,Omicron BA.1,Community,1.0030401354706662,2021-09-21,10,Traveler weight (travel hubs),Strategies (per capita),70%,P7-R,fig_3e,P7-R^0,10,1.0883
2021-10-01,ZA,242,Omicron BA.1,Community,1.0030401354706662,2021-09-21,10,Traveler weight (travel hubs),Strategies (per capita),70%,P11-R,fig_3e,P11-R^0,10,1.0862
2021-10-01,ZA,242,Omicron BA.1,Community,1.0030401354706662,2021-09-21,10,Traveler weight (travel hubs),Strategies (per capita),90%,P7-R,fig_3e,P7-R^0,10,1.0853
2021-10-01,ZA,242,Omicron BA.1,Community,1.0030401354706662,2021-09-21,10,Traveler weight (travel hubs),Strategies (per capita),90%,P11-R,fig_3e,P11-R^0,10,1.0844
2021-10-01,ZA,242,Omicron BA.1,Community,1.0030401354706662,2021-09-21,10,Traveler weight (travel hubs),Strategies (per capita),100%,P7-R,fig_3e,P7-R^0,10,1.0849
2021-10-01,ZA,242,Omicron BA.1,Community,1.0030401354706662,2021-09-21,10,Traveler weight (travel hubs),Strategies (per capita),100%,P11-R,fig_3e,P11-R^0,10,1.0815
2021-10-01,GB,243,Omicron BA.1,Imported,1,2021-09-21,10,Traveler weight (travel hubs),Strategies (per capita),50%,P7-R,fig_3e,P7-R^0,10,1.092
2021-10-01,GB,243,Omicron BA.1,Imported,1,2021-09-21,10,Traveler weight (travel hubs),Strategies (per capita),50%,P11-R,fig_3e,P11-R^0,10,1.0899
2021-10-01,GB,243,Omicron BA.1,Imported,1,2021-09-21,10,Traveler weight (travel hubs),Strategies (per capita),70%,P7-R,fig_3e,P7-R^0,10,1.0883
2021-10-01,GB,243,Omicron BA.1,Imported,1,2021-09-21,10,Traveler weight (travel hubs),Strategies (per capita),70%,P11-R,fig_3e,P11-R^0,10,1.0862
2021-10-01,GB,243,Omicron BA.1,Imported,1,2021-09-21,10,Traveler weight (travel hubs),Strategies (per capita),90%,P7-R,fig_3e,P7-R^0,10,1.0853
2021-10-01,GB,243,Omicron BA.1,Imported,1,2021-09-21,10,Traveler weight (travel hubs),Strategies (per capita),90%,P11-R,fig_3e,P11-R^0,10,1.0844
2021-10-01,GB,243,Omicron BA.1,Imported,1,2021-09-21,10,Traveler weight (travel hubs),Strategies (per capita),100%,P7-R,fig_3e,P7-R^0,10,1.0849
2021-10-01,GB,243,Omicron BA.1,Imported,1,2021-09-21,10,Traveler weight (travel hubs),Strategies (per capita),100%,P11-R,fig_3e,P11-R^0,10,1.0815
2021-09-30,ZA,244,Omicron BA.1,Community,1.053852311140833,2021-09-21,9,Traveler weight (travel hubs),Strategies (per capita),50%,P7-R,fig_3e,P7-R^0,10,1.092
2021-09-30,ZA,244,Omicron BA.1,Community,1.053852311140833,2021-09-21,9,Traveler weight (travel hubs),Strategies (per capita),50%,P11-R,fig_3e,P11-R^0,10,1.0899
2021-09-30,ZA,244,Omicron BA.1,Community,1.053852311140833,2021-09-21,9,Traveler weight (travel hubs),Strategies (per capita),70%,P7-R,fig_3e,P7-R^0,10,1.0883
2021-09-30,ZA,244,Omicron BA.1,Community,1.053852311140833,2021-09-21,9,Traveler weight (travel hubs),Strategies (per capita),70%,P11-R,fig_3e,P11-R^0,10,1.0862
2021-09-30,ZA,244,Omicron BA.1,Community,1.053852311140833,2021-09-21,9,Traveler weight (travel hubs),Strategies (per capita),90%,P7-R,fig_3e,P7-R^0,10,1.0853
2021-09-30,ZA,244,Omicron BA.1,Community,1.053852311140833,2021-09-21,9,Traveler weight (travel hubs),Strategies (per capita),90%,P11-R,fig_3e,P11-R^0,10,1.0844
2021-09-30,ZA,244,Omicron BA.1,Community,1.053852311140833,2021-09-21,9,Traveler weight (travel hubs),Strategies (per capita),100%,P7-R,fig_3e,P7-R^0,10,1.0849
2021-09-30,ZA,244,Omicron BA.1,Community,1.053852311140833,2021-09-21,9,Traveler weight (travel hubs),Strategies (per capita),100%,P11-R,fig_3e,P11-R^0,10,1.0815
2021-10-07,ZA,245,Omicron BA.1,Community,1.272795843418077,2021-09-21,16,Traveler weight (travel hubs),Strategies (per capita),50%,P7-R,fig_3e,P7-R^0,10,1.092
2021-10-07,ZA,245,Omicron BA.1,Community,1.272795843418077,2021-09-21,16,Traveler weight (travel hubs),Strategies (per capita),50%,P11-R,fig_3e,P11-R^0,10,1.0899
2021-10-07,ZA,245,Omicron BA.1,Community,1.272795843418077,2021-09-21,16,Traveler weight (travel hubs),Strategies (per capita),70%,P7-R,fig_3e,P7-R^0,10,1.0883
2021-10-07,ZA,245,Omicron BA.1,Community,1.272795843418077,2021-09-21,16,Traveler weight (travel hubs),Strategies (per capita),70%,P11-R,fig_3e,P11-R^0,10,1.0862
2021-10-07,ZA,245,Omicron BA.1,Community,1.272795843418077,2021-09-21,16,Traveler weight (travel hubs),Strategies (per capita),90%,P7-R,fig_3e,P7-R^0,10,1.0853
2021-10-07,ZA,245,Omicron BA.1,Community,1.272795843418077,2021-09-21,16,Traveler weight (travel hubs),Strategies (per capita),90%,P11-R,fig_3e,P11-R^0,10,1.0844
2021-10-07,ZA,245,Omicron BA.1,Community,1.272795843418077,2021-09-21,16,Traveler weight (travel hubs),Strategies (per capita),100%,P7-R,fig_3e,P7-R^0,10,1.0849
2021-10-07,ZA,245,Omicron BA.1,Community,1.272795843418077,2021-09-21,16,Traveler weight (travel hubs),Strategies (per capita),100%,P11-R,fig_3e,P11-R^0,10,1.0815
2021-09-30,ZA,246,Omicron BA.1,Community,1.0042592612047938,2021-09-21,9,Traveler weight (travel hubs),Strategies (per capita),50%,P7-R,fig_3e,P7-R^0,10,1.092
2021-09-30,ZA,246,Omicron BA.1,Community,1.0042592612047938,2021-09-21,9,Traveler weight (travel hubs),Strategies (per capita),50%,P11-R,fig_3e,P11-R^0,10,1.0899
2021-09-30,ZA,246,Omicron BA.1,Community,1.0042592612047938,2021-09-21,9,Traveler weight (travel hubs),Strategies (per capita),70%,P7-R,fig_3e,P7-R^0,10,1.0883
2021-09-30,ZA,246,Omicron BA.1,Community,1.0042592612047938,2021-09-21,9,Traveler weight (travel hubs),Strategies (per capita),70%,P11-R,fig_3e,P11-R^0,10,1.0862
2021-09-30,ZA,246,Omicron BA.1,Community,1.0042592612047938,2021-09-21,9,Traveler weight (travel hubs),Strategies (per capita),90%,P7-R,fig_3e,P7-R^0,10,1.0853
2021-09-30,ZA,246,Omicron BA.1,Community,1.0042592612047938,2021-09-21,9,Traveler weight (travel hubs),Strategies (per capita),90%,P11-R,fig_3e,P11-R^0,10,1.0844
2021-09-30,ZA,246,Omicron BA.1,Community,1.0042592612047938,2021-09-21,9,Traveler weight (travel hubs),Strategies (per capita),100%,P7-R,fig_3e,P7-R^0,10,1.0849
2021-09-30,ZA,246,Omicron BA.1,Community,1.0042592612047938,2021-09-21,9,Traveler weight (travel hubs),Strategies (per capita),100%,P11-R,fig_3e,P11-R^0,10,1.0815
2021-09-27,ZA,247,Omicron BA.1,Community,1.0750348598949138,2021-09-21,6,Traveler weight (travel hubs),Strategies (per capita),50%,P7-R,fig_3e,P7-R^0,10,1.092
2021-09-27,ZA,247,Omicron BA.1,Community,1.0750348598949138,2021-09-21,6,Traveler weight (travel hubs),Strategies (per capita),50%,P11-R,fig_3e,P11-R^0,10,1.0899
2021-09-27,ZA,247,Omicron BA.1,Community,1.0750348598949138,2021-09-21,6,Traveler weight (travel hubs),Strategies (per capita),70%,P7-R,fig_3e,P7-R^0,10,1.0883
2021-09-27,ZA,247,Omicron BA.1,Community,1.0750348598949138,2021-09-21,6,Traveler weight (travel hubs),Strategies (per capita),70%,P11-R,fig_3e,P11-R^0,10,1.0862
2021-09-27,ZA,247,Omicron BA.1,Community,1.0750348598949138,2021-09-21,6,Traveler weight (travel hubs),Strategies (per capita),90%,P7-R,fig_3e,P7-R^0,10,1.0853
2021-09-27,ZA,247,Omicron BA.1,Community,1.0750348598949138,2021-09-21,6,Traveler weight (travel hubs),Strategies (per capita),90%,P11-R,fig_3e,P11-R^0,10,1.0844
2021-09-27,ZA,247,Omicron BA.1,Community,1.0750348598949138,2021-09-21,6,Traveler weight (travel hubs),Strategies (per capita),100%,P7-R,fig_3e,P7-R^0,10,1.0849
2021-09-27,ZA,247,Omicron BA.1,Community,1.0750348598949138,2021-09-21,6,Traveler weight (travel hubs),Strategies (per capita),100%,P11-R,fig_3e,P11-R^0,10,1.0815
2021-09-30,ZA,248,Omicron BA.1,Community,1.0941466642138653,2021-09-21,9,Traveler weight (travel hubs),Strategies (per capita),50%,P7-R,fig_3e,P7-R^0,10,1.092
2021-09-30,ZA,248,Omicron BA.1,Community,1.0941466642138653,2021-09-21,9,Traveler weight (travel hubs),Strategies (per capita),50%,P11-R,fig_3e,P11-R^0,10,1.0899
2021-09-30,ZA,248,Omicron BA.1,Community,1.0941466642138653,2021-09-21,9,Traveler weight (travel hubs),Strategies (per capita),70%,P7-R,fig_3e,P7-R^0,10,1.0883
2021-09-30,ZA,248,Omicron BA.1,Community,1.0941466642138653,2021-09-21,9,Traveler weight (travel hubs),Strategies (per capita),70%,P11-R,fig_3e,P11-R^0,10,1.0862
2021-09-30,ZA,248,Omicron BA.1,Community,1.0941466642138653,2021-09-21,9,Traveler weight (travel hubs),Strategies (per capita),90%,P7-R,fig_3e,P7-R^0,10,1.0853
2021-09-30,ZA,248,Omicron BA.1,Community,1.0941466642138653,2021-09-21,9,Traveler weight (travel hubs),Strategies (per capita),90%,P11-R,fig_3e,P11-R^0,10,1.0844
2021-09-30,ZA,248,Omicron BA.1,Community,1.0941466642138653,2021-09-21,9,Traveler weight (travel hubs),Strategies (per capita),100%,P7-R,fig_3e,P7-R^0,10,1.0849
2021-09-30,ZA,248,Omicron BA.1,Community,1.0941466642138653,2021-09-21,9,Traveler weight (travel hubs),Strategies (per capita),100%,P11-R,fig_3e,P11-R^0,10,1.0815
2021-10-03,ZA,249,Omicron BA.1,Community,1.0490012163614983,2021-09-21,12,Traveler weight (travel hubs),Strategies (per capita),50%,P7-R,fig_3e,P7-R^0,10,1.092
2021-10-03,ZA,249,Omicron BA.1,Community,1.0490012163614983,2021-09-21,12,Traveler weight (travel hubs),Strategies (per capita),50%,P11-R,fig_3e,P11-R^0,10,1.0899
2021-09-27,GB,249,Omicron BA.1,Imported,1,2021-09-21,6,Traveler weight (travel hubs),Strategies (per capita),70%,P7-R,fig_3e,P7-R^0,10,1.0883
2021-09-27,GB,249,Omicron BA.1,Imported,1,2021-09-21,6,Traveler weight (travel hubs),Strategies (per capita),70%,P11-R,fig_3e,P11-R^0,10,1.0862
2021-09-27,GB,249,Omicron BA.1,Imported,1,2021-09-21,6,Traveler weight (travel hubs),Strategies (per capita),90%,P7-R,fig_3e,P7-R^0,10,1.0853
2021-09-27,GB,249,Omicron BA.1,Imported,1,2021-09-21,6,Traveler weight (travel hubs),Strategies (per capita),90%,P11-R,fig_3e,P11-R^0,10,1.0844
2021-09-27,GB,249,Omicron BA.1,Imported,1,2021-09-21,6,Traveler weight (travel hubs),Strategies (per capita),100%,P7-R,fig_3e,P7-R^0,10,1.0849
2021-09-27,GB,249,Omicron BA.1,Imported,1,2021-09-21,6,Traveler weight (travel hubs),Strategies (per capita),100%,P11-R,fig_3e,P11-R^0,10,1.0815
2021-10-01,ZA,25,Omicron BA.1,Community,1.1210448572907448,2021-09-21,10,Traveler weight (travel hubs),Strategies (per capita),50%,P7-R,fig_3e,P7-R^0,10,1.092
2021-10-01,ZA,25,Omicron BA.1,Community,1.1210448572907448,2021-09-21,10,Traveler weight (travel hubs),Strategies (per capita),50%,P11-R,fig_3e,P11-R^0,10,1.0899
2021-10-01,ZA,25,Omicron BA.1,Community,1.1210448572907448,2021-09-21,10,Traveler weight (travel hubs),Strategies (per capita),70%,P7-R,fig_3e,P7-R^0,10,1.0883
2021-10-01,ZA,25,Omicron BA.1,Community,1.1210448572907448,2021-09-21,10,Traveler weight (travel hubs),Strategies (per capita),70%,P11-R,fig_3e,P11-R^0,10,1.0862
2021-10-01,ZA,25,Omicron BA.1,Community,1.1210448572907448,2021-09-21,10,Traveler weight (travel hubs),Strategies (per capita),90%,P7-R,fig_3e,P7-R^0,10,1.0853
2021-10-01,ZA,25,Omicron BA.1,Community,1.1210448572907448,2021-09-21,10,Traveler weight (travel hubs),Strategies (per capita),90%,P11-R,fig_3e,P11-R^0,10,1.0844
2021-10-01,ZA,25,Omicron BA.1,Community,1.1210448572907448,2021-09-21,10,Traveler weight (travel hubs),Strategies (per capita),100%,P7-R,fig_3e,P7-R^0,10,1.0849
2021-10-01,ZA,25,Omicron BA.1,Community,1.1210448572907448,2021-09-21,10,Traveler weight (travel hubs),Strategies (per capita),100%,P11-R,fig_3e,P11-R^0,10,1.0815
2021-10-01,ZA,250,Omicron BA.1,Community,1.1272556321233802,2021-09-21,10,Traveler weight (travel hubs),Strategies (per capita),50%,P7-R,fig_3e,P7-R^0,10,1.092
2021-10-01,ZA,250,Omicron BA.1,Community,1.1272556321233802,2021-09-21,10,Traveler weight (travel hubs),Strategies (per capita),50%,P11-R,fig_3e,P11-R^0,10,1.0899
2021-10-01,ZA,250,Omicron BA.1,Community,1.1272556321233802,2021-09-21,10,Traveler weight (travel hubs),Strategies (per capita),70%,P7-R,fig_3e,P7-R^0,10,1.0883
2021-10-01,ZA,250,Omicron BA.1,Community,1.1272556321233802,2021-09-21,10,Traveler weight (travel hubs),Strategies (per capita),70%,P11-R,fig_3e,P11-R^0,10,1.0862
2021-10-01,ZA,250,Omicron BA.1,Community,1.1272556321233802,2021-09-21,10,Traveler weight (travel hubs),Strategies (per capita),90%,P7-R,fig_3e,P7-R^0,10,1.0853
2021-10-01,ZA,250,Omicron BA.1,Community,1.1272556321233802,2021-09-21,10,Traveler weight (travel hubs),Strategies (per capita),90%,P11-R,fig_3e,P11-R^0,10,1.0844
2021-10-01,ZA,250,Omicron BA.1,Community,1.1272556321233802,2021-09-21,10,Traveler weight (travel hubs),Strategies (per capita),100%,P7-R,fig_3e,P7-R^0,10,1.0849
2021-10-01,ZA,250,Omicron BA.1,Community,1.1272556321233802,2021-09-21,10,Traveler weight (travel hubs),Strategies (per capita),100%,P11-R,fig_3e,P11-R^0,10,1.0815
2021-10-05,ZA,251,Omicron BA.1,Community,1.13398014096026,2021-09-21,14,Traveler weight (travel hubs),Strategies (per capita),50%,P7-R,fig_3e,P7-R^0,10,1.092
2021-10-05,ZA,251,Omicron BA.1,Community,1.13398014096026,2021-09-21,14,Traveler weight (travel hubs),Strategies (per capita),50%,P11-R,fig_3e,P11-R^0,10,1.0899
2021-10-05,ZA,251,Omicron BA.1,Community,1.13398014096026,2021-09-21,14,Traveler weight (travel hubs),Strategies (per capita),70%,P7-R,fig_3e,P7-R^0,10,1.0883
2021-10-05,ZA,251,Omicron BA.1,Community,1.13398014096026,2021-09-21,14,Traveler weight (travel hubs),Strategies (per capita),70%,P11-R,fig_3e,P11-R^0,10,1.0862
2021-10-05,ZA,251,Omicron BA.1,Community,1.13398014096026,2021-09-21,14,Traveler weight (travel hubs),Strategies (per capita),90%,P7-R,fig_3e,P7-R^0,10,1.0853
2021-10-05,ZA,251,Omicron BA.1,Community,1.13398014096026,2021-09-21,14,Traveler weight (travel hubs),Strategies (per capita),90%,P11-R,fig_3e,P11-R^0,10,1.0844
2021-10-05,ZA,251,Omicron BA.1,Community,1.13398014096026,2021-09-21,14,Traveler weight (travel hubs),Strategies (per capita),100%,P7-R,fig_3e,P7-R^0,10,1.0849
2021-10-05,ZA,251,Omicron BA.1,Community,1.13398014096026,2021-09-21,14,Traveler weight (travel hubs),Strategies (per capita),100%,P11-R,fig_3e,P11-R^0,10,1.0815
2021-10-03,GB,252,Omicron BA.1,Imported,1,2021-09-21,12,Traveler weight (travel hubs),Strategies (per capita),50%,P7-R,fig_3e,P7-R^0,10,1.092
2021-10-03,GB,252,Omicron BA.1,Imported,1,2021-09-21,12,Traveler weight (travel hubs),Strategies (per capita),50%,P11-R,fig_3e,P11-R^0,10,1.0899
2021-10-03,GB,252,Omicron BA.1,Imported,1,2021-09-21,12,Traveler weight (travel hubs),Strategies (per capita),70%,P7-R,fig_3e,P7-R^0,10,1.0883
2021-10-03,GB,252,Omicron BA.1,Imported,1,2021-09-21,12,Traveler weight (travel hubs),Strategies (per capita),70%,P11-R,fig_3e,P11-R^0,10,1.0862
2021-10-03,GB,252,Omicron BA.1,Imported,1,2021-09-21,12,Traveler weight (travel hubs),Strategies (per capita),90%,P7-R,fig_3e,P7-R^0,10,1.0853
2021-10-03,GB,252,Omicron BA.1,Imported,1,2021-09-21,12,Traveler weight (travel hubs),Strategies (per capita),90%,P11-R,fig_3e,P11-R^0,10,1.0844
2021-10-03,GB,252,Omicron BA.1,Imported,1,2021-09-21,12,Traveler weight (travel hubs),Strategies (per capita),100%,P7-R,fig_3e,P7-R^0,10,1.0849
2021-10-03,GB,252,Omicron BA.1,Imported,1,2021-09-21,12,Traveler weight (travel hubs),Strategies (per capita),100%,P11-R,fig_3e,P11-R^0,10,1.0815
2021-10-05,ZA,253,Omicron BA.1,Community,1.130743280424693,2021-09-21,14,Traveler weight (travel hubs),Strategies (per capita),50%,P7-R,fig_3e,P7-R^0,10,1.092
2021-10-05,ZA,253,Omicron BA.1,Community,1.130743280424693,2021-09-21,14,Traveler weight (travel hubs),Strategies (per capita),50%,P11-R,fig_3e,P11-R^0,10,1.0899
2021-10-05,ZA,253,Omicron BA.1,Community,1.130743280424693,2021-09-21,14,Traveler weight (travel hubs),Strategies (per capita),70%,P7-R,fig_3e,P7-R^0,10,1.0883
2021-10-05,ZA,253,Omicron BA.1,Community,1.130743280424693,2021-09-21,14,Traveler weight (travel hubs),Strategies (per capita),70%,P11-R,fig_3e,P11-R^0,10,1.0862
2021-10-05,ZA,253,Omicron BA.1,Community,1.130743280424693,2021-09-21,14,Traveler weight (travel hubs),Strategies (per capita),90%,P7-R,fig_3e,P7-R^0,10,1.0853
2021-10-05,ZA,253,Omicron BA.1,Community,1.130743280424693,2021-09-21,14,Traveler weight (travel hubs),Strategies (per capita),90%,P11-R,fig_3e,P11-R^0,10,1.0844
2021-10-05,ZA,253,Omicron BA.1,Community,1.130743280424693,2021-09-21,14,Traveler weight (travel hubs),Strategies (per capita),100%,P7-R,fig_3e,P7-R^0,10,1.0849
2021-10-05,ZA,253,Omicron BA.1,Community,1.130743280424693,2021-09-21,14,Traveler weight (travel hubs),Strategies (per capita),100%,P11-R,fig_3e,P11-R^0,10,1.0815
2021-09-30,ZA,254,Omicron BA.1,Community,1.059018253842504,2021-09-21,9,Traveler weight (travel hubs),Strategies (per capita),50%,P7-R,fig_3e,P7-R^0,10,1.092
2021-09-30,ZA,254,Omicron BA.1,Community,1.059018253842504,2021-09-21,9,Traveler weight (travel hubs),Strategies (per capita),50%,P11-R,fig_3e,P11-R^0,10,1.0899
2021-09-30,ZA,254,Omicron BA.1,Community,1.059018253842504,2021-09-21,9,Traveler weight (travel hubs),Strategies (per capita),70%,P7-R,fig_3e,P7-R^0,10,1.0883
2021-09-30,ZA,254,Omicron BA.1,Community,1.059018253842504,2021-09-21,9,Traveler weight (travel hubs),Strategies (per capita),70%,P11-R,fig_3e,P11-R^0,10,1.0862
2021-09-30,ZA,254,Omicron BA.1,Community,1.059018253842504,2021-09-21,9,Traveler weight (travel hubs),Strategies (per capita),90%,P7-R,fig_3e,P7-R^0,10,1.0853
2021-09-30,ZA,254,Omicron BA.1,Community,1.059018253842504,2021-09-21,9,Traveler weight (travel hubs),Strategies (per capita),90%,P11-R,fig_3e,P11-R^0,10,1.0844
2021-09-30,ZA,254,Omicron BA.1,Community,1.059018253842504,2021-09-21,9,Traveler weight (travel hubs),Strategies (per capita),100%,P7-R,fig_3e,P7-R^0,10,1.0849
2021-09-30,ZA,254,Omicron BA.1,Community,1.059018253842504,2021-09-21,9,Traveler weight (travel hubs),Strategies (per capita),100%,P11-R,fig_3e,P11-R^0,10,1.0815
2021-09-27,ZA,255,Omicron BA.1,Community,1.084958258601636,2021-09-21,6,Traveler weight (travel hubs),Strategies (per capita),50%,P7-R,fig_3e,P7-R^0,10,1.092
2021-09-27,ZA,255,Omicron BA.1,Community,1.084958258601636,2021-09-21,6,Traveler weight (travel hubs),Strategies (per capita),50%,P11-R,fig_3e,P11-R^0,10,1.0899
2021-09-27,ZA,255,Omicron BA.1,Community,1.084958258601636,2021-09-21,6,Traveler weight (travel hubs),Strategies (per capita),70%,P7-R,fig_3e,P7-R^0,10,1.0883
2021-09-27,ZA,255,Omicron BA.1,Community,1.084958258601636,2021-09-21,6,Traveler weight (travel hubs),Strategies (per capita),70%,P11-R,fig_3e,P11-R^0,10,1.0862
2021-09-27,ZA,255,Omicron BA.1,Community,1.084958258601636,2021-09-21,6,Traveler weight (travel hubs),Strategies (per capita),90%,P7-R,fig_3e,P7-R^0,10,1.0853
2021-09-27,ZA,255,Omicron BA.1,Community,1.084958258601636,2021-09-21,6,Traveler weight (travel hubs),Strategies (per capita),90%,P11-R,fig_3e,P11-R^0,10,1.0844
2021-09-27,ZA,255,Omicron BA.1,Community,1.084958258601636,2021-09-21,6,Traveler weight (travel hubs),Strategies (per capita),100%,P7-R,fig_3e,P7-R^0,10,1.0849
2021-09-27,ZA,255,Omicron BA.1,Community,1.084958258601636,2021-09-21,6,Traveler weight (travel hubs),Strategies (per capita),100%,P11-R,fig_3e,P11-R^0,10,1.0815
2021-10-05,ZA,256,Omicron BA.1,Community,1.3303496801179833,2021-09-21,14,Traveler weight (travel hubs),Strategies (per capita),50%,P7-R,fig_3e,P7-R^0,10,1.092
2021-10-05,ZA,256,Omicron BA.1,Community,1.3303496801179833,2021-09-21,14,Traveler weight (travel hubs),Strategies (per capita),50%,P11-R,fig_3e,P11-R^0,10,1.0899
2021-10-05,ZA,256,Omicron BA.1,Community,1.3303496801179833,2021-09-21,14,Traveler weight (travel hubs),Strategies (per capita),70%,P7-R,fig_3e,P7-R^0,10,1.0883
2021-10-05,ZA,256,Omicron BA.1,Community,1.3303496801179833,2021-09-21,14,Traveler weight (travel hubs),Strategies (per capita),70%,P11-R,fig_3e,P11-R^0,10,1.0862
2021-10-05,ZA,256,Omicron BA.1,Community,1.3303496801179833,2021-09-21,14,Traveler weight (travel hubs),Strategies (per capita),90%,P7-R,fig_3e,P7-R^0,10,1.0853
2021-10-05,ZA,256,Omicron BA.1,Community,1.3303496801179833,2021-09-21,14,Traveler weight (travel hubs),Strategies (per capita),90%,P11-R,fig_3e,P11-R^0,10,1.0844
2021-10-05,ZA,256,Omicron BA.1,Community,1.3303496801179833,2021-09-21,14,Traveler weight (travel hubs),Strategies (per capita),100%,P7-R,fig_3e,P7-R^0,10,1.0849
2021-10-05,ZA,256,Omicron BA.1,Community,1.3303496801179833,2021-09-21,14,Traveler weight (travel hubs),Strategies (per capita),100%,P11-R,fig_3e,P11-R^0,10,1.0815
2021-10-02,ZA,257,Omicron BA.1,Community,1.042353051814224,2021-09-21,11,Traveler weight (travel hubs),Strategies (per capita),50%,P7-R,fig_3e,P7-R^0,10,1.092
2021-10-02,ZA,257,Omicron BA.1,Community,1.042353051814224,2021-09-21,11,Traveler weight (travel hubs),Strategies (per capita),50%,P11-R,fig_3e,P11-R^0,10,1.0899
2021-10-02,ZA,257,Omicron BA.1,Community,1.042353051814224,2021-09-21,11,Traveler weight (travel hubs),Strategies (per capita),70%,P7-R,fig_3e,P7-R^0,10,1.0883
2021-10-02,ZA,257,Omicron BA.1,Community,1.042353051814224,2021-09-21,11,Traveler weight (travel hubs),Strategies (per capita),70%,P11-R,fig_3e,P11-R^0,10,1.0862
2021-10-02,ZA,257,Omicron BA.1,Community,1.042353051814224,2021-09-21,11,Traveler weight (travel hubs),Strategies (per capita),90%,P7-R,fig_3e,P7-R^0,10,1.0853
2021-10-02,ZA,257,Omicron BA.1,Community,1.042353051814224,2021-09-21,11,Traveler weight (travel hubs),Strategies (per capita),90%,P11-R,fig_3e,P11-R^0,10,1.0844
2021-10-02,ZA,257,Omicron BA.1,Community,1.042353051814224,2021-09-21,11,Traveler weight (travel hubs),Strategies (per capita),100%,P7-R,fig_3e,P7-R^0,10,1.0849
2021-10-02,ZA,257,Omicron BA.1,Community,1.042353051814224,2021-09-21,11,Traveler weight (travel hubs),Strategies (per capita),100%,P11-R,fig_3e,P11-R^0,10,1.0815
2021-09-29,ZA,258,Omicron BA.1,Community,1.0244552770528026,2021-09-21,8,Traveler weight (travel hubs),Strategies (per capita),50%,P7-R,fig_3e,P7-R^0,10,1.092
2021-09-29,ZA,258,Omicron BA.1,Community,1.0244552770528026,2021-09-21,8,Traveler weight (travel hubs),Strategies (per capita),50%,P11-R,fig_3e,P11-R^0,10,1.0899
2021-09-29,ZA,258,Omicron BA.1,Community,1.0244552770528026,2021-09-21,8,Traveler weight (travel hubs),Strategies (per capita),70%,P7-R,fig_3e,P7-R^0,10,1.0883
2021-09-29,ZA,258,Omicron BA.1,Community,1.0244552770528026,2021-09-21,8,Traveler weight (travel hubs),Strategies (per capita),70%,P11-R,fig_3e,P11-R^0,10,1.0862
2021-09-29,ZA,258,Omicron BA.1,Community,1.0244552770528026,2021-09-21,8,Traveler weight (travel hubs),Strategies (per capita),90%,P7-R,fig_3e,P7-R^0,10,1.0853
2021-09-29,ZA,258,Omicron BA.1,Community,1.0244552770528026,2021-09-21,8,Traveler weight (travel hubs),Strategies (per capita),90%,P11-R,fig_3e,P11-R^0,10,1.0844
2021-09-29,ZA,258,Omicron BA.1,Community,1.0244552770528026,2021-09-21,8,Traveler weight (travel hubs),Strategies (per capita),100%,P7-R,fig_3e,P7-R^0,10,1.0849
2021-09-29,ZA,258,Omicron BA.1,Community,1.0244552770528026,2021-09-21,8,Traveler weight (travel hubs),Strategies (per capita),100%,P11-R,fig_3e,P11-R^0,10,1.0815
2021-09-26,ZA,259,Omicron BA.1,Community,1.0347697425797107,2021-09-21,5,Traveler weight (travel hubs),Strategies (per capita),50%,P7-R,fig_3e,P7-R^0,10,1.092
2021-09-26,ZA,259,Omicron BA.1,Community,1.0347697425797107,2021-09-21,5,Traveler weight (travel hubs),Strategies (per capita),50%,P11-R,fig_3e,P11-R^0,10,1.0899
2021-09-26,ZA,259,Omicron BA.1,Community,1.0347697425797107,2021-09-21,5,Traveler weight (travel hubs),Strategies (per capita),70%,P7-R,fig_3e,P7-R^0,10,1.0883
2021-09-26,ZA,259,Omicron BA.1,Community,1.0347697425797107,2021-09-21,5,Traveler weight (travel hubs),Strategies (per capita),70%,P11-R,fig_3e,P11-R^0,10,1.0862
2021-09-26,ZA,259,Omicron BA.1,Community,1.0347697425797107,2021-09-21,5,Traveler weight (travel hubs),Strategies (per capita),90%,P7-R,fig_3e,P7-R^0,10,1.0853
2021-09-26,ZA,259,Omicron BA.1,Community,1.0347697425797107,2021-09-21,5,Traveler weight (travel hubs),Strategies (per capita),90%,P11-R,fig_3e,P11-R^0,10,1.0844
2021-09-26,ZA,259,Omicron BA.1,Community,1.0347697425797107,2021-09-21,5,Traveler weight (travel hubs),Strategies (per capita),100%,P7-R,fig_3e,P7-R^0,10,1.0849
2021-09-26,ZA,259,Omicron BA.1,Community,1.0347697425797107,2021-09-21,5,Traveler weight (travel hubs),Strategies (per capita),100%,P11-R,fig_3e,P11-R^0,10,1.0815
2021-10-05,ZA,26,Omicron BA.1,Community,1.0228479292391306,2021-09-21,14,Traveler weight (travel hubs),Strategies (per capita),50%,P7-R,fig_3e,P7-R^0,10,1.092
2021-10-05,ZA,26,Omicron BA.1,Community,1.0228479292391306,2021-09-21,14,Traveler weight (travel hubs),Strategies (per capita),50%,P11-R,fig_3e,P11-R^0,10,1.0899
2021-10-05,ZA,26,Omicron BA.1,Community,1.0228479292391306,2021-09-21,14,Traveler weight (travel hubs),Strategies (per capita),70%,P7-R,fig_3e,P7-R^0,10,1.0883
2021-10-05,ZA,26,Omicron BA.1,Community,1.0228479292391306,2021-09-21,14,Traveler weight (travel hubs),Strategies (per capita),70%,P11-R,fig_3e,P11-R^0,10,1.0862
2021-10-05,ZA,26,Omicron BA.1,Community,1.0228479292391306,2021-09-21,14,Traveler weight (travel hubs),Strategies (per capita),90%,P7-R,fig_3e,P7-R^0,10,1.0853
2021-10-05,ZA,26,Omicron BA.1,Community,1.0228479292391306,2021-09-21,14,Traveler weight (travel hubs),Strategies (per capita),90%,P11-R,fig_3e,P11-R^0,10,1.0844
2021-10-05,ZA,26,Omicron BA.1,Community,1.0228479292391306,2021-09-21,14,Traveler weight (travel hubs),Strategies (per capita),100%,P7-R,fig_3e,P7-R^0,10,1.0849
2021-10-05,ZA,26,Omicron BA.1,Community,1.0228479292391306,2021-09-21,14,Traveler weight (travel hubs),Strategies (per capita),100%,P11-R,fig_3e,P11-R^0,10,1.0815
2021-10-07,ZA,260,Omicron BA.1,Community,1.3747268066422857,2021-09-21,16,Traveler weight (travel hubs),Strategies (per capita),50%,P7-R,fig_3e,P7-R^0,10,1.092
2021-10-07,ZA,260,Omicron BA.1,Community,1.3747268066422857,2021-09-21,16,Traveler weight (travel hubs),Strategies (per capita),50%,P11-R,fig_3e,P11-R^0,10,1.0899
2021-10-07,ZA,260,Omicron BA.1,Community,1.3747268066422857,2021-09-21,16,Traveler weight (travel hubs),Strategies (per capita),70%,P7-R,fig_3e,P7-R^0,10,1.0883
2021-10-07,ZA,260,Omicron BA.1,Community,1.3747268066422857,2021-09-21,16,Traveler weight (travel hubs),Strategies (per capita),70%,P11-R,fig_3e,P11-R^0,10,1.0862
2021-10-07,ZA,260,Omicron BA.1,Community,1.3747268066422857,2021-09-21,16,Traveler weight (travel hubs),Strategies (per capita),90%,P7-R,fig_3e,P7-R^0,10,1.0853
2021-10-07,ZA,260,Omicron BA.1,Community,1.3747268066422857,2021-09-21,16,Traveler weight (travel hubs),Strategies (per capita),90%,P11-R,fig_3e,P11-R^0,10,1.0844
2021-10-07,ZA,260,Omicron BA.1,Community,1.3747268066422857,2021-09-21,16,Traveler weight (travel hubs),Strategies (per capita),100%,P7-R,fig_3e,P7-R^0,10,1.0849
2021-10-07,ZA,260,Omicron BA.1,Community,1.3747268066422857,2021-09-21,16,Traveler weight (travel hubs),Strategies (per capita),100%,P11-R,fig_3e,P11-R^0,10,1.0815
2021-10-02,ZA,261,Omicron BA.1,Community,1.0888778319046977,2021-09-21,11,Traveler weight (travel hubs),Strategies (per capita),50%,P7-R,fig_3e,P7-R^0,10,1.092
2021-10-02,ZA,261,Omicron BA.1,Community,1.0888778319046977,2021-09-21,11,Traveler weight (travel hubs),Strategies (per capita),50%,P11-R,fig_3e,P11-R^0,10,1.0899
2021-10-02,ZA,261,Omicron BA.1,Community,1.0888778319046977,2021-09-21,11,Traveler weight (travel hubs),Strategies (per capita),70%,P7-R,fig_3e,P7-R^0,10,1.0883
2021-10-02,ZA,261,Omicron BA.1,Community,1.0888778319046977,2021-09-21,11,Traveler weight (travel hubs),Strategies (per capita),70%,P11-R,fig_3e,P11-R^0,10,1.0862
2021-10-02,ZA,261,Omicron BA.1,Community,1.0888778319046977,2021-09-21,11,Traveler weight (travel hubs),Strategies (per capita),90%,P7-R,fig_3e,P7-R^0,10,1.0853
2021-10-02,ZA,261,Omicron BA.1,Community,1.0888778319046977,2021-09-21,11,Traveler weight (travel hubs),Strategies (per capita),90%,P11-R,fig_3e,P11-R^0,10,1.0844
2021-10-02,ZA,261,Omicron BA.1,Community,1.0888778319046977,2021-09-21,11,Traveler weight (travel hubs),Strategies (per capita),100%,P7-R,fig_3e,P7-R^0,10,1.0849
2021-10-02,ZA,261,Omicron BA.1,Community,1.0888778319046977,2021-09-21,11,Traveler weight (travel hubs),Strategies (per capita),100%,P11-R,fig_3e,P11-R^0,10,1.0815
2021-09-26,ZA,262,Omicron BA.1,Community,1.0406093009464137,2021-09-21,5,Traveler weight (travel hubs),Strategies (per capita),50%,P7-R,fig_3e,P7-R^0,10,1.092
2021-09-26,ZA,262,Omicron BA.1,Community,1.0406093009464137,2021-09-21,5,Traveler weight (travel hubs),Strategies (per capita),50%,P11-R,fig_3e,P11-R^0,10,1.0899
2021-09-26,ZA,262,Omicron BA.1,Community,1.0406093009464137,2021-09-21,5,Traveler weight (travel hubs),Strategies (per capita),70%,P7-R,fig_3e,P7-R^0,10,1.0883
2021-09-26,ZA,262,Omicron BA.1,Community,1.0406093009464137,2021-09-21,5,Traveler weight (travel hubs),Strategies (per capita),70%,P11-R,fig_3e,P11-R^0,10,1.0862
2021-09-26,ZA,262,Omicron BA.1,Community,1.0406093009464137,2021-09-21,5,Traveler weight (travel hubs),Strategies (per capita),90%,P7-R,fig_3e,P7-R^0,10,1.0853
2021-09-26,ZA,262,Omicron BA.1,Community,1.0406093009464137,2021-09-21,5,Traveler weight (travel hubs),Strategies (per capita),90%,P11-R,fig_3e,P11-R^0,10,1.0844
2021-09-26,ZA,262,Omicron BA.1,Community,1.0406093009464137,2021-09-21,5,Traveler weight (travel hubs),Strategies (per capita),100%,P7-R,fig_3e,P7-R^0,10,1.0849
2021-09-26,ZA,262,Omicron BA.1,Community,1.0406093009464137,2021-09-21,5,Traveler weight (travel hubs),Strategies (per capita),100%,P11-R,fig_3e,P11-R^0,10,1.0815
2021-09-27,ZA,263,Omicron BA.1,Community,1.0143918677982777,2021-09-21,6,Traveler weight (travel hubs),Strategies (per capita),50%,P7-R,fig_3e,P7-R^0,10,1.092
2021-09-27,ZA,263,Omicron BA.1,Community,1.0143918677982777,2021-09-21,6,Traveler weight (travel hubs),Strategies (per capita),50%,P11-R,fig_3e,P11-R^0,10,1.0899
2021-09-27,ZA,263,Omicron BA.1,Community,1.0143918677982777,2021-09-21,6,Traveler weight (travel hubs),Strategies (per capita),70%,P7-R,fig_3e,P7-R^0,10,1.0883
2021-09-27,ZA,263,Omicron BA.1,Community,1.0143918677982777,2021-09-21,6,Traveler weight (travel hubs),Strategies (per capita),70%,P11-R,fig_3e,P11-R^0,10,1.0862
2021-09-27,ZA,263,Omicron BA.1,Community,1.0143918677982777,2021-09-21,6,Traveler weight (travel hubs),Strategies (per capita),90%,P7-R,fig_3e,P7-R^0,10,1.0853
2021-09-27,ZA,263,Omicron BA.1,Community,1.0143918677982777,2021-09-21,6,Traveler weight (travel hubs),Strategies (per capita),90%,P11-R,fig_3e,P11-R^0,10,1.0844
2021-09-27,ZA,263,Omicron BA.1,Community,1.0143918677982777,2021-09-21,6,Traveler weight (travel hubs),Strategies (per capita),100%,P7-R,fig_3e,P7-R^0,10,1.0849
2021-09-27,ZA,263,Omicron BA.1,Community,1.0143918677982777,2021-09-21,6,Traveler weight (travel hubs),Strategies (per capita),100%,P11-R,fig_3e,P11-R^0,10,1.0815
2021-09-30,ZA,264,Omicron BA.1,Community,1.1220427548028873,2021-09-21,9,Traveler weight (travel hubs),Strategies (per capita),50%,P7-R,fig_3e,P7-R^0,10,1.092
2021-09-30,ZA,264,Omicron BA.1,Community,1.1220427548028873,2021-09-21,9,Traveler weight (travel hubs),Strategies (per capita),50%,P11-R,fig_3e,P11-R^0,10,1.0899
2021-09-30,ZA,264,Omicron BA.1,Community,1.1220427548028873,2021-09-21,9,Traveler weight (travel hubs),Strategies (per capita),70%,P7-R,fig_3e,P7-R^0,10,1.0883
2021-09-30,ZA,264,Omicron BA.1,Community,1.1220427548028873,2021-09-21,9,Traveler weight (travel hubs),Strategies (per capita),70%,P11-R,fig_3e,P11-R^0,10,1.0862
2021-09-30,ZA,264,Omicron BA.1,Community,1.1220427548028873,2021-09-21,9,Traveler weight (travel hubs),Strategies (per capita),90%,P7-R,fig_3e,P7-R^0,10,1.0853
2021-09-30,ZA,264,Omicron BA.1,Community,1.1220427548028873,2021-09-21,9,Traveler weight (travel hubs),Strategies (per capita),90%,P11-R,fig_3e,P11-R^0,10,1.0844
2021-09-30,ZA,264,Omicron BA.1,Community,1.1220427548028873,2021-09-21,9,Traveler weight (travel hubs),Strategies (per capita),100%,P7-R,fig_3e,P7-R^0,10,1.0849
2021-09-30,ZA,264,Omicron BA.1,Community,1.1220427548028873,2021-09-21,9,Traveler weight (travel hubs),Strategies (per capita),100%,P11-R,fig_3e,P11-R^0,10,1.0815
2021-10-07,ZA,265,Omicron BA.1,Community,1.3344909001064138,2021-09-21,16,Traveler weight (travel hubs),Strategies (per capita),50%,P7-R,fig_3e,P7-R^0,10,1.092
2021-10-07,ZA,265,Omicron BA.1,Community,1.3344909001064138,2021-09-21,16,Traveler weight (travel hubs),Strategies (per capita),50%,P11-R,fig_3e,P11-R^0,10,1.0899
2021-10-07,ZA,265,Omicron BA.1,Community,1.3344909001064138,2021-09-21,16,Traveler weight (travel hubs),Strategies (per capita),70%,P7-R,fig_3e,P7-R^0,10,1.0883
2021-10-07,ZA,265,Omicron BA.1,Community,1.3344909001064138,2021-09-21,16,Traveler weight (travel hubs),Strategies (per capita),70%,P11-R,fig_3e,P11-R^0,10,1.0862
2021-10-07,ZA,265,Omicron BA.1,Community,1.3344909001064138,2021-09-21,16,Traveler weight (travel hubs),Strategies (per capita),90%,P7-R,fig_3e,P7-R^0,10,1.0853
2021-10-07,ZA,265,Omicron BA.1,Community,1.3344909001064138,2021-09-21,16,Traveler weight (travel hubs),Strategies (per capita),90%,P11-R,fig_3e,P11-R^0,10,1.0844
2021-10-07,ZA,265,Omicron BA.1,Community,1.3344909001064138,2021-09-21,16,Traveler weight (travel hubs),Strategies (per capita),100%,P7-R,fig_3e,P7-R^0,10,1.0849
2021-10-07,ZA,265,Omicron BA.1,Community,1.3344909001064138,2021-09-21,16,Traveler weight (travel hubs),Strategies (per capita),100%,P11-R,fig_3e,P11-R^0,10,1.0815
2021-09-26,GB,266,Omicron BA.1,Imported,1,2021-09-21,5,Traveler weight (travel hubs),Strategies (per capita),50%,P7-R,fig_3e,P7-R^0,10,1.092
2021-09-26,GB,266,Omicron BA.1,Imported,1,2021-09-21,5,Traveler weight (travel hubs),Strategies (per capita),50%,P11-R,fig_3e,P11-R^0,10,1.0899
2021-09-26,GB,266,Omicron BA.1,Imported,1,2021-09-21,5,Traveler weight (travel hubs),Strategies (per capita),70%,P7-R,fig_3e,P7-R^0,10,1.0883
2021-09-26,GB,266,Omicron BA.1,Imported,1,2021-09-21,5,Traveler weight (travel hubs),Strategies (per capita),70%,P11-R,fig_3e,P11-R^0,10,1.0862
2021-09-26,GB,266,Omicron BA.1,Imported,1,2021-09-21,5,Traveler weight (travel hubs),Strategies (per capita),90%,P7-R,fig_3e,P7-R^0,10,1.0853
2021-09-26,GB,266,Omicron BA.1,Imported,1,2021-09-21,5,Traveler weight (travel hubs),Strategies (per capita),90%,P11-R,fig_3e,P11-R^0,10,1.0844
2021-09-26,GB,266,Omicron BA.1,Imported,1,2021-09-21,5,Traveler weight (travel hubs),Strategies (per capita),100%,P7-R,fig_3e,P7-R^0,10,1.0849
2021-09-26,GB,266,Omicron BA.1,Imported,1,2021-09-21,5,Traveler weight (travel hubs),Strategies (per capita),100%,P11-R,fig_3e,P11-R^0,10,1.0815
2021-10-07,ZA,267,Omicron BA.1,Community,1.3747268066422855,2021-09-21,16,Traveler weight (travel hubs),Strategies (per capita),50%,P7-R,fig_3e,P7-R^0,10,1.092
2021-10-07,ZA,267,Omicron BA.1,Community,1.3747268066422855,2021-09-21,16,Traveler weight (travel hubs),Strategies (per capita),50%,P11-R,fig_3e,P11-R^0,10,1.0899
2021-10-07,ZA,267,Omicron BA.1,Community,1.3747268066422855,2021-09-21,16,Traveler weight (travel hubs),Strategies (per capita),70%,P7-R,fig_3e,P7-R^0,10,1.0883
2021-10-07,ZA,267,Omicron BA.1,Community,1.3747268066422855,2021-09-21,16,Traveler weight (travel hubs),Strategies (per capita),70%,P11-R,fig_3e,P11-R^0,10,1.0862
2021-10-07,ZA,267,Omicron BA.1,Community,1.3747268066422855,2021-09-21,16,Traveler weight (travel hubs),Strategies (per capita),90%,P7-R,fig_3e,P7-R^0,10,1.0853
2021-10-07,ZA,267,Omicron BA.1,Community,1.3747268066422855,2021-09-21,16,Traveler weight (travel hubs),Strategies (per capita),90%,P11-R,fig_3e,P11-R^0,10,1.0844
2021-10-07,ZA,267,Omicron BA.1,Community,1.3747268066422855,2021-09-21,16,Traveler weight (travel hubs),Strategies (per capita),100%,P7-R,fig_3e,P7-R^0,10,1.0849
2021-10-07,ZA,267,Omicron BA.1,Community,1.3747268066422855,2021-09-21,16,Traveler weight (travel hubs),Strategies (per capita),100%,P11-R,fig_3e,P11-R^0,10,1.0815
2021-10-07,ZA,268,Omicron BA.1,Community,1.291572599801484,2021-09-21,16,Traveler weight (travel hubs),Strategies (per capita),50%,P7-R,fig_3e,P7-R^0,10,1.092
2021-10-07,ZA,268,Omicron BA.1,Community,1.291572599801484,2021-09-21,16,Traveler weight (travel hubs),Strategies (per capita),50%,P11-R,fig_3e,P11-R^0,10,1.0899
2021-10-07,ZA,268,Omicron BA.1,Community,1.291572599801484,2021-09-21,16,Traveler weight (travel hubs),Strategies (per capita),70%,P7-R,fig_3e,P7-R^0,10,1.0883
2021-10-07,ZA,268,Omicron BA.1,Community,1.291572599801484,2021-09-21,16,Traveler weight (travel hubs),Strategies (per capita),70%,P11-R,fig_3e,P11-R^0,10,1.0862
2021-10-07,ZA,268,Omicron BA.1,Community,1.291572599801484,2021-09-21,16,Traveler weight (travel hubs),Strategies (per capita),90%,P7-R,fig_3e,P7-R^0,10,1.0853
2021-10-07,ZA,268,Omicron BA.1,Community,1.291572599801484,2021-09-21,16,Traveler weight (travel hubs),Strategies (per capita),90%,P11-R,fig_3e,P11-R^0,10,1.0844
2021-10-07,ZA,268,Omicron BA.1,Community,1.291572599801484,2021-09-21,16,Traveler weight (travel hubs),Strategies (per capita),100%,P7-R,fig_3e,P7-R^0,10,1.0849
2021-10-07,ZA,268,Omicron BA.1,Community,1.291572599801484,2021-09-21,16,Traveler weight (travel hubs),Strategies (per capita),100%,P11-R,fig_3e,P11-R^0,10,1.0815
2021-10-05,ZA,269,Omicron BA.1,Community,1.0347164178695423,2021-09-21,14,Traveler weight (travel hubs),Strategies (per capita),50%,P7-R,fig_3e,P7-R^0,10,1.092
2021-10-01,US,269,Omicron BA.1,Imported,1,2021-09-21,10,Traveler weight (travel hubs),Strategies (per capita),50%,P11-R,fig_3e,P11-R^0,10,1.0899
2021-10-05,ZA,269,Omicron BA.1,Community,1.0347164178695423,2021-09-21,14,Traveler weight (travel hubs),Strategies (per capita),70%,P7-R,fig_3e,P7-R^0,10,1.0883
2021-10-01,US,269,Omicron BA.1,Imported,1,2021-09-21,10,Traveler weight (travel hubs),Strategies (per capita),70%,P11-R,fig_3e,P11-R^0,10,1.0862
2021-10-05,ZA,269,Omicron BA.1,Community,1.0347164178695423,2021-09-21,14,Traveler weight (travel hubs),Strategies (per capita),90%,P7-R,fig_3e,P7-R^0,10,1.0853
2021-10-01,US,269,Omicron BA.1,Imported,1,2021-09-21,10,Traveler weight (travel hubs),Strategies (per capita),90%,P11-R,fig_3e,P11-R^0,10,1.0844
2021-10-05,ZA,269,Omicron BA.1,Community,1.0347164178695423,2021-09-21,14,Traveler weight (travel hubs),Strategies (per capita),100%,P7-R,fig_3e,P7-R^0,10,1.0849
2021-10-01,US,269,Omicron BA.1,Imported,1,2021-09-21,10,Traveler weight (travel hubs),Strategies (per capita),100%,P11-R,fig_3e,P11-R^0,10,1.0815
2021-10-05,ZA,27,Omicron BA.1,Community,1.1760593279226292,2021-09-21,14,Traveler weight (travel hubs),Strategies (per capita),50%,P7-R,fig_3e,P7-R^0,10,1.092
2021-10-05,ZA,27,Omicron BA.1,Community,1.1760593279226292,2021-09-21,14,Traveler weight (travel hubs),Strategies (per capita),50%,P11-R,fig_3e,P11-R^0,10,1.0899
2021-10-05,ZA,27,Omicron BA.1,Community,1.1760593279226292,2021-09-21,14,Traveler weight (travel hubs),Strategies (per capita),70%,P7-R,fig_3e,P7-R^0,10,1.0883
2021-10-05,ZA,27,Omicron BA.1,Community,1.1760593279226292,2021-09-21,14,Traveler weight (travel hubs),Strategies (per capita),70%,P11-R,fig_3e,P11-R^0,10,1.0862
2021-10-05,ZA,27,Omicron BA.1,Community,1.1760593279226292,2021-09-21,14,Traveler weight (travel hubs),Strategies (per capita),90%,P7-R,fig_3e,P7-R^0,10,1.0853
2021-10-05,ZA,27,Omicron BA.1,Community,1.1760593279226292,2021-09-21,14,Traveler weight (travel hubs),Strategies (per capita),90%,P11-R,fig_3e,P11-R^0,10,1.0844
2021-10-05,ZA,27,Omicron BA.1,Community,1.1760593279226292,2021-09-21,14,Traveler weight (travel hubs),Strategies (per capita),100%,P7-R,fig_3e,P7-R^0,10,1.0849
2021-10-05,ZA,27,Omicron BA.1,Community,1.1760593279226292,2021-09-21,14,Traveler weight (travel hubs),Strategies (per capita),100%,P11-R,fig_3e,P11-R^0,10,1.0815
2021-10-05,ZA,270,Omicron BA.1,Community,1.0325585108458315,2021-09-21,14,Traveler weight (travel hubs),Strategies (per capita),50%,P7-R,fig_3e,P7-R^0,10,1.092
2021-10-05,ZA,270,Omicron BA.1,Community,1.0325585108458315,2021-09-21,14,Traveler weight (travel hubs),Strategies (per capita),50%,P11-R,fig_3e,P11-R^0,10,1.0899
2021-10-05,ZA,270,Omicron BA.1,Community,1.0325585108458315,2021-09-21,14,Traveler weight (travel hubs),Strategies (per capita),70%,P7-R,fig_3e,P7-R^0,10,1.0883
2021-10-05,ZA,270,Omicron BA.1,Community,1.0325585108458315,2021-09-21,14,Traveler weight (travel hubs),Strategies (per capita),70%,P11-R,fig_3e,P11-R^0,10,1.0862
2021-10-05,ZA,270,Omicron BA.1,Community,1.0325585108458315,2021-09-21,14,Traveler weight (travel hubs),Strategies (per capita),90%,P7-R,fig_3e,P7-R^0,10,1.0853
2021-10-05,ZA,270,Omicron BA.1,Community,1.0325585108458315,2021-09-21,14,Traveler weight (travel hubs),Strategies (per capita),90%,P11-R,fig_3e,P11-R^0,10,1.0844
2021-10-05,ZA,270,Omicron BA.1,Community,1.0325585108458315,2021-09-21,14,Traveler weight (travel hubs),Strategies (per capita),100%,P7-R,fig_3e,P7-R^0,10,1.0849
2021-10-05,ZA,270,Omicron BA.1,Community,1.0325585108458315,2021-09-21,14,Traveler weight (travel hubs),Strategies (per capita),100%,P11-R,fig_3e,P11-R^0,10,1.0815
2021-09-30,GB,271,Omicron BA.1,Imported,1,2021-09-21,9,Traveler weight (travel hubs),Strategies (per capita),50%,P7-R,fig_3e,P7-R^0,10,1.092
2021-09-30,GB,271,Omicron BA.1,Imported,1,2021-09-21,9,Traveler weight (travel hubs),Strategies (per capita),50%,P11-R,fig_3e,P11-R^0,10,1.0899
2021-09-30,GB,271,Omicron BA.1,Imported,1,2021-09-21,9,Traveler weight (travel hubs),Strategies (per capita),70%,P7-R,fig_3e,P7-R^0,10,1.0883
2021-09-30,GB,271,Omicron BA.1,Imported,1,2021-09-21,9,Traveler weight (travel hubs),Strategies (per capita),70%,P11-R,fig_3e,P11-R^0,10,1.0862
2021-09-30,GB,271,Omicron BA.1,Imported,1,2021-09-21,9,Traveler weight (travel hubs),Strategies (per capita),90%,P7-R,fig_3e,P7-R^0,10,1.0853
2021-09-30,GB,271,Omicron BA.1,Imported,1,2021-09-21,9,Traveler weight (travel hubs),Strategies (per capita),90%,P11-R,fig_3e,P11-R^0,10,1.0844
2021-09-30,GB,271,Omicron BA.1,Imported,1,2021-09-21,9,Traveler weight (travel hubs),Strategies (per capita),100%,P7-R,fig_3e,P7-R^0,10,1.0849
2021-09-30,GB,271,Omicron BA.1,Imported,1,2021-09-21,9,Traveler weight (travel hubs),Strategies (per capita),100%,P11-R,fig_3e,P11-R^0,10,1.0815
2021-09-29,ZA,272,Omicron BA.1,Community,1.0929663927595727,2021-09-21,8,Traveler weight (travel hubs),Strategies (per capita),50%,P7-R,fig_3e,P7-R^0,10,1.092
2021-09-29,ZA,272,Omicron BA.1,Community,1.0929663927595727,2021-09-21,8,Traveler weight (travel hubs),Strategies (per capita),50%,P11-R,fig_3e,P11-R^0,10,1.0899
2021-09-29,ZA,272,Omicron BA.1,Community,1.0929663927595727,2021-09-21,8,Traveler weight (travel hubs),Strategies (per capita),70%,P7-R,fig_3e,P7-R^0,10,1.0883
2021-09-29,ZA,272,Omicron BA.1,Community,1.0929663927595727,2021-09-21,8,Traveler weight (travel hubs),Strategies (per capita),70%,P11-R,fig_3e,P11-R^0,10,1.0862
2021-09-29,ZA,272,Omicron BA.1,Community,1.0929663927595727,2021-09-21,8,Traveler weight (travel hubs),Strategies (per capita),90%,P7-R,fig_3e,P7-R^0,10,1.0853
2021-09-29,ZA,272,Omicron BA.1,Community,1.0929663927595727,2021-09-21,8,Traveler weight (travel hubs),Strategies (per capita),90%,P11-R,fig_3e,P11-R^0,10,1.0844
2021-09-29,ZA,272,Omicron BA.1,Community,1.0929663927595727,2021-09-21,8,Traveler weight (travel hubs),Strategies (per capita),100%,P7-R,fig_3e,P7-R^0,10,1.0849
2021-09-29,ZA,272,Omicron BA.1,Community,1.0929663927595727,2021-09-21,8,Traveler weight (travel hubs),Strategies (per capita),100%,P11-R,fig_3e,P11-R^0,10,1.0815
2021-10-01,ZA,273,Omicron BA.1,Community,1.0113211685808472,2021-09-21,10,Traveler weight (travel hubs),Strategies (per capita),50%,P7-R,fig_3e,P7-R^0,10,1.092
2021-10-01,ZA,273,Omicron BA.1,Community,1.0113211685808472,2021-09-21,10,Traveler weight (travel hubs),Strategies (per capita),50%,P11-R,fig_3e,P11-R^0,10,1.0899
2021-10-01,ZA,273,Omicron BA.1,Community,1.0113211685808472,2021-09-21,10,Traveler weight (travel hubs),Strategies (per capita),70%,P7-R,fig_3e,P7-R^0,10,1.0883
2021-10-01,ZA,273,Omicron BA.1,Community,1.0113211685808472,2021-09-21,10,Traveler weight (travel hubs),Strategies (per capita),70%,P11-R,fig_3e,P11-R^0,10,1.0862
2021-10-01,ZA,273,Omicron BA.1,Community,1.0113211685808472,2021-09-21,10,Traveler weight (travel hubs),Strategies (per capita),90%,P7-R,fig_3e,P7-R^0,10,1.0853
2021-10-01,ZA,273,Omicron BA.1,Community,1.0113211685808472,2021-09-21,10,Traveler weight (travel hubs),Strategies (per capita),90%,P11-R,fig_3e,P11-R^0,10,1.0844
2021-10-01,ZA,273,Omicron BA.1,Community,1.0113211685808472,2021-09-21,10,Traveler weight (travel hubs),Strategies (per capita),100%,P7-R,fig_3e,P7-R^0,10,1.0849
2021-10-01,ZA,273,Omicron BA.1,Community,1.0113211685808472,2021-09-21,10,Traveler weight (travel hubs),Strategies (per capita),100%,P11-R,fig_3e,P11-R^0,10,1.0815
2021-09-27,GB,274,Omicron BA.1,Imported,1,2021-09-21,6,Traveler weight (travel hubs),Strategies (per capita),50%,P7-R,fig_3e,P7-R^0,10,1.092
2021-09-27,GB,274,Omicron BA.1,Imported,1,2021-09-21,6,Traveler weight (travel hubs),Strategies (per capita),50%,P11-R,fig_3e,P11-R^0,10,1.0899
2021-09-27,GB,274,Omicron BA.1,Imported,1,2021-09-21,6,Traveler weight (travel hubs),Strategies (per capita),70%,P7-R,fig_3e,P7-R^0,10,1.0883
2021-09-27,GB,274,Omicron BA.1,Imported,1,2021-09-21,6,Traveler weight (travel hubs),Strategies (per capita),70%,P11-R,fig_3e,P11-R^0,10,1.0862
2021-09-27,GB,274,Omicron BA.1,Imported,1,2021-09-21,6,Traveler weight (travel hubs),Strategies (per capita),90%,P7-R,fig_3e,P7-R^0,10,1.0853
2021-09-27,GB,274,Omicron BA.1,Imported,1,2021-09-21,6,Traveler weight (travel hubs),Strategies (per capita),90%,P11-R,fig_3e,P11-R^0,10,1.0844
2021-09-27,GB,274,Omicron BA.1,Imported,1,2021-09-21,6,Traveler weight (travel hubs),Strategies (per capita),100%,P7-R,fig_3e,P7-R^0,10,1.0849
2021-09-27,GB,274,Omicron BA.1,Imported,1,2021-09-21,6,Traveler weight (travel hubs),Strategies (per capita),100%,P11-R,fig_3e,P11-R^0,10,1.0815
2021-10-05,ZA,275,Omicron BA.1,Community,1.0886640934623237,2021-09-21,14,Traveler weight (travel hubs),Strategies (per capita),50%,P7-R,fig_3e,P7-R^0,10,1.092
2021-10-05,ZA,275,Omicron BA.1,Community,1.0886640934623237,2021-09-21,14,Traveler weight (travel hubs),Strategies (per capita),50%,P11-R,fig_3e,P11-R^0,10,1.0899
2021-10-05,ZA,275,Omicron BA.1,Community,1.0886640934623237,2021-09-21,14,Traveler weight (travel hubs),Strategies (per capita),70%,P7-R,fig_3e,P7-R^0,10,1.0883
2021-10-05,ZA,275,Omicron BA.1,Community,1.0886640934623237,2021-09-21,14,Traveler weight (travel hubs),Strategies (per capita),70%,P11-R,fig_3e,P11-R^0,10,1.0862
2021-10-05,ZA,275,Omicron BA.1,Community,1.0886640934623237,2021-09-21,14,Traveler weight (travel hubs),Strategies (per capita),90%,P7-R,fig_3e,P7-R^0,10,1.0853
2021-10-05,ZA,275,Omicron BA.1,Community,1.0886640934623237,2021-09-21,14,Traveler weight (travel hubs),Strategies (per capita),90%,P11-R,fig_3e,P11-R^0,10,1.0844
2021-10-05,ZA,275,Omicron BA.1,Community,1.0886640934623237,2021-09-21,14,Traveler weight (travel hubs),Strategies (per capita),100%,P7-R,fig_3e,P7-R^0,10,1.0849
2021-10-05,ZA,275,Omicron BA.1,Community,1.0886640934623237,2021-09-21,14,Traveler weight (travel hubs),Strategies (per capita),100%,P11-R,fig_3e,P11-R^0,10,1.0815
2021-10-13,ZA,276,Omicron BA.1,Community,1.0068840670975716,2021-09-21,22,Traveler weight (travel hubs),Strategies (per capita),50%,P7-R,fig_3e,P7-R^0,10,1.092
2021-10-13,ZA,276,Omicron BA.1,Community,1.0068840670975716,2021-09-21,22,Traveler weight (travel hubs),Strategies (per capita),50%,P11-R,fig_3e,P11-R^0,10,1.0899
2021-10-13,ZA,276,Omicron BA.1,Community,1.0068840670975716,2021-09-21,22,Traveler weight (travel hubs),Strategies (per capita),70%,P7-R,fig_3e,P7-R^0,10,1.0883
2021-10-13,ZA,276,Omicron BA.1,Community,1.0068840670975716,2021-09-21,22,Traveler weight (travel hubs),Strategies (per capita),70%,P11-R,fig_3e,P11-R^0,10,1.0862
2021-10-13,ZA,276,Omicron BA.1,Community,1.0068840670975716,2021-09-21,22,Traveler weight (travel hubs),Strategies (per capita),90%,P7-R,fig_3e,P7-R^0,10,1.0853
2021-10-13,ZA,276,Omicron BA.1,Community,1.0068840670975716,2021-09-21,22,Traveler weight (travel hubs),Strategies (per capita),90%,P11-R,fig_3e,P11-R^0,10,1.0844
2021-10-13,ZA,276,Omicron BA.1,Community,1.0068840670975716,2021-09-21,22,Traveler weight (travel hubs),Strategies (per capita),100%,P7-R,fig_3e,P7-R^0,10,1.0849
2021-10-13,ZA,276,Omicron BA.1,Community,1.0068840670975716,2021-09-21,22,Traveler weight (travel hubs),Strategies (per capita),100%,P11-R,fig_3e,P11-R^0,10,1.0815
2021-09-27,GB,277,Omicron BA.1,Imported,1,2021-09-21,6,Traveler weight (travel hubs),Strategies (per capita),50%,P7-R,fig_3e,P7-R^0,10,1.092
2021-09-27,GB,277,Omicron BA.1,Imported,1,2021-09-21,6,Traveler weight (travel hubs),Strategies (per capita),50%,P11-R,fig_3e,P11-R^0,10,1.0899
2021-09-27,GB,277,Omicron BA.1,Imported,1,2021-09-21,6,Traveler weight (travel hubs),Strategies (per capita),70%,P7-R,fig_3e,P7-R^0,10,1.0883
2021-09-27,GB,277,Omicron BA.1,Imported,1,2021-09-21,6,Traveler weight (travel hubs),Strategies (per capita),70%,P11-R,fig_3e,P11-R^0,10,1.0862
2021-09-27,GB,277,Omicron BA.1,Imported,1,2021-09-21,6,Traveler weight (travel hubs),Strategies (per capita),90%,P7-R,fig_3e,P7-R^0,10,1.0853
2021-09-27,GB,277,Omicron BA.1,Imported,1,2021-09-21,6,Traveler weight (travel hubs),Strategies (per capita),90%,P11-R,fig_3e,P11-R^0,10,1.0844
2021-09-27,GB,277,Omicron BA.1,Imported,1,2021-09-21,6,Traveler weight (travel hubs),Strategies (per capita),100%,P7-R,fig_3e,P7-R^0,10,1.0849
2021-09-27,GB,277,Omicron BA.1,Imported,1,2021-09-21,6,Traveler weight (travel hubs),Strategies (per capita),100%,P11-R,fig_3e,P11-R^0,10,1.0815
2021-09-30,ZA,278,Omicron BA.1,Community,1.016657523688804,2021-09-21,9,Traveler weight (travel hubs),Strategies (per capita),50%,P7-R,fig_3e,P7-R^0,10,1.092
2021-09-30,ZA,278,Omicron BA.1,Community,1.016657523688804,2021-09-21,9,Traveler weight (travel hubs),Strategies (per capita),50%,P11-R,fig_3e,P11-R^0,10,1.0899
2021-09-30,ZA,278,Omicron BA.1,Community,1.016657523688804,2021-09-21,9,Traveler weight (travel hubs),Strategies (per capita),70%,P7-R,fig_3e,P7-R^0,10,1.0883
2021-09-30,ZA,278,Omicron BA.1,Community,1.016657523688804,2021-09-21,9,Traveler weight (travel hubs),Strategies (per capita),70%,P11-R,fig_3e,P11-R^0,10,1.0862
2021-09-30,ZA,278,Omicron BA.1,Community,1.016657523688804,2021-09-21,9,Traveler weight (travel hubs),Strategies (per capita),90%,P7-R,fig_3e,P7-R^0,10,1.0853
2021-09-30,ZA,278,Omicron BA.1,Community,1.016657523688804,2021-09-21,9,Traveler weight (travel hubs),Strategies (per capita),90%,P11-R,fig_3e,P11-R^0,10,1.0844
2021-09-30,ZA,278,Omicron BA.1,Community,1.016657523688804,2021-09-21,9,Traveler weight (travel hubs),Strategies (per capita),100%,P7-R,fig_3e,P7-R^0,10,1.0849
2021-09-30,ZA,278,Omicron BA.1,Community,1.016657523688804,2021-09-21,9,Traveler weight (travel hubs),Strategies (per capita),100%,P11-R,fig_3e,P11-R^0,10,1.0815
2021-10-01,ZA,279,Omicron BA.1,Community,1.3518786552370385,2021-09-21,10,Traveler weight (travel hubs),Strategies (per capita),50%,P7-R,fig_3e,P7-R^0,10,1.092
2021-10-01,ZA,279,Omicron BA.1,Community,1.3518786552370385,2021-09-21,10,Traveler weight (travel hubs),Strategies (per capita),50%,P11-R,fig_3e,P11-R^0,10,1.0899
2021-10-01,ZA,279,Omicron BA.1,Community,1.3518786552370385,2021-09-21,10,Traveler weight (travel hubs),Strategies (per capita),70%,P7-R,fig_3e,P7-R^0,10,1.0883
2021-10-01,ZA,279,Omicron BA.1,Community,1.3518786552370385,2021-09-21,10,Traveler weight (travel hubs),Strategies (per capita),70%,P11-R,fig_3e,P11-R^0,10,1.0862
2021-10-01,ZA,279,Omicron BA.1,Community,1.3518786552370385,2021-09-21,10,Traveler weight (travel hubs),Strategies (per capita),90%,P7-R,fig_3e,P7-R^0,10,1.0853
2021-10-01,ZA,279,Omicron BA.1,Community,1.3518786552370385,2021-09-21,10,Traveler weight (travel hubs),Strategies (per capita),90%,P11-R,fig_3e,P11-R^0,10,1.0844
2021-10-01,ZA,279,Omicron BA.1,Community,1.3518786552370385,2021-09-21,10,Traveler weight (travel hubs),Strategies (per capita),100%,P7-R,fig_3e,P7-R^0,10,1.0849
2021-10-01,ZA,279,Omicron BA.1,Community,1.3518786552370385,2021-09-21,10,Traveler weight (travel hubs),Strategies (per capita),100%,P11-R,fig_3e,P11-R^0,10,1.0815
2021-09-29,ZA,28,Omicron BA.1,Community,1.0447945145282498,2021-09-21,8,Traveler weight (travel hubs),Strategies (per capita),50%,P7-R,fig_3e,P7-R^0,10,1.092
2021-09-29,ZA,28,Omicron BA.1,Community,1.0447945145282498,2021-09-21,8,Traveler weight (travel hubs),Strategies (per capita),50%,P11-R,fig_3e,P11-R^0,10,1.0899
2021-09-29,ZA,28,Omicron BA.1,Community,1.0447945145282498,2021-09-21,8,Traveler weight (travel hubs),Strategies (per capita),70%,P7-R,fig_3e,P7-R^0,10,1.0883
2021-09-29,ZA,28,Omicron BA.1,Community,1.0447945145282498,2021-09-21,8,Traveler weight (travel hubs),Strategies (per capita),70%,P11-R,fig_3e,P11-R^0,10,1.0862
2021-09-29,ZA,28,Omicron BA.1,Community,1.0447945145282498,2021-09-21,8,Traveler weight (travel hubs),Strategies (per capita),90%,P7-R,fig_3e,P7-R^0,10,1.0853
2021-09-29,ZA,28,Omicron BA.1,Community,1.0447945145282498,2021-09-21,8,Traveler weight (travel hubs),Strategies (per capita),90%,P11-R,fig_3e,P11-R^0,10,1.0844
2021-09-29,ZA,28,Omicron BA.1,Community,1.0447945145282498,2021-09-21,8,Traveler weight (travel hubs),Strategies (per capita),100%,P7-R,fig_3e,P7-R^0,10,1.0849
2021-09-29,ZA,28,Omicron BA.1,Community,1.0447945145282498,2021-09-21,8,Traveler weight (travel hubs),Strategies (per capita),100%,P11-R,fig_3e,P11-R^0,10,1.0815
2021-10-05,ZA,280,Omicron BA.1,Community,1.0509007205473766,2021-09-21,14,Traveler weight (travel hubs),Strategies (per capita),50%,P7-R,fig_3e,P7-R^0,10,1.092
2021-10-05,ZA,280,Omicron BA.1,Community,1.0509007205473766,2021-09-21,14,Traveler weight (travel hubs),Strategies (per capita),50%,P11-R,fig_3e,P11-R^0,10,1.0899
2021-10-05,ZA,280,Omicron BA.1,Community,1.0509007205473766,2021-09-21,14,Traveler weight (travel hubs),Strategies (per capita),70%,P7-R,fig_3e,P7-R^0,10,1.0883
2021-10-05,ZA,280,Omicron BA.1,Community,1.0509007205473766,2021-09-21,14,Traveler weight (travel hubs),Strategies (per capita),70%,P11-R,fig_3e,P11-R^0,10,1.0862
2021-10-05,ZA,280,Omicron BA.1,Community,1.0509007205473766,2021-09-21,14,Traveler weight (travel hubs),Strategies (per capita),90%,P7-R,fig_3e,P7-R^0,10,1.0853
2021-10-05,ZA,280,Omicron BA.1,Community,1.0509007205473766,2021-09-21,14,Traveler weight (travel hubs),Strategies (per capita),90%,P11-R,fig_3e,P11-R^0,10,1.0844
2021-10-05,ZA,280,Omicron BA.1,Community,1.0509007205473766,2021-09-21,14,Traveler weight (travel hubs),Strategies (per capita),100%,P7-R,fig_3e,P7-R^0,10,1.0849
2021-10-05,ZA,280,Omicron BA.1,Community,1.0509007205473766,2021-09-21,14,Traveler weight (travel hubs),Strategies (per capita),100%,P11-R,fig_3e,P11-R^0,10,1.0815
2021-10-05,ZA,281,Omicron BA.1,Community,1.0498217670355212,2021-09-21,14,Traveler weight (travel hubs),Strategies (per capita),50%,P7-R,fig_3e,P7-R^0,10,1.092
2021-10-05,ZA,281,Omicron BA.1,Community,1.0498217670355212,2021-09-21,14,Traveler weight (travel hubs),Strategies (per capita),50%,P11-R,fig_3e,P11-R^0,10,1.0899
2021-10-05,ZA,281,Omicron BA.1,Community,1.0498217670355212,2021-09-21,14,Traveler weight (travel hubs),Strategies (per capita),70%,P7-R,fig_3e,P7-R^0,10,1.0883
2021-10-05,ZA,281,Omicron BA.1,Community,1.0498217670355212,2021-09-21,14,Traveler weight (travel hubs),Strategies (per capita),70%,P11-R,fig_3e,P11-R^0,10,1.0862
2021-10-05,ZA,281,Omicron BA.1,Community,1.0498217670355212,2021-09-21,14,Traveler weight (travel hubs),Strategies (per capita),90%,P7-R,fig_3e,P7-R^0,10,1.0853
2021-10-05,ZA,281,Omicron BA.1,Community,1.0498217670355212,2021-09-21,14,Traveler weight (travel hubs),Strategies (per capita),90%,P11-R,fig_3e,P11-R^0,10,1.0844
2021-10-05,ZA,281,Omicron BA.1,Community,1.0498217670355212,2021-09-21,14,Traveler weight (travel hubs),Strategies (per capita),100%,P7-R,fig_3e,P7-R^0,10,1.0849
2021-10-05,ZA,281,Omicron BA.1,Community,1.0498217670355212,2021-09-21,14,Traveler weight (travel hubs),Strategies (per capita),100%,P11-R,fig_3e,P11-R^0,10,1.0815
2021-10-05,ZA,282,Omicron BA.1,Community,1.6011670115937449,2021-09-21,14,Traveler weight (travel hubs),Strategies (per capita),50%,P7-R,fig_3e,P7-R^0,10,1.092
2021-10-05,ZA,282,Omicron BA.1,Community,1.6011670115937449,2021-09-21,14,Traveler weight (travel hubs),Strategies (per capita),50%,P11-R,fig_3e,P11-R^0,10,1.0899
2021-10-05,ZA,282,Omicron BA.1,Community,1.6011670115937449,2021-09-21,14,Traveler weight (travel hubs),Strategies (per capita),70%,P7-R,fig_3e,P7-R^0,10,1.0883
2021-10-05,ZA,282,Omicron BA.1,Community,1.6011670115937449,2021-09-21,14,Traveler weight (travel hubs),Strategies (per capita),70%,P11-R,fig_3e,P11-R^0,10,1.0862
2021-10-05,ZA,282,Omicron BA.1,Community,1.6011670115937449,2021-09-21,14,Traveler weight (travel hubs),Strategies (per capita),90%,P7-R,fig_3e,P7-R^0,10,1.0853
2021-10-05,ZA,282,Omicron BA.1,Community,1.6011670115937449,2021-09-21,14,Traveler weight (travel hubs),Strategies (per capita),90%,P11-R,fig_3e,P11-R^0,10,1.0844
2021-10-05,ZA,282,Omicron BA.1,Community,1.6011670115937449,2021-09-21,14,Traveler weight (travel hubs),Strategies (per capita),100%,P7-R,fig_3e,P7-R^0,10,1.0849
2021-10-05,ZA,282,Omicron BA.1,Community,1.6011670115937449,2021-09-21,14,Traveler weight (travel hubs),Strategies (per capita),100%,P11-R,fig_3e,P11-R^0,10,1.0815
2021-09-30,ZA,283,Omicron BA.1,Community,1.0238898434711432,2021-09-21,9,Traveler weight (travel hubs),Strategies (per capita),50%,P7-R,fig_3e,P7-R^0,10,1.092
2021-09-30,ZA,283,Omicron BA.1,Community,1.0238898434711432,2021-09-21,9,Traveler weight (travel hubs),Strategies (per capita),50%,P11-R,fig_3e,P11-R^0,10,1.0899
2021-09-30,ZA,283,Omicron BA.1,Community,1.0238898434711432,2021-09-21,9,Traveler weight (travel hubs),Strategies (per capita),70%,P7-R,fig_3e,P7-R^0,10,1.0883
2021-09-30,ZA,283,Omicron BA.1,Community,1.0238898434711432,2021-09-21,9,Traveler weight (travel hubs),Strategies (per capita),70%,P11-R,fig_3e,P11-R^0,10,1.0862
2021-09-30,ZA,283,Omicron BA.1,Community,1.0238898434711432,2021-09-21,9,Traveler weight (travel hubs),Strategies (per capita),90%,P7-R,fig_3e,P7-R^0,10,1.0853
2021-09-30,ZA,283,Omicron BA.1,Community,1.0238898434711432,2021-09-21,9,Traveler weight (travel hubs),Strategies (per capita),90%,P11-R,fig_3e,P11-R^0,10,1.0844
2021-09-30,ZA,283,Omicron BA.1,Community,1.0238898434711432,2021-09-21,9,Traveler weight (travel hubs),Strategies (per capita),100%,P7-R,fig_3e,P7-R^0,10,1.0849
2021-09-30,ZA,283,Omicron BA.1,Community,1.0238898434711432,2021-09-21,9,Traveler weight (travel hubs),Strategies (per capita),100%,P11-R,fig_3e,P11-R^0,10,1.0815
2021-09-30,ZA,284,Omicron BA.1,Community,1.0941466642138653,2021-09-21,9,Traveler weight (travel hubs),Strategies (per capita),50%,P7-R,fig_3e,P7-R^0,10,1.092
2021-09-30,ZA,284,Omicron BA.1,Community,1.0941466642138653,2021-09-21,9,Traveler weight (travel hubs),Strategies (per capita),50%,P11-R,fig_3e,P11-R^0,10,1.0899
2021-09-30,ZA,284,Omicron BA.1,Community,1.0941466642138653,2021-09-21,9,Traveler weight (travel hubs),Strategies (per capita),70%,P7-R,fig_3e,P7-R^0,10,1.0883
2021-09-30,ZA,284,Omicron BA.1,Community,1.0941466642138653,2021-09-21,9,Traveler weight (travel hubs),Strategies (per capita),70%,P11-R,fig_3e,P11-R^0,10,1.0862
2021-09-30,ZA,284,Omicron BA.1,Community,1.0941466642138653,2021-09-21,9,Traveler weight (travel hubs),Strategies (per capita),90%,P7-R,fig_3e,P7-R^0,10,1.0853
2021-09-30,ZA,284,Omicron BA.1,Community,1.0941466642138653,2021-09-21,9,Traveler weight (travel hubs),Strategies (per capita),90%,P11-R,fig_3e,P11-R^0,10,1.0844
2021-09-30,ZA,284,Omicron BA.1,Community,1.0941466642138653,2021-09-21,9,Traveler weight (travel hubs),Strategies (per capita),100%,P7-R,fig_3e,P7-R^0,10,1.0849
2021-09-30,ZA,284,Omicron BA.1,Community,1.0941466642138653,2021-09-21,9,Traveler weight (travel hubs),Strategies (per capita),100%,P11-R,fig_3e,P11-R^0,10,1.0815
2021-09-26,ZA,285,Omicron BA.1,Community,1.1270347647736132,2021-09-21,5,Traveler weight (travel hubs),Strategies (per capita),50%,P7-R,fig_3e,P7-R^0,10,1.092
2021-09-26,ZA,285,Omicron BA.1,Community,1.1270347647736132,2021-09-21,5,Traveler weight (travel hubs),Strategies (per capita),50%,P11-R,fig_3e,P11-R^0,10,1.0899
2021-09-26,ZA,285,Omicron BA.1,Community,1.1270347647736132,2021-09-21,5,Traveler weight (travel hubs),Strategies (per capita),70%,P7-R,fig_3e,P7-R^0,10,1.0883
2021-09-26,ZA,285,Omicron BA.1,Community,1.1270347647736132,2021-09-21,5,Traveler weight (travel hubs),Strategies (per capita),70%,P11-R,fig_3e,P11-R^0,10,1.0862
2021-09-26,ZA,285,Omicron BA.1,Community,1.1270347647736132,2021-09-21,5,Traveler weight (travel hubs),Strategies (per capita),90%,P7-R,fig_3e,P7-R^0,10,1.0853
2021-09-26,ZA,285,Omicron BA.1,Community,1.1270347647736132,2021-09-21,5,Traveler weight (travel hubs),Strategies (per capita),90%,P11-R,fig_3e,P11-R^0,10,1.0844
2021-09-26,ZA,285,Omicron BA.1,Community,1.1270347647736132,2021-09-21,5,Traveler weight (travel hubs),Strategies (per capita),100%,P7-R,fig_3e,P7-R^0,10,1.0849
2021-09-26,ZA,285,Omicron BA.1,Community,1.1270347647736132,2021-09-21,5,Traveler weight (travel hubs),Strategies (per capita),100%,P11-R,fig_3e,P11-R^0,10,1.0815
2021-09-27,ZA,286,Omicron BA.1,Community,1.0099814683730675,2021-09-21,6,Traveler weight (travel hubs),Strategies (per capita),50%,P7-R,fig_3e,P7-R^0,10,1.092
2021-09-27,ZA,286,Omicron BA.1,Community,1.0099814683730675,2021-09-21,6,Traveler weight (travel hubs),Strategies (per capita),50%,P11-R,fig_3e,P11-R^0,10,1.0899
2021-09-27,ZA,286,Omicron BA.1,Community,1.0099814683730675,2021-09-21,6,Traveler weight (travel hubs),Strategies (per capita),70%,P7-R,fig_3e,P7-R^0,10,1.0883
2021-09-27,ZA,286,Omicron BA.1,Community,1.0099814683730675,2021-09-21,6,Traveler weight (travel hubs),Strategies (per capita),70%,P11-R,fig_3e,P11-R^0,10,1.0862
2021-09-27,ZA,286,Omicron BA.1,Community,1.0099814683730675,2021-09-21,6,Traveler weight (travel hubs),Strategies (per capita),90%,P7-R,fig_3e,P7-R^0,10,1.0853
2021-09-27,ZA,286,Omicron BA.1,Community,1.0099814683730675,2021-09-21,6,Traveler weight (travel hubs),Strategies (per capita),90%,P11-R,fig_3e,P11-R^0,10,1.0844
2021-09-27,ZA,286,Omicron BA.1,Community,1.0099814683730675,2021-09-21,6,Traveler weight (travel hubs),Strategies (per capita),100%,P7-R,fig_3e,P7-R^0,10,1.0849
2021-09-27,ZA,286,Omicron BA.1,Community,1.0099814683730675,2021-09-21,6,Traveler weight (travel hubs),Strategies (per capita),100%,P11-R,fig_3e,P11-R^0,10,1.0815
2021-10-05,ZA,287,Omicron BA.1,Community,1.7381941075994087,2021-09-21,14,Traveler weight (travel hubs),Strategies (per capita),50%,P7-R,fig_3e,P7-R^0,10,1.092
2021-10-05,ZA,287,Omicron BA.1,Community,1.7381941075994087,2021-09-21,14,Traveler weight (travel hubs),Strategies (per capita),50%,P11-R,fig_3e,P11-R^0,10,1.0899
2021-10-05,ZA,287,Omicron BA.1,Community,1.7381941075994087,2021-09-21,14,Traveler weight (travel hubs),Strategies (per capita),70%,P7-R,fig_3e,P7-R^0,10,1.0883
2021-10-05,ZA,287,Omicron BA.1,Community,1.7381941075994087,2021-09-21,14,Traveler weight (travel hubs),Strategies (per capita),70%,P11-R,fig_3e,P11-R^0,10,1.0862
2021-10-05,ZA,287,Omicron BA.1,Community,1.7381941075994087,2021-09-21,14,Traveler weight (travel hubs),Strategies (per capita),90%,P7-R,fig_3e,P7-R^0,10,1.0853
2021-10-05,ZA,287,Omicron BA.1,Community,1.7381941075994087,2021-09-21,14,Traveler weight (travel hubs),Strategies (per capita),90%,P11-R,fig_3e,P11-R^0,10,1.0844
2021-10-01,GB,287,Omicron BA.1,Imported,1,2021-09-21,10,Traveler weight (travel hubs),Strategies (per capita),100%,P7-R,fig_3e,P7-R^0,10,1.0849
2021-10-01,GB,287,Omicron BA.1,Imported,1,2021-09-21,10,Traveler weight (travel hubs),Strategies (per capita),100%,P11-R,fig_3e,P11-R^0,10,1.0815
2021-10-05,ZA,288,Omicron BA.1,Community,1.0066636265612963,2021-09-21,14,Traveler weight (travel hubs),Strategies (per capita),50%,P7-R,fig_3e,P7-R^0,10,1.092
2021-10-05,ZA,288,Omicron BA.1,Community,1.0066636265612963,2021-09-21,14,Traveler weight (travel hubs),Strategies (per capita),50%,P11-R,fig_3e,P11-R^0,10,1.0899
2021-10-05,ZA,288,Omicron BA.1,Community,1.0066636265612963,2021-09-21,14,Traveler weight (travel hubs),Strategies (per capita),70%,P7-R,fig_3e,P7-R^0,10,1.0883
2021-10-05,ZA,288,Omicron BA.1,Community,1.0066636265612963,2021-09-21,14,Traveler weight (travel hubs),Strategies (per capita),70%,P11-R,fig_3e,P11-R^0,10,1.0862
2021-10-05,ZA,288,Omicron BA.1,Community,1.0066636265612963,2021-09-21,14,Traveler weight (travel hubs),Strategies (per capita),90%,P7-R,fig_3e,P7-R^0,10,1.0853
2021-10-05,ZA,288,Omicron BA.1,Community,1.0066636265612963,2021-09-21,14,Traveler weight (travel hubs),Strategies (per capita),90%,P11-R,fig_3e,P11-R^0,10,1.0844
2021-10-05,ZA,288,Omicron BA.1,Community,1.0066636265612963,2021-09-21,14,Traveler weight (travel hubs),Strategies (per capita),100%,P7-R,fig_3e,P7-R^0,10,1.0849
2021-10-05,ZA,288,Omicron BA.1,Community,1.0066636265612963,2021-09-21,14,Traveler weight (travel hubs),Strategies (per capita),100%,P11-R,fig_3e,P11-R^0,10,1.0815
2021-09-30,ZA,289,Omicron BA.1,Community,1.0249230320114773,2021-09-21,9,Traveler weight (travel hubs),Strategies (per capita),50%,P7-R,fig_3e,P7-R^0,10,1.092
2021-09-30,ZA,289,Omicron BA.1,Community,1.0249230320114773,2021-09-21,9,Traveler weight (travel hubs),Strategies (per capita),50%,P11-R,fig_3e,P11-R^0,10,1.0899
2021-09-30,ZA,289,Omicron BA.1,Community,1.0249230320114773,2021-09-21,9,Traveler weight (travel hubs),Strategies (per capita),70%,P7-R,fig_3e,P7-R^0,10,1.0883
2021-09-30,ZA,289,Omicron BA.1,Community,1.0249230320114773,2021-09-21,9,Traveler weight (travel hubs),Strategies (per capita),70%,P11-R,fig_3e,P11-R^0,10,1.0862
2021-09-30,ZA,289,Omicron BA.1,Community,1.0249230320114773,2021-09-21,9,Traveler weight (travel hubs),Strategies (per capita),90%,P7-R,fig_3e,P7-R^0,10,1.0853
2021-09-30,ZA,289,Omicron BA.1,Community,1.0249230320114773,2021-09-21,9,Traveler weight (travel hubs),Strategies (per capita),90%,P11-R,fig_3e,P11-R^0,10,1.0844
2021-09-30,ZA,289,Omicron BA.1,Community,1.0249230320114773,2021-09-21,9,Traveler weight (travel hubs),Strategies (per capita),100%,P7-R,fig_3e,P7-R^0,10,1.0849
2021-09-30,ZA,289,Omicron BA.1,Community,1.0249230320114773,2021-09-21,9,Traveler weight (travel hubs),Strategies (per capita),100%,P11-R,fig_3e,P11-R^0,10,1.0815
2021-09-26,ZA,29,Omicron BA.1,Community,1.0476167709864568,2021-09-21,5,Traveler weight (travel hubs),Strategies (per capita),50%,P7-R,fig_3e,P7-R^0,10,1.092
2021-09-26,ZA,29,Omicron BA.1,Community,1.0476167709864568,2021-09-21,5,Traveler weight (travel hubs),Strategies (per capita),50%,P11-R,fig_3e,P11-R^0,10,1.0899
2021-09-26,ZA,29,Omicron BA.1,Community,1.0476167709864568,2021-09-21,5,Traveler weight (travel hubs),Strategies (per capita),70%,P7-R,fig_3e,P7-R^0,10,1.0883
2021-09-26,ZA,29,Omicron BA.1,Community,1.0476167709864568,2021-09-21,5,Traveler weight (travel hubs),Strategies (per capita),70%,P11-R,fig_3e,P11-R^0,10,1.0862
2021-09-26,ZA,29,Omicron BA.1,Community,1.0476167709864568,2021-09-21,5,Traveler weight (travel hubs),Strategies (per capita),90%,P7-R,fig_3e,P7-R^0,10,1.0853
2021-09-26,ZA,29,Omicron BA.1,Community,1.0476167709864568,2021-09-21,5,Traveler weight (travel hubs),Strategies (per capita),90%,P11-R,fig_3e,P11-R^0,10,1.0844
2021-09-26,ZA,29,Omicron BA.1,Community,1.0476167709864568,2021-09-21,5,Traveler weight (travel hubs),Strategies (per capita),100%,P7-R,fig_3e,P7-R^0,10,1.0849
2021-09-26,ZA,29,Omicron BA.1,Community,1.0476167709864568,2021-09-21,5,Traveler weight (travel hubs),Strategies (per capita),100%,P11-R,fig_3e,P11-R^0,10,1.0815
2021-10-01,ZA,290,Omicron BA.1,Community,1.071358658629659,2021-09-21,10,Traveler weight (travel hubs),Strategies (per capita),50%,P7-R,fig_3e,P7-R^0,10,1.092
2021-10-01,ZA,290,Omicron BA.1,Community,1.071358658629659,2021-09-21,10,Traveler weight (travel hubs),Strategies (per capita),50%,P11-R,fig_3e,P11-R^0,10,1.0899
2021-10-01,ZA,290,Omicron BA.1,Community,1.071358658629659,2021-09-21,10,Traveler weight (travel hubs),Strategies (per capita),70%,P7-R,fig_3e,P7-R^0,10,1.0883
2021-10-01,ZA,290,Omicron BA.1,Community,1.071358658629659,2021-09-21,10,Traveler weight (travel hubs),Strategies (per capita),70%,P11-R,fig_3e,P11-R^0,10,1.0862
2021-10-01,ZA,290,Omicron BA.1,Community,1.071358658629659,2021-09-21,10,Traveler weight (travel hubs),Strategies (per capita),90%,P7-R,fig_3e,P7-R^0,10,1.0853
2021-10-01,ZA,290,Omicron BA.1,Community,1.071358658629659,2021-09-21,10,Traveler weight (travel hubs),Strategies (per capita),90%,P11-R,fig_3e,P11-R^0,10,1.0844
2021-10-01,ZA,290,Omicron BA.1,Community,1.071358658629659,2021-09-21,10,Traveler weight (travel hubs),Strategies (per capita),100%,P7-R,fig_3e,P7-R^0,10,1.0849
2021-10-01,ZA,290,Omicron BA.1,Community,1.071358658629659,2021-09-21,10,Traveler weight (travel hubs),Strategies (per capita),100%,P11-R,fig_3e,P11-R^0,10,1.0815
2021-10-02,ZA,291,Omicron BA.1,Community,1.218553282795166,2021-09-21,11,Traveler weight (travel hubs),Strategies (per capita),50%,P7-R,fig_3e,P7-R^0,10,1.092
2021-10-02,ZA,291,Omicron BA.1,Community,1.218553282795166,2021-09-21,11,Traveler weight (travel hubs),Strategies (per capita),50%,P11-R,fig_3e,P11-R^0,10,1.0899
2021-10-02,ZA,291,Omicron BA.1,Community,1.218553282795166,2021-09-21,11,Traveler weight (travel hubs),Strategies (per capita),70%,P7-R,fig_3e,P7-R^0,10,1.0883
2021-10-02,ZA,291,Omicron BA.1,Community,1.218553282795166,2021-09-21,11,Traveler weight (travel hubs),Strategies (per capita),70%,P11-R,fig_3e,P11-R^0,10,1.0862
2021-10-02,ZA,291,Omicron BA.1,Community,1.218553282795166,2021-09-21,11,Traveler weight (travel hubs),Strategies (per capita),90%,P7-R,fig_3e,P7-R^0,10,1.0853
2021-10-02,ZA,291,Omicron BA.1,Community,1.218553282795166,2021-09-21,11,Traveler weight (travel hubs),Strategies (per capita),90%,P11-R,fig_3e,P11-R^0,10,1.0844
2021-10-02,ZA,291,Omicron BA.1,Community,1.218553282795166,2021-09-21,11,Traveler weight (travel hubs),Strategies (per capita),100%,P7-R,fig_3e,P7-R^0,10,1.0849
2021-10-02,ZA,291,Omicron BA.1,Community,1.218553282795166,2021-09-21,11,Traveler weight (travel hubs),Strategies (per capita),100%,P11-R,fig_3e,P11-R^0,10,1.0815
2021-09-30,ZA,292,Omicron BA.1,Community,1.0362881059551527,2021-09-21,9,Traveler weight (travel hubs),Strategies (per capita),50%,P7-R,fig_3e,P7-R^0,10,1.092
2021-09-30,ZA,292,Omicron BA.1,Community,1.0362881059551527,2021-09-21,9,Traveler weight (travel hubs),Strategies (per capita),50%,P11-R,fig_3e,P11-R^0,10,1.0899
2021-09-30,ZA,292,Omicron BA.1,Community,1.0362881059551527,2021-09-21,9,Traveler weight (travel hubs),Strategies (per capita),70%,P7-R,fig_3e,P7-R^0,10,1.0883
2021-09-30,ZA,292,Omicron BA.1,Community,1.0362881059551527,2021-09-21,9,Traveler weight (travel hubs),Strategies (per capita),70%,P11-R,fig_3e,P11-R^0,10,1.0862
2021-09-30,ZA,292,Omicron BA.1,Community,1.0362881059551527,2021-09-21,9,Traveler weight (travel hubs),Strategies (per capita),90%,P7-R,fig_3e,P7-R^0,10,1.0853
2021-09-30,ZA,292,Omicron BA.1,Community,1.0362881059551527,2021-09-21,9,Traveler weight (travel hubs),Strategies (per capita),90%,P11-R,fig_3e,P11-R^0,10,1.0844
2021-09-30,ZA,292,Omicron BA.1,Community,1.0362881059551527,2021-09-21,9,Traveler weight (travel hubs),Strategies (per capita),100%,P7-R,fig_3e,P7-R^0,10,1.0849
2021-09-30,ZA,292,Omicron BA.1,Community,1.0362881059551527,2021-09-21,9,Traveler weight (travel hubs),Strategies (per capita),100%,P11-R,fig_3e,P11-R^0,10,1.0815
2021-09-26,GB,293,Omicron BA.1,Imported,1,2021-09-21,5,Traveler weight (travel hubs),Strategies (per capita),50%,P7-R,fig_3e,P7-R^0,10,1.092
2021-09-26,GB,293,Omicron BA.1,Imported,1,2021-09-21,5,Traveler weight (travel hubs),Strategies (per capita),50%,P11-R,fig_3e,P11-R^0,10,1.0899
2021-09-26,GB,293,Omicron BA.1,Imported,1,2021-09-21,5,Traveler weight (travel hubs),Strategies (per capita),70%,P7-R,fig_3e,P7-R^0,10,1.0883
2021-09-26,GB,293,Omicron BA.1,Imported,1,2021-09-21,5,Traveler weight (travel hubs),Strategies (per capita),70%,P11-R,fig_3e,P11-R^0,10,1.0862
2021-09-26,GB,293,Omicron BA.1,Imported,1,2021-09-21,5,Traveler weight (travel hubs),Strategies (per capita),90%,P7-R,fig_3e,P7-R^0,10,1.0853
2021-09-26,GB,293,Omicron BA.1,Imported,1,2021-09-21,5,Traveler weight (travel hubs),Strategies (per capita),90%,P11-R,fig_3e,P11-R^0,10,1.0844
2021-09-26,GB,293,Omicron BA.1,Imported,1,2021-09-21,5,Traveler weight (travel hubs),Strategies (per capita),100%,P7-R,fig_3e,P7-R^0,10,1.0849
2021-09-26,GB,293,Omicron BA.1,Imported,1,2021-09-21,5,Traveler weight (travel hubs),Strategies (per capita),100%,P11-R,fig_3e,P11-R^0,10,1.0815
2021-10-07,ZA,294,Omicron BA.1,Community,1.0796634920458925,2021-09-21,16,Traveler weight (travel hubs),Strategies (per capita),50%,P7-R,fig_3e,P7-R^0,10,1.092
2021-10-07,ZA,294,Omicron BA.1,Community,1.0796634920458925,2021-09-21,16,Traveler weight (travel hubs),Strategies (per capita),50%,P11-R,fig_3e,P11-R^0,10,1.0899
2021-10-07,ZA,294,Omicron BA.1,Community,1.0796634920458925,2021-09-21,16,Traveler weight (travel hubs),Strategies (per capita),70%,P7-R,fig_3e,P7-R^0,10,1.0883
2021-10-07,ZA,294,Omicron BA.1,Community,1.0796634920458925,2021-09-21,16,Traveler weight (travel hubs),Strategies (per capita),70%,P11-R,fig_3e,P11-R^0,10,1.0862
2021-10-07,ZA,294,Omicron BA.1,Community,1.0796634920458925,2021-09-21,16,Traveler weight (travel hubs),Strategies (per capita),90%,P7-R,fig_3e,P7-R^0,10,1.0853
2021-10-07,ZA,294,Omicron BA.1,Community,1.0796634920458925,2021-09-21,16,Traveler weight (travel hubs),Strategies (per capita),90%,P11-R,fig_3e,P11-R^0,10,1.0844
2021-10-07,ZA,294,Omicron BA.1,Community,1.0796634920458925,2021-09-21,16,Traveler weight (travel hubs),Strategies (per capita),100%,P7-R,fig_3e,P7-R^0,10,1.0849
2021-10-07,ZA,294,Omicron BA.1,Community,1.0796634920458925,2021-09-21,16,Traveler weight (travel hubs),Strategies (per capita),100%,P11-R,fig_3e,P11-R^0,10,1.0815
2021-10-01,ZA,295,Omicron BA.1,Community,1.1158692115968813,2021-09-21,10,Traveler weight (travel hubs),Strategies (per capita),50%,P7-R,fig_3e,P7-R^0,10,1.092
2021-10-01,ZA,295,Omicron BA.1,Community,1.1158692115968813,2021-09-21,10,Traveler weight (travel hubs),Strategies (per capita),50%,P11-R,fig_3e,P11-R^0,10,1.0899
2021-10-01,ZA,295,Omicron BA.1,Community,1.1158692115968813,2021-09-21,10,Traveler weight (travel hubs),Strategies (per capita),70%,P7-R,fig_3e,P7-R^0,10,1.0883
2021-10-01,ZA,295,Omicron BA.1,Community,1.1158692115968813,2021-09-21,10,Traveler weight (travel hubs),Strategies (per capita),70%,P11-R,fig_3e,P11-R^0,10,1.0862
2021-10-01,ZA,295,Omicron BA.1,Community,1.1158692115968813,2021-09-21,10,Traveler weight (travel hubs),Strategies (per capita),90%,P7-R,fig_3e,P7-R^0,10,1.0853
2021-10-01,ZA,295,Omicron BA.1,Community,1.1158692115968813,2021-09-21,10,Traveler weight (travel hubs),Strategies (per capita),90%,P11-R,fig_3e,P11-R^0,10,1.0844
2021-10-01,ZA,295,Omicron BA.1,Community,1.1158692115968813,2021-09-21,10,Traveler weight (travel hubs),Strategies (per capita),100%,P7-R,fig_3e,P7-R^0,10,1.0849
2021-10-01,ZA,295,Omicron BA.1,Community,1.1158692115968813,2021-09-21,10,Traveler weight (travel hubs),Strategies (per capita),100%,P11-R,fig_3e,P11-R^0,10,1.0815
2021-10-08,ZA,296,Omicron BA.1,Community,1.1497843303565123,2021-09-21,17,Traveler weight (travel hubs),Strategies (per capita),50%,P7-R,fig_3e,P7-R^0,10,1.092
2021-10-08,ZA,296,Omicron BA.1,Community,1.1497843303565123,2021-09-21,17,Traveler weight (travel hubs),Strategies (per capita),50%,P11-R,fig_3e,P11-R^0,10,1.0899
2021-10-08,ZA,296,Omicron BA.1,Community,1.1497843303565123,2021-09-21,17,Traveler weight (travel hubs),Strategies (per capita),70%,P7-R,fig_3e,P7-R^0,10,1.0883
2021-10-08,ZA,296,Omicron BA.1,Community,1.1497843303565123,2021-09-21,17,Traveler weight (travel hubs),Strategies (per capita),70%,P11-R,fig_3e,P11-R^0,10,1.0862
2021-10-08,ZA,296,Omicron BA.1,Community,1.1497843303565123,2021-09-21,17,Traveler weight (travel hubs),Strategies (per capita),90%,P7-R,fig_3e,P7-R^0,10,1.0853
2021-10-08,ZA,296,Omicron BA.1,Community,1.1497843303565123,2021-09-21,17,Traveler weight (travel hubs),Strategies (per capita),90%,P11-R,fig_3e,P11-R^0,10,1.0844
2021-10-08,ZA,296,Omicron BA.1,Community,1.1497843303565123,2021-09-21,17,Traveler weight (travel hubs),Strategies (per capita),100%,P7-R,fig_3e,P7-R^0,10,1.0849
2021-10-08,ZA,296,Omicron BA.1,Community,1.1497843303565123,2021-09-21,17,Traveler weight (travel hubs),Strategies (per capita),100%,P11-R,fig_3e,P11-R^0,10,1.0815
2021-10-02,ZA,297,Omicron BA.1,Community,1.0849182761523168,2021-09-21,11,Traveler weight (travel hubs),Strategies (per capita),50%,P7-R,fig_3e,P7-R^0,10,1.092
2021-10-02,ZA,297,Omicron BA.1,Community,1.0849182761523168,2021-09-21,11,Traveler weight (travel hubs),Strategies (per capita),50%,P11-R,fig_3e,P11-R^0,10,1.0899
2021-10-02,ZA,297,Omicron BA.1,Community,1.0849182761523168,2021-09-21,11,Traveler weight (travel hubs),Strategies (per capita),70%,P7-R,fig_3e,P7-R^0,10,1.0883
2021-10-02,ZA,297,Omicron BA.1,Community,1.0849182761523168,2021-09-21,11,Traveler weight (travel hubs),Strategies (per capita),70%,P11-R,fig_3e,P11-R^0,10,1.0862
2021-10-02,ZA,297,Omicron BA.1,Community,1.0849182761523168,2021-09-21,11,Traveler weight (travel hubs),Strategies (per capita),90%,P7-R,fig_3e,P7-R^0,10,1.0853
2021-10-02,ZA,297,Omicron BA.1,Community,1.0849182761523168,2021-09-21,11,Traveler weight (travel hubs),Strategies (per capita),90%,P11-R,fig_3e,P11-R^0,10,1.0844
2021-10-02,ZA,297,Omicron BA.1,Community,1.0849182761523168,2021-09-21,11,Traveler weight (travel hubs),Strategies (per capita),100%,P7-R,fig_3e,P7-R^0,10,1.0849
2021-10-02,ZA,297,Omicron BA.1,Community,1.0849182761523168,2021-09-21,11,Traveler weight (travel hubs),Strategies (per capita),100%,P11-R,fig_3e,P11-R^0,10,1.0815
2021-10-01,ZA,298,Omicron BA.1,Community,1.0403047844664806,2021-09-21,10,Traveler weight (travel hubs),Strategies (per capita),50%,P7-R,fig_3e,P7-R^0,10,1.092
2021-10-01,ZA,298,Omicron BA.1,Community,1.0403047844664806,2021-09-21,10,Traveler weight (travel hubs),Strategies (per capita),50%,P11-R,fig_3e,P11-R^0,10,1.0899
2021-10-01,ZA,298,Omicron BA.1,Community,1.0403047844664806,2021-09-21,10,Traveler weight (travel hubs),Strategies (per capita),70%,P7-R,fig_3e,P7-R^0,10,1.0883
2021-10-01,ZA,298,Omicron BA.1,Community,1.0403047844664806,2021-09-21,10,Traveler weight (travel hubs),Strategies (per capita),70%,P11-R,fig_3e,P11-R^0,10,1.0862
2021-10-01,ZA,298,Omicron BA.1,Community,1.0403047844664806,2021-09-21,10,Traveler weight (travel hubs),Strategies (per capita),90%,P7-R,fig_3e,P7-R^0,10,1.0853
2021-10-01,ZA,298,Omicron BA.1,Community,1.0403047844664806,2021-09-21,10,Traveler weight (travel hubs),Strategies (per capita),90%,P11-R,fig_3e,P11-R^0,10,1.0844
2021-10-01,ZA,298,Omicron BA.1,Community,1.0403047844664806,2021-09-21,10,Traveler weight (travel hubs),Strategies (per capita),100%,P7-R,fig_3e,P7-R^0,10,1.0849
2021-10-01,ZA,298,Omicron BA.1,Community,1.0403047844664806,2021-09-21,10,Traveler weight (travel hubs),Strategies (per capita),100%,P11-R,fig_3e,P11-R^0,10,1.0815
2021-09-30,ZA,299,Omicron BA.1,Community,1.0135579580678014,2021-09-21,9,Traveler weight (travel hubs),Strategies (per capita),50%,P7-R,fig_3e,P7-R^0,10,1.092
2021-09-30,ZA,299,Omicron BA.1,Community,1.0135579580678014,2021-09-21,9,Traveler weight (travel hubs),Strategies (per capita),50%,P11-R,fig_3e,P11-R^0,10,1.0899
2021-09-30,ZA,299,Omicron BA.1,Community,1.0135579580678014,2021-09-21,9,Traveler weight (travel hubs),Strategies (per capita),70%,P7-R,fig_3e,P7-R^0,10,1.0883
2021-09-30,ZA,299,Omicron BA.1,Community,1.0135579580678014,2021-09-21,9,Traveler weight (travel hubs),Strategies (per capita),70%,P11-R,fig_3e,P11-R^0,10,1.0862
2021-09-30,ZA,299,Omicron BA.1,Community,1.0135579580678014,2021-09-21,9,Traveler weight (travel hubs),Strategies (per capita),90%,P7-R,fig_3e,P7-R^0,10,1.0853
2021-09-30,ZA,299,Omicron BA.1,Community,1.0135579580678014,2021-09-21,9,Traveler weight (travel hubs),Strategies (per capita),90%,P11-R,fig_3e,P11-R^0,10,1.0844
2021-09-30,ZA,299,Omicron BA.1,Community,1.0135579580678014,2021-09-21,9,Traveler weight (travel hubs),Strategies (per capita),100%,P7-R,fig_3e,P7-R^0,10,1.0849
2021-09-30,ZA,299,Omicron BA.1,Community,1.0135579580678014,2021-09-21,9,Traveler weight (travel hubs),Strategies (per capita),100%,P11-R,fig_3e,P11-R^0,10,1.0815
2021-10-02,ZA,3,Omicron BA.1,Community,1.0888778319046977,2021-09-21,11,Traveler weight (travel hubs),Strategies (per capita),50%,P7-R,fig_3e,P7-R^0,10,1.092
2021-10-02,ZA,3,Omicron BA.1,Community,1.0888778319046977,2021-09-21,11,Traveler weight (travel hubs),Strategies (per capita),50%,P11-R,fig_3e,P11-R^0,10,1.0899
2021-10-02,ZA,3,Omicron BA.1,Community,1.0888778319046977,2021-09-21,11,Traveler weight (travel hubs),Strategies (per capita),70%,P7-R,fig_3e,P7-R^0,10,1.0883
2021-10-02,ZA,3,Omicron BA.1,Community,1.0888778319046977,2021-09-21,11,Traveler weight (travel hubs),Strategies (per capita),70%,P11-R,fig_3e,P11-R^0,10,1.0862
2021-10-02,ZA,3,Omicron BA.1,Community,1.0888778319046977,2021-09-21,11,Traveler weight (travel hubs),Strategies (per capita),90%,P7-R,fig_3e,P7-R^0,10,1.0853
2021-10-02,ZA,3,Omicron BA.1,Community,1.0888778319046977,2021-09-21,11,Traveler weight (travel hubs),Strategies (per capita),90%,P11-R,fig_3e,P11-R^0,10,1.0844
2021-10-02,ZA,3,Omicron BA.1,Community,1.0888778319046977,2021-09-21,11,Traveler weight (travel hubs),Strategies (per capita),100%,P7-R,fig_3e,P7-R^0,10,1.0849
2021-10-02,ZA,3,Omicron BA.1,Community,1.0888778319046977,2021-09-21,11,Traveler weight (travel hubs),Strategies (per capita),100%,P11-R,fig_3e,P11-R^0,10,1.0815
2021-10-03,ZA,30,Omicron BA.1,Community,1.1075890502540287,2021-09-21,12,Traveler weight (travel hubs),Strategies (per capita),50%,P7-R,fig_3e,P7-R^0,10,1.092
2021-10-03,ZA,30,Omicron BA.1,Community,1.1075890502540287,2021-09-21,12,Traveler weight (travel hubs),Strategies (per capita),50%,P11-R,fig_3e,P11-R^0,10,1.0899
2021-10-03,ZA,30,Omicron BA.1,Community,1.1075890502540287,2021-09-21,12,Traveler weight (travel hubs),Strategies (per capita),70%,P7-R,fig_3e,P7-R^0,10,1.0883
2021-10-03,ZA,30,Omicron BA.1,Community,1.1075890502540287,2021-09-21,12,Traveler weight (travel hubs),Strategies (per capita),70%,P11-R,fig_3e,P11-R^0,10,1.0862
2021-10-03,ZA,30,Omicron BA.1,Community,1.1075890502540287,2021-09-21,12,Traveler weight (travel hubs),Strategies (per capita),90%,P7-R,fig_3e,P7-R^0,10,1.0853
2021-10-03,ZA,30,Omicron BA.1,Community,1.1075890502540287,2021-09-21,12,Traveler weight (travel hubs),Strategies (per capita),90%,P11-R,fig_3e,P11-R^0,10,1.0844
2021-10-03,ZA,30,Omicron BA.1,Community,1.1075890502540287,2021-09-21,12,Traveler weight (travel hubs),Strategies (per capita),100%,P7-R,fig_3e,P7-R^0,10,1.0849
2021-10-03,ZA,30,Omicron BA.1,Community,1.1075890502540287,2021-09-21,12,Traveler weight (travel hubs),Strategies (per capita),100%,P11-R,fig_3e,P11-R^0,10,1.0815
2021-09-29,ZA,300,Omicron BA.1,Community,1.152913619002997,2021-09-21,8,Traveler weight (travel hubs),Strategies (per capita),50%,P7-R,fig_3e,P7-R^0,10,1.092
2021-09-29,ZA,300,Omicron BA.1,Community,1.152913619002997,2021-09-21,8,Traveler weight (travel hubs),Strategies (per capita),50%,P11-R,fig_3e,P11-R^0,10,1.0899
2021-09-29,ZA,300,Omicron BA.1,Community,1.152913619002997,2021-09-21,8,Traveler weight (travel hubs),Strategies (per capita),70%,P7-R,fig_3e,P7-R^0,10,1.0883
2021-09-29,ZA,300,Omicron BA.1,Community,1.152913619002997,2021-09-21,8,Traveler weight (travel hubs),Strategies (per capita),70%,P11-R,fig_3e,P11-R^0,10,1.0862
2021-09-29,ZA,300,Omicron BA.1,Community,1.152913619002997,2021-09-21,8,Traveler weight (travel hubs),Strategies (per capita),90%,P7-R,fig_3e,P7-R^0,10,1.0853
2021-09-29,ZA,300,Omicron BA.1,Community,1.152913619002997,2021-09-21,8,Traveler weight (travel hubs),Strategies (per capita),90%,P11-R,fig_3e,P11-R^0,10,1.0844
2021-09-29,ZA,300,Omicron BA.1,Community,1.152913619002997,2021-09-21,8,Traveler weight (travel hubs),Strategies (per capita),100%,P7-R,fig_3e,P7-R^0,10,1.0849
2021-09-29,ZA,300,Omicron BA.1,Community,1.152913619002997,2021-09-21,8,Traveler weight (travel hubs),Strategies (per capita),100%,P11-R,fig_3e,P11-R^0,10,1.0815
2021-10-05,ZA,301,Omicron BA.1,Community,1.6486409661153918,2021-09-21,14,Traveler weight (travel hubs),Strategies (per capita),50%,P7-R,fig_3e,P7-R^0,10,1.092
2021-10-05,ZA,301,Omicron BA.1,Community,1.6486409661153918,2021-09-21,14,Traveler weight (travel hubs),Strategies (per capita),50%,P11-R,fig_3e,P11-R^0,10,1.0899
2021-10-05,ZA,301,Omicron BA.1,Community,1.6486409661153918,2021-09-21,14,Traveler weight (travel hubs),Strategies (per capita),70%,P7-R,fig_3e,P7-R^0,10,1.0883
2021-10-05,ZA,301,Omicron BA.1,Community,1.6486409661153918,2021-09-21,14,Traveler weight (travel hubs),Strategies (per capita),70%,P11-R,fig_3e,P11-R^0,10,1.0862
2021-10-05,ZA,301,Omicron BA.1,Community,1.6486409661153918,2021-09-21,14,Traveler weight (travel hubs),Strategies (per capita),90%,P7-R,fig_3e,P7-R^0,10,1.0853
2021-10-05,ZA,301,Omicron BA.1,Community,1.6486409661153918,2021-09-21,14,Traveler weight (travel hubs),Strategies (per capita),90%,P11-R,fig_3e,P11-R^0,10,1.0844
2021-10-05,ZA,301,Omicron BA.1,Community,1.6486409661153918,2021-09-21,14,Traveler weight (travel hubs),Strategies (per capita),100%,P7-R,fig_3e,P7-R^0,10,1.0849
2021-10-05,ZA,301,Omicron BA.1,Community,1.6486409661153918,2021-09-21,14,Traveler weight (travel hubs),Strategies (per capita),100%,P11-R,fig_3e,P11-R^0,10,1.0815
2021-09-26,GB,302,Omicron BA.1,Imported,1,2021-09-21,5,Traveler weight (travel hubs),Strategies (per capita),50%,P7-R,fig_3e,P7-R^0,10,1.092
2021-09-26,GB,302,Omicron BA.1,Imported,1,2021-09-21,5,Traveler weight (travel hubs),Strategies (per capita),50%,P11-R,fig_3e,P11-R^0,10,1.0899
2021-09-26,GB,302,Omicron BA.1,Imported,1,2021-09-21,5,Traveler weight (travel hubs),Strategies (per capita),70%,P7-R,fig_3e,P7-R^0,10,1.0883
2021-09-26,GB,302,Omicron BA.1,Imported,1,2021-09-21,5,Traveler weight (travel hubs),Strategies (per capita),70%,P11-R,fig_3e,P11-R^0,10,1.0862
2021-09-26,GB,302,Omicron BA.1,Imported,1,2021-09-21,5,Traveler weight (travel hubs),Strategies (per capita),90%,P7-R,fig_3e,P7-R^0,10,1.0853
2021-09-26,GB,302,Omicron BA.1,Imported,1,2021-09-21,5,Traveler weight (travel hubs),Strategies (per capita),90%,P11-R,fig_3e,P11-R^0,10,1.0844
2021-09-26,GB,302,Omicron BA.1,Imported,1,2021-09-21,5,Traveler weight (travel hubs),Strategies (per capita),100%,P7-R,fig_3e,P7-R^0,10,1.0849
2021-09-26,GB,302,Omicron BA.1,Imported,1,2021-09-21,5,Traveler weight (travel hubs),Strategies (per capita),100%,P11-R,fig_3e,P11-R^0,10,1.0815
2021-10-05,ZA,303,Omicron BA.1,Community,1.1685066533396398,2021-09-21,14,Traveler weight (travel hubs),Strategies (per capita),50%,P7-R,fig_3e,P7-R^0,10,1.092
2021-10-05,ZA,303,Omicron BA.1,Community,1.1685066533396398,2021-09-21,14,Traveler weight (travel hubs),Strategies (per capita),50%,P11-R,fig_3e,P11-R^0,10,1.0899
2021-10-05,ZA,303,Omicron BA.1,Community,1.1685066533396398,2021-09-21,14,Traveler weight (travel hubs),Strategies (per capita),70%,P7-R,fig_3e,P7-R^0,10,1.0883
2021-10-05,ZA,303,Omicron BA.1,Community,1.1685066533396398,2021-09-21,14,Traveler weight (travel hubs),Strategies (per capita),70%,P11-R,fig_3e,P11-R^0,10,1.0862
2021-10-05,ZA,303,Omicron BA.1,Community,1.1685066533396398,2021-09-21,14,Traveler weight (travel hubs),Strategies (per capita),90%,P7-R,fig_3e,P7-R^0,10,1.0853
2021-10-05,ZA,303,Omicron BA.1,Community,1.1685066533396398,2021-09-21,14,Traveler weight (travel hubs),Strategies (per capita),90%,P11-R,fig_3e,P11-R^0,10,1.0844
2021-10-05,ZA,303,Omicron BA.1,Community,1.1685066533396398,2021-09-21,14,Traveler weight (travel hubs),Strategies (per capita),100%,P7-R,fig_3e,P7-R^0,10,1.0849
2021-10-05,ZA,303,Omicron BA.1,Community,1.1685066533396398,2021-09-21,14,Traveler weight (travel hubs),Strategies (per capita),100%,P11-R,fig_3e,P11-R^0,10,1.0815
2021-10-02,ZA,304,Omicron BA.1,Community,1.1047160549142205,2021-09-21,11,Traveler weight (travel hubs),Strategies (per capita),50%,P7-R,fig_3e,P7-R^0,10,1.092
2021-10-02,ZA,304,Omicron BA.1,Community,1.1047160549142205,2021-09-21,11,Traveler weight (travel hubs),Strategies (per capita),50%,P11-R,fig_3e,P11-R^0,10,1.0899
2021-10-02,ZA,304,Omicron BA.1,Community,1.1047160549142205,2021-09-21,11,Traveler weight (travel hubs),Strategies (per capita),70%,P7-R,fig_3e,P7-R^0,10,1.0883
2021-10-02,ZA,304,Omicron BA.1,Community,1.1047160549142205,2021-09-21,11,Traveler weight (travel hubs),Strategies (per capita),70%,P11-R,fig_3e,P11-R^0,10,1.0862
2021-10-02,ZA,304,Omicron BA.1,Community,1.1047160549142205,2021-09-21,11,Traveler weight (travel hubs),Strategies (per capita),90%,P7-R,fig_3e,P7-R^0,10,1.0853
2021-10-02,ZA,304,Omicron BA.1,Community,1.1047160549142205,2021-09-21,11,Traveler weight (travel hubs),Strategies (per capita),90%,P11-R,fig_3e,P11-R^0,10,1.0844
2021-10-02,ZA,304,Omicron BA.1,Community,1.1047160549142205,2021-09-21,11,Traveler weight (travel hubs),Strategies (per capita),100%,P7-R,fig_3e,P7-R^0,10,1.0849
2021-10-02,ZA,304,Omicron BA.1,Community,1.1047160549142205,2021-09-21,11,Traveler weight (travel hubs),Strategies (per capita),100%,P11-R,fig_3e,P11-R^0,10,1.0815
2021-10-01,ZA,305,Omicron BA.1,Community,1.1779769599232386,2021-09-21,10,Traveler weight (travel hubs),Strategies (per capita),50%,P7-R,fig_3e,P7-R^0,10,1.092
2021-10-01,ZA,305,Omicron BA.1,Community,1.1779769599232386,2021-09-21,10,Traveler weight (travel hubs),Strategies (per capita),50%,P11-R,fig_3e,P11-R^0,10,1.0899
2021-10-01,ZA,305,Omicron BA.1,Community,1.1779769599232386,2021-09-21,10,Traveler weight (travel hubs),Strategies (per capita),70%,P7-R,fig_3e,P7-R^0,10,1.0883
2021-10-01,ZA,305,Omicron BA.1,Community,1.1779769599232386,2021-09-21,10,Traveler weight (travel hubs),Strategies (per capita),70%,P11-R,fig_3e,P11-R^0,10,1.0862
2021-10-01,ZA,305,Omicron BA.1,Community,1.1779769599232386,2021-09-21,10,Traveler weight (travel hubs),Strategies (per capita),90%,P7-R,fig_3e,P7-R^0,10,1.0853
2021-10-01,ZA,305,Omicron BA.1,Community,1.1779769599232386,2021-09-21,10,Traveler weight (travel hubs),Strategies (per capita),90%,P11-R,fig_3e,P11-R^0,10,1.0844
2021-10-01,ZA,305,Omicron BA.1,Community,1.1779769599232386,2021-09-21,10,Traveler weight (travel hubs),Strategies (per capita),100%,P7-R,fig_3e,P7-R^0,10,1.0849
2021-10-01,ZA,305,Omicron BA.1,Community,1.1779769599232386,2021-09-21,10,Traveler weight (travel hubs),Strategies (per capita),100%,P11-R,fig_3e,P11-R^0,10,1.0815
2021-09-30,ZA,306,Omicron BA.1,Community,1.1024121725365386,2021-09-21,9,Traveler weight (travel hubs),Strategies (per capita),50%,P7-R,fig_3e,P7-R^0,10,1.092
2021-09-30,ZA,306,Omicron BA.1,Community,1.1024121725365386,2021-09-21,9,Traveler weight (travel hubs),Strategies (per capita),50%,P11-R,fig_3e,P11-R^0,10,1.0899
2021-09-30,ZA,306,Omicron BA.1,Community,1.1024121725365386,2021-09-21,9,Traveler weight (travel hubs),Strategies (per capita),70%,P7-R,fig_3e,P7-R^0,10,1.0883
2021-09-30,ZA,306,Omicron BA.1,Community,1.1024121725365386,2021-09-21,9,Traveler weight (travel hubs),Strategies (per capita),70%,P11-R,fig_3e,P11-R^0,10,1.0862
2021-09-30,ZA,306,Omicron BA.1,Community,1.1024121725365386,2021-09-21,9,Traveler weight (travel hubs),Strategies (per capita),90%,P7-R,fig_3e,P7-R^0,10,1.0853
2021-09-30,ZA,306,Omicron BA.1,Community,1.1024121725365386,2021-09-21,9,Traveler weight (travel hubs),Strategies (per capita),90%,P11-R,fig_3e,P11-R^0,10,1.0844
2021-09-30,ZA,306,Omicron BA.1,Community,1.1024121725365386,2021-09-21,9,Traveler weight (travel hubs),Strategies (per capita),100%,P7-R,fig_3e,P7-R^0,10,1.0849
2021-09-30,ZA,306,Omicron BA.1,Community,1.1024121725365386,2021-09-21,9,Traveler weight (travel hubs),Strategies (per capita),100%,P11-R,fig_3e,P11-R^0,10,1.0815
2021-10-03,ZA,307,Omicron BA.1,Community,1.1168887064274464,2021-09-21,12,Traveler weight (travel hubs),Strategies (per capita),50%,P7-R,fig_3e,P7-R^0,10,1.092
2021-10-03,ZA,307,Omicron BA.1,Community,1.1168887064274464,2021-09-21,12,Traveler weight (travel hubs),Strategies (per capita),50%,P11-R,fig_3e,P11-R^0,10,1.0899
2021-10-03,ZA,307,Omicron BA.1,Community,1.1168887064274464,2021-09-21,12,Traveler weight (travel hubs),Strategies (per capita),70%,P7-R,fig_3e,P7-R^0,10,1.0883
2021-10-03,ZA,307,Omicron BA.1,Community,1.1168887064274464,2021-09-21,12,Traveler weight (travel hubs),Strategies (per capita),70%,P11-R,fig_3e,P11-R^0,10,1.0862
2021-10-03,ZA,307,Omicron BA.1,Community,1.1168887064274464,2021-09-21,12,Traveler weight (travel hubs),Strategies (per capita),90%,P7-R,fig_3e,P7-R^0,10,1.0853
2021-10-03,ZA,307,Omicron BA.1,Community,1.1168887064274464,2021-09-21,12,Traveler weight (travel hubs),Strategies (per capita),90%,P11-R,fig_3e,P11-R^0,10,1.0844
2021-10-03,ZA,307,Omicron BA.1,Community,1.1168887064274464,2021-09-21,12,Traveler weight (travel hubs),Strategies (per capita),100%,P7-R,fig_3e,P7-R^0,10,1.0849
2021-10-03,ZA,307,Omicron BA.1,Community,1.1168887064274464,2021-09-21,12,Traveler weight (travel hubs),Strategies (per capita),100%,P11-R,fig_3e,P11-R^0,10,1.0815
2021-10-02,ZA,308,Omicron BA.1,Community,1.2531993956284972,2021-09-21,11,Traveler weight (travel hubs),Strategies (per capita),50%,P7-R,fig_3e,P7-R^0,10,1.092
2021-10-02,ZA,308,Omicron BA.1,Community,1.2531993956284972,2021-09-21,11,Traveler weight (travel hubs),Strategies (per capita),50%,P11-R,fig_3e,P11-R^0,10,1.0899
2021-10-02,ZA,308,Omicron BA.1,Community,1.2531993956284972,2021-09-21,11,Traveler weight (travel hubs),Strategies (per capita),70%,P7-R,fig_3e,P7-R^0,10,1.0883
2021-10-02,ZA,308,Omicron BA.1,Community,1.2531993956284972,2021-09-21,11,Traveler weight (travel hubs),Strategies (per capita),70%,P11-R,fig_3e,P11-R^0,10,1.0862
2021-10-02,ZA,308,Omicron BA.1,Community,1.2531993956284972,2021-09-21,11,Traveler weight (travel hubs),Strategies (per capita),90%,P7-R,fig_3e,P7-R^0,10,1.0853
2021-10-02,ZA,308,Omicron BA.1,Community,1.2531993956284972,2021-09-21,11,Traveler weight (travel hubs),Strategies (per capita),90%,P11-R,fig_3e,P11-R^0,10,1.0844
2021-10-02,ZA,308,Omicron BA.1,Community,1.2531993956284972,2021-09-21,11,Traveler weight (travel hubs),Strategies (per capita),100%,P7-R,fig_3e,P7-R^0,10,1.0849
2021-10-02,ZA,308,Omicron BA.1,Community,1.2531993956284972,2021-09-21,11,Traveler weight (travel hubs),Strategies (per capita),100%,P11-R,fig_3e,P11-R^0,10,1.0815
2021-10-01,ZA,309,Omicron BA.1,Community,1.2845952612168183,2021-09-21,10,Traveler weight (travel hubs),Strategies (per capita),50%,P7-R,fig_3e,P7-R^0,10,1.092
2021-10-01,ZA,309,Omicron BA.1,Community,1.2845952612168183,2021-09-21,10,Traveler weight (travel hubs),Strategies (per capita),50%,P11-R,fig_3e,P11-R^0,10,1.0899
2021-10-01,ZA,309,Omicron BA.1,Community,1.2845952612168183,2021-09-21,10,Traveler weight (travel hubs),Strategies (per capita),70%,P7-R,fig_3e,P7-R^0,10,1.0883
2021-10-01,ZA,309,Omicron BA.1,Community,1.2845952612168183,2021-09-21,10,Traveler weight (travel hubs),Strategies (per capita),70%,P11-R,fig_3e,P11-R^0,10,1.0862
2021-10-01,ZA,309,Omicron BA.1,Community,1.2845952612168183,2021-09-21,10,Traveler weight (travel hubs),Strategies (per capita),90%,P7-R,fig_3e,P7-R^0,10,1.0853
2021-10-01,ZA,309,Omicron BA.1,Community,1.2845952612168183,2021-09-21,10,Traveler weight (travel hubs),Strategies (per capita),90%,P11-R,fig_3e,P11-R^0,10,1.0844
2021-10-01,ZA,309,Omicron BA.1,Community,1.2845952612168183,2021-09-21,10,Traveler weight (travel hubs),Strategies (per capita),100%,P7-R,fig_3e,P7-R^0,10,1.0849
2021-10-01,ZA,309,Omicron BA.1,Community,1.2845952612168183,2021-09-21,10,Traveler weight (travel hubs),Strategies (per capita),100%,P11-R,fig_3e,P11-R^0,10,1.0815
2021-09-30,ZA,31,Omicron BA.1,Community,1.0052924497451283,2021-09-21,9,Traveler weight (travel hubs),Strategies (per capita),50%,P7-R,fig_3e,P7-R^0,10,1.092
2021-09-30,ZA,31,Omicron BA.1,Community,1.0052924497451283,2021-09-21,9,Traveler weight (travel hubs),Strategies (per capita),50%,P11-R,fig_3e,P11-R^0,10,1.0899
2021-09-30,ZA,31,Omicron BA.1,Community,1.0052924497451283,2021-09-21,9,Traveler weight (travel hubs),Strategies (per capita),70%,P7-R,fig_3e,P7-R^0,10,1.0883
2021-09-30,ZA,31,Omicron BA.1,Community,1.0052924497451283,2021-09-21,9,Traveler weight (travel hubs),Strategies (per capita),70%,P11-R,fig_3e,P11-R^0,10,1.0862
2021-09-30,ZA,31,Omicron BA.1,Community,1.0052924497451283,2021-09-21,9,Traveler weight (travel hubs),Strategies (per capita),90%,P7-R,fig_3e,P7-R^0,10,1.0853
2021-09-30,ZA,31,Omicron BA.1,Community,1.0052924497451283,2021-09-21,9,Traveler weight (travel hubs),Strategies (per capita),90%,P11-R,fig_3e,P11-R^0,10,1.0844
2021-09-30,ZA,31,Omicron BA.1,Community,1.0052924497451283,2021-09-21,9,Traveler weight (travel hubs),Strategies (per capita),100%,P7-R,fig_3e,P7-R^0,10,1.0849
2021-09-30,ZA,31,Omicron BA.1,Community,1.0052924497451283,2021-09-21,9,Traveler weight (travel hubs),Strategies (per capita),100%,P11-R,fig_3e,P11-R^0,10,1.0815
2021-10-05,ZA,310,Omicron BA.1,Community,1.0627692091777887,2021-09-21,14,Traveler weight (travel hubs),Strategies (per capita),50%,P7-R,fig_3e,P7-R^0,10,1.092
2021-10-05,ZA,310,Omicron BA.1,Community,1.0627692091777887,2021-09-21,14,Traveler weight (travel hubs),Strategies (per capita),50%,P11-R,fig_3e,P11-R^0,10,1.0899
2021-10-05,ZA,310,Omicron BA.1,Community,1.0627692091777887,2021-09-21,14,Traveler weight (travel hubs),Strategies (per capita),70%,P7-R,fig_3e,P7-R^0,10,1.0883
2021-10-05,ZA,310,Omicron BA.1,Community,1.0627692091777887,2021-09-21,14,Traveler weight (travel hubs),Strategies (per capita),70%,P11-R,fig_3e,P11-R^0,10,1.0862
2021-10-05,ZA,310,Omicron BA.1,Community,1.0627692091777887,2021-09-21,14,Traveler weight (travel hubs),Strategies (per capita),90%,P7-R,fig_3e,P7-R^0,10,1.0853
2021-10-05,ZA,310,Omicron BA.1,Community,1.0627692091777887,2021-09-21,14,Traveler weight (travel hubs),Strategies (per capita),90%,P11-R,fig_3e,P11-R^0,10,1.0844
2021-10-05,ZA,310,Omicron BA.1,Community,1.0627692091777887,2021-09-21,14,Traveler weight (travel hubs),Strategies (per capita),100%,P7-R,fig_3e,P7-R^0,10,1.0849
2021-10-05,ZA,310,Omicron BA.1,Community,1.0627692091777887,2021-09-21,14,Traveler weight (travel hubs),Strategies (per capita),100%,P11-R,fig_3e,P11-R^0,10,1.0815
2021-10-01,ZA,311,Omicron BA.1,Community,1.5620098704078798,2021-09-21,10,Traveler weight (travel hubs),Strategies (per capita),50%,P7-R,fig_3e,P7-R^0,10,1.092
2021-10-01,ZA,311,Omicron BA.1,Community,1.5620098704078798,2021-09-21,10,Traveler weight (travel hubs),Strategies (per capita),50%,P11-R,fig_3e,P11-R^0,10,1.0899
2021-10-01,ZA,311,Omicron BA.1,Community,1.5620098704078798,2021-09-21,10,Traveler weight (travel hubs),Strategies (per capita),70%,P7-R,fig_3e,P7-R^0,10,1.0883
2021-10-01,ZA,311,Omicron BA.1,Community,1.5620098704078798,2021-09-21,10,Traveler weight (travel hubs),Strategies (per capita),70%,P11-R,fig_3e,P11-R^0,10,1.0862
2021-10-01,ZA,311,Omicron BA.1,Community,1.5620098704078798,2021-09-21,10,Traveler weight (travel hubs),Strategies (per capita),90%,P7-R,fig_3e,P7-R^0,10,1.0853
2021-10-01,ZA,311,Omicron BA.1,Community,1.5620098704078798,2021-09-21,10,Traveler weight (travel hubs),Strategies (per capita),90%,P11-R,fig_3e,P11-R^0,10,1.0844
2021-10-01,ZA,311,Omicron BA.1,Community,1.5620098704078798,2021-09-21,10,Traveler weight (travel hubs),Strategies (per capita),100%,P7-R,fig_3e,P7-R^0,10,1.0849
2021-10-01,ZA,311,Omicron BA.1,Community,1.5620098704078798,2021-09-21,10,Traveler weight (travel hubs),Strategies (per capita),100%,P11-R,fig_3e,P11-R^0,10,1.0815
2021-10-05,GB,312,Omicron BA.1,Imported,1,2021-09-21,14,Traveler weight (travel hubs),Strategies (per capita),50%,P7-R,fig_3e,P7-R^0,10,1.092
2021-10-05,GB,312,Omicron BA.1,Imported,1,2021-09-21,14,Traveler weight (travel hubs),Strategies (per capita),50%,P11-R,fig_3e,P11-R^0,10,1.0899
2021-10-05,GB,312,Omicron BA.1,Imported,1,2021-09-21,14,Traveler weight (travel hubs),Strategies (per capita),70%,P7-R,fig_3e,P7-R^0,10,1.0883
2021-10-05,GB,312,Omicron BA.1,Imported,1,2021-09-21,14,Traveler weight (travel hubs),Strategies (per capita),70%,P11-R,fig_3e,P11-R^0,10,1.0862
2021-10-05,GB,312,Omicron BA.1,Imported,1,2021-09-21,14,Traveler weight (travel hubs),Strategies (per capita),90%,P7-R,fig_3e,P7-R^0,10,1.0853
2021-10-05,GB,312,Omicron BA.1,Imported,1,2021-09-21,14,Traveler weight (travel hubs),Strategies (per capita),90%,P11-R,fig_3e,P11-R^0,10,1.0844
2021-10-05,GB,312,Omicron BA.1,Imported,1,2021-09-21,14,Traveler weight (travel hubs),Strategies (per capita),100%,P7-R,fig_3e,P7-R^0,10,1.0849
2021-10-05,GB,312,Omicron BA.1,Imported,1,2021-09-21,14,Traveler weight (travel hubs),Strategies (per capita),100%,P11-R,fig_3e,P11-R^0,10,1.0815
2021-10-02,ZA,313,Omicron BA.1,Community,1.01859571729994,2021-09-21,11,Traveler weight (travel hubs),Strategies (per capita),50%,P7-R,fig_3e,P7-R^0,10,1.092
2021-10-02,ZA,313,Omicron BA.1,Community,1.01859571729994,2021-09-21,11,Traveler weight (travel hubs),Strategies (per capita),50%,P11-R,fig_3e,P11-R^0,10,1.0899
2021-10-02,ZA,313,Omicron BA.1,Community,1.01859571729994,2021-09-21,11,Traveler weight (travel hubs),Strategies (per capita),70%,P7-R,fig_3e,P7-R^0,10,1.0883
2021-10-02,ZA,313,Omicron BA.1,Community,1.01859571729994,2021-09-21,11,Traveler weight (travel hubs),Strategies (per capita),70%,P11-R,fig_3e,P11-R^0,10,1.0862
2021-10-02,ZA,313,Omicron BA.1,Community,1.01859571729994,2021-09-21,11,Traveler weight (travel hubs),Strategies (per capita),90%,P7-R,fig_3e,P7-R^0,10,1.0853
2021-10-02,ZA,313,Omicron BA.1,Community,1.01859571729994,2021-09-21,11,Traveler weight (travel hubs),Strategies (per capita),90%,P11-R,fig_3e,P11-R^0,10,1.0844
2021-10-02,ZA,313,Omicron BA.1,Community,1.01859571729994,2021-09-21,11,Traveler weight (travel hubs),Strategies (per capita),100%,P7-R,fig_3e,P7-R^0,10,1.0849
2021-10-02,ZA,313,Omicron BA.1,Community,1.01859571729994,2021-09-21,11,Traveler weight (travel hubs),Strategies (per capita),100%,P11-R,fig_3e,P11-R^0,10,1.0815
2021-09-29,GB,314,Omicron BA.1,Imported,1,2021-09-21,8,Traveler weight (travel hubs),Strategies (per capita),50%,P7-R,fig_3e,P7-R^0,10,1.092
2021-09-29,GB,314,Omicron BA.1,Imported,1,2021-09-21,8,Traveler weight (travel hubs),Strategies (per capita),50%,P11-R,fig_3e,P11-R^0,10,1.0899
2021-09-29,GB,314,Omicron BA.1,Imported,1,2021-09-21,8,Traveler weight (travel hubs),Strategies (per capita),70%,P7-R,fig_3e,P7-R^0,10,1.0883
2021-09-29,GB,314,Omicron BA.1,Imported,1,2021-09-21,8,Traveler weight (travel hubs),Strategies (per capita),70%,P11-R,fig_3e,P11-R^0,10,1.0862
2021-09-29,GB,314,Omicron BA.1,Imported,1,2021-09-21,8,Traveler weight (travel hubs),Strategies (per capita),90%,P7-R,fig_3e,P7-R^0,10,1.0853
2021-09-29,GB,314,Omicron BA.1,Imported,1,2021-09-21,8,Traveler weight (travel hubs),Strategies (per capita),90%,P11-R,fig_3e,P11-R^0,10,1.0844
2021-09-29,GB,314,Omicron BA.1,Imported,1,2021-09-21,8,Traveler weight (travel hubs),Strategies (per capita),100%,P7-R,fig_3e,P7-R^0,10,1.0849
2021-09-29,GB,314,Omicron BA.1,Imported,1,2021-09-21,8,Traveler weight (travel hubs),Strategies (per capita),100%,P11-R,fig_3e,P11-R^0,10,1.0815
2021-10-07,ZA,315,Omicron BA.1,Community,1.2298775431131475,2021-09-21,16,Traveler weight (travel hubs),Strategies (per capita),50%,P7-R,fig_3e,P7-R^0,10,1.092
2021-10-07,ZA,315,Omicron BA.1,Community,1.2298775431131475,2021-09-21,16,Traveler weight (travel hubs),Strategies (per capita),50%,P11-R,fig_3e,P11-R^0,10,1.0899
2021-10-07,ZA,315,Omicron BA.1,Community,1.2298775431131475,2021-09-21,16,Traveler weight (travel hubs),Strategies (per capita),70%,P7-R,fig_3e,P7-R^0,10,1.0883
2021-10-07,ZA,315,Omicron BA.1,Community,1.2298775431131475,2021-09-21,16,Traveler weight (travel hubs),Strategies (per capita),70%,P11-R,fig_3e,P11-R^0,10,1.0862
2021-10-07,ZA,315,Omicron BA.1,Community,1.2298775431131475,2021-09-21,16,Traveler weight (travel hubs),Strategies (per capita),90%,P7-R,fig_3e,P7-R^0,10,1.0853
2021-10-07,ZA,315,Omicron BA.1,Community,1.2298775431131475,2021-09-21,16,Traveler weight (travel hubs),Strategies (per capita),90%,P11-R,fig_3e,P11-R^0,10,1.0844
2021-09-26,DE,315,Omicron BA.1,Imported,1,2021-09-21,5,Traveler weight (travel hubs),Strategies (per capita),100%,P7-R,fig_3e,P7-R^0,10,1.0849
2021-09-26,DE,315,Omicron BA.1,Imported,1,2021-09-21,5,Traveler weight (travel hubs),Strategies (per capita),100%,P11-R,fig_3e,P11-R^0,10,1.0815
2021-09-30,ZA,316,Omicron BA.1,Community,1.0125247695274675,2021-09-21,9,Traveler weight (travel hubs),Strategies (per capita),50%,P7-R,fig_3e,P7-R^0,10,1.092
2021-09-30,ZA,316,Omicron BA.1,Community,1.0125247695274675,2021-09-21,9,Traveler weight (travel hubs),Strategies (per capita),50%,P11-R,fig_3e,P11-R^0,10,1.0899
2021-09-30,ZA,316,Omicron BA.1,Community,1.0125247695274675,2021-09-21,9,Traveler weight (travel hubs),Strategies (per capita),70%,P7-R,fig_3e,P7-R^0,10,1.0883
2021-09-30,ZA,316,Omicron BA.1,Community,1.0125247695274675,2021-09-21,9,Traveler weight (travel hubs),Strategies (per capita),70%,P11-R,fig_3e,P11-R^0,10,1.0862
2021-09-30,ZA,316,Omicron BA.1,Community,1.0125247695274675,2021-09-21,9,Traveler weight (travel hubs),Strategies (per capita),90%,P7-R,fig_3e,P7-R^0,10,1.0853
2021-09-30,ZA,316,Omicron BA.1,Community,1.0125247695274675,2021-09-21,9,Traveler weight (travel hubs),Strategies (per capita),90%,P11-R,fig_3e,P11-R^0,10,1.0844
2021-09-30,ZA,316,Omicron BA.1,Community,1.0125247695274675,2021-09-21,9,Traveler weight (travel hubs),Strategies (per capita),100%,P7-R,fig_3e,P7-R^0,10,1.0849
2021-09-30,ZA,316,Omicron BA.1,Community,1.0125247695274675,2021-09-21,9,Traveler weight (travel hubs),Strategies (per capita),100%,P11-R,fig_3e,P11-R^0,10,1.0815
2021-10-07,ZA,317,Omicron BA.1,Community,1.3318085063373557,2021-09-21,16,Traveler weight (travel hubs),Strategies (per capita),50%,P7-R,fig_3e,P7-R^0,10,1.092
2021-10-07,ZA,317,Omicron BA.1,Community,1.3318085063373557,2021-09-21,16,Traveler weight (travel hubs),Strategies (per capita),50%,P11-R,fig_3e,P11-R^0,10,1.0899
2021-10-07,ZA,317,Omicron BA.1,Community,1.3318085063373557,2021-09-21,16,Traveler weight (travel hubs),Strategies (per capita),70%,P7-R,fig_3e,P7-R^0,10,1.0883
2021-10-07,ZA,317,Omicron BA.1,Community,1.3318085063373557,2021-09-21,16,Traveler weight (travel hubs),Strategies (per capita),70%,P11-R,fig_3e,P11-R^0,10,1.0862
2021-10-07,ZA,317,Omicron BA.1,Community,1.3318085063373557,2021-09-21,16,Traveler weight (travel hubs),Strategies (per capita),90%,P7-R,fig_3e,P7-R^0,10,1.0853
2021-10-07,ZA,317,Omicron BA.1,Community,1.3318085063373557,2021-09-21,16,Traveler weight (travel hubs),Strategies (per capita),90%,P11-R,fig_3e,P11-R^0,10,1.0844
2021-10-07,ZA,317,Omicron BA.1,Community,1.3318085063373557,2021-09-21,16,Traveler weight (travel hubs),Strategies (per capita),100%,P7-R,fig_3e,P7-R^0,10,1.0849
2021-10-07,ZA,317,Omicron BA.1,Community,1.3318085063373557,2021-09-21,16,Traveler weight (travel hubs),Strategies (per capita),100%,P11-R,fig_3e,P11-R^0,10,1.0815
2021-09-30,ZA,318,Omicron BA.1,Community,1.0786488361088526,2021-09-21,9,Traveler weight (travel hubs),Strategies (per capita),50%,P7-R,fig_3e,P7-R^0,10,1.092
2021-09-30,ZA,318,Omicron BA.1,Community,1.0786488361088526,2021-09-21,9,Traveler weight (travel hubs),Strategies (per capita),50%,P11-R,fig_3e,P11-R^0,10,1.0899
2021-09-30,ZA,318,Omicron BA.1,Community,1.0786488361088526,2021-09-21,9,Traveler weight (travel hubs),Strategies (per capita),70%,P7-R,fig_3e,P7-R^0,10,1.0883
2021-09-30,ZA,318,Omicron BA.1,Community,1.0786488361088526,2021-09-21,9,Traveler weight (travel hubs),Strategies (per capita),70%,P11-R,fig_3e,P11-R^0,10,1.0862
2021-09-30,ZA,318,Omicron BA.1,Community,1.0786488361088526,2021-09-21,9,Traveler weight (travel hubs),Strategies (per capita),90%,P7-R,fig_3e,P7-R^0,10,1.0853
2021-09-30,ZA,318,Omicron BA.1,Community,1.0786488361088526,2021-09-21,9,Traveler weight (travel hubs),Strategies (per capita),90%,P11-R,fig_3e,P11-R^0,10,1.0844
2021-09-30,ZA,318,Omicron BA.1,Community,1.0786488361088526,2021-09-21,9,Traveler weight (travel hubs),Strategies (per capita),100%,P7-R,fig_3e,P7-R^0,10,1.0849
2021-09-30,ZA,318,Omicron BA.1,Community,1.0786488361088526,2021-09-21,9,Traveler weight (travel hubs),Strategies (per capita),100%,P11-R,fig_3e,P11-R^0,10,1.0815
2021-10-09,ZA,319,Omicron BA.1,Community,1.172031791839708,2021-09-21,18,Traveler weight (travel hubs),Strategies (per capita),50%,P7-R,fig_3e,P7-R^0,10,1.092
2021-10-09,ZA,319,Omicron BA.1,Community,1.172031791839708,2021-09-21,18,Traveler weight (travel hubs),Strategies (per capita),50%,P11-R,fig_3e,P11-R^0,10,1.0899
2021-10-09,ZA,319,Omicron BA.1,Community,1.172031791839708,2021-09-21,18,Traveler weight (travel hubs),Strategies (per capita),70%,P7-R,fig_3e,P7-R^0,10,1.0883
2021-10-09,ZA,319,Omicron BA.1,Community,1.172031791839708,2021-09-21,18,Traveler weight (travel hubs),Strategies (per capita),70%,P11-R,fig_3e,P11-R^0,10,1.0862
2021-10-07,GB,319,Omicron BA.1,Imported,1,2021-09-21,16,Traveler weight (travel hubs),Strategies (per capita),90%,P7-R,fig_3e,P7-R^0,10,1.0853
2021-10-07,GB,319,Omicron BA.1,Imported,1,2021-09-21,16,Traveler weight (travel hubs),Strategies (per capita),90%,P11-R,fig_3e,P11-R^0,10,1.0844
2021-10-07,GB,319,Omicron BA.1,Imported,1,2021-09-21,16,Traveler weight (travel hubs),Strategies (per capita),100%,P7-R,fig_3e,P7-R^0,10,1.0849
2021-10-07,GB,319,Omicron BA.1,Imported,1,2021-09-21,16,Traveler weight (travel hubs),Strategies (per capita),100%,P11-R,fig_3e,P11-R^0,10,1.0815
2021-10-02,ZA,32,Omicron BA.1,Community,1.3314006217380165,2021-09-21,11,Traveler weight (travel hubs),Strategies (per capita),50%,P7-R,fig_3e,P7-R^0,10,1.092
2021-10-02,ZA,32,Omicron BA.1,Community,1.3314006217380165,2021-09-21,11,Traveler weight (travel hubs),Strategies (per capita),50%,P11-R,fig_3e,P11-R^0,10,1.0899
2021-10-02,ZA,32,Omicron BA.1,Community,1.3314006217380165,2021-09-21,11,Traveler weight (travel hubs),Strategies (per capita),70%,P7-R,fig_3e,P7-R^0,10,1.0883
2021-10-02,ZA,32,Omicron BA.1,Community,1.3314006217380165,2021-09-21,11,Traveler weight (travel hubs),Strategies (per capita),70%,P11-R,fig_3e,P11-R^0,10,1.0862
2021-10-02,ZA,32,Omicron BA.1,Community,1.3314006217380165,2021-09-21,11,Traveler weight (travel hubs),Strategies (per capita),90%,P7-R,fig_3e,P7-R^0,10,1.0853
2021-10-02,ZA,32,Omicron BA.1,Community,1.3314006217380165,2021-09-21,11,Traveler weight (travel hubs),Strategies (per capita),90%,P11-R,fig_3e,P11-R^0,10,1.0844
2021-10-02,ZA,32,Omicron BA.1,Community,1.3314006217380165,2021-09-21,11,Traveler weight (travel hubs),Strategies (per capita),100%,P7-R,fig_3e,P7-R^0,10,1.0849
2021-10-02,ZA,32,Omicron BA.1,Community,1.3314006217380165,2021-09-21,11,Traveler weight (travel hubs),Strategies (per capita),100%,P11-R,fig_3e,P11-R^0,10,1.0815
2021-10-01,ZA,320,Omicron BA.1,Community,1.23387393341696,2021-09-21,10,Traveler weight (travel hubs),Strategies (per capita),50%,P7-R,fig_3e,P7-R^0,10,1.092
2021-10-01,ZA,320,Omicron BA.1,Community,1.23387393341696,2021-09-21,10,Traveler weight (travel hubs),Strategies (per capita),50%,P11-R,fig_3e,P11-R^0,10,1.0899
2021-10-01,ZA,320,Omicron BA.1,Community,1.23387393341696,2021-09-21,10,Traveler weight (travel hubs),Strategies (per capita),70%,P7-R,fig_3e,P7-R^0,10,1.0883
2021-10-01,ZA,320,Omicron BA.1,Community,1.23387393341696,2021-09-21,10,Traveler weight (travel hubs),Strategies (per capita),70%,P11-R,fig_3e,P11-R^0,10,1.0862
2021-10-01,ZA,320,Omicron BA.1,Community,1.23387393341696,2021-09-21,10,Traveler weight (travel hubs),Strategies (per capita),90%,P7-R,fig_3e,P7-R^0,10,1.0853
2021-10-01,ZA,320,Omicron BA.1,Community,1.23387393341696,2021-09-21,10,Traveler weight (travel hubs),Strategies (per capita),90%,P11-R,fig_3e,P11-R^0,10,1.0844
2021-10-01,ZA,320,Omicron BA.1,Community,1.23387393341696,2021-09-21,10,Traveler weight (travel hubs),Strategies (per capita),100%,P7-R,fig_3e,P7-R^0,10,1.0849
2021-10-01,ZA,320,Omicron BA.1,Community,1.23387393341696,2021-09-21,10,Traveler weight (travel hubs),Strategies (per capita),100%,P11-R,fig_3e,P11-R^0,10,1.0815
2021-10-05,ZA,321,Omicron BA.1,Community,1.2893494466674695,2021-09-21,14,Traveler weight (travel hubs),Strategies (per capita),50%,P7-R,fig_3e,P7-R^0,10,1.092
2021-10-05,ZA,321,Omicron BA.1,Community,1.2893494466674695,2021-09-21,14,Traveler weight (travel hubs),Strategies (per capita),50%,P11-R,fig_3e,P11-R^0,10,1.0899
2021-10-05,ZA,321,Omicron BA.1,Community,1.2893494466674695,2021-09-21,14,Traveler weight (travel hubs),Strategies (per capita),70%,P7-R,fig_3e,P7-R^0,10,1.0883
2021-10-05,ZA,321,Omicron BA.1,Community,1.2893494466674695,2021-09-21,14,Traveler weight (travel hubs),Strategies (per capita),70%,P11-R,fig_3e,P11-R^0,10,1.0862
2021-10-05,ZA,321,Omicron BA.1,Community,1.2893494466674695,2021-09-21,14,Traveler weight (travel hubs),Strategies (per capita),90%,P7-R,fig_3e,P7-R^0,10,1.0853
2021-10-05,ZA,321,Omicron BA.1,Community,1.2893494466674695,2021-09-21,14,Traveler weight (travel hubs),Strategies (per capita),90%,P11-R,fig_3e,P11-R^0,10,1.0844
2021-10-05,ZA,321,Omicron BA.1,Community,1.2893494466674695,2021-09-21,14,Traveler weight (travel hubs),Strategies (per capita),100%,P7-R,fig_3e,P7-R^0,10,1.0849
2021-10-05,ZA,321,Omicron BA.1,Community,1.2893494466674695,2021-09-21,14,Traveler weight (travel hubs),Strategies (per capita),100%,P11-R,fig_3e,P11-R^0,10,1.0815
2021-10-01,ZA,322,Omicron BA.1,Community,1.1614148937028765,2021-09-21,10,Traveler weight (travel hubs),Strategies (per capita),50%,P7-R,fig_3e,P7-R^0,10,1.092
2021-10-01,ZA,322,Omicron BA.1,Community,1.1614148937028765,2021-09-21,10,Traveler weight (travel hubs),Strategies (per capita),50%,P11-R,fig_3e,P11-R^0,10,1.0899
2021-10-01,ZA,322,Omicron BA.1,Community,1.1614148937028765,2021-09-21,10,Traveler weight (travel hubs),Strategies (per capita),70%,P7-R,fig_3e,P7-R^0,10,1.0883
2021-10-01,ZA,322,Omicron BA.1,Community,1.1614148937028765,2021-09-21,10,Traveler weight (travel hubs),Strategies (per capita),70%,P11-R,fig_3e,P11-R^0,10,1.0862
2021-10-01,ZA,322,Omicron BA.1,Community,1.1614148937028765,2021-09-21,10,Traveler weight (travel hubs),Strategies (per capita),90%,P7-R,fig_3e,P7-R^0,10,1.0853
2021-10-01,ZA,322,Omicron BA.1,Community,1.1614148937028765,2021-09-21,10,Traveler weight (travel hubs),Strategies (per capita),90%,P11-R,fig_3e,P11-R^0,10,1.0844
2021-10-01,ZA,322,Omicron BA.1,Community,1.1614148937028765,2021-09-21,10,Traveler weight (travel hubs),Strategies (per capita),100%,P7-R,fig_3e,P7-R^0,10,1.0849
2021-10-01,ZA,322,Omicron BA.1,Community,1.1614148937028765,2021-09-21,10,Traveler weight (travel hubs),Strategies (per capita),100%,P11-R,fig_3e,P11-R^0,10,1.0815
2021-10-02,ZA,323,Omicron BA.1,Community,1.025524939866606,2021-09-21,11,Traveler weight (travel hubs),Strategies (per capita),50%,P7-R,fig_3e,P7-R^0,10,1.092
2021-10-02,ZA,323,Omicron BA.1,Community,1.025524939866606,2021-09-21,11,Traveler weight (travel hubs),Strategies (per capita),50%,P11-R,fig_3e,P11-R^0,10,1.0899
2021-10-02,ZA,323,Omicron BA.1,Community,1.025524939866606,2021-09-21,11,Traveler weight (travel hubs),Strategies (per capita),70%,P7-R,fig_3e,P7-R^0,10,1.0883
2021-10-02,ZA,323,Omicron BA.1,Community,1.025524939866606,2021-09-21,11,Traveler weight (travel hubs),Strategies (per capita),70%,P11-R,fig_3e,P11-R^0,10,1.0862
2021-10-02,ZA,323,Omicron BA.1,Community,1.025524939866606,2021-09-21,11,Traveler weight (travel hubs),Strategies (per capita),90%,P7-R,fig_3e,P7-R^0,10,1.0853
2021-10-02,ZA,323,Omicron BA.1,Community,1.025524939866606,2021-09-21,11,Traveler weight (travel hubs),Strategies (per capita),90%,P11-R,fig_3e,P11-R^0,10,1.0844
2021-10-02,ZA,323,Omicron BA.1,Community,1.025524939866606,2021-09-21,11,Traveler weight (travel hubs),Strategies (per capita),100%,P7-R,fig_3e,P7-R^0,10,1.0849
2021-10-02,ZA,323,Omicron BA.1,Community,1.025524939866606,2021-09-21,11,Traveler weight (travel hubs),Strategies (per capita),100%,P11-R,fig_3e,P11-R^0,10,1.0815
2021-09-26,ZA,324,Omicron BA.1,Community,1.29638195740799,2021-09-21,5,Traveler weight (travel hubs),Strategies (per capita),50%,P7-R,fig_3e,P7-R^0,10,1.092
2021-09-26,ZA,324,Omicron BA.1,Community,1.29638195740799,2021-09-21,5,Traveler weight (travel hubs),Strategies (per capita),50%,P11-R,fig_3e,P11-R^0,10,1.0899
2021-09-26,ZA,324,Omicron BA.1,Community,1.29638195740799,2021-09-21,5,Traveler weight (travel hubs),Strategies (per capita),70%,P7-R,fig_3e,P7-R^0,10,1.0883
2021-09-26,ZA,324,Omicron BA.1,Community,1.29638195740799,2021-09-21,5,Traveler weight (travel hubs),Strategies (per capita),70%,P11-R,fig_3e,P11-R^0,10,1.0862
2021-09-26,ZA,324,Omicron BA.1,Community,1.29638195740799,2021-09-21,5,Traveler weight (travel hubs),Strategies (per capita),90%,P7-R,fig_3e,P7-R^0,10,1.0853
2021-09-26,ZA,324,Omicron BA.1,Community,1.29638195740799,2021-09-21,5,Traveler weight (travel hubs),Strategies (per capita),90%,P11-R,fig_3e,P11-R^0,10,1.0844
2021-09-26,ZA,324,Omicron BA.1,Community,1.29638195740799,2021-09-21,5,Traveler weight (travel hubs),Strategies (per capita),100%,P7-R,fig_3e,P7-R^0,10,1.0849
2021-09-26,ZA,324,Omicron BA.1,Community,1.29638195740799,2021-09-21,5,Traveler weight (travel hubs),Strategies (per capita),100%,P11-R,fig_3e,P11-R^0,10,1.0815
2021-09-30,ZA,325,Omicron BA.1,Community,1.2563572650463266,2021-09-21,9,Traveler weight (travel hubs),Strategies (per capita),50%,P7-R,fig_3e,P7-R^0,10,1.092
2021-09-30,ZA,325,Omicron BA.1,Community,1.2563572650463266,2021-09-21,9,Traveler weight (travel hubs),Strategies (per capita),50%,P11-R,fig_3e,P11-R^0,10,1.0899
2021-09-30,ZA,325,Omicron BA.1,Community,1.2563572650463266,2021-09-21,9,Traveler weight (travel hubs),Strategies (per capita),70%,P7-R,fig_3e,P7-R^0,10,1.0883
2021-09-30,ZA,325,Omicron BA.1,Community,1.2563572650463266,2021-09-21,9,Traveler weight (travel hubs),Strategies (per capita),70%,P11-R,fig_3e,P11-R^0,10,1.0862
2021-09-30,ZA,325,Omicron BA.1,Community,1.2563572650463266,2021-09-21,9,Traveler weight (travel hubs),Strategies (per capita),90%,P7-R,fig_3e,P7-R^0,10,1.0853
2021-09-30,ZA,325,Omicron BA.1,Community,1.2563572650463266,2021-09-21,9,Traveler weight (travel hubs),Strategies (per capita),90%,P11-R,fig_3e,P11-R^0,10,1.0844
2021-09-30,ZA,325,Omicron BA.1,Community,1.2563572650463266,2021-09-21,9,Traveler weight (travel hubs),Strategies (per capita),100%,P7-R,fig_3e,P7-R^0,10,1.0849
2021-09-30,ZA,325,Omicron BA.1,Community,1.2563572650463266,2021-09-21,9,Traveler weight (travel hubs),Strategies (per capita),100%,P11-R,fig_3e,P11-R^0,10,1.0815
2021-09-29,ZA,326,Omicron BA.1,Community,1.0683452105524522,2021-09-21,8,Traveler weight (travel hubs),Strategies (per capita),50%,P7-R,fig_3e,P7-R^0,10,1.092
2021-09-29,ZA,326,Omicron BA.1,Community,1.0683452105524522,2021-09-21,8,Traveler weight (travel hubs),Strategies (per capita),50%,P11-R,fig_3e,P11-R^0,10,1.0899
2021-09-29,ZA,326,Omicron BA.1,Community,1.0683452105524522,2021-09-21,8,Traveler weight (travel hubs),Strategies (per capita),70%,P7-R,fig_3e,P7-R^0,10,1.0883
2021-09-29,ZA,326,Omicron BA.1,Community,1.0683452105524522,2021-09-21,8,Traveler weight (travel hubs),Strategies (per capita),70%,P11-R,fig_3e,P11-R^0,10,1.0862
2021-09-29,ZA,326,Omicron BA.1,Community,1.0683452105524522,2021-09-21,8,Traveler weight (travel hubs),Strategies (per capita),90%,P7-R,fig_3e,P7-R^0,10,1.0853
2021-09-29,ZA,326,Omicron BA.1,Community,1.0683452105524522,2021-09-21,8,Traveler weight (travel hubs),Strategies (per capita),90%,P11-R,fig_3e,P11-R^0,10,1.0844
2021-09-29,ZA,326,Omicron BA.1,Community,1.0683452105524522,2021-09-21,8,Traveler weight (travel hubs),Strategies (per capita),100%,P7-R,fig_3e,P7-R^0,10,1.0849
2021-09-29,ZA,326,Omicron BA.1,Community,1.0683452105524522,2021-09-21,8,Traveler weight (travel hubs),Strategies (per capita),100%,P11-R,fig_3e,P11-R^0,10,1.0815
2021-10-08,ZA,327,Omicron BA.1,Community,1.3277093437666878,2021-09-21,17,Traveler weight (travel hubs),Strategies (per capita),50%,P7-R,fig_3e,P7-R^0,10,1.092
2021-10-08,ZA,327,Omicron BA.1,Community,1.3277093437666878,2021-09-21,17,Traveler weight (travel hubs),Strategies (per capita),50%,P11-R,fig_3e,P11-R^0,10,1.0899
2021-10-08,ZA,327,Omicron BA.1,Community,1.3277093437666878,2021-09-21,17,Traveler weight (travel hubs),Strategies (per capita),70%,P7-R,fig_3e,P7-R^0,10,1.0883
2021-10-08,ZA,327,Omicron BA.1,Community,1.3277093437666878,2021-09-21,17,Traveler weight (travel hubs),Strategies (per capita),70%,P11-R,fig_3e,P11-R^0,10,1.0862
2021-10-08,ZA,327,Omicron BA.1,Community,1.3277093437666878,2021-09-21,17,Traveler weight (travel hubs),Strategies (per capita),90%,P7-R,fig_3e,P7-R^0,10,1.0853
2021-10-08,ZA,327,Omicron BA.1,Community,1.3277093437666878,2021-09-21,17,Traveler weight (travel hubs),Strategies (per capita),90%,P11-R,fig_3e,P11-R^0,10,1.0844
2021-10-08,ZA,327,Omicron BA.1,Community,1.3277093437666878,2021-09-21,17,Traveler weight (travel hubs),Strategies (per capita),100%,P7-R,fig_3e,P7-R^0,10,1.0849
2021-10-08,ZA,327,Omicron BA.1,Community,1.3277093437666878,2021-09-21,17,Traveler weight (travel hubs),Strategies (per capita),100%,P11-R,fig_3e,P11-R^0,10,1.0815
2021-10-07,ZA,328,Omicron BA.1,Community,1.2137831804987984,2021-09-21,16,Traveler weight (travel hubs),Strategies (per capita),50%,P7-R,fig_3e,P7-R^0,10,1.092
2021-10-07,ZA,328,Omicron BA.1,Community,1.2137831804987984,2021-09-21,16,Traveler weight (travel hubs),Strategies (per capita),50%,P11-R,fig_3e,P11-R^0,10,1.0899
2021-10-07,ZA,328,Omicron BA.1,Community,1.2137831804987984,2021-09-21,16,Traveler weight (travel hubs),Strategies (per capita),70%,P7-R,fig_3e,P7-R^0,10,1.0883
2021-10-07,ZA,328,Omicron BA.1,Community,1.2137831804987984,2021-09-21,16,Traveler weight (travel hubs),Strategies (per capita),70%,P11-R,fig_3e,P11-R^0,10,1.0862
2021-10-07,ZA,328,Omicron BA.1,Community,1.2137831804987984,2021-09-21,16,Traveler weight (travel hubs),Strategies (per capita),90%,P7-R,fig_3e,P7-R^0,10,1.0853
2021-10-07,ZA,328,Omicron BA.1,Community,1.2137831804987984,2021-09-21,16,Traveler weight (travel hubs),Strategies (per capita),90%,P11-R,fig_3e,P11-R^0,10,1.0844
2021-10-07,ZA,328,Omicron BA.1,Community,1.2137831804987984,2021-09-21,16,Traveler weight (travel hubs),Strategies (per capita),100%,P7-R,fig_3e,P7-R^0,10,1.0849
2021-10-07,ZA,328,Omicron BA.1,Community,1.2137831804987984,2021-09-21,16,Traveler weight (travel hubs),Strategies (per capita),100%,P11-R,fig_3e,P11-R^0,10,1.0815
2021-10-07,ZA,329,Omicron BA.1,Community,1.000532875858678,2021-09-21,16,Traveler weight (travel hubs),Strategies (per capita),50%,P7-R,fig_3e,P7-R^0,10,1.092
2021-10-07,ZA,329,Omicron BA.1,Community,1.000532875858678,2021-09-21,16,Traveler weight (travel hubs),Strategies (per capita),50%,P11-R,fig_3e,P11-R^0,10,1.0899
2021-10-07,ZA,329,Omicron BA.1,Community,1.000532875858678,2021-09-21,16,Traveler weight (travel hubs),Strategies (per capita),70%,P7-R,fig_3e,P7-R^0,10,1.0883
2021-10-07,ZA,329,Omicron BA.1,Community,1.000532875858678,2021-09-21,16,Traveler weight (travel hubs),Strategies (per capita),70%,P11-R,fig_3e,P11-R^0,10,1.0862
2021-10-05,GB,329,Omicron BA.1,Imported,1,2021-09-21,14,Traveler weight (travel hubs),Strategies (per capita),90%,P7-R,fig_3e,P7-R^0,10,1.0853
2021-10-05,GB,329,Omicron BA.1,Imported,1,2021-09-21,14,Traveler weight (travel hubs),Strategies (per capita),90%,P11-R,fig_3e,P11-R^0,10,1.0844
2021-10-05,GB,329,Omicron BA.1,Imported,1,2021-09-21,14,Traveler weight (travel hubs),Strategies (per capita),100%,P7-R,fig_3e,P7-R^0,10,1.0849
2021-10-05,GB,329,Omicron BA.1,Imported,1,2021-09-21,14,Traveler weight (travel hubs),Strategies (per capita),100%,P11-R,fig_3e,P11-R^0,10,1.0815
2021-10-01,ZA,33,Omicron BA.1,Community,1.014426555997165,2021-09-21,10,Traveler weight (travel hubs),Strategies (per capita),50%,P7-R,fig_3e,P7-R^0,10,1.092
2021-10-01,ZA,33,Omicron BA.1,Community,1.014426555997165,2021-09-21,10,Traveler weight (travel hubs),Strategies (per capita),50%,P11-R,fig_3e,P11-R^0,10,1.0899
2021-10-01,ZA,33,Omicron BA.1,Community,1.014426555997165,2021-09-21,10,Traveler weight (travel hubs),Strategies (per capita),70%,P7-R,fig_3e,P7-R^0,10,1.0883
2021-10-01,ZA,33,Omicron BA.1,Community,1.014426555997165,2021-09-21,10,Traveler weight (travel hubs),Strategies (per capita),70%,P11-R,fig_3e,P11-R^0,10,1.0862
2021-10-01,ZA,33,Omicron BA.1,Community,1.014426555997165,2021-09-21,10,Traveler weight (travel hubs),Strategies (per capita),90%,P7-R,fig_3e,P7-R^0,10,1.0853
2021-10-01,ZA,33,Omicron BA.1,Community,1.014426555997165,2021-09-21,10,Traveler weight (travel hubs),Strategies (per capita),90%,P11-R,fig_3e,P11-R^0,10,1.0844
2021-10-01,ZA,33,Omicron BA.1,Community,1.014426555997165,2021-09-21,10,Traveler weight (travel hubs),Strategies (per capita),100%,P7-R,fig_3e,P7-R^0,10,1.0849
2021-10-01,ZA,33,Omicron BA.1,Community,1.014426555997165,2021-09-21,10,Traveler weight (travel hubs),Strategies (per capita),100%,P11-R,fig_3e,P11-R^0,10,1.0815
2021-10-01,ZA,330,Omicron BA.1,Community,1.1852228638946471,2021-09-21,10,Traveler weight (travel hubs),Strategies (per capita),50%,P7-R,fig_3e,P7-R^0,10,1.092
2021-10-01,ZA,330,Omicron BA.1,Community,1.1852228638946471,2021-09-21,10,Traveler weight (travel hubs),Strategies (per capita),50%,P11-R,fig_3e,P11-R^0,10,1.0899
2021-10-01,ZA,330,Omicron BA.1,Community,1.1852228638946471,2021-09-21,10,Traveler weight (travel hubs),Strategies (per capita),70%,P7-R,fig_3e,P7-R^0,10,1.0883
2021-10-01,ZA,330,Omicron BA.1,Community,1.1852228638946471,2021-09-21,10,Traveler weight (travel hubs),Strategies (per capita),70%,P11-R,fig_3e,P11-R^0,10,1.0862
2021-10-01,ZA,330,Omicron BA.1,Community,1.1852228638946471,2021-09-21,10,Traveler weight (travel hubs),Strategies (per capita),90%,P7-R,fig_3e,P7-R^0,10,1.0853
2021-10-01,ZA,330,Omicron BA.1,Community,1.1852228638946471,2021-09-21,10,Traveler weight (travel hubs),Strategies (per capita),90%,P11-R,fig_3e,P11-R^0,10,1.0844
2021-10-01,ZA,330,Omicron BA.1,Community,1.1852228638946471,2021-09-21,10,Traveler weight (travel hubs),Strategies (per capita),100%,P7-R,fig_3e,P7-R^0,10,1.0849
2021-10-01,ZA,330,Omicron BA.1,Community,1.1852228638946471,2021-09-21,10,Traveler weight (travel hubs),Strategies (per capita),100%,P11-R,fig_3e,P11-R^0,10,1.0815
2021-10-01,GB,331,Omicron BA.1,Imported,1,2021-09-21,10,Traveler weight (travel hubs),Strategies (per capita),50%,P7-R,fig_3e,P7-R^0,10,1.092
2021-10-01,GB,331,Omicron BA.1,Imported,1,2021-09-21,10,Traveler weight (travel hubs),Strategies (per capita),50%,P11-R,fig_3e,P11-R^0,10,1.0899
2021-10-01,GB,331,Omicron BA.1,Imported,1,2021-09-21,10,Traveler weight (travel hubs),Strategies (per capita),70%,P7-R,fig_3e,P7-R^0,10,1.0883
2021-10-01,GB,331,Omicron BA.1,Imported,1,2021-09-21,10,Traveler weight (travel hubs),Strategies (per capita),70%,P11-R,fig_3e,P11-R^0,10,1.0862
2021-10-01,GB,331,Omicron BA.1,Imported,1,2021-09-21,10,Traveler weight (travel hubs),Strategies (per capita),90%,P7-R,fig_3e,P7-R^0,10,1.0853
2021-10-01,GB,331,Omicron BA.1,Imported,1,2021-09-21,10,Traveler weight (travel hubs),Strategies (per capita),90%,P11-R,fig_3e,P11-R^0,10,1.0844
2021-10-01,GB,331,Omicron BA.1,Imported,1,2021-09-21,10,Traveler weight (travel hubs),Strategies (per capita),100%,P7-R,fig_3e,P7-R^0,10,1.0849
2021-10-01,GB,331,Omicron BA.1,Imported,1,2021-09-21,10,Traveler weight (travel hubs),Strategies (per capita),100%,P11-R,fig_3e,P11-R^0,10,1.0815
2021-09-29,ZA,332,Omicron BA.1,Community,1.0662042381866157,2021-09-21,8,Traveler weight (travel hubs),Strategies (per capita),50%,P7-R,fig_3e,P7-R^0,10,1.092
2021-09-29,ZA,332,Omicron BA.1,Community,1.0662042381866157,2021-09-21,8,Traveler weight (travel hubs),Strategies (per capita),50%,P11-R,fig_3e,P11-R^0,10,1.0899
2021-09-29,ZA,332,Omicron BA.1,Community,1.0662042381866157,2021-09-21,8,Traveler weight (travel hubs),Strategies (per capita),70%,P7-R,fig_3e,P7-R^0,10,1.0883
2021-09-29,ZA,332,Omicron BA.1,Community,1.0662042381866157,2021-09-21,8,Traveler weight (travel hubs),Strategies (per capita),70%,P11-R,fig_3e,P11-R^0,10,1.0862
2021-09-29,ZA,332,Omicron BA.1,Community,1.0662042381866157,2021-09-21,8,Traveler weight (travel hubs),Strategies (per capita),90%,P7-R,fig_3e,P7-R^0,10,1.0853
2021-09-29,ZA,332,Omicron BA.1,Community,1.0662042381866157,2021-09-21,8,Traveler weight (travel hubs),Strategies (per capita),90%,P11-R,fig_3e,P11-R^0,10,1.0844
2021-09-29,ZA,332,Omicron BA.1,Community,1.0662042381866157,2021-09-21,8,Traveler weight (travel hubs),Strategies (per capita),100%,P7-R,fig_3e,P7-R^0,10,1.0849
2021-09-29,ZA,332,Omicron BA.1,Community,1.0662042381866157,2021-09-21,8,Traveler weight (travel hubs),Strategies (per capita),100%,P11-R,fig_3e,P11-R^0,10,1.0815
2021-10-07,ZA,333,Omicron BA.1,Community,1.2312187399976764,2021-09-21,16,Traveler weight (travel hubs),Strategies (per capita),50%,P7-R,fig_3e,P7-R^0,10,1.092
2021-10-07,ZA,333,Omicron BA.1,Community,1.2312187399976764,2021-09-21,16,Traveler weight (travel hubs),Strategies (per capita),50%,P11-R,fig_3e,P11-R^0,10,1.0899
2021-10-07,ZA,333,Omicron BA.1,Community,1.2312187399976764,2021-09-21,16,Traveler weight (travel hubs),Strategies (per capita),70%,P7-R,fig_3e,P7-R^0,10,1.0883
2021-10-07,ZA,333,Omicron BA.1,Community,1.2312187399976764,2021-09-21,16,Traveler weight (travel hubs),Strategies (per capita),70%,P11-R,fig_3e,P11-R^0,10,1.0862
2021-10-07,ZA,333,Omicron BA.1,Community,1.2312187399976764,2021-09-21,16,Traveler weight (travel hubs),Strategies (per capita),90%,P7-R,fig_3e,P7-R^0,10,1.0853
2021-10-07,ZA,333,Omicron BA.1,Community,1.2312187399976764,2021-09-21,16,Traveler weight (travel hubs),Strategies (per capita),90%,P11-R,fig_3e,P11-R^0,10,1.0844
2021-10-07,ZA,333,Omicron BA.1,Community,1.2312187399976764,2021-09-21,16,Traveler weight (travel hubs),Strategies (per capita),100%,P7-R,fig_3e,P7-R^0,10,1.0849
2021-10-07,ZA,333,Omicron BA.1,Community,1.2312187399976764,2021-09-21,16,Traveler weight (travel hubs),Strategies (per capita),100%,P11-R,fig_3e,P11-R^0,10,1.0815
2021-10-01,ZA,334,Omicron BA.1,Community,1.1841877347558742,2021-09-21,10,Traveler weight (travel hubs),Strategies (per capita),50%,P7-R,fig_3e,P7-R^0,10,1.092
2021-10-01,ZA,334,Omicron BA.1,Community,1.1841877347558742,2021-09-21,10,Traveler weight (travel hubs),Strategies (per capita),50%,P11-R,fig_3e,P11-R^0,10,1.0899
2021-10-01,ZA,334,Omicron BA.1,Community,1.1841877347558742,2021-09-21,10,Traveler weight (travel hubs),Strategies (per capita),70%,P7-R,fig_3e,P7-R^0,10,1.0883
2021-10-01,ZA,334,Omicron BA.1,Community,1.1841877347558742,2021-09-21,10,Traveler weight (travel hubs),Strategies (per capita),70%,P11-R,fig_3e,P11-R^0,10,1.0862
2021-10-01,ZA,334,Omicron BA.1,Community,1.1841877347558742,2021-09-21,10,Traveler weight (travel hubs),Strategies (per capita),90%,P7-R,fig_3e,P7-R^0,10,1.0853
2021-10-01,ZA,334,Omicron BA.1,Community,1.1841877347558742,2021-09-21,10,Traveler weight (travel hubs),Strategies (per capita),90%,P11-R,fig_3e,P11-R^0,10,1.0844
2021-10-01,ZA,334,Omicron BA.1,Community,1.1841877347558742,2021-09-21,10,Traveler weight (travel hubs),Strategies (per capita),100%,P7-R,fig_3e,P7-R^0,10,1.0849
2021-10-01,ZA,334,Omicron BA.1,Community,1.1841877347558742,2021-09-21,10,Traveler weight (travel hubs),Strategies (per capita),100%,P11-R,fig_3e,P11-R^0,10,1.0815
2021-10-07,ZA,335,Omicron BA.1,Community,1.3988683505638084,2021-09-21,16,Traveler weight (travel hubs),Strategies (per capita),50%,P7-R,fig_3e,P7-R^0,10,1.092
2021-10-07,ZA,335,Omicron BA.1,Community,1.3988683505638084,2021-09-21,16,Traveler weight (travel hubs),Strategies (per capita),50%,P11-R,fig_3e,P11-R^0,10,1.0899
2021-10-07,ZA,335,Omicron BA.1,Community,1.3988683505638084,2021-09-21,16,Traveler weight (travel hubs),Strategies (per capita),70%,P7-R,fig_3e,P7-R^0,10,1.0883
2021-10-07,ZA,335,Omicron BA.1,Community,1.3988683505638084,2021-09-21,16,Traveler weight (travel hubs),Strategies (per capita),70%,P11-R,fig_3e,P11-R^0,10,1.0862
2021-10-07,ZA,335,Omicron BA.1,Community,1.3988683505638084,2021-09-21,16,Traveler weight (travel hubs),Strategies (per capita),90%,P7-R,fig_3e,P7-R^0,10,1.0853
2021-10-07,ZA,335,Omicron BA.1,Community,1.3988683505638084,2021-09-21,16,Traveler weight (travel hubs),Strategies (per capita),90%,P11-R,fig_3e,P11-R^0,10,1.0844
2021-10-07,ZA,335,Omicron BA.1,Community,1.3988683505638084,2021-09-21,16,Traveler weight (travel hubs),Strategies (per capita),100%,P7-R,fig_3e,P7-R^0,10,1.0849
2021-10-07,ZA,335,Omicron BA.1,Community,1.3988683505638084,2021-09-21,16,Traveler weight (travel hubs),Strategies (per capita),100%,P11-R,fig_3e,P11-R^0,10,1.0815
2021-10-02,GB,336,Omicron BA.1,Imported,1,2021-09-21,11,Traveler weight (travel hubs),Strategies (per capita),50%,P7-R,fig_3e,P7-R^0,10,1.092
2021-10-02,GB,336,Omicron BA.1,Imported,1,2021-09-21,11,Traveler weight (travel hubs),Strategies (per capita),50%,P11-R,fig_3e,P11-R^0,10,1.0899
2021-10-02,GB,336,Omicron BA.1,Imported,1,2021-09-21,11,Traveler weight (travel hubs),Strategies (per capita),70%,P7-R,fig_3e,P7-R^0,10,1.0883
2021-10-02,GB,336,Omicron BA.1,Imported,1,2021-09-21,11,Traveler weight (travel hubs),Strategies (per capita),70%,P11-R,fig_3e,P11-R^0,10,1.0862
2021-10-02,GB,336,Omicron BA.1,Imported,1,2021-09-21,11,Traveler weight (travel hubs),Strategies (per capita),90%,P7-R,fig_3e,P7-R^0,10,1.0853
2021-10-02,GB,336,Omicron BA.1,Imported,1,2021-09-21,11,Traveler weight (travel hubs),Strategies (per capita),90%,P11-R,fig_3e,P11-R^0,10,1.0844
2021-10-02,GB,336,Omicron BA.1,Imported,1,2021-09-21,11,Traveler weight (travel hubs),Strategies (per capita),100%,P7-R,fig_3e,P7-R^0,10,1.0849
2021-10-02,GB,336,Omicron BA.1,Imported,1,2021-09-21,11,Traveler weight (travel hubs),Strategies (per capita),100%,P11-R,fig_3e,P11-R^0,10,1.0815
2021-10-07,ZA,337,Omicron BA.1,Community,1.0729575076232474,2021-09-21,16,Traveler weight (travel hubs),Strategies (per capita),50%,P7-R,fig_3e,P7-R^0,10,1.092
2021-10-07,ZA,337,Omicron BA.1,Community,1.0729575076232474,2021-09-21,16,Traveler weight (travel hubs),Strategies (per capita),50%,P11-R,fig_3e,P11-R^0,10,1.0899
2021-10-07,ZA,337,Omicron BA.1,Community,1.0729575076232474,2021-09-21,16,Traveler weight (travel hubs),Strategies (per capita),70%,P7-R,fig_3e,P7-R^0,10,1.0883
2021-10-07,ZA,337,Omicron BA.1,Community,1.0729575076232474,2021-09-21,16,Traveler weight (travel hubs),Strategies (per capita),70%,P11-R,fig_3e,P11-R^0,10,1.0862
2021-10-07,ZA,337,Omicron BA.1,Community,1.0729575076232474,2021-09-21,16,Traveler weight (travel hubs),Strategies (per capita),90%,P7-R,fig_3e,P7-R^0,10,1.0853
2021-10-07,ZA,337,Omicron BA.1,Community,1.0729575076232474,2021-09-21,16,Traveler weight (travel hubs),Strategies (per capita),90%,P11-R,fig_3e,P11-R^0,10,1.0844
2021-10-07,ZA,337,Omicron BA.1,Community,1.0729575076232474,2021-09-21,16,Traveler weight (travel hubs),Strategies (per capita),100%,P7-R,fig_3e,P7-R^0,10,1.0849
2021-10-07,ZA,337,Omicron BA.1,Community,1.0729575076232474,2021-09-21,16,Traveler weight (travel hubs),Strategies (per capita),100%,P11-R,fig_3e,P11-R^0,10,1.0815
2021-10-01,ZA,338,Omicron BA.1,Community,1.1955741552823733,2021-09-21,10,Traveler weight (travel hubs),Strategies (per capita),50%,P7-R,fig_3e,P7-R^0,10,1.092
2021-10-01,ZA,338,Omicron BA.1,Community,1.1955741552823733,2021-09-21,10,Traveler weight (travel hubs),Strategies (per capita),50%,P11-R,fig_3e,P11-R^0,10,1.0899
2021-10-01,ZA,338,Omicron BA.1,Community,1.1955741552823733,2021-09-21,10,Traveler weight (travel hubs),Strategies (per capita),70%,P7-R,fig_3e,P7-R^0,10,1.0883
2021-10-01,ZA,338,Omicron BA.1,Community,1.1955741552823733,2021-09-21,10,Traveler weight (travel hubs),Strategies (per capita),70%,P11-R,fig_3e,P11-R^0,10,1.0862
2021-10-01,ZA,338,Omicron BA.1,Community,1.1955741552823733,2021-09-21,10,Traveler weight (travel hubs),Strategies (per capita),90%,P7-R,fig_3e,P7-R^0,10,1.0853
2021-10-01,ZA,338,Omicron BA.1,Community,1.1955741552823733,2021-09-21,10,Traveler weight (travel hubs),Strategies (per capita),90%,P11-R,fig_3e,P11-R^0,10,1.0844
2021-10-01,ZA,338,Omicron BA.1,Community,1.1955741552823733,2021-09-21,10,Traveler weight (travel hubs),Strategies (per capita),100%,P7-R,fig_3e,P7-R^0,10,1.0849
2021-10-01,ZA,338,Omicron BA.1,Community,1.1955741552823733,2021-09-21,10,Traveler weight (travel hubs),Strategies (per capita),100%,P11-R,fig_3e,P11-R^0,10,1.0815
2021-10-07,ZA,339,Omicron BA.1,Community,1.6550369555088584,2021-09-21,16,Traveler weight (travel hubs),Strategies (per capita),50%,P7-R,fig_3e,P7-R^0,10,1.092
2021-10-07,ZA,339,Omicron BA.1,Community,1.6550369555088584,2021-09-21,16,Traveler weight (travel hubs),Strategies (per capita),50%,P11-R,fig_3e,P11-R^0,10,1.0899
2021-10-07,ZA,339,Omicron BA.1,Community,1.6550369555088584,2021-09-21,16,Traveler weight (travel hubs),Strategies (per capita),70%,P7-R,fig_3e,P7-R^0,10,1.0883
2021-10-07,ZA,339,Omicron BA.1,Community,1.6550369555088584,2021-09-21,16,Traveler weight (travel hubs),Strategies (per capita),70%,P11-R,fig_3e,P11-R^0,10,1.0862
2021-10-07,ZA,339,Omicron BA.1,Community,1.6550369555088584,2021-09-21,16,Traveler weight (travel hubs),Strategies (per capita),90%,P7-R,fig_3e,P7-R^0,10,1.0853
2021-10-07,ZA,339,Omicron BA.1,Community,1.6550369555088584,2021-09-21,16,Traveler weight (travel hubs),Strategies (per capita),90%,P11-R,fig_3e,P11-R^0,10,1.0844
2021-10-07,ZA,339,Omicron BA.1,Community,1.6550369555088584,2021-09-21,16,Traveler weight (travel hubs),Strategies (per capita),100%,P7-R,fig_3e,P7-R^0,10,1.0849
2021-10-07,ZA,339,Omicron BA.1,Community,1.6550369555088584,2021-09-21,16,Traveler weight (travel hubs),Strategies (per capita),100%,P11-R,fig_3e,P11-R^0,10,1.0815
2021-10-08,ZA,34,Omicron BA.1,Community,1.3022914847080913,2021-09-21,17,Traveler weight (travel hubs),Strategies (per capita),50%,P7-R,fig_3e,P7-R^0,10,1.092
2021-10-08,ZA,34,Omicron BA.1,Community,1.3022914847080913,2021-09-21,17,Traveler weight (travel hubs),Strategies (per capita),50%,P11-R,fig_3e,P11-R^0,10,1.0899
2021-10-08,ZA,34,Omicron BA.1,Community,1.3022914847080913,2021-09-21,17,Traveler weight (travel hubs),Strategies (per capita),70%,P7-R,fig_3e,P7-R^0,10,1.0883
2021-10-08,ZA,34,Omicron BA.1,Community,1.3022914847080913,2021-09-21,17,Traveler weight (travel hubs),Strategies (per capita),70%,P11-R,fig_3e,P11-R^0,10,1.0862
2021-10-08,ZA,34,Omicron BA.1,Community,1.3022914847080913,2021-09-21,17,Traveler weight (travel hubs),Strategies (per capita),90%,P7-R,fig_3e,P7-R^0,10,1.0853
2021-10-08,ZA,34,Omicron BA.1,Community,1.3022914847080913,2021-09-21,17,Traveler weight (travel hubs),Strategies (per capita),90%,P11-R,fig_3e,P11-R^0,10,1.0844
2021-10-08,ZA,34,Omicron BA.1,Community,1.3022914847080913,2021-09-21,17,Traveler weight (travel hubs),Strategies (per capita),100%,P7-R,fig_3e,P7-R^0,10,1.0849
2021-10-08,ZA,34,Omicron BA.1,Community,1.3022914847080913,2021-09-21,17,Traveler weight (travel hubs),Strategies (per capita),100%,P11-R,fig_3e,P11-R^0,10,1.0815
2021-10-01,ZA,340,Omicron BA.1,Community,1.3177193936575418,2021-09-21,10,Traveler weight (travel hubs),Strategies (per capita),50%,P7-R,fig_3e,P7-R^0,10,1.092
2021-10-01,ZA,340,Omicron BA.1,Community,1.3177193936575418,2021-09-21,10,Traveler weight (travel hubs),Strategies (per capita),50%,P11-R,fig_3e,P11-R^0,10,1.0899
2021-10-01,ZA,340,Omicron BA.1,Community,1.3177193936575418,2021-09-21,10,Traveler weight (travel hubs),Strategies (per capita),70%,P7-R,fig_3e,P7-R^0,10,1.0883
2021-10-01,ZA,340,Omicron BA.1,Community,1.3177193936575418,2021-09-21,10,Traveler weight (travel hubs),Strategies (per capita),70%,P11-R,fig_3e,P11-R^0,10,1.0862
2021-10-01,ZA,340,Omicron BA.1,Community,1.3177193936575418,2021-09-21,10,Traveler weight (travel hubs),Strategies (per capita),90%,P7-R,fig_3e,P7-R^0,10,1.0853
2021-10-01,ZA,340,Omicron BA.1,Community,1.3177193936575418,2021-09-21,10,Traveler weight (travel hubs),Strategies (per capita),90%,P11-R,fig_3e,P11-R^0,10,1.0844
2021-10-01,ZA,340,Omicron BA.1,Community,1.3177193936575418,2021-09-21,10,Traveler weight (travel hubs),Strategies (per capita),100%,P7-R,fig_3e,P7-R^0,10,1.0849
2021-10-01,ZA,340,Omicron BA.1,Community,1.3177193936575418,2021-09-21,10,Traveler weight (travel hubs),Strategies (per capita),100%,P11-R,fig_3e,P11-R^0,10,1.0815
2021-09-30,ZA,341,Omicron BA.1,Community,1.106544926697875,2021-09-21,9,Traveler weight (travel hubs),Strategies (per capita),50%,P7-R,fig_3e,P7-R^0,10,1.092
2021-09-30,ZA,341,Omicron BA.1,Community,1.106544926697875,2021-09-21,9,Traveler weight (travel hubs),Strategies (per capita),50%,P11-R,fig_3e,P11-R^0,10,1.0899
2021-09-30,ZA,341,Omicron BA.1,Community,1.106544926697875,2021-09-21,9,Traveler weight (travel hubs),Strategies (per capita),70%,P7-R,fig_3e,P7-R^0,10,1.0883
2021-09-30,ZA,341,Omicron BA.1,Community,1.106544926697875,2021-09-21,9,Traveler weight (travel hubs),Strategies (per capita),70%,P11-R,fig_3e,P11-R^0,10,1.0862
2021-09-30,ZA,341,Omicron BA.1,Community,1.106544926697875,2021-09-21,9,Traveler weight (travel hubs),Strategies (per capita),90%,P7-R,fig_3e,P7-R^0,10,1.0853
2021-09-30,ZA,341,Omicron BA.1,Community,1.106544926697875,2021-09-21,9,Traveler weight (travel hubs),Strategies (per capita),90%,P11-R,fig_3e,P11-R^0,10,1.0844
2021-09-30,ZA,341,Omicron BA.1,Community,1.106544926697875,2021-09-21,9,Traveler weight (travel hubs),Strategies (per capita),100%,P7-R,fig_3e,P7-R^0,10,1.0849
2021-09-30,ZA,341,Omicron BA.1,Community,1.106544926697875,2021-09-21,9,Traveler weight (travel hubs),Strategies (per capita),100%,P11-R,fig_3e,P11-R^0,10,1.0815
2021-10-02,ZA,342,Omicron BA.1,Community,1.024535050928511,2021-09-21,11,Traveler weight (travel hubs),Strategies (per capita),50%,P7-R,fig_3e,P7-R^0,10,1.092
2021-10-02,ZA,342,Omicron BA.1,Community,1.024535050928511,2021-09-21,11,Traveler weight (travel hubs),Strategies (per capita),50%,P11-R,fig_3e,P11-R^0,10,1.0899
2021-10-02,ZA,342,Omicron BA.1,Community,1.024535050928511,2021-09-21,11,Traveler weight (travel hubs),Strategies (per capita),70%,P7-R,fig_3e,P7-R^0,10,1.0883
2021-10-02,ZA,342,Omicron BA.1,Community,1.024535050928511,2021-09-21,11,Traveler weight (travel hubs),Strategies (per capita),70%,P11-R,fig_3e,P11-R^0,10,1.0862
2021-10-02,ZA,342,Omicron BA.1,Community,1.024535050928511,2021-09-21,11,Traveler weight (travel hubs),Strategies (per capita),90%,P7-R,fig_3e,P7-R^0,10,1.0853
2021-10-02,ZA,342,Omicron BA.1,Community,1.024535050928511,2021-09-21,11,Traveler weight (travel hubs),Strategies (per capita),90%,P11-R,fig_3e,P11-R^0,10,1.0844
2021-10-02,ZA,342,Omicron BA.1,Community,1.024535050928511,2021-09-21,11,Traveler weight (travel hubs),Strategies (per capita),100%,P7-R,fig_3e,P7-R^0,10,1.0849
2021-10-02,ZA,342,Omicron BA.1,Community,1.024535050928511,2021-09-21,11,Traveler weight (travel hubs),Strategies (per capita),100%,P11-R,fig_3e,P11-R^0,10,1.0815
2021-09-30,GB,343,Omicron BA.1,Imported,1,2021-09-21,9,Traveler weight (travel hubs),Strategies (per capita),50%,P7-R,fig_3e,P7-R^0,10,1.092
2021-09-30,GB,343,Omicron BA.1,Imported,1,2021-09-21,9,Traveler weight (travel hubs),Strategies (per capita),50%,P11-R,fig_3e,P11-R^0,10,1.0899
2021-09-30,GB,343,Omicron BA.1,Imported,1,2021-09-21,9,Traveler weight (travel hubs),Strategies (per capita),70%,P7-R,fig_3e,P7-R^0,10,1.0883
2021-09-30,GB,343,Omicron BA.1,Imported,1,2021-09-21,9,Traveler weight (travel hubs),Strategies (per capita),70%,P11-R,fig_3e,P11-R^0,10,1.0862
2021-09-30,GB,343,Omicron BA.1,Imported,1,2021-09-21,9,Traveler weight (travel hubs),Strategies (per capita),90%,P7-R,fig_3e,P7-R^0,10,1.0853
2021-09-30,GB,343,Omicron BA.1,Imported,1,2021-09-21,9,Traveler weight (travel hubs),Strategies (per capita),90%,P11-R,fig_3e,P11-R^0,10,1.0844
2021-09-30,GB,343,Omicron BA.1,Imported,1,2021-09-21,9,Traveler weight (travel hubs),Strategies (per capita),100%,P7-R,fig_3e,P7-R^0,10,1.0849
2021-09-30,GB,343,Omicron BA.1,Imported,1,2021-09-21,9,Traveler weight (travel hubs),Strategies (per capita),100%,P11-R,fig_3e,P11-R^0,10,1.0815
2021-10-07,ZA,344,Omicron BA.1,Community,1.365338428450582,2021-09-21,16,Traveler weight (travel hubs),Strategies (per capita),50%,P7-R,fig_3e,P7-R^0,10,1.092
2021-10-07,ZA,344,Omicron BA.1,Community,1.365338428450582,2021-09-21,16,Traveler weight (travel hubs),Strategies (per capita),50%,P11-R,fig_3e,P11-R^0,10,1.0899
2021-10-07,ZA,344,Omicron BA.1,Community,1.365338428450582,2021-09-21,16,Traveler weight (travel hubs),Strategies (per capita),70%,P7-R,fig_3e,P7-R^0,10,1.0883
2021-10-07,ZA,344,Omicron BA.1,Community,1.365338428450582,2021-09-21,16,Traveler weight (travel hubs),Strategies (per capita),70%,P11-R,fig_3e,P11-R^0,10,1.0862
2021-10-07,ZA,344,Omicron BA.1,Community,1.365338428450582,2021-09-21,16,Traveler weight (travel hubs),Strategies (per capita),90%,P7-R,fig_3e,P7-R^0,10,1.0853
2021-10-07,ZA,344,Omicron BA.1,Community,1.365338428450582,2021-09-21,16,Traveler weight (travel hubs),Strategies (per capita),90%,P11-R,fig_3e,P11-R^0,10,1.0844
2021-10-07,ZA,344,Omicron BA.1,Community,1.365338428450582,2021-09-21,16,Traveler weight (travel hubs),Strategies (per capita),100%,P7-R,fig_3e,P7-R^0,10,1.0849
2021-10-07,ZA,344,Omicron BA.1,Community,1.365338428450582,2021-09-21,16,Traveler weight (travel hubs),Strategies (per capita),100%,P11-R,fig_3e,P11-R^0,10,1.0815
2021-09-29,GB,345,Omicron BA.1,Imported,1,2021-09-21,8,Traveler weight (travel hubs),Strategies (per capita),50%,P7-R,fig_3e,P7-R^0,10,1.092
2021-09-29,GB,345,Omicron BA.1,Imported,1,2021-09-21,8,Traveler weight (travel hubs),Strategies (per capita),50%,P11-R,fig_3e,P11-R^0,10,1.0899
2021-09-29,GB,345,Omicron BA.1,Imported,1,2021-09-21,8,Traveler weight (travel hubs),Strategies (per capita),70%,P7-R,fig_3e,P7-R^0,10,1.0883
2021-09-29,GB,345,Omicron BA.1,Imported,1,2021-09-21,8,Traveler weight (travel hubs),Strategies (per capita),70%,P11-R,fig_3e,P11-R^0,10,1.0862
2021-09-29,GB,345,Omicron BA.1,Imported,1,2021-09-21,8,Traveler weight (travel hubs),Strategies (per capita),90%,P7-R,fig_3e,P7-R^0,10,1.0853
2021-09-29,GB,345,Omicron BA.1,Imported,1,2021-09-21,8,Traveler weight (travel hubs),Strategies (per capita),90%,P11-R,fig_3e,P11-R^0,10,1.0844
2021-09-29,GB,345,Omicron BA.1,Imported,1,2021-09-21,8,Traveler weight (travel hubs),Strategies (per capita),100%,P7-R,fig_3e,P7-R^0,10,1.0849
2021-09-29,GB,345,Omicron BA.1,Imported,1,2021-09-21,8,Traveler weight (travel hubs),Strategies (per capita),100%,P11-R,fig_3e,P11-R^0,10,1.0815
2021-10-05,ZA,346,Omicron BA.1,Community,1.0746376978082006,2021-09-21,14,Traveler weight (travel hubs),Strategies (per capita),50%,P7-R,fig_3e,P7-R^0,10,1.092
2021-10-05,ZA,346,Omicron BA.1,Community,1.0746376978082006,2021-09-21,14,Traveler weight (travel hubs),Strategies (per capita),50%,P11-R,fig_3e,P11-R^0,10,1.0899
2021-10-05,ZA,346,Omicron BA.1,Community,1.0746376978082006,2021-09-21,14,Traveler weight (travel hubs),Strategies (per capita),70%,P7-R,fig_3e,P7-R^0,10,1.0883
2021-10-05,ZA,346,Omicron BA.1,Community,1.0746376978082006,2021-09-21,14,Traveler weight (travel hubs),Strategies (per capita),70%,P11-R,fig_3e,P11-R^0,10,1.0862
2021-10-05,ZA,346,Omicron BA.1,Community,1.0746376978082006,2021-09-21,14,Traveler weight (travel hubs),Strategies (per capita),90%,P7-R,fig_3e,P7-R^0,10,1.0853
2021-10-05,ZA,346,Omicron BA.1,Community,1.0746376978082006,2021-09-21,14,Traveler weight (travel hubs),Strategies (per capita),90%,P11-R,fig_3e,P11-R^0,10,1.0844
2021-10-05,ZA,346,Omicron BA.1,Community,1.0746376978082006,2021-09-21,14,Traveler weight (travel hubs),Strategies (per capita),100%,P7-R,fig_3e,P7-R^0,10,1.0849
2021-10-05,ZA,346,Omicron BA.1,Community,1.0746376978082006,2021-09-21,14,Traveler weight (travel hubs),Strategies (per capita),100%,P11-R,fig_3e,P11-R^0,10,1.0815
2021-09-27,ZA,347,Omicron BA.1,Community,1.3275302269881804,2021-09-21,6,Traveler weight (travel hubs),Strategies (per capita),50%,P7-R,fig_3e,P7-R^0,10,1.092
2021-09-27,ZA,347,Omicron BA.1,Community,1.3275302269881804,2021-09-21,6,Traveler weight (travel hubs),Strategies (per capita),50%,P11-R,fig_3e,P11-R^0,10,1.0899
2021-09-27,ZA,347,Omicron BA.1,Community,1.3275302269881804,2021-09-21,6,Traveler weight (travel hubs),Strategies (per capita),70%,P7-R,fig_3e,P7-R^0,10,1.0883
2021-09-27,ZA,347,Omicron BA.1,Community,1.3275302269881804,2021-09-21,6,Traveler weight (travel hubs),Strategies (per capita),70%,P11-R,fig_3e,P11-R^0,10,1.0862
2021-09-27,ZA,347,Omicron BA.1,Community,1.3275302269881804,2021-09-21,6,Traveler weight (travel hubs),Strategies (per capita),90%,P7-R,fig_3e,P7-R^0,10,1.0853
2021-09-27,ZA,347,Omicron BA.1,Community,1.3275302269881804,2021-09-21,6,Traveler weight (travel hubs),Strategies (per capita),90%,P11-R,fig_3e,P11-R^0,10,1.0844
2021-09-27,ZA,347,Omicron BA.1,Community,1.3275302269881804,2021-09-21,6,Traveler weight (travel hubs),Strategies (per capita),100%,P7-R,fig_3e,P7-R^0,10,1.0849
2021-09-27,ZA,347,Omicron BA.1,Community,1.3275302269881804,2021-09-21,6,Traveler weight (travel hubs),Strategies (per capita),100%,P11-R,fig_3e,P11-R^0,10,1.0815
2021-10-02,GB,348,Omicron BA.1,Imported,1,2021-09-21,11,Traveler weight (travel hubs),Strategies (per capita),50%,P7-R,fig_3e,P7-R^0,10,1.092
2021-10-02,GB,348,Omicron BA.1,Imported,1,2021-09-21,11,Traveler weight (travel hubs),Strategies (per capita),50%,P11-R,fig_3e,P11-R^0,10,1.0899
2021-10-02,GB,348,Omicron BA.1,Imported,1,2021-09-21,11,Traveler weight (travel hubs),Strategies (per capita),70%,P7-R,fig_3e,P7-R^0,10,1.0883
2021-10-02,GB,348,Omicron BA.1,Imported,1,2021-09-21,11,Traveler weight (travel hubs),Strategies (per capita),70%,P11-R,fig_3e,P11-R^0,10,1.0862
2021-10-02,GB,348,Omicron BA.1,Imported,1,2021-09-21,11,Traveler weight (travel hubs),Strategies (per capita),90%,P7-R,fig_3e,P7-R^0,10,1.0853
2021-10-02,GB,348,Omicron BA.1,Imported,1,2021-09-21,11,Traveler weight (travel hubs),Strategies (per capita),90%,P11-R,fig_3e,P11-R^0,10,1.0844
2021-10-02,GB,348,Omicron BA.1,Imported,1,2021-09-21,11,Traveler weight (travel hubs),Strategies (per capita),100%,P7-R,fig_3e,P7-R^0,10,1.0849
2021-10-02,GB,348,Omicron BA.1,Imported,1,2021-09-21,11,Traveler weight (travel hubs),Strategies (per capita),100%,P11-R,fig_3e,P11-R^0,10,1.0815
2021-10-01,ZA,349,Omicron BA.1,Community,1.180047218200784,2021-09-21,10,Traveler weight (travel hubs),Strategies (per capita),50%,P7-R,fig_3e,P7-R^0,10,1.092
2021-10-01,ZA,349,Omicron BA.1,Community,1.180047218200784,2021-09-21,10,Traveler weight (travel hubs),Strategies (per capita),50%,P11-R,fig_3e,P11-R^0,10,1.0899
2021-10-01,ZA,349,Omicron BA.1,Community,1.180047218200784,2021-09-21,10,Traveler weight (travel hubs),Strategies (per capita),70%,P7-R,fig_3e,P7-R^0,10,1.0883
2021-10-01,ZA,349,Omicron BA.1,Community,1.180047218200784,2021-09-21,10,Traveler weight (travel hubs),Strategies (per capita),70%,P11-R,fig_3e,P11-R^0,10,1.0862
2021-10-01,ZA,349,Omicron BA.1,Community,1.180047218200784,2021-09-21,10,Traveler weight (travel hubs),Strategies (per capita),90%,P7-R,fig_3e,P7-R^0,10,1.0853
2021-10-01,ZA,349,Omicron BA.1,Community,1.180047218200784,2021-09-21,10,Traveler weight (travel hubs),Strategies (per capita),90%,P11-R,fig_3e,P11-R^0,10,1.0844
2021-10-01,ZA,349,Omicron BA.1,Community,1.180047218200784,2021-09-21,10,Traveler weight (travel hubs),Strategies (per capita),100%,P7-R,fig_3e,P7-R^0,10,1.0849
2021-10-01,ZA,349,Omicron BA.1,Community,1.180047218200784,2021-09-21,10,Traveler weight (travel hubs),Strategies (per capita),100%,P11-R,fig_3e,P11-R^0,10,1.0815
2021-10-01,ZA,35,Omicron BA.1,Community,1.1510636023151506,2021-09-21,10,Traveler weight (travel hubs),Strategies (per capita),50%,P7-R,fig_3e,P7-R^0,10,1.092
2021-10-01,ZA,35,Omicron BA.1,Community,1.1510636023151506,2021-09-21,10,Traveler weight (travel hubs),Strategies (per capita),50%,P11-R,fig_3e,P11-R^0,10,1.0899
2021-10-01,ZA,35,Omicron BA.1,Community,1.1510636023151506,2021-09-21,10,Traveler weight (travel hubs),Strategies (per capita),70%,P7-R,fig_3e,P7-R^0,10,1.0883
2021-10-01,ZA,35,Omicron BA.1,Community,1.1510636023151506,2021-09-21,10,Traveler weight (travel hubs),Strategies (per capita),70%,P11-R,fig_3e,P11-R^0,10,1.0862
2021-10-01,ZA,35,Omicron BA.1,Community,1.1510636023151506,2021-09-21,10,Traveler weight (travel hubs),Strategies (per capita),90%,P7-R,fig_3e,P7-R^0,10,1.0853
2021-10-01,ZA,35,Omicron BA.1,Community,1.1510636023151506,2021-09-21,10,Traveler weight (travel hubs),Strategies (per capita),90%,P11-R,fig_3e,P11-R^0,10,1.0844
2021-10-01,ZA,35,Omicron BA.1,Community,1.1510636023151506,2021-09-21,10,Traveler weight (travel hubs),Strategies (per capita),100%,P7-R,fig_3e,P7-R^0,10,1.0849
2021-10-01,ZA,35,Omicron BA.1,Community,1.1510636023151506,2021-09-21,10,Traveler weight (travel hubs),Strategies (per capita),100%,P11-R,fig_3e,P11-R^0,10,1.0815
2021-09-26,ZA,350,Omicron BA.1,Community,1.0476167709864568,2021-09-21,5,Traveler weight (travel hubs),Strategies (per capita),50%,P7-R,fig_3e,P7-R^0,10,1.092
2021-09-26,ZA,350,Omicron BA.1,Community,1.0476167709864568,2021-09-21,5,Traveler weight (travel hubs),Strategies (per capita),50%,P11-R,fig_3e,P11-R^0,10,1.0899
2021-09-26,ZA,350,Omicron BA.1,Community,1.0476167709864568,2021-09-21,5,Traveler weight (travel hubs),Strategies (per capita),70%,P7-R,fig_3e,P7-R^0,10,1.0883
2021-09-26,ZA,350,Omicron BA.1,Community,1.0476167709864568,2021-09-21,5,Traveler weight (travel hubs),Strategies (per capita),70%,P11-R,fig_3e,P11-R^0,10,1.0862
2021-09-26,ZA,350,Omicron BA.1,Community,1.0476167709864568,2021-09-21,5,Traveler weight (travel hubs),Strategies (per capita),90%,P7-R,fig_3e,P7-R^0,10,1.0853
2021-09-26,ZA,350,Omicron BA.1,Community,1.0476167709864568,2021-09-21,5,Traveler weight (travel hubs),Strategies (per capita),90%,P11-R,fig_3e,P11-R^0,10,1.0844
2021-09-26,ZA,350,Omicron BA.1,Community,1.0476167709864568,2021-09-21,5,Traveler weight (travel hubs),Strategies (per capita),100%,P7-R,fig_3e,P7-R^0,10,1.0849
2021-09-26,ZA,350,Omicron BA.1,Community,1.0476167709864568,2021-09-21,5,Traveler weight (travel hubs),Strategies (per capita),100%,P11-R,fig_3e,P11-R^0,10,1.0815
2021-10-06,ZA,351,Omicron BA.1,Community,1.003481920457757,2021-09-21,15,Traveler weight (travel hubs),Strategies (per capita),50%,P7-R,fig_3e,P7-R^0,10,1.092
2021-10-06,ZA,351,Omicron BA.1,Community,1.003481920457757,2021-09-21,15,Traveler weight (travel hubs),Strategies (per capita),50%,P11-R,fig_3e,P11-R^0,10,1.0899
2021-10-06,ZA,351,Omicron BA.1,Community,1.003481920457757,2021-09-21,15,Traveler weight (travel hubs),Strategies (per capita),70%,P7-R,fig_3e,P7-R^0,10,1.0883
2021-10-06,ZA,351,Omicron BA.1,Community,1.003481920457757,2021-09-21,15,Traveler weight (travel hubs),Strategies (per capita),70%,P11-R,fig_3e,P11-R^0,10,1.0862
2021-10-06,ZA,351,Omicron BA.1,Community,1.003481920457757,2021-09-21,15,Traveler weight (travel hubs),Strategies (per capita),90%,P7-R,fig_3e,P7-R^0,10,1.0853
2021-10-06,ZA,351,Omicron BA.1,Community,1.003481920457757,2021-09-21,15,Traveler weight (travel hubs),Strategies (per capita),90%,P11-R,fig_3e,P11-R^0,10,1.0844
2021-10-06,ZA,351,Omicron BA.1,Community,1.003481920457757,2021-09-21,15,Traveler weight (travel hubs),Strategies (per capita),100%,P7-R,fig_3e,P7-R^0,10,1.0849
2021-10-06,ZA,351,Omicron BA.1,Community,1.003481920457757,2021-09-21,15,Traveler weight (travel hubs),Strategies (per capita),100%,P11-R,fig_3e,P11-R^0,10,1.0815
2021-09-30,GB,352,Omicron BA.1,Imported,1,2021-09-21,9,Traveler weight (travel hubs),Strategies (per capita),50%,P7-R,fig_3e,P7-R^0,10,1.092
2021-09-30,GB,352,Omicron BA.1,Imported,1,2021-09-21,9,Traveler weight (travel hubs),Strategies (per capita),50%,P11-R,fig_3e,P11-R^0,10,1.0899
2021-09-30,GB,352,Omicron BA.1,Imported,1,2021-09-21,9,Traveler weight (travel hubs),Strategies (per capita),70%,P7-R,fig_3e,P7-R^0,10,1.0883
2021-09-30,GB,352,Omicron BA.1,Imported,1,2021-09-21,9,Traveler weight (travel hubs),Strategies (per capita),70%,P11-R,fig_3e,P11-R^0,10,1.0862
2021-09-30,GB,352,Omicron BA.1,Imported,1,2021-09-21,9,Traveler weight (travel hubs),Strategies (per capita),90%,P7-R,fig_3e,P7-R^0,10,1.0853
2021-09-30,GB,352,Omicron BA.1,Imported,1,2021-09-21,9,Traveler weight (travel hubs),Strategies (per capita),90%,P11-R,fig_3e,P11-R^0,10,1.0844
2021-09-30,GB,352,Omicron BA.1,Imported,1,2021-09-21,9,Traveler weight (travel hubs),Strategies (per capita),100%,P7-R,fig_3e,P7-R^0,10,1.0849
2021-09-30,GB,352,Omicron BA.1,Imported,1,2021-09-21,9,Traveler weight (travel hubs),Strategies (per capita),100%,P11-R,fig_3e,P11-R^0,10,1.0815
2021-10-05,ZA,353,Omicron BA.1,Community,1.2483492132169556,2021-09-21,14,Traveler weight (travel hubs),Strategies (per capita),50%,P7-R,fig_3e,P7-R^0,10,1.092
2021-10-05,ZA,353,Omicron BA.1,Community,1.2483492132169556,2021-09-21,14,Traveler weight (travel hubs),Strategies (per capita),50%,P11-R,fig_3e,P11-R^0,10,1.0899
2021-10-05,ZA,353,Omicron BA.1,Community,1.2483492132169556,2021-09-21,14,Traveler weight (travel hubs),Strategies (per capita),70%,P7-R,fig_3e,P7-R^0,10,1.0883
2021-10-05,ZA,353,Omicron BA.1,Community,1.2483492132169556,2021-09-21,14,Traveler weight (travel hubs),Strategies (per capita),70%,P11-R,fig_3e,P11-R^0,10,1.0862
2021-10-05,ZA,353,Omicron BA.1,Community,1.2483492132169556,2021-09-21,14,Traveler weight (travel hubs),Strategies (per capita),90%,P7-R,fig_3e,P7-R^0,10,1.0853
2021-10-05,ZA,353,Omicron BA.1,Community,1.2483492132169556,2021-09-21,14,Traveler weight (travel hubs),Strategies (per capita),90%,P11-R,fig_3e,P11-R^0,10,1.0844
2021-10-05,ZA,353,Omicron BA.1,Community,1.2483492132169556,2021-09-21,14,Traveler weight (travel hubs),Strategies (per capita),100%,P7-R,fig_3e,P7-R^0,10,1.0849
2021-10-05,ZA,353,Omicron BA.1,Community,1.2483492132169556,2021-09-21,14,Traveler weight (travel hubs),Strategies (per capita),100%,P11-R,fig_3e,P11-R^0,10,1.0815
2021-10-05,ZA,354,Omicron BA.1,Community,1.1080852566757249,2021-09-21,14,Traveler weight (travel hubs),Strategies (per capita),50%,P7-R,fig_3e,P7-R^0,10,1.092
2021-10-05,ZA,354,Omicron BA.1,Community,1.1080852566757249,2021-09-21,14,Traveler weight (travel hubs),Strategies (per capita),50%,P11-R,fig_3e,P11-R^0,10,1.0899
2021-10-05,ZA,354,Omicron BA.1,Community,1.1080852566757249,2021-09-21,14,Traveler weight (travel hubs),Strategies (per capita),70%,P7-R,fig_3e,P7-R^0,10,1.0883
2021-10-05,ZA,354,Omicron BA.1,Community,1.1080852566757249,2021-09-21,14,Traveler weight (travel hubs),Strategies (per capita),70%,P11-R,fig_3e,P11-R^0,10,1.0862
2021-10-05,ZA,354,Omicron BA.1,Community,1.1080852566757249,2021-09-21,14,Traveler weight (travel hubs),Strategies (per capita),90%,P7-R,fig_3e,P7-R^0,10,1.0853
2021-10-05,ZA,354,Omicron BA.1,Community,1.1080852566757249,2021-09-21,14,Traveler weight (travel hubs),Strategies (per capita),90%,P11-R,fig_3e,P11-R^0,10,1.0844
2021-10-05,ZA,354,Omicron BA.1,Community,1.1080852566757249,2021-09-21,14,Traveler weight (travel hubs),Strategies (per capita),100%,P7-R,fig_3e,P7-R^0,10,1.0849
2021-10-05,ZA,354,Omicron BA.1,Community,1.1080852566757249,2021-09-21,14,Traveler weight (travel hubs),Strategies (per capita),100%,P11-R,fig_3e,P11-R^0,10,1.0815
2021-09-29,ZA,355,Omicron BA.1,Community,1.0009045810286,2021-09-21,8,Traveler weight (travel hubs),Strategies (per capita),50%,P7-R,fig_3e,P7-R^0,10,1.092
2021-09-29,ZA,355,Omicron BA.1,Community,1.0009045810286,2021-09-21,8,Traveler weight (travel hubs),Strategies (per capita),50%,P11-R,fig_3e,P11-R^0,10,1.0899
2021-09-29,ZA,355,Omicron BA.1,Community,1.0009045810286,2021-09-21,8,Traveler weight (travel hubs),Strategies (per capita),70%,P7-R,fig_3e,P7-R^0,10,1.0883
2021-09-29,ZA,355,Omicron BA.1,Community,1.0009045810286,2021-09-21,8,Traveler weight (travel hubs),Strategies (per capita),70%,P11-R,fig_3e,P11-R^0,10,1.0862
2021-09-29,ZA,355,Omicron BA.1,Community,1.0009045810286,2021-09-21,8,Traveler weight (travel hubs),Strategies (per capita),90%,P7-R,fig_3e,P7-R^0,10,1.0853
2021-09-29,ZA,355,Omicron BA.1,Community,1.0009045810286,2021-09-21,8,Traveler weight (travel hubs),Strategies (per capita),90%,P11-R,fig_3e,P11-R^0,10,1.0844
2021-09-29,ZA,355,Omicron BA.1,Community,1.0009045810286,2021-09-21,8,Traveler weight (travel hubs),Strategies (per capita),100%,P7-R,fig_3e,P7-R^0,10,1.0849
2021-09-29,ZA,355,Omicron BA.1,Community,1.0009045810286,2021-09-21,8,Traveler weight (travel hubs),Strategies (per capita),100%,P11-R,fig_3e,P11-R^0,10,1.0815
2021-10-05,ZA,356,Omicron BA.1,Community,1.1803751419700517,2021-09-21,14,Traveler weight (travel hubs),Strategies (per capita),50%,P7-R,fig_3e,P7-R^0,10,1.092
2021-10-05,ZA,356,Omicron BA.1,Community,1.1803751419700517,2021-09-21,14,Traveler weight (travel hubs),Strategies (per capita),50%,P11-R,fig_3e,P11-R^0,10,1.0899
2021-10-05,ZA,356,Omicron BA.1,Community,1.1803751419700517,2021-09-21,14,Traveler weight (travel hubs),Strategies (per capita),70%,P7-R,fig_3e,P7-R^0,10,1.0883
2021-10-05,ZA,356,Omicron BA.1,Community,1.1803751419700517,2021-09-21,14,Traveler weight (travel hubs),Strategies (per capita),70%,P11-R,fig_3e,P11-R^0,10,1.0862
2021-10-05,ZA,356,Omicron BA.1,Community,1.1803751419700517,2021-09-21,14,Traveler weight (travel hubs),Strategies (per capita),90%,P7-R,fig_3e,P7-R^0,10,1.0853
2021-10-05,ZA,356,Omicron BA.1,Community,1.1803751419700517,2021-09-21,14,Traveler weight (travel hubs),Strategies (per capita),90%,P11-R,fig_3e,P11-R^0,10,1.0844
2021-10-05,ZA,356,Omicron BA.1,Community,1.1803751419700517,2021-09-21,14,Traveler weight (travel hubs),Strategies (per capita),100%,P7-R,fig_3e,P7-R^0,10,1.0849
2021-10-05,ZA,356,Omicron BA.1,Community,1.1803751419700517,2021-09-21,14,Traveler weight (travel hubs),Strategies (per capita),100%,P11-R,fig_3e,P11-R^0,10,1.0815
2021-10-01,ZA,357,Omicron BA.1,Community,1.113798953319336,2021-09-21,10,Traveler weight (travel hubs),Strategies (per capita),50%,P7-R,fig_3e,P7-R^0,10,1.092
2021-10-01,ZA,357,Omicron BA.1,Community,1.113798953319336,2021-09-21,10,Traveler weight (travel hubs),Strategies (per capita),50%,P11-R,fig_3e,P11-R^0,10,1.0899
2021-10-01,ZA,357,Omicron BA.1,Community,1.113798953319336,2021-09-21,10,Traveler weight (travel hubs),Strategies (per capita),70%,P7-R,fig_3e,P7-R^0,10,1.0883
2021-10-01,ZA,357,Omicron BA.1,Community,1.113798953319336,2021-09-21,10,Traveler weight (travel hubs),Strategies (per capita),70%,P11-R,fig_3e,P11-R^0,10,1.0862
2021-10-01,ZA,357,Omicron BA.1,Community,1.113798953319336,2021-09-21,10,Traveler weight (travel hubs),Strategies (per capita),90%,P7-R,fig_3e,P7-R^0,10,1.0853
2021-10-01,ZA,357,Omicron BA.1,Community,1.113798953319336,2021-09-21,10,Traveler weight (travel hubs),Strategies (per capita),90%,P11-R,fig_3e,P11-R^0,10,1.0844
2021-10-01,ZA,357,Omicron BA.1,Community,1.113798953319336,2021-09-21,10,Traveler weight (travel hubs),Strategies (per capita),100%,P7-R,fig_3e,P7-R^0,10,1.0849
2021-10-01,ZA,357,Omicron BA.1,Community,1.113798953319336,2021-09-21,10,Traveler weight (travel hubs),Strategies (per capita),100%,P11-R,fig_3e,P11-R^0,10,1.0815
2021-10-05,ZA,358,Omicron BA.1,Community,1.0897430469741793,2021-09-21,14,Traveler weight (travel hubs),Strategies (per capita),50%,P7-R,fig_3e,P7-R^0,10,1.092
2021-10-05,ZA,358,Omicron BA.1,Community,1.0897430469741793,2021-09-21,14,Traveler weight (travel hubs),Strategies (per capita),50%,P11-R,fig_3e,P11-R^0,10,1.0899
2021-10-05,ZA,358,Omicron BA.1,Community,1.0897430469741793,2021-09-21,14,Traveler weight (travel hubs),Strategies (per capita),70%,P7-R,fig_3e,P7-R^0,10,1.0883
2021-10-05,ZA,358,Omicron BA.1,Community,1.0897430469741793,2021-09-21,14,Traveler weight (travel hubs),Strategies (per capita),70%,P11-R,fig_3e,P11-R^0,10,1.0862
2021-10-05,ZA,358,Omicron BA.1,Community,1.0897430469741793,2021-09-21,14,Traveler weight (travel hubs),Strategies (per capita),90%,P7-R,fig_3e,P7-R^0,10,1.0853
2021-10-05,ZA,358,Omicron BA.1,Community,1.0897430469741793,2021-09-21,14,Traveler weight (travel hubs),Strategies (per capita),90%,P11-R,fig_3e,P11-R^0,10,1.0844
2021-10-05,ZA,358,Omicron BA.1,Community,1.0897430469741793,2021-09-21,14,Traveler weight (travel hubs),Strategies (per capita),100%,P7-R,fig_3e,P7-R^0,10,1.0849
2021-10-05,ZA,358,Omicron BA.1,Community,1.0897430469741793,2021-09-21,14,Traveler weight (travel hubs),Strategies (per capita),100%,P11-R,fig_3e,P11-R^0,10,1.0815
2021-10-03,ZA,359,Omicron BA.1,Community,1.0183123509892202,2021-09-21,12,Traveler weight (travel hubs),Strategies (per capita),50%,P7-R,fig_3e,P7-R^0,10,1.092
2021-10-03,ZA,359,Omicron BA.1,Community,1.0183123509892202,2021-09-21,12,Traveler weight (travel hubs),Strategies (per capita),50%,P11-R,fig_3e,P11-R^0,10,1.0899
2021-10-03,ZA,359,Omicron BA.1,Community,1.0183123509892202,2021-09-21,12,Traveler weight (travel hubs),Strategies (per capita),70%,P7-R,fig_3e,P7-R^0,10,1.0883
2021-10-03,ZA,359,Omicron BA.1,Community,1.0183123509892202,2021-09-21,12,Traveler weight (travel hubs),Strategies (per capita),70%,P11-R,fig_3e,P11-R^0,10,1.0862
2021-10-03,ZA,359,Omicron BA.1,Community,1.0183123509892202,2021-09-21,12,Traveler weight (travel hubs),Strategies (per capita),90%,P7-R,fig_3e,P7-R^0,10,1.0853
2021-10-03,ZA,359,Omicron BA.1,Community,1.0183123509892202,2021-09-21,12,Traveler weight (travel hubs),Strategies (per capita),90%,P11-R,fig_3e,P11-R^0,10,1.0844
2021-10-03,ZA,359,Omicron BA.1,Community,1.0183123509892202,2021-09-21,12,Traveler weight (travel hubs),Strategies (per capita),100%,P7-R,fig_3e,P7-R^0,10,1.0849
2021-10-03,ZA,359,Omicron BA.1,Community,1.0183123509892202,2021-09-21,12,Traveler weight (travel hubs),Strategies (per capita),100%,P11-R,fig_3e,P11-R^0,10,1.0815
2021-10-06,ZA,36,Omicron BA.1,Community,1.0745069299947065,2021-09-21,15,Traveler weight (travel hubs),Strategies (per capita),50%,P7-R,fig_3e,P7-R^0,10,1.092
2021-10-06,ZA,36,Omicron BA.1,Community,1.0745069299947065,2021-09-21,15,Traveler weight (travel hubs),Strategies (per capita),50%,P11-R,fig_3e,P11-R^0,10,1.0899
2021-10-06,ZA,36,Omicron BA.1,Community,1.0745069299947065,2021-09-21,15,Traveler weight (travel hubs),Strategies (per capita),70%,P7-R,fig_3e,P7-R^0,10,1.0883
2021-10-06,ZA,36,Omicron BA.1,Community,1.0745069299947065,2021-09-21,15,Traveler weight (travel hubs),Strategies (per capita),70%,P11-R,fig_3e,P11-R^0,10,1.0862
2021-10-06,ZA,36,Omicron BA.1,Community,1.0745069299947065,2021-09-21,15,Traveler weight (travel hubs),Strategies (per capita),90%,P7-R,fig_3e,P7-R^0,10,1.0853
2021-10-06,ZA,36,Omicron BA.1,Community,1.0745069299947065,2021-09-21,15,Traveler weight (travel hubs),Strategies (per capita),90%,P11-R,fig_3e,P11-R^0,10,1.0844
2021-10-06,ZA,36,Omicron BA.1,Community,1.0745069299947065,2021-09-21,15,Traveler weight (travel hubs),Strategies (per capita),100%,P7-R,fig_3e,P7-R^0,10,1.0849
2021-10-06,ZA,36,Omicron BA.1,Community,1.0745069299947065,2021-09-21,15,Traveler weight (travel hubs),Strategies (per capita),100%,P11-R,fig_3e,P11-R^0,10,1.0815
2021-10-01,ZA,360,Omicron BA.1,Community,1.227663158584324,2021-09-21,10,Traveler weight (travel hubs),Strategies (per capita),50%,P7-R,fig_3e,P7-R^0,10,1.092
2021-10-01,ZA,360,Omicron BA.1,Community,1.227663158584324,2021-09-21,10,Traveler weight (travel hubs),Strategies (per capita),50%,P11-R,fig_3e,P11-R^0,10,1.0899
2021-10-01,ZA,360,Omicron BA.1,Community,1.227663158584324,2021-09-21,10,Traveler weight (travel hubs),Strategies (per capita),70%,P7-R,fig_3e,P7-R^0,10,1.0883
2021-10-01,ZA,360,Omicron BA.1,Community,1.227663158584324,2021-09-21,10,Traveler weight (travel hubs),Strategies (per capita),70%,P11-R,fig_3e,P11-R^0,10,1.0862
2021-10-01,ZA,360,Omicron BA.1,Community,1.227663158584324,2021-09-21,10,Traveler weight (travel hubs),Strategies (per capita),90%,P7-R,fig_3e,P7-R^0,10,1.0853
2021-10-01,ZA,360,Omicron BA.1,Community,1.227663158584324,2021-09-21,10,Traveler weight (travel hubs),Strategies (per capita),90%,P11-R,fig_3e,P11-R^0,10,1.0844
2021-10-01,ZA,360,Omicron BA.1,Community,1.227663158584324,2021-09-21,10,Traveler weight (travel hubs),Strategies (per capita),100%,P7-R,fig_3e,P7-R^0,10,1.0849
2021-10-01,ZA,360,Omicron BA.1,Community,1.227663158584324,2021-09-21,10,Traveler weight (travel hubs),Strategies (per capita),100%,P11-R,fig_3e,P11-R^0,10,1.0815
2021-10-05,ZA,361,Omicron BA.1,Community,1.1253485128654148,2021-09-21,14,Traveler weight (travel hubs),Strategies (per capita),50%,P7-R,fig_3e,P7-R^0,10,1.092
2021-10-05,ZA,361,Omicron BA.1,Community,1.1253485128654148,2021-09-21,14,Traveler weight (travel hubs),Strategies (per capita),50%,P11-R,fig_3e,P11-R^0,10,1.0899
2021-10-05,ZA,361,Omicron BA.1,Community,1.1253485128654148,2021-09-21,14,Traveler weight (travel hubs),Strategies (per capita),70%,P7-R,fig_3e,P7-R^0,10,1.0883
2021-10-05,ZA,361,Omicron BA.1,Community,1.1253485128654148,2021-09-21,14,Traveler weight (travel hubs),Strategies (per capita),70%,P11-R,fig_3e,P11-R^0,10,1.0862
2021-10-05,ZA,361,Omicron BA.1,Community,1.1253485128654148,2021-09-21,14,Traveler weight (travel hubs),Strategies (per capita),90%,P7-R,fig_3e,P7-R^0,10,1.0853
2021-10-05,ZA,361,Omicron BA.1,Community,1.1253485128654148,2021-09-21,14,Traveler weight (travel hubs),Strategies (per capita),90%,P11-R,fig_3e,P11-R^0,10,1.0844
2021-10-05,ZA,361,Omicron BA.1,Community,1.1253485128654148,2021-09-21,14,Traveler weight (travel hubs),Strategies (per capita),100%,P7-R,fig_3e,P7-R^0,10,1.0849
2021-10-05,ZA,361,Omicron BA.1,Community,1.1253485128654148,2021-09-21,14,Traveler weight (travel hubs),Strategies (per capita),100%,P11-R,fig_3e,P11-R^0,10,1.0815
2021-09-29,ZA,362,Omicron BA.1,Community,1.122940005881285,2021-09-21,8,Traveler weight (travel hubs),Strategies (per capita),50%,P7-R,fig_3e,P7-R^0,10,1.092
2021-09-29,ZA,362,Omicron BA.1,Community,1.122940005881285,2021-09-21,8,Traveler weight (travel hubs),Strategies (per capita),50%,P11-R,fig_3e,P11-R^0,10,1.0899
2021-09-29,ZA,362,Omicron BA.1,Community,1.122940005881285,2021-09-21,8,Traveler weight (travel hubs),Strategies (per capita),70%,P7-R,fig_3e,P7-R^0,10,1.0883
2021-09-29,ZA,362,Omicron BA.1,Community,1.122940005881285,2021-09-21,8,Traveler weight (travel hubs),Strategies (per capita),70%,P11-R,fig_3e,P11-R^0,10,1.0862
2021-09-29,ZA,362,Omicron BA.1,Community,1.122940005881285,2021-09-21,8,Traveler weight (travel hubs),Strategies (per capita),90%,P7-R,fig_3e,P7-R^0,10,1.0853
2021-09-29,ZA,362,Omicron BA.1,Community,1.122940005881285,2021-09-21,8,Traveler weight (travel hubs),Strategies (per capita),90%,P11-R,fig_3e,P11-R^0,10,1.0844
2021-09-29,ZA,362,Omicron BA.1,Community,1.122940005881285,2021-09-21,8,Traveler weight (travel hubs),Strategies (per capita),100%,P7-R,fig_3e,P7-R^0,10,1.0849
2021-09-29,ZA,362,Omicron BA.1,Community,1.122940005881285,2021-09-21,8,Traveler weight (travel hubs),Strategies (per capita),100%,P11-R,fig_3e,P11-R^0,10,1.0815
2021-10-02,GB,363,Omicron BA.1,Imported,1,2021-09-21,11,Traveler weight (travel hubs),Strategies (per capita),50%,P7-R,fig_3e,P7-R^0,10,1.092
2021-10-02,GB,363,Omicron BA.1,Imported,1,2021-09-21,11,Traveler weight (travel hubs),Strategies (per capita),50%,P11-R,fig_3e,P11-R^0,10,1.0899
2021-10-02,GB,363,Omicron BA.1,Imported,1,2021-09-21,11,Traveler weight (travel hubs),Strategies (per capita),70%,P7-R,fig_3e,P7-R^0,10,1.0883
2021-10-02,GB,363,Omicron BA.1,Imported,1,2021-09-21,11,Traveler weight (travel hubs),Strategies (per capita),70%,P11-R,fig_3e,P11-R^0,10,1.0862
2021-10-02,GB,363,Omicron BA.1,Imported,1,2021-09-21,11,Traveler weight (travel hubs),Strategies (per capita),90%,P7-R,fig_3e,P7-R^0,10,1.0853
2021-10-02,GB,363,Omicron BA.1,Imported,1,2021-09-21,11,Traveler weight (travel hubs),Strategies (per capita),90%,P11-R,fig_3e,P11-R^0,10,1.0844
2021-10-02,GB,363,Omicron BA.1,Imported,1,2021-09-21,11,Traveler weight (travel hubs),Strategies (per capita),100%,P7-R,fig_3e,P7-R^0,10,1.0849
2021-10-02,GB,363,Omicron BA.1,Imported,1,2021-09-21,11,Traveler weight (travel hubs),Strategies (per capita),100%,P11-R,fig_3e,P11-R^0,10,1.0815
2021-10-01,ZA,364,Omicron BA.1,Community,1.1510636023151506,2021-09-21,10,Traveler weight (travel hubs),Strategies (per capita),50%,P7-R,fig_3e,P7-R^0,10,1.092
2021-10-01,ZA,364,Omicron BA.1,Community,1.1510636023151506,2021-09-21,10,Traveler weight (travel hubs),Strategies (per capita),50%,P11-R,fig_3e,P11-R^0,10,1.0899
2021-10-01,ZA,364,Omicron BA.1,Community,1.1510636023151506,2021-09-21,10,Traveler weight (travel hubs),Strategies (per capita),70%,P7-R,fig_3e,P7-R^0,10,1.0883
2021-10-01,ZA,364,Omicron BA.1,Community,1.1510636023151506,2021-09-21,10,Traveler weight (travel hubs),Strategies (per capita),70%,P11-R,fig_3e,P11-R^0,10,1.0862
2021-10-01,ZA,364,Omicron BA.1,Community,1.1510636023151506,2021-09-21,10,Traveler weight (travel hubs),Strategies (per capita),90%,P7-R,fig_3e,P7-R^0,10,1.0853
2021-10-01,ZA,364,Omicron BA.1,Community,1.1510636023151506,2021-09-21,10,Traveler weight (travel hubs),Strategies (per capita),90%,P11-R,fig_3e,P11-R^0,10,1.0844
2021-10-01,ZA,364,Omicron BA.1,Community,1.1510636023151506,2021-09-21,10,Traveler weight (travel hubs),Strategies (per capita),100%,P7-R,fig_3e,P7-R^0,10,1.0849
2021-10-01,ZA,364,Omicron BA.1,Community,1.1510636023151506,2021-09-21,10,Traveler weight (travel hubs),Strategies (per capita),100%,P11-R,fig_3e,P11-R^0,10,1.0815
2021-10-01,ZA,365,Omicron BA.1,Community,1.0858504665724757,2021-09-21,10,Traveler weight (travel hubs),Strategies (per capita),50%,P7-R,fig_3e,P7-R^0,10,1.092
2021-10-01,ZA,365,Omicron BA.1,Community,1.0858504665724757,2021-09-21,10,Traveler weight (travel hubs),Strategies (per capita),50%,P11-R,fig_3e,P11-R^0,10,1.0899
2021-10-01,ZA,365,Omicron BA.1,Community,1.0858504665724757,2021-09-21,10,Traveler weight (travel hubs),Strategies (per capita),70%,P7-R,fig_3e,P7-R^0,10,1.0883
2021-10-01,ZA,365,Omicron BA.1,Community,1.0858504665724757,2021-09-21,10,Traveler weight (travel hubs),Strategies (per capita),70%,P11-R,fig_3e,P11-R^0,10,1.0862
2021-10-01,ZA,365,Omicron BA.1,Community,1.0858504665724757,2021-09-21,10,Traveler weight (travel hubs),Strategies (per capita),90%,P7-R,fig_3e,P7-R^0,10,1.0853
2021-10-01,ZA,365,Omicron BA.1,Community,1.0858504665724757,2021-09-21,10,Traveler weight (travel hubs),Strategies (per capita),90%,P11-R,fig_3e,P11-R^0,10,1.0844
2021-10-01,ZA,365,Omicron BA.1,Community,1.0858504665724757,2021-09-21,10,Traveler weight (travel hubs),Strategies (per capita),100%,P7-R,fig_3e,P7-R^0,10,1.0849
2021-10-01,ZA,365,Omicron BA.1,Community,1.0858504665724757,2021-09-21,10,Traveler weight (travel hubs),Strategies (per capita),100%,P11-R,fig_3e,P11-R^0,10,1.0815
2021-09-30,ZA,366,Omicron BA.1,Community,1.0321553517938165,2021-09-21,9,Traveler weight (travel hubs),Strategies (per capita),50%,P7-R,fig_3e,P7-R^0,10,1.092
2021-09-30,ZA,366,Omicron BA.1,Community,1.0321553517938165,2021-09-21,9,Traveler weight (travel hubs),Strategies (per capita),50%,P11-R,fig_3e,P11-R^0,10,1.0899
2021-09-30,ZA,366,Omicron BA.1,Community,1.0321553517938165,2021-09-21,9,Traveler weight (travel hubs),Strategies (per capita),70%,P7-R,fig_3e,P7-R^0,10,1.0883
2021-09-30,ZA,366,Omicron BA.1,Community,1.0321553517938165,2021-09-21,9,Traveler weight (travel hubs),Strategies (per capita),70%,P11-R,fig_3e,P11-R^0,10,1.0862
2021-09-30,ZA,366,Omicron BA.1,Community,1.0321553517938165,2021-09-21,9,Traveler weight (travel hubs),Strategies (per capita),90%,P7-R,fig_3e,P7-R^0,10,1.0853
2021-09-30,ZA,366,Omicron BA.1,Community,1.0321553517938165,2021-09-21,9,Traveler weight (travel hubs),Strategies (per capita),90%,P11-R,fig_3e,P11-R^0,10,1.0844
2021-09-30,ZA,366,Omicron BA.1,Community,1.0321553517938165,2021-09-21,9,Traveler weight (travel hubs),Strategies (per capita),100%,P7-R,fig_3e,P7-R^0,10,1.0849
2021-09-30,ZA,366,Omicron BA.1,Community,1.0321553517938165,2021-09-21,9,Traveler weight (travel hubs),Strategies (per capita),100%,P11-R,fig_3e,P11-R^0,10,1.0815
2021-10-01,ZA,367,Omicron BA.1,Community,1.087920724850021,2021-09-21,10,Traveler weight (travel hubs),Strategies (per capita),50%,P7-R,fig_3e,P7-R^0,10,1.092
2021-10-01,ZA,367,Omicron BA.1,Community,1.087920724850021,2021-09-21,10,Traveler weight (travel hubs),Strategies (per capita),50%,P11-R,fig_3e,P11-R^0,10,1.0899
2021-10-01,ZA,367,Omicron BA.1,Community,1.087920724850021,2021-09-21,10,Traveler weight (travel hubs),Strategies (per capita),70%,P7-R,fig_3e,P7-R^0,10,1.0883
2021-10-01,ZA,367,Omicron BA.1,Community,1.087920724850021,2021-09-21,10,Traveler weight (travel hubs),Strategies (per capita),70%,P11-R,fig_3e,P11-R^0,10,1.0862
2021-10-01,ZA,367,Omicron BA.1,Community,1.087920724850021,2021-09-21,10,Traveler weight (travel hubs),Strategies (per capita),90%,P7-R,fig_3e,P7-R^0,10,1.0853
2021-10-01,ZA,367,Omicron BA.1,Community,1.087920724850021,2021-09-21,10,Traveler weight (travel hubs),Strategies (per capita),90%,P11-R,fig_3e,P11-R^0,10,1.0844
2021-10-01,ZA,367,Omicron BA.1,Community,1.087920724850021,2021-09-21,10,Traveler weight (travel hubs),Strategies (per capita),100%,P7-R,fig_3e,P7-R^0,10,1.0849
2021-10-01,ZA,367,Omicron BA.1,Community,1.087920724850021,2021-09-21,10,Traveler weight (travel hubs),Strategies (per capita),100%,P11-R,fig_3e,P11-R^0,10,1.0815
2021-09-27,ZA,368,Omicron BA.1,Community,1.1511142499797846,2021-09-21,6,Traveler weight (travel hubs),Strategies (per capita),50%,P7-R,fig_3e,P7-R^0,10,1.092
2021-09-27,ZA,368,Omicron BA.1,Community,1.1511142499797846,2021-09-21,6,Traveler weight (travel hubs),Strategies (per capita),50%,P11-R,fig_3e,P11-R^0,10,1.0899
2021-09-27,ZA,368,Omicron BA.1,Community,1.1511142499797846,2021-09-21,6,Traveler weight (travel hubs),Strategies (per capita),70%,P7-R,fig_3e,P7-R^0,10,1.0883
2021-09-27,ZA,368,Omicron BA.1,Community,1.1511142499797846,2021-09-21,6,Traveler weight (travel hubs),Strategies (per capita),70%,P11-R,fig_3e,P11-R^0,10,1.0862
2021-09-27,ZA,368,Omicron BA.1,Community,1.1511142499797846,2021-09-21,6,Traveler weight (travel hubs),Strategies (per capita),90%,P7-R,fig_3e,P7-R^0,10,1.0853
2021-09-27,ZA,368,Omicron BA.1,Community,1.1511142499797846,2021-09-21,6,Traveler weight (travel hubs),Strategies (per capita),90%,P11-R,fig_3e,P11-R^0,10,1.0844
2021-09-27,ZA,368,Omicron BA.1,Community,1.1511142499797846,2021-09-21,6,Traveler weight (travel hubs),Strategies (per capita),100%,P7-R,fig_3e,P7-R^0,10,1.0849
2021-09-27,ZA,368,Omicron BA.1,Community,1.1511142499797846,2021-09-21,6,Traveler weight (travel hubs),Strategies (per capita),100%,P11-R,fig_3e,P11-R^0,10,1.0815
2021-10-05,ZA,369,Omicron BA.1,Community,1.027163743286553,2021-09-21,14,Traveler weight (travel hubs),Strategies (per capita),50%,P7-R,fig_3e,P7-R^0,10,1.092
2021-10-05,ZA,369,Omicron BA.1,Community,1.027163743286553,2021-09-21,14,Traveler weight (travel hubs),Strategies (per capita),50%,P11-R,fig_3e,P11-R^0,10,1.0899
2021-10-05,ZA,369,Omicron BA.1,Community,1.027163743286553,2021-09-21,14,Traveler weight (travel hubs),Strategies (per capita),70%,P7-R,fig_3e,P7-R^0,10,1.0883
2021-10-05,ZA,369,Omicron BA.1,Community,1.027163743286553,2021-09-21,14,Traveler weight (travel hubs),Strategies (per capita),70%,P11-R,fig_3e,P11-R^0,10,1.0862
2021-10-05,ZA,369,Omicron BA.1,Community,1.027163743286553,2021-09-21,14,Traveler weight (travel hubs),Strategies (per capita),90%,P7-R,fig_3e,P7-R^0,10,1.0853
2021-10-05,ZA,369,Omicron BA.1,Community,1.027163743286553,2021-09-21,14,Traveler weight (travel hubs),Strategies (per capita),90%,P11-R,fig_3e,P11-R^0,10,1.0844
2021-10-05,ZA,369,Omicron BA.1,Community,1.027163743286553,2021-09-21,14,Traveler weight (travel hubs),Strategies (per capita),100%,P7-R,fig_3e,P7-R^0,10,1.0849
2021-10-05,ZA,369,Omicron BA.1,Community,1.027163743286553,2021-09-21,14,Traveler weight (travel hubs),Strategies (per capita),100%,P11-R,fig_3e,P11-R^0,10,1.0815
2021-09-26,ZA,37,Omicron BA.1,Community,1.190101995134002,2021-09-21,5,Traveler weight (travel hubs),Strategies (per capita),50%,P7-R,fig_3e,P7-R^0,10,1.092
2021-09-26,ZA,37,Omicron BA.1,Community,1.190101995134002,2021-09-21,5,Traveler weight (travel hubs),Strategies (per capita),50%,P11-R,fig_3e,P11-R^0,10,1.0899
2021-09-26,ZA,37,Omicron BA.1,Community,1.190101995134002,2021-09-21,5,Traveler weight (travel hubs),Strategies (per capita),70%,P7-R,fig_3e,P7-R^0,10,1.0883
2021-09-26,ZA,37,Omicron BA.1,Community,1.190101995134002,2021-09-21,5,Traveler weight (travel hubs),Strategies (per capita),70%,P11-R,fig_3e,P11-R^0,10,1.0862
2021-09-26,ZA,37,Omicron BA.1,Community,1.190101995134002,2021-09-21,5,Traveler weight (travel hubs),Strategies (per capita),90%,P7-R,fig_3e,P7-R^0,10,1.0853
2021-09-26,ZA,37,Omicron BA.1,Community,1.190101995134002,2021-09-21,5,Traveler weight (travel hubs),Strategies (per capita),90%,P11-R,fig_3e,P11-R^0,10,1.0844
2021-09-26,ZA,37,Omicron BA.1,Community,1.190101995134002,2021-09-21,5,Traveler weight (travel hubs),Strategies (per capita),100%,P7-R,fig_3e,P7-R^0,10,1.0849
2021-09-26,ZA,37,Omicron BA.1,Community,1.190101995134002,2021-09-21,5,Traveler weight (travel hubs),Strategies (per capita),100%,P11-R,fig_3e,P11-R^0,10,1.0815
2021-09-26,ZA,370,Omicron BA.1,Community,1.0347697425797109,2021-09-21,5,Traveler weight (travel hubs),Strategies (per capita),50%,P7-R,fig_3e,P7-R^0,10,1.092
2021-09-26,ZA,370,Omicron BA.1,Community,1.0347697425797109,2021-09-21,5,Traveler weight (travel hubs),Strategies (per capita),50%,P11-R,fig_3e,P11-R^0,10,1.0899
2021-09-26,ZA,370,Omicron BA.1,Community,1.0347697425797109,2021-09-21,5,Traveler weight (travel hubs),Strategies (per capita),70%,P7-R,fig_3e,P7-R^0,10,1.0883
2021-09-26,ZA,370,Omicron BA.1,Community,1.0347697425797109,2021-09-21,5,Traveler weight (travel hubs),Strategies (per capita),70%,P11-R,fig_3e,P11-R^0,10,1.0862
2021-09-26,ZA,370,Omicron BA.1,Community,1.0347697425797109,2021-09-21,5,Traveler weight (travel hubs),Strategies (per capita),90%,P7-R,fig_3e,P7-R^0,10,1.0853
2021-09-26,ZA,370,Omicron BA.1,Community,1.0347697425797109,2021-09-21,5,Traveler weight (travel hubs),Strategies (per capita),90%,P11-R,fig_3e,P11-R^0,10,1.0844
2021-09-26,ZA,370,Omicron BA.1,Community,1.0347697425797109,2021-09-21,5,Traveler weight (travel hubs),Strategies (per capita),100%,P7-R,fig_3e,P7-R^0,10,1.0849
2021-09-26,ZA,370,Omicron BA.1,Community,1.0347697425797109,2021-09-21,5,Traveler weight (travel hubs),Strategies (per capita),100%,P11-R,fig_3e,P11-R^0,10,1.0815
2021-09-27,GB,371,Omicron BA.1,Imported,1,2021-09-21,6,Traveler weight (travel hubs),Strategies (per capita),50%,P7-R,fig_3e,P7-R^0,10,1.092
2021-09-27,GB,371,Omicron BA.1,Imported,1,2021-09-21,6,Traveler weight (travel hubs),Strategies (per capita),50%,P11-R,fig_3e,P11-R^0,10,1.0899
2021-09-27,GB,371,Omicron BA.1,Imported,1,2021-09-21,6,Traveler weight (travel hubs),Strategies (per capita),70%,P7-R,fig_3e,P7-R^0,10,1.0883
2021-09-27,GB,371,Omicron BA.1,Imported,1,2021-09-21,6,Traveler weight (travel hubs),Strategies (per capita),70%,P11-R,fig_3e,P11-R^0,10,1.0862
2021-09-27,GB,371,Omicron BA.1,Imported,1,2021-09-21,6,Traveler weight (travel hubs),Strategies (per capita),90%,P7-R,fig_3e,P7-R^0,10,1.0853
2021-09-27,GB,371,Omicron BA.1,Imported,1,2021-09-21,6,Traveler weight (travel hubs),Strategies (per capita),90%,P11-R,fig_3e,P11-R^0,10,1.0844
2021-09-27,GB,371,Omicron BA.1,Imported,1,2021-09-21,6,Traveler weight (travel hubs),Strategies (per capita),100%,P7-R,fig_3e,P7-R^0,10,1.0849
2021-09-27,GB,371,Omicron BA.1,Imported,1,2021-09-21,6,Traveler weight (travel hubs),Strategies (per capita),100%,P11-R,fig_3e,P11-R^0,10,1.0815
2021-10-05,ZA,372,Omicron BA.1,Community,1.2612966553592233,2021-09-21,14,Traveler weight (travel hubs),Strategies (per capita),50%,P7-R,fig_3e,P7-R^0,10,1.092
2021-10-05,ZA,372,Omicron BA.1,Community,1.2612966553592233,2021-09-21,14,Traveler weight (travel hubs),Strategies (per capita),50%,P11-R,fig_3e,P11-R^0,10,1.0899
2021-10-05,ZA,372,Omicron BA.1,Community,1.2612966553592233,2021-09-21,14,Traveler weight (travel hubs),Strategies (per capita),70%,P7-R,fig_3e,P7-R^0,10,1.0883
2021-10-05,ZA,372,Omicron BA.1,Community,1.2612966553592233,2021-09-21,14,Traveler weight (travel hubs),Strategies (per capita),70%,P11-R,fig_3e,P11-R^0,10,1.0862
2021-10-05,ZA,372,Omicron BA.1,Community,1.2612966553592233,2021-09-21,14,Traveler weight (travel hubs),Strategies (per capita),90%,P7-R,fig_3e,P7-R^0,10,1.0853
2021-10-05,ZA,372,Omicron BA.1,Community,1.2612966553592233,2021-09-21,14,Traveler weight (travel hubs),Strategies (per capita),90%,P11-R,fig_3e,P11-R^0,10,1.0844
2021-10-05,ZA,372,Omicron BA.1,Community,1.2612966553592233,2021-09-21,14,Traveler weight (travel hubs),Strategies (per capita),100%,P7-R,fig_3e,P7-R^0,10,1.0849
2021-10-05,ZA,372,Omicron BA.1,Community,1.2612966553592233,2021-09-21,14,Traveler weight (travel hubs),Strategies (per capita),100%,P11-R,fig_3e,P11-R^0,10,1.0815
2021-09-29,GB,373,Omicron BA.1,Imported,1,2021-09-21,8,Traveler weight (travel hubs),Strategies (per capita),50%,P7-R,fig_3e,P7-R^0,10,1.092
2021-09-29,GB,373,Omicron BA.1,Imported,1,2021-09-21,8,Traveler weight (travel hubs),Strategies (per capita),50%,P11-R,fig_3e,P11-R^0,10,1.0899
2021-09-29,GB,373,Omicron BA.1,Imported,1,2021-09-21,8,Traveler weight (travel hubs),Strategies (per capita),70%,P7-R,fig_3e,P7-R^0,10,1.0883
2021-09-29,GB,373,Omicron BA.1,Imported,1,2021-09-21,8,Traveler weight (travel hubs),Strategies (per capita),70%,P11-R,fig_3e,P11-R^0,10,1.0862
2021-09-29,GB,373,Omicron BA.1,Imported,1,2021-09-21,8,Traveler weight (travel hubs),Strategies (per capita),90%,P7-R,fig_3e,P7-R^0,10,1.0853
2021-09-29,GB,373,Omicron BA.1,Imported,1,2021-09-21,8,Traveler weight (travel hubs),Strategies (per capita),90%,P11-R,fig_3e,P11-R^0,10,1.0844
2021-09-29,GB,373,Omicron BA.1,Imported,1,2021-09-21,8,Traveler weight (travel hubs),Strategies (per capita),100%,P7-R,fig_3e,P7-R^0,10,1.0849
2021-09-29,GB,373,Omicron BA.1,Imported,1,2021-09-21,8,Traveler weight (travel hubs),Strategies (per capita),100%,P11-R,fig_3e,P11-R^0,10,1.0815
2021-10-01,ZA,374,Omicron BA.1,Community,1.0796396917398399,2021-09-21,10,Traveler weight (travel hubs),Strategies (per capita),50%,P7-R,fig_3e,P7-R^0,10,1.092
2021-10-01,ZA,374,Omicron BA.1,Community,1.0796396917398399,2021-09-21,10,Traveler weight (travel hubs),Strategies (per capita),50%,P11-R,fig_3e,P11-R^0,10,1.0899
2021-10-01,ZA,374,Omicron BA.1,Community,1.0796396917398399,2021-09-21,10,Traveler weight (travel hubs),Strategies (per capita),70%,P7-R,fig_3e,P7-R^0,10,1.0883
2021-10-01,ZA,374,Omicron BA.1,Community,1.0796396917398399,2021-09-21,10,Traveler weight (travel hubs),Strategies (per capita),70%,P11-R,fig_3e,P11-R^0,10,1.0862
2021-10-01,ZA,374,Omicron BA.1,Community,1.0796396917398399,2021-09-21,10,Traveler weight (travel hubs),Strategies (per capita),90%,P7-R,fig_3e,P7-R^0,10,1.0853
2021-10-01,ZA,374,Omicron BA.1,Community,1.0796396917398399,2021-09-21,10,Traveler weight (travel hubs),Strategies (per capita),90%,P11-R,fig_3e,P11-R^0,10,1.0844
2021-10-01,ZA,374,Omicron BA.1,Community,1.0796396917398399,2021-09-21,10,Traveler weight (travel hubs),Strategies (per capita),100%,P7-R,fig_3e,P7-R^0,10,1.0849
2021-10-01,ZA,374,Omicron BA.1,Community,1.0796396917398399,2021-09-21,10,Traveler weight (travel hubs),Strategies (per capita),100%,P11-R,fig_3e,P11-R^0,10,1.0815
2021-10-07,ZA,375,Omicron BA.1,Community,1.2888902060324254,2021-09-21,16,Traveler weight (travel hubs),Strategies (per capita),50%,P7-R,fig_3e,P7-R^0,10,1.092
2021-10-07,ZA,375,Omicron BA.1,Community,1.2888902060324254,2021-09-21,16,Traveler weight (travel hubs),Strategies (per capita),50%,P11-R,fig_3e,P11-R^0,10,1.0899
2021-10-07,ZA,375,Omicron BA.1,Community,1.2888902060324254,2021-09-21,16,Traveler weight (travel hubs),Strategies (per capita),70%,P7-R,fig_3e,P7-R^0,10,1.0883
2021-10-07,ZA,375,Omicron BA.1,Community,1.2888902060324254,2021-09-21,16,Traveler weight (travel hubs),Strategies (per capita),70%,P11-R,fig_3e,P11-R^0,10,1.0862
2021-10-03,GB,375,Omicron BA.1,Imported,1,2021-09-21,12,Traveler weight (travel hubs),Strategies (per capita),90%,P7-R,fig_3e,P7-R^0,10,1.0853
2021-10-03,GB,375,Omicron BA.1,Imported,1,2021-09-21,12,Traveler weight (travel hubs),Strategies (per capita),90%,P11-R,fig_3e,P11-R^0,10,1.0844
2021-10-03,GB,375,Omicron BA.1,Imported,1,2021-09-21,12,Traveler weight (travel hubs),Strategies (per capita),100%,P7-R,fig_3e,P7-R^0,10,1.0849
2021-10-03,GB,375,Omicron BA.1,Imported,1,2021-09-21,12,Traveler weight (travel hubs),Strategies (per capita),100%,P11-R,fig_3e,P11-R^0,10,1.0815
2021-10-02,ZA,376,Omicron BA.1,Community,1.0453227186285097,2021-09-21,11,Traveler weight (travel hubs),Strategies (per capita),50%,P7-R,fig_3e,P7-R^0,10,1.092
2021-10-02,ZA,376,Omicron BA.1,Community,1.0453227186285097,2021-09-21,11,Traveler weight (travel hubs),Strategies (per capita),50%,P11-R,fig_3e,P11-R^0,10,1.0899
2021-10-02,ZA,376,Omicron BA.1,Community,1.0453227186285097,2021-09-21,11,Traveler weight (travel hubs),Strategies (per capita),70%,P7-R,fig_3e,P7-R^0,10,1.0883
2021-10-02,ZA,376,Omicron BA.1,Community,1.0453227186285097,2021-09-21,11,Traveler weight (travel hubs),Strategies (per capita),70%,P11-R,fig_3e,P11-R^0,10,1.0862
2021-10-02,ZA,376,Omicron BA.1,Community,1.0453227186285097,2021-09-21,11,Traveler weight (travel hubs),Strategies (per capita),90%,P7-R,fig_3e,P7-R^0,10,1.0853
2021-10-02,ZA,376,Omicron BA.1,Community,1.0453227186285097,2021-09-21,11,Traveler weight (travel hubs),Strategies (per capita),90%,P11-R,fig_3e,P11-R^0,10,1.0844
2021-10-02,ZA,376,Omicron BA.1,Community,1.0453227186285097,2021-09-21,11,Traveler weight (travel hubs),Strategies (per capita),100%,P7-R,fig_3e,P7-R^0,10,1.0849
2021-10-02,ZA,376,Omicron BA.1,Community,1.0453227186285097,2021-09-21,11,Traveler weight (travel hubs),Strategies (per capita),100%,P11-R,fig_3e,P11-R^0,10,1.0815
2021-10-06,ZA,377,Omicron BA.1,Community,1.2246740930156852,2021-09-21,15,Traveler weight (travel hubs),Strategies (per capita),50%,P7-R,fig_3e,P7-R^0,10,1.092
2021-10-06,ZA,377,Omicron BA.1,Community,1.2246740930156852,2021-09-21,15,Traveler weight (travel hubs),Strategies (per capita),50%,P11-R,fig_3e,P11-R^0,10,1.0899
2021-10-06,ZA,377,Omicron BA.1,Community,1.2246740930156852,2021-09-21,15,Traveler weight (travel hubs),Strategies (per capita),70%,P7-R,fig_3e,P7-R^0,10,1.0883
2021-10-06,ZA,377,Omicron BA.1,Community,1.2246740930156852,2021-09-21,15,Traveler weight (travel hubs),Strategies (per capita),70%,P11-R,fig_3e,P11-R^0,10,1.0862
2021-10-06,ZA,377,Omicron BA.1,Community,1.2246740930156852,2021-09-21,15,Traveler weight (travel hubs),Strategies (per capita),90%,P7-R,fig_3e,P7-R^0,10,1.0853
2021-10-06,ZA,377,Omicron BA.1,Community,1.2246740930156852,2021-09-21,15,Traveler weight (travel hubs),Strategies (per capita),90%,P11-R,fig_3e,P11-R^0,10,1.0844
2021-10-06,ZA,377,Omicron BA.1,Community,1.2246740930156852,2021-09-21,15,Traveler weight (travel hubs),Strategies (per capita),100%,P7-R,fig_3e,P7-R^0,10,1.0849
2021-10-06,ZA,377,Omicron BA.1,Community,1.2246740930156852,2021-09-21,15,Traveler weight (travel hubs),Strategies (per capita),100%,P11-R,fig_3e,P11-R^0,10,1.0815
2021-10-07,ZA,378,Omicron BA.1,Community,1.1923240303463336,2021-09-21,16,Traveler weight (travel hubs),Strategies (per capita),50%,P7-R,fig_3e,P7-R^0,10,1.092
2021-10-07,ZA,378,Omicron BA.1,Community,1.1923240303463336,2021-09-21,16,Traveler weight (travel hubs),Strategies (per capita),50%,P11-R,fig_3e,P11-R^0,10,1.0899
2021-10-07,ZA,378,Omicron BA.1,Community,1.1923240303463336,2021-09-21,16,Traveler weight (travel hubs),Strategies (per capita),70%,P7-R,fig_3e,P7-R^0,10,1.0883
2021-10-07,ZA,378,Omicron BA.1,Community,1.1923240303463336,2021-09-21,16,Traveler weight (travel hubs),Strategies (per capita),70%,P11-R,fig_3e,P11-R^0,10,1.0862
2021-10-07,ZA,378,Omicron BA.1,Community,1.1923240303463336,2021-09-21,16,Traveler weight (travel hubs),Strategies (per capita),90%,P7-R,fig_3e,P7-R^0,10,1.0853
2021-10-07,ZA,378,Omicron BA.1,Community,1.1923240303463336,2021-09-21,16,Traveler weight (travel hubs),Strategies (per capita),90%,P11-R,fig_3e,P11-R^0,10,1.0844
2021-10-07,ZA,378,Omicron BA.1,Community,1.1923240303463336,2021-09-21,16,Traveler weight (travel hubs),Strategies (per capita),100%,P7-R,fig_3e,P7-R^0,10,1.0849
2021-10-07,ZA,378,Omicron BA.1,Community,1.1923240303463336,2021-09-21,16,Traveler weight (travel hubs),Strategies (per capita),100%,P11-R,fig_3e,P11-R^0,10,1.0815
2021-10-01,GB,379,Omicron BA.1,Imported,1,2021-09-21,10,Traveler weight (travel hubs),Strategies (per capita),50%,P7-R,fig_3e,P7-R^0,10,1.092
2021-10-01,GB,379,Omicron BA.1,Imported,1,2021-09-21,10,Traveler weight (travel hubs),Strategies (per capita),50%,P11-R,fig_3e,P11-R^0,10,1.0899
2021-10-01,GB,379,Omicron BA.1,Imported,1,2021-09-21,10,Traveler weight (travel hubs),Strategies (per capita),70%,P7-R,fig_3e,P7-R^0,10,1.0883
2021-10-01,GB,379,Omicron BA.1,Imported,1,2021-09-21,10,Traveler weight (travel hubs),Strategies (per capita),70%,P11-R,fig_3e,P11-R^0,10,1.0862
2021-10-01,GB,379,Omicron BA.1,Imported,1,2021-09-21,10,Traveler weight (travel hubs),Strategies (per capita),90%,P7-R,fig_3e,P7-R^0,10,1.0853
2021-10-01,GB,379,Omicron BA.1,Imported,1,2021-09-21,10,Traveler weight (travel hubs),Strategies (per capita),90%,P11-R,fig_3e,P11-R^0,10,1.0844
2021-10-01,GB,379,Omicron BA.1,Imported,1,2021-09-21,10,Traveler weight (travel hubs),Strategies (per capita),100%,P7-R,fig_3e,P7-R^0,10,1.0849
2021-10-01,GB,379,Omicron BA.1,Imported,1,2021-09-21,10,Traveler weight (travel hubs),Strategies (per capita),100%,P11-R,fig_3e,P11-R^0,10,1.0815
2021-10-05,ZA,38,Omicron BA.1,Community,1.0865061864386125,2021-09-21,14,Traveler weight (travel hubs),Strategies (per capita),50%,P7-R,fig_3e,P7-R^0,10,1.092
2021-10-05,ZA,38,Omicron BA.1,Community,1.0865061864386125,2021-09-21,14,Traveler weight (travel hubs),Strategies (per capita),50%,P11-R,fig_3e,P11-R^0,10,1.0899
2021-10-05,ZA,38,Omicron BA.1,Community,1.0865061864386125,2021-09-21,14,Traveler weight (travel hubs),Strategies (per capita),70%,P7-R,fig_3e,P7-R^0,10,1.0883
2021-10-05,ZA,38,Omicron BA.1,Community,1.0865061864386125,2021-09-21,14,Traveler weight (travel hubs),Strategies (per capita),70%,P11-R,fig_3e,P11-R^0,10,1.0862
2021-10-05,ZA,38,Omicron BA.1,Community,1.0865061864386125,2021-09-21,14,Traveler weight (travel hubs),Strategies (per capita),90%,P7-R,fig_3e,P7-R^0,10,1.0853
2021-10-05,ZA,38,Omicron BA.1,Community,1.0865061864386125,2021-09-21,14,Traveler weight (travel hubs),Strategies (per capita),90%,P11-R,fig_3e,P11-R^0,10,1.0844
2021-10-05,ZA,38,Omicron BA.1,Community,1.0865061864386125,2021-09-21,14,Traveler weight (travel hubs),Strategies (per capita),100%,P7-R,fig_3e,P7-R^0,10,1.0849
2021-10-05,ZA,38,Omicron BA.1,Community,1.0865061864386125,2021-09-21,14,Traveler weight (travel hubs),Strategies (per capita),100%,P11-R,fig_3e,P11-R^0,10,1.0815
2021-10-06,GB,380,Omicron BA.1,Imported,1,2021-09-21,15,Traveler weight (travel hubs),Strategies (per capita),50%,P7-R,fig_3e,P7-R^0,10,1.092
2021-10-06,GB,380,Omicron BA.1,Imported,1,2021-09-21,15,Traveler weight (travel hubs),Strategies (per capita),50%,P11-R,fig_3e,P11-R^0,10,1.0899
2021-10-06,GB,380,Omicron BA.1,Imported,1,2021-09-21,15,Traveler weight (travel hubs),Strategies (per capita),70%,P7-R,fig_3e,P7-R^0,10,1.0883
2021-10-06,GB,380,Omicron BA.1,Imported,1,2021-09-21,15,Traveler weight (travel hubs),Strategies (per capita),70%,P11-R,fig_3e,P11-R^0,10,1.0862
2021-10-06,GB,380,Omicron BA.1,Imported,1,2021-09-21,15,Traveler weight (travel hubs),Strategies (per capita),90%,P7-R,fig_3e,P7-R^0,10,1.0853
2021-10-06,GB,380,Omicron BA.1,Imported,1,2021-09-21,15,Traveler weight (travel hubs),Strategies (per capita),90%,P11-R,fig_3e,P11-R^0,10,1.0844
2021-10-06,GB,380,Omicron BA.1,Imported,1,2021-09-21,15,Traveler weight (travel hubs),Strategies (per capita),100%,P7-R,fig_3e,P7-R^0,10,1.0849
2021-10-06,GB,380,Omicron BA.1,Imported,1,2021-09-21,15,Traveler weight (travel hubs),Strategies (per capita),100%,P11-R,fig_3e,P11-R^0,10,1.0815
2021-09-27,ZA,381,Omicron BA.1,Community,1.0188022672234875,2021-09-21,6,Traveler weight (travel hubs),Strategies (per capita),50%,P7-R,fig_3e,P7-R^0,10,1.092
2021-09-27,ZA,381,Omicron BA.1,Community,1.0188022672234875,2021-09-21,6,Traveler weight (travel hubs),Strategies (per capita),50%,P11-R,fig_3e,P11-R^0,10,1.0899
2021-09-27,ZA,381,Omicron BA.1,Community,1.0188022672234875,2021-09-21,6,Traveler weight (travel hubs),Strategies (per capita),70%,P7-R,fig_3e,P7-R^0,10,1.0883
2021-09-27,ZA,381,Omicron BA.1,Community,1.0188022672234875,2021-09-21,6,Traveler weight (travel hubs),Strategies (per capita),70%,P11-R,fig_3e,P11-R^0,10,1.0862
2021-09-27,ZA,381,Omicron BA.1,Community,1.0188022672234875,2021-09-21,6,Traveler weight (travel hubs),Strategies (per capita),90%,P7-R,fig_3e,P7-R^0,10,1.0853
2021-09-27,ZA,381,Omicron BA.1,Community,1.0188022672234875,2021-09-21,6,Traveler weight (travel hubs),Strategies (per capita),90%,P11-R,fig_3e,P11-R^0,10,1.0844
2021-09-27,ZA,381,Omicron BA.1,Community,1.0188022672234875,2021-09-21,6,Traveler weight (travel hubs),Strategies (per capita),100%,P7-R,fig_3e,P7-R^0,10,1.0849
2021-09-27,ZA,381,Omicron BA.1,Community,1.0188022672234875,2021-09-21,6,Traveler weight (travel hubs),Strategies (per capita),100%,P11-R,fig_3e,P11-R^0,10,1.0815
2021-10-06,ZA,382,Omicron BA.1,Community,1.0856680029219414,2021-09-21,15,Traveler weight (travel hubs),Strategies (per capita),50%,P7-R,fig_3e,P7-R^0,10,1.092
2021-10-06,ZA,382,Omicron BA.1,Community,1.0856680029219414,2021-09-21,15,Traveler weight (travel hubs),Strategies (per capita),50%,P11-R,fig_3e,P11-R^0,10,1.0899
2021-10-06,ZA,382,Omicron BA.1,Community,1.0856680029219414,2021-09-21,15,Traveler weight (travel hubs),Strategies (per capita),70%,P7-R,fig_3e,P7-R^0,10,1.0883
2021-10-06,ZA,382,Omicron BA.1,Community,1.0856680029219414,2021-09-21,15,Traveler weight (travel hubs),Strategies (per capita),70%,P11-R,fig_3e,P11-R^0,10,1.0862
2021-10-06,ZA,382,Omicron BA.1,Community,1.0856680029219414,2021-09-21,15,Traveler weight (travel hubs),Strategies (per capita),90%,P7-R,fig_3e,P7-R^0,10,1.0853
2021-10-06,ZA,382,Omicron BA.1,Community,1.0856680029219414,2021-09-21,15,Traveler weight (travel hubs),Strategies (per capita),90%,P11-R,fig_3e,P11-R^0,10,1.0844
2021-10-06,ZA,382,Omicron BA.1,Community,1.0856680029219414,2021-09-21,15,Traveler weight (travel hubs),Strategies (per capita),100%,P7-R,fig_3e,P7-R^0,10,1.0849
2021-10-06,ZA,382,Omicron BA.1,Community,1.0856680029219414,2021-09-21,15,Traveler weight (travel hubs),Strategies (per capita),100%,P11-R,fig_3e,P11-R^0,10,1.0815
2021-10-07,ZA,383,Omicron BA.1,Community,1.3760680035268145,2021-09-21,16,Traveler weight (travel hubs),Strategies (per capita),50%,P7-R,fig_3e,P7-R^0,10,1.092
2021-10-07,ZA,383,Omicron BA.1,Community,1.3760680035268145,2021-09-21,16,Traveler weight (travel hubs),Strategies (per capita),50%,P11-R,fig_3e,P11-R^0,10,1.0899
2021-10-07,ZA,383,Omicron BA.1,Community,1.3760680035268145,2021-09-21,16,Traveler weight (travel hubs),Strategies (per capita),70%,P7-R,fig_3e,P7-R^0,10,1.0883
2021-10-07,ZA,383,Omicron BA.1,Community,1.3760680035268145,2021-09-21,16,Traveler weight (travel hubs),Strategies (per capita),70%,P11-R,fig_3e,P11-R^0,10,1.0862
2021-10-07,ZA,383,Omicron BA.1,Community,1.3760680035268145,2021-09-21,16,Traveler weight (travel hubs),Strategies (per capita),90%,P7-R,fig_3e,P7-R^0,10,1.0853
2021-10-07,ZA,383,Omicron BA.1,Community,1.3760680035268145,2021-09-21,16,Traveler weight (travel hubs),Strategies (per capita),90%,P11-R,fig_3e,P11-R^0,10,1.0844
2021-10-07,ZA,383,Omicron BA.1,Community,1.3760680035268145,2021-09-21,16,Traveler weight (travel hubs),Strategies (per capita),100%,P7-R,fig_3e,P7-R^0,10,1.0849
2021-10-07,ZA,383,Omicron BA.1,Community,1.3760680035268145,2021-09-21,16,Traveler weight (travel hubs),Strategies (per capita),100%,P11-R,fig_3e,P11-R^0,10,1.0815
2021-10-03,ZA,384,Omicron BA.1,Community,1.0276120071626378,2021-09-21,12,Traveler weight (travel hubs),Strategies (per capita),50%,P7-R,fig_3e,P7-R^0,10,1.092
2021-10-03,ZA,384,Omicron BA.1,Community,1.0276120071626378,2021-09-21,12,Traveler weight (travel hubs),Strategies (per capita),50%,P11-R,fig_3e,P11-R^0,10,1.0899
2021-10-03,ZA,384,Omicron BA.1,Community,1.0276120071626378,2021-09-21,12,Traveler weight (travel hubs),Strategies (per capita),70%,P7-R,fig_3e,P7-R^0,10,1.0883
2021-10-03,ZA,384,Omicron BA.1,Community,1.0276120071626378,2021-09-21,12,Traveler weight (travel hubs),Strategies (per capita),70%,P11-R,fig_3e,P11-R^0,10,1.0862
2021-10-03,ZA,384,Omicron BA.1,Community,1.0276120071626378,2021-09-21,12,Traveler weight (travel hubs),Strategies (per capita),90%,P7-R,fig_3e,P7-R^0,10,1.0853
2021-10-03,ZA,384,Omicron BA.1,Community,1.0276120071626378,2021-09-21,12,Traveler weight (travel hubs),Strategies (per capita),90%,P11-R,fig_3e,P11-R^0,10,1.0844
2021-10-03,ZA,384,Omicron BA.1,Community,1.0276120071626378,2021-09-21,12,Traveler weight (travel hubs),Strategies (per capita),100%,P7-R,fig_3e,P7-R^0,10,1.0849
2021-10-03,ZA,384,Omicron BA.1,Community,1.0276120071626378,2021-09-21,12,Traveler weight (travel hubs),Strategies (per capita),100%,P11-R,fig_3e,P11-R^0,10,1.0815
2021-10-05,ZA,385,Omicron BA.1,Community,1.2375596780983997,2021-09-21,14,Traveler weight (travel hubs),Strategies (per capita),50%,P7-R,fig_3e,P7-R^0,10,1.092
2021-10-05,ZA,385,Omicron BA.1,Community,1.2375596780983997,2021-09-21,14,Traveler weight (travel hubs),Strategies (per capita),50%,P11-R,fig_3e,P11-R^0,10,1.0899
2021-10-05,ZA,385,Omicron BA.1,Community,1.2375596780983997,2021-09-21,14,Traveler weight (travel hubs),Strategies (per capita),70%,P7-R,fig_3e,P7-R^0,10,1.0883
2021-10-05,ZA,385,Omicron BA.1,Community,1.2375596780983997,2021-09-21,14,Traveler weight (travel hubs),Strategies (per capita),70%,P11-R,fig_3e,P11-R^0,10,1.0862
2021-10-05,ZA,385,Omicron BA.1,Community,1.2375596780983997,2021-09-21,14,Traveler weight (travel hubs),Strategies (per capita),90%,P7-R,fig_3e,P7-R^0,10,1.0853
2021-10-05,ZA,385,Omicron BA.1,Community,1.2375596780983997,2021-09-21,14,Traveler weight (travel hubs),Strategies (per capita),90%,P11-R,fig_3e,P11-R^0,10,1.0844
2021-10-05,ZA,385,Omicron BA.1,Community,1.2375596780983997,2021-09-21,14,Traveler weight (travel hubs),Strategies (per capita),100%,P7-R,fig_3e,P7-R^0,10,1.0849
2021-10-05,ZA,385,Omicron BA.1,Community,1.2375596780983997,2021-09-21,14,Traveler weight (travel hubs),Strategies (per capita),100%,P11-R,fig_3e,P11-R^0,10,1.0815
2021-10-07,ZA,386,Omicron BA.1,Community,1.760991509386655,2021-09-21,16,Traveler weight (travel hubs),Strategies (per capita),50%,P7-R,fig_3e,P7-R^0,10,1.092
2021-10-07,ZA,386,Omicron BA.1,Community,1.760991509386655,2021-09-21,16,Traveler weight (travel hubs),Strategies (per capita),50%,P11-R,fig_3e,P11-R^0,10,1.0899
2021-10-07,ZA,386,Omicron BA.1,Community,1.760991509386655,2021-09-21,16,Traveler weight (travel hubs),Strategies (per capita),70%,P7-R,fig_3e,P7-R^0,10,1.0883
2021-10-07,ZA,386,Omicron BA.1,Community,1.760991509386655,2021-09-21,16,Traveler weight (travel hubs),Strategies (per capita),70%,P11-R,fig_3e,P11-R^0,10,1.0862
2021-10-07,ZA,386,Omicron BA.1,Community,1.760991509386655,2021-09-21,16,Traveler weight (travel hubs),Strategies (per capita),90%,P7-R,fig_3e,P7-R^0,10,1.0853
2021-10-07,ZA,386,Omicron BA.1,Community,1.760991509386655,2021-09-21,16,Traveler weight (travel hubs),Strategies (per capita),90%,P11-R,fig_3e,P11-R^0,10,1.0844
2021-10-07,ZA,386,Omicron BA.1,Community,1.760991509386655,2021-09-21,16,Traveler weight (travel hubs),Strategies (per capita),100%,P7-R,fig_3e,P7-R^0,10,1.0849
2021-10-07,ZA,386,Omicron BA.1,Community,1.760991509386655,2021-09-21,16,Traveler weight (travel hubs),Strategies (per capita),100%,P11-R,fig_3e,P11-R^0,10,1.0815
2021-10-02,ZA,387,Omicron BA.1,Community,1.1363925009332663,2021-09-21,11,Traveler weight (travel hubs),Strategies (per capita),50%,P7-R,fig_3e,P7-R^0,10,1.092
2021-10-02,ZA,387,Omicron BA.1,Community,1.1363925009332663,2021-09-21,11,Traveler weight (travel hubs),Strategies (per capita),50%,P11-R,fig_3e,P11-R^0,10,1.0899
2021-10-01,GB,387,Omicron BA.1,Imported,1,2021-09-21,10,Traveler weight (travel hubs),Strategies (per capita),70%,P7-R,fig_3e,P7-R^0,10,1.0883
2021-10-01,GB,387,Omicron BA.1,Imported,1,2021-09-21,10,Traveler weight (travel hubs),Strategies (per capita),70%,P11-R,fig_3e,P11-R^0,10,1.0862
2021-10-01,GB,387,Omicron BA.1,Imported,1,2021-09-21,10,Traveler weight (travel hubs),Strategies (per capita),90%,P7-R,fig_3e,P7-R^0,10,1.0853
2021-10-01,GB,387,Omicron BA.1,Imported,1,2021-09-21,10,Traveler weight (travel hubs),Strategies (per capita),90%,P11-R,fig_3e,P11-R^0,10,1.0844
2021-10-01,GB,387,Omicron BA.1,Imported,1,2021-09-21,10,Traveler weight (travel hubs),Strategies (per capita),100%,P7-R,fig_3e,P7-R^0,10,1.0849
2021-10-01,GB,387,Omicron BA.1,Imported,1,2021-09-21,10,Traveler weight (travel hubs),Strategies (per capita),100%,P11-R,fig_3e,P11-R^0,10,1.0815
2021-10-07,ZA,388,Omicron BA.1,Community,1.22585395245956,2021-09-21,16,Traveler weight (travel hubs),Strategies (per capita),50%,P7-R,fig_3e,P7-R^0,10,1.092
2021-10-07,ZA,388,Omicron BA.1,Community,1.22585395245956,2021-09-21,16,Traveler weight (travel hubs),Strategies (per capita),50%,P11-R,fig_3e,P11-R^0,10,1.0899
2021-10-07,ZA,388,Omicron BA.1,Community,1.22585395245956,2021-09-21,16,Traveler weight (travel hubs),Strategies (per capita),70%,P7-R,fig_3e,P7-R^0,10,1.0883
2021-10-07,ZA,388,Omicron BA.1,Community,1.22585395245956,2021-09-21,16,Traveler weight (travel hubs),Strategies (per capita),70%,P11-R,fig_3e,P11-R^0,10,1.0862
2021-10-07,ZA,388,Omicron BA.1,Community,1.22585395245956,2021-09-21,16,Traveler weight (travel hubs),Strategies (per capita),90%,P7-R,fig_3e,P7-R^0,10,1.0853
2021-10-07,ZA,388,Omicron BA.1,Community,1.22585395245956,2021-09-21,16,Traveler weight (travel hubs),Strategies (per capita),90%,P11-R,fig_3e,P11-R^0,10,1.0844
2021-10-07,ZA,388,Omicron BA.1,Community,1.22585395245956,2021-09-21,16,Traveler weight (travel hubs),Strategies (per capita),100%,P7-R,fig_3e,P7-R^0,10,1.0849
2021-10-07,ZA,388,Omicron BA.1,Community,1.22585395245956,2021-09-21,16,Traveler weight (travel hubs),Strategies (per capita),100%,P11-R,fig_3e,P11-R^0,10,1.0815
2021-09-29,GB,389,Omicron BA.1,Imported,1,2021-09-21,8,Traveler weight (travel hubs),Strategies (per capita),50%,P7-R,fig_3e,P7-R^0,10,1.092
2021-09-29,GB,389,Omicron BA.1,Imported,1,2021-09-21,8,Traveler weight (travel hubs),Strategies (per capita),50%,P11-R,fig_3e,P11-R^0,10,1.0899
2021-09-29,GB,389,Omicron BA.1,Imported,1,2021-09-21,8,Traveler weight (travel hubs),Strategies (per capita),70%,P7-R,fig_3e,P7-R^0,10,1.0883
2021-09-29,GB,389,Omicron BA.1,Imported,1,2021-09-21,8,Traveler weight (travel hubs),Strategies (per capita),70%,P11-R,fig_3e,P11-R^0,10,1.0862
2021-09-29,GB,389,Omicron BA.1,Imported,1,2021-09-21,8,Traveler weight (travel hubs),Strategies (per capita),90%,P7-R,fig_3e,P7-R^0,10,1.0853
2021-09-29,GB,389,Omicron BA.1,Imported,1,2021-09-21,8,Traveler weight (travel hubs),Strategies (per capita),90%,P11-R,fig_3e,P11-R^0,10,1.0844
2021-09-29,GB,389,Omicron BA.1,Imported,1,2021-09-21,8,Traveler weight (travel hubs),Strategies (per capita),100%,P7-R,fig_3e,P7-R^0,10,1.0849
2021-09-29,GB,389,Omicron BA.1,Imported,1,2021-09-21,8,Traveler weight (travel hubs),Strategies (per capita),100%,P11-R,fig_3e,P11-R^0,10,1.0815
2021-10-01,ZA,39,Omicron BA.1,Community,1.007180652025757,2021-09-21,10,Traveler weight (travel hubs),Strategies (per capita),50%,P7-R,fig_3e,P7-R^0,10,1.092
2021-10-01,ZA,39,Omicron BA.1,Community,1.007180652025757,2021-09-21,10,Traveler weight (travel hubs),Strategies (per capita),50%,P11-R,fig_3e,P11-R^0,10,1.0899
2021-10-01,ZA,39,Omicron BA.1,Community,1.007180652025757,2021-09-21,10,Traveler weight (travel hubs),Strategies (per capita),70%,P7-R,fig_3e,P7-R^0,10,1.0883
2021-10-01,ZA,39,Omicron BA.1,Community,1.007180652025757,2021-09-21,10,Traveler weight (travel hubs),Strategies (per capita),70%,P11-R,fig_3e,P11-R^0,10,1.0862
2021-10-01,ZA,39,Omicron BA.1,Community,1.007180652025757,2021-09-21,10,Traveler weight (travel hubs),Strategies (per capita),90%,P7-R,fig_3e,P7-R^0,10,1.0853
2021-10-01,ZA,39,Omicron BA.1,Community,1.007180652025757,2021-09-21,10,Traveler weight (travel hubs),Strategies (per capita),90%,P11-R,fig_3e,P11-R^0,10,1.0844
2021-10-01,ZA,39,Omicron BA.1,Community,1.007180652025757,2021-09-21,10,Traveler weight (travel hubs),Strategies (per capita),100%,P7-R,fig_3e,P7-R^0,10,1.0849
2021-10-01,ZA,39,Omicron BA.1,Community,1.007180652025757,2021-09-21,10,Traveler weight (travel hubs),Strategies (per capita),100%,P11-R,fig_3e,P11-R^0,10,1.0815
2021-10-01,ZA,390,Omicron BA.1,Community,1.0475506884378885,2021-09-21,10,Traveler weight (travel hubs),Strategies (per capita),50%,P7-R,fig_3e,P7-R^0,10,1.092
2021-10-01,ZA,390,Omicron BA.1,Community,1.0475506884378885,2021-09-21,10,Traveler weight (travel hubs),Strategies (per capita),50%,P11-R,fig_3e,P11-R^0,10,1.0899
2021-10-01,ZA,390,Omicron BA.1,Community,1.0475506884378885,2021-09-21,10,Traveler weight (travel hubs),Strategies (per capita),70%,P7-R,fig_3e,P7-R^0,10,1.0883
2021-10-01,ZA,390,Omicron BA.1,Community,1.0475506884378885,2021-09-21,10,Traveler weight (travel hubs),Strategies (per capita),70%,P11-R,fig_3e,P11-R^0,10,1.0862
2021-10-01,ZA,390,Omicron BA.1,Community,1.0475506884378885,2021-09-21,10,Traveler weight (travel hubs),Strategies (per capita),90%,P7-R,fig_3e,P7-R^0,10,1.0853
2021-10-01,ZA,390,Omicron BA.1,Community,1.0475506884378885,2021-09-21,10,Traveler weight (travel hubs),Strategies (per capita),90%,P11-R,fig_3e,P11-R^0,10,1.0844
2021-10-01,ZA,390,Omicron BA.1,Community,1.0475506884378885,2021-09-21,10,Traveler weight (travel hubs),Strategies (per capita),100%,P7-R,fig_3e,P7-R^0,10,1.0849
2021-10-01,ZA,390,Omicron BA.1,Community,1.0475506884378885,2021-09-21,10,Traveler weight (travel hubs),Strategies (per capita),100%,P11-R,fig_3e,P11-R^0,10,1.0815
2021-09-29,ZA,391,Omicron BA.1,Community,1.0116094428577826,2021-09-21,8,Traveler weight (travel hubs),Strategies (per capita),50%,P7-R,fig_3e,P7-R^0,10,1.092
2021-09-29,ZA,391,Omicron BA.1,Community,1.0116094428577826,2021-09-21,8,Traveler weight (travel hubs),Strategies (per capita),50%,P11-R,fig_3e,P11-R^0,10,1.0899
2021-09-29,ZA,391,Omicron BA.1,Community,1.0116094428577826,2021-09-21,8,Traveler weight (travel hubs),Strategies (per capita),70%,P7-R,fig_3e,P7-R^0,10,1.0883
2021-09-29,ZA,391,Omicron BA.1,Community,1.0116094428577826,2021-09-21,8,Traveler weight (travel hubs),Strategies (per capita),70%,P11-R,fig_3e,P11-R^0,10,1.0862
2021-09-29,ZA,391,Omicron BA.1,Community,1.0116094428577826,2021-09-21,8,Traveler weight (travel hubs),Strategies (per capita),90%,P7-R,fig_3e,P7-R^0,10,1.0853
2021-09-29,ZA,391,Omicron BA.1,Community,1.0116094428577826,2021-09-21,8,Traveler weight (travel hubs),Strategies (per capita),90%,P11-R,fig_3e,P11-R^0,10,1.0844
2021-09-29,ZA,391,Omicron BA.1,Community,1.0116094428577826,2021-09-21,8,Traveler weight (travel hubs),Strategies (per capita),100%,P7-R,fig_3e,P7-R^0,10,1.0849
2021-09-29,ZA,391,Omicron BA.1,Community,1.0116094428577826,2021-09-21,8,Traveler weight (travel hubs),Strategies (per capita),100%,P11-R,fig_3e,P11-R^0,10,1.0815
2021-10-01,GB,392,Omicron BA.1,Imported,1,2021-09-21,10,Traveler weight (travel hubs),Strategies (per capita),50%,P7-R,fig_3e,P7-R^0,10,1.092
2021-10-01,GB,392,Omicron BA.1,Imported,1,2021-09-21,10,Traveler weight (travel hubs),Strategies (per capita),50%,P11-R,fig_3e,P11-R^0,10,1.0899
2021-10-01,GB,392,Omicron BA.1,Imported,1,2021-09-21,10,Traveler weight (travel hubs),Strategies (per capita),70%,P7-R,fig_3e,P7-R^0,10,1.0883
2021-10-01,GB,392,Omicron BA.1,Imported,1,2021-09-21,10,Traveler weight (travel hubs),Strategies (per capita),70%,P11-R,fig_3e,P11-R^0,10,1.0862
2021-10-01,GB,392,Omicron BA.1,Imported,1,2021-09-21,10,Traveler weight (travel hubs),Strategies (per capita),90%,P7-R,fig_3e,P7-R^0,10,1.0853
2021-10-01,GB,392,Omicron BA.1,Imported,1,2021-09-21,10,Traveler weight (travel hubs),Strategies (per capita),90%,P11-R,fig_3e,P11-R^0,10,1.0844
2021-10-01,GB,392,Omicron BA.1,Imported,1,2021-09-21,10,Traveler weight (travel hubs),Strategies (per capita),100%,P7-R,fig_3e,P7-R^0,10,1.0849
2021-10-01,GB,392,Omicron BA.1,Imported,1,2021-09-21,10,Traveler weight (travel hubs),Strategies (per capita),100%,P11-R,fig_3e,P11-R^0,10,1.0815
2021-09-29,GB,393,Omicron BA.1,Imported,1,2021-09-21,8,Traveler weight (travel hubs),Strategies (per capita),50%,P7-R,fig_3e,P7-R^0,10,1.092
2021-09-29,GB,393,Omicron BA.1,Imported,1,2021-09-21,8,Traveler weight (travel hubs),Strategies (per capita),50%,P11-R,fig_3e,P11-R^0,10,1.0899
2021-09-29,GB,393,Omicron BA.1,Imported,1,2021-09-21,8,Traveler weight (travel hubs),Strategies (per capita),70%,P7-R,fig_3e,P7-R^0,10,1.0883
2021-09-29,GB,393,Omicron BA.1,Imported,1,2021-09-21,8,Traveler weight (travel hubs),Strategies (per capita),70%,P11-R,fig_3e,P11-R^0,10,1.0862
2021-09-29,GB,393,Omicron BA.1,Imported,1,2021-09-21,8,Traveler weight (travel hubs),Strategies (per capita),90%,P7-R,fig_3e,P7-R^0,10,1.0853
2021-09-29,GB,393,Omicron BA.1,Imported,1,2021-09-21,8,Traveler weight (travel hubs),Strategies (per capita),90%,P11-R,fig_3e,P11-R^0,10,1.0844
2021-09-29,GB,393,Omicron BA.1,Imported,1,2021-09-21,8,Traveler weight (travel hubs),Strategies (per capita),100%,P7-R,fig_3e,P7-R^0,10,1.0849
2021-09-29,GB,393,Omicron BA.1,Imported,1,2021-09-21,8,Traveler weight (travel hubs),Strategies (per capita),100%,P11-R,fig_3e,P11-R^0,10,1.0815
2021-09-29,ZA,394,Omicron BA.1,Community,1.0319486803332303,2021-09-21,8,Traveler weight (travel hubs),Strategies (per capita),50%,P7-R,fig_3e,P7-R^0,10,1.092
2021-09-29,ZA,394,Omicron BA.1,Community,1.0319486803332303,2021-09-21,8,Traveler weight (travel hubs),Strategies (per capita),50%,P11-R,fig_3e,P11-R^0,10,1.0899
2021-09-29,ZA,394,Omicron BA.1,Community,1.0319486803332303,2021-09-21,8,Traveler weight (travel hubs),Strategies (per capita),70%,P7-R,fig_3e,P7-R^0,10,1.0883
2021-09-29,ZA,394,Omicron BA.1,Community,1.0319486803332303,2021-09-21,8,Traveler weight (travel hubs),Strategies (per capita),70%,P11-R,fig_3e,P11-R^0,10,1.0862
2021-09-29,ZA,394,Omicron BA.1,Community,1.0319486803332303,2021-09-21,8,Traveler weight (travel hubs),Strategies (per capita),90%,P7-R,fig_3e,P7-R^0,10,1.0853
2021-09-29,ZA,394,Omicron BA.1,Community,1.0319486803332303,2021-09-21,8,Traveler weight (travel hubs),Strategies (per capita),90%,P11-R,fig_3e,P11-R^0,10,1.0844
2021-09-29,ZA,394,Omicron BA.1,Community,1.0319486803332303,2021-09-21,8,Traveler weight (travel hubs),Strategies (per capita),100%,P7-R,fig_3e,P7-R^0,10,1.0849
2021-09-29,ZA,394,Omicron BA.1,Community,1.0319486803332303,2021-09-21,8,Traveler weight (travel hubs),Strategies (per capita),100%,P11-R,fig_3e,P11-R^0,10,1.0815
2021-09-27,GB,395,Omicron BA.1,Imported,1,2021-09-21,6,Traveler weight (travel hubs),Strategies (per capita),50%,P7-R,fig_3e,P7-R^0,10,1.092
2021-09-27,GB,395,Omicron BA.1,Imported,1,2021-09-21,6,Traveler weight (travel hubs),Strategies (per capita),50%,P11-R,fig_3e,P11-R^0,10,1.0899
2021-09-27,GB,395,Omicron BA.1,Imported,1,2021-09-21,6,Traveler weight (travel hubs),Strategies (per capita),70%,P7-R,fig_3e,P7-R^0,10,1.0883
2021-09-27,GB,395,Omicron BA.1,Imported,1,2021-09-21,6,Traveler weight (travel hubs),Strategies (per capita),70%,P11-R,fig_3e,P11-R^0,10,1.0862
2021-09-27,GB,395,Omicron BA.1,Imported,1,2021-09-21,6,Traveler weight (travel hubs),Strategies (per capita),90%,P7-R,fig_3e,P7-R^0,10,1.0853
2021-09-27,GB,395,Omicron BA.1,Imported,1,2021-09-21,6,Traveler weight (travel hubs),Strategies (per capita),90%,P11-R,fig_3e,P11-R^0,10,1.0844
2021-09-27,GB,395,Omicron BA.1,Imported,1,2021-09-21,6,Traveler weight (travel hubs),Strategies (per capita),100%,P7-R,fig_3e,P7-R^0,10,1.0849
2021-09-27,GB,395,Omicron BA.1,Imported,1,2021-09-21,6,Traveler weight (travel hubs),Strategies (per capita),100%,P11-R,fig_3e,P11-R^0,10,1.0815
2021-10-09,ZA,396,Omicron BA.1,Community,1.210198363080078,2021-09-21,18,Traveler weight (travel hubs),Strategies (per capita),50%,P7-R,fig_3e,P7-R^0,10,1.092
2021-10-09,ZA,396,Omicron BA.1,Community,1.210198363080078,2021-09-21,18,Traveler weight (travel hubs),Strategies (per capita),50%,P11-R,fig_3e,P11-R^0,10,1.0899
2021-10-09,ZA,396,Omicron BA.1,Community,1.210198363080078,2021-09-21,18,Traveler weight (travel hubs),Strategies (per capita),70%,P7-R,fig_3e,P7-R^0,10,1.0883
2021-10-09,ZA,396,Omicron BA.1,Community,1.210198363080078,2021-09-21,18,Traveler weight (travel hubs),Strategies (per capita),70%,P11-R,fig_3e,P11-R^0,10,1.0862
2021-10-09,ZA,396,Omicron BA.1,Community,1.210198363080078,2021-09-21,18,Traveler weight (travel hubs),Strategies (per capita),90%,P7-R,fig_3e,P7-R^0,10,1.0853
2021-10-09,ZA,396,Omicron BA.1,Community,1.210198363080078,2021-09-21,18,Traveler weight (travel hubs),Strategies (per capita),90%,P11-R,fig_3e,P11-R^0,10,1.0844
2021-10-09,ZA,396,Omicron BA.1,Community,1.210198363080078,2021-09-21,18,Traveler weight (travel hubs),Strategies (per capita),100%,P7-R,fig_3e,P7-R^0,10,1.0849
2021-10-09,ZA,396,Omicron BA.1,Community,1.210198363080078,2021-09-21,18,Traveler weight (travel hubs),Strategies (per capita),100%,P11-R,fig_3e,P11-R^0,10,1.0815
2021-10-07,ZA,397,Omicron BA.1,Community,1.1266053830044096,2021-09-21,16,Traveler weight (travel hubs),Strategies (per capita),50%,P7-R,fig_3e,P7-R^0,10,1.092
2021-10-07,ZA,397,Omicron BA.1,Community,1.1266053830044096,2021-09-21,16,Traveler weight (travel hubs),Strategies (per capita),50%,P11-R,fig_3e,P11-R^0,10,1.0899
2021-10-07,ZA,397,Omicron BA.1,Community,1.1266053830044096,2021-09-21,16,Traveler weight (travel hubs),Strategies (per capita),70%,P7-R,fig_3e,P7-R^0,10,1.0883
2021-10-07,ZA,397,Omicron BA.1,Community,1.1266053830044096,2021-09-21,16,Traveler weight (travel hubs),Strategies (per capita),70%,P11-R,fig_3e,P11-R^0,10,1.0862
2021-10-07,ZA,397,Omicron BA.1,Community,1.1266053830044096,2021-09-21,16,Traveler weight (travel hubs),Strategies (per capita),90%,P7-R,fig_3e,P7-R^0,10,1.0853
2021-10-07,ZA,397,Omicron BA.1,Community,1.1266053830044096,2021-09-21,16,Traveler weight (travel hubs),Strategies (per capita),90%,P11-R,fig_3e,P11-R^0,10,1.0844
2021-10-07,ZA,397,Omicron BA.1,Community,1.1266053830044096,2021-09-21,16,Traveler weight (travel hubs),Strategies (per capita),100%,P7-R,fig_3e,P7-R^0,10,1.0849
2021-10-07,ZA,397,Omicron BA.1,Community,1.1266053830044096,2021-09-21,16,Traveler weight (travel hubs),Strategies (per capita),100%,P11-R,fig_3e,P11-R^0,10,1.0815
2021-10-01,ZA,398,Omicron BA.1,Community,1.0227075891073458,2021-09-21,10,Traveler weight (travel hubs),Strategies (per capita),50%,P7-R,fig_3e,P7-R^0,10,1.092
2021-10-01,ZA,398,Omicron BA.1,Community,1.0227075891073458,2021-09-21,10,Traveler weight (travel hubs),Strategies (per capita),50%,P11-R,fig_3e,P11-R^0,10,1.0899
2021-10-01,ZA,398,Omicron BA.1,Community,1.0227075891073458,2021-09-21,10,Traveler weight (travel hubs),Strategies (per capita),70%,P7-R,fig_3e,P7-R^0,10,1.0883
2021-10-01,ZA,398,Omicron BA.1,Community,1.0227075891073458,2021-09-21,10,Traveler weight (travel hubs),Strategies (per capita),70%,P11-R,fig_3e,P11-R^0,10,1.0862
2021-10-01,ZA,398,Omicron BA.1,Community,1.0227075891073458,2021-09-21,10,Traveler weight (travel hubs),Strategies (per capita),90%,P7-R,fig_3e,P7-R^0,10,1.0853
2021-10-01,ZA,398,Omicron BA.1,Community,1.0227075891073458,2021-09-21,10,Traveler weight (travel hubs),Strategies (per capita),90%,P11-R,fig_3e,P11-R^0,10,1.0844
2021-10-01,ZA,398,Omicron BA.1,Community,1.0227075891073458,2021-09-21,10,Traveler weight (travel hubs),Strategies (per capita),100%,P7-R,fig_3e,P7-R^0,10,1.0849
2021-10-01,ZA,398,Omicron BA.1,Community,1.0227075891073458,2021-09-21,10,Traveler weight (travel hubs),Strategies (per capita),100%,P11-R,fig_3e,P11-R^0,10,1.0815
2021-09-30,ZA,399,Omicron BA.1,Community,1.037321294495487,2021-09-21,9,Traveler weight (travel hubs),Strategies (per capita),50%,P7-R,fig_3e,P7-R^0,10,1.092
2021-09-30,ZA,399,Omicron BA.1,Community,1.037321294495487,2021-09-21,9,Traveler weight (travel hubs),Strategies (per capita),50%,P11-R,fig_3e,P11-R^0,10,1.0899
2021-09-30,ZA,399,Omicron BA.1,Community,1.037321294495487,2021-09-21,9,Traveler weight (travel hubs),Strategies (per capita),70%,P7-R,fig_3e,P7-R^0,10,1.0883
2021-09-30,ZA,399,Omicron BA.1,Community,1.037321294495487,2021-09-21,9,Traveler weight (travel hubs),Strategies (per capita),70%,P11-R,fig_3e,P11-R^0,10,1.0862
2021-09-30,ZA,399,Omicron BA.1,Community,1.037321294495487,2021-09-21,9,Traveler weight (travel hubs),Strategies (per capita),90%,P7-R,fig_3e,P7-R^0,10,1.0853
2021-09-30,ZA,399,Omicron BA.1,Community,1.037321294495487,2021-09-21,9,Traveler weight (travel hubs),Strategies (per capita),90%,P11-R,fig_3e,P11-R^0,10,1.0844
2021-09-30,ZA,399,Omicron BA.1,Community,1.037321294495487,2021-09-21,9,Traveler weight (travel hubs),Strategies (per capita),100%,P7-R,fig_3e,P7-R^0,10,1.0849
2021-09-30,ZA,399,Omicron BA.1,Community,1.037321294495487,2021-09-21,9,Traveler weight (travel hubs),Strategies (per capita),100%,P11-R,fig_3e,P11-R^0,10,1.0815
2021-10-05,ZA,4,Omicron BA.1,Community,1.0142163011442855,2021-09-21,14,Traveler weight (travel hubs),Strategies (per capita),50%,P7-R,fig_3e,P7-R^0,10,1.092
2021-10-05,ZA,4,Omicron BA.1,Community,1.0142163011442855,2021-09-21,14,Traveler weight (travel hubs),Strategies (per capita),50%,P11-R,fig_3e,P11-R^0,10,1.0899
2021-10-05,ZA,4,Omicron BA.1,Community,1.0142163011442855,2021-09-21,14,Traveler weight (travel hubs),Strategies (per capita),70%,P7-R,fig_3e,P7-R^0,10,1.0883
2021-10-05,ZA,4,Omicron BA.1,Community,1.0142163011442855,2021-09-21,14,Traveler weight (travel hubs),Strategies (per capita),70%,P11-R,fig_3e,P11-R^0,10,1.0862
2021-10-05,ZA,4,Omicron BA.1,Community,1.0142163011442855,2021-09-21,14,Traveler weight (travel hubs),Strategies (per capita),90%,P7-R,fig_3e,P7-R^0,10,1.0853
2021-10-05,ZA,4,Omicron BA.1,Community,1.0142163011442855,2021-09-21,14,Traveler weight (travel hubs),Strategies (per capita),90%,P11-R,fig_3e,P11-R^0,10,1.0844
2021-10-05,ZA,4,Omicron BA.1,Community,1.0142163011442855,2021-09-21,14,Traveler weight (travel hubs),Strategies (per capita),100%,P7-R,fig_3e,P7-R^0,10,1.0849
2021-10-05,ZA,4,Omicron BA.1,Community,1.0142163011442855,2021-09-21,14,Traveler weight (travel hubs),Strategies (per capita),100%,P11-R,fig_3e,P11-R^0,10,1.0815
2021-10-07,ZA,40,Omicron BA.1,Community,1.4592222103676162,2021-09-21,16,Traveler weight (travel hubs),Strategies (per capita),50%,P7-R,fig_3e,P7-R^0,10,1.092
2021-10-07,ZA,40,Omicron BA.1,Community,1.4592222103676162,2021-09-21,16,Traveler weight (travel hubs),Strategies (per capita),50%,P11-R,fig_3e,P11-R^0,10,1.0899
2021-10-07,ZA,40,Omicron BA.1,Community,1.4592222103676162,2021-09-21,16,Traveler weight (travel hubs),Strategies (per capita),70%,P7-R,fig_3e,P7-R^0,10,1.0883
2021-10-07,ZA,40,Omicron BA.1,Community,1.4592222103676162,2021-09-21,16,Traveler weight (travel hubs),Strategies (per capita),70%,P11-R,fig_3e,P11-R^0,10,1.0862
2021-10-07,ZA,40,Omicron BA.1,Community,1.4592222103676162,2021-09-21,16,Traveler weight (travel hubs),Strategies (per capita),90%,P7-R,fig_3e,P7-R^0,10,1.0853
2021-10-07,ZA,40,Omicron BA.1,Community,1.4592222103676162,2021-09-21,16,Traveler weight (travel hubs),Strategies (per capita),90%,P11-R,fig_3e,P11-R^0,10,1.0844
2021-10-07,ZA,40,Omicron BA.1,Community,1.4592222103676162,2021-09-21,16,Traveler weight (travel hubs),Strategies (per capita),100%,P7-R,fig_3e,P7-R^0,10,1.0849
2021-10-07,ZA,40,Omicron BA.1,Community,1.4592222103676162,2021-09-21,16,Traveler weight (travel hubs),Strategies (per capita),100%,P11-R,fig_3e,P11-R^0,10,1.0815
2021-10-07,ZA,400,Omicron BA.1,Community,1.1024638390828865,2021-09-21,16,Traveler weight (travel hubs),Strategies (per capita),50%,P7-R,fig_3e,P7-R^0,10,1.092
2021-10-07,ZA,400,Omicron BA.1,Community,1.1024638390828865,2021-09-21,16,Traveler weight (travel hubs),Strategies (per capita),50%,P11-R,fig_3e,P11-R^0,10,1.0899
2021-10-07,ZA,400,Omicron BA.1,Community,1.1024638390828865,2021-09-21,16,Traveler weight (travel hubs),Strategies (per capita),70%,P7-R,fig_3e,P7-R^0,10,1.0883
2021-10-07,ZA,400,Omicron BA.1,Community,1.1024638390828865,2021-09-21,16,Traveler weight (travel hubs),Strategies (per capita),70%,P11-R,fig_3e,P11-R^0,10,1.0862
2021-10-07,ZA,400,Omicron BA.1,Community,1.1024638390828865,2021-09-21,16,Traveler weight (travel hubs),Strategies (per capita),90%,P7-R,fig_3e,P7-R^0,10,1.0853
2021-10-07,ZA,400,Omicron BA.1,Community,1.1024638390828865,2021-09-21,16,Traveler weight (travel hubs),Strategies (per capita),90%,P11-R,fig_3e,P11-R^0,10,1.0844
2021-10-07,ZA,400,Omicron BA.1,Community,1.1024638390828865,2021-09-21,16,Traveler weight (travel hubs),Strategies (per capita),100%,P7-R,fig_3e,P7-R^0,10,1.0849
2021-10-07,ZA,400,Omicron BA.1,Community,1.1024638390828865,2021-09-21,16,Traveler weight (travel hubs),Strategies (per capita),100%,P11-R,fig_3e,P11-R^0,10,1.0815
2021-10-05,ZA,401,Omicron BA.1,Community,1.1080852566757249,2021-09-21,14,Traveler weight (travel hubs),Strategies (per capita),50%,P7-R,fig_3e,P7-R^0,10,1.092
2021-10-05,ZA,401,Omicron BA.1,Community,1.1080852566757249,2021-09-21,14,Traveler weight (travel hubs),Strategies (per capita),50%,P11-R,fig_3e,P11-R^0,10,1.0899
2021-10-05,ZA,401,Omicron BA.1,Community,1.1080852566757249,2021-09-21,14,Traveler weight (travel hubs),Strategies (per capita),70%,P7-R,fig_3e,P7-R^0,10,1.0883
2021-10-05,ZA,401,Omicron BA.1,Community,1.1080852566757249,2021-09-21,14,Traveler weight (travel hubs),Strategies (per capita),70%,P11-R,fig_3e,P11-R^0,10,1.0862
2021-10-05,ZA,401,Omicron BA.1,Community,1.1080852566757249,2021-09-21,14,Traveler weight (travel hubs),Strategies (per capita),90%,P7-R,fig_3e,P7-R^0,10,1.0853
2021-10-05,ZA,401,Omicron BA.1,Community,1.1080852566757249,2021-09-21,14,Traveler weight (travel hubs),Strategies (per capita),90%,P11-R,fig_3e,P11-R^0,10,1.0844
2021-10-05,ZA,401,Omicron BA.1,Community,1.1080852566757249,2021-09-21,14,Traveler weight (travel hubs),Strategies (per capita),100%,P7-R,fig_3e,P7-R^0,10,1.0849
2021-10-05,ZA,401,Omicron BA.1,Community,1.1080852566757249,2021-09-21,14,Traveler weight (travel hubs),Strategies (per capita),100%,P11-R,fig_3e,P11-R^0,10,1.0815
2021-10-01,ZA,402,Omicron BA.1,Community,1.0651478837970232,2021-09-21,10,Traveler weight (travel hubs),Strategies (per capita),50%,P7-R,fig_3e,P7-R^0,10,1.092
2021-10-01,ZA,402,Omicron BA.1,Community,1.0651478837970232,2021-09-21,10,Traveler weight (travel hubs),Strategies (per capita),50%,P11-R,fig_3e,P11-R^0,10,1.0899
2021-10-01,ZA,402,Omicron BA.1,Community,1.0651478837970232,2021-09-21,10,Traveler weight (travel hubs),Strategies (per capita),70%,P7-R,fig_3e,P7-R^0,10,1.0883
2021-10-01,ZA,402,Omicron BA.1,Community,1.0651478837970232,2021-09-21,10,Traveler weight (travel hubs),Strategies (per capita),70%,P11-R,fig_3e,P11-R^0,10,1.0862
2021-10-01,ZA,402,Omicron BA.1,Community,1.0651478837970232,2021-09-21,10,Traveler weight (travel hubs),Strategies (per capita),90%,P7-R,fig_3e,P7-R^0,10,1.0853
2021-10-01,ZA,402,Omicron BA.1,Community,1.0651478837970232,2021-09-21,10,Traveler weight (travel hubs),Strategies (per capita),90%,P11-R,fig_3e,P11-R^0,10,1.0844
2021-10-01,ZA,402,Omicron BA.1,Community,1.0651478837970232,2021-09-21,10,Traveler weight (travel hubs),Strategies (per capita),100%,P7-R,fig_3e,P7-R^0,10,1.0849
2021-10-01,ZA,402,Omicron BA.1,Community,1.0651478837970232,2021-09-21,10,Traveler weight (travel hubs),Strategies (per capita),100%,P11-R,fig_3e,P11-R^0,10,1.0815
2021-10-05,ZA,403,Omicron BA.1,Community,1.6238250353427128,2021-09-21,14,Traveler weight (travel hubs),Strategies (per capita),50%,P7-R,fig_3e,P7-R^0,10,1.092
2021-10-05,ZA,403,Omicron BA.1,Community,1.6238250353427128,2021-09-21,14,Traveler weight (travel hubs),Strategies (per capita),50%,P11-R,fig_3e,P11-R^0,10,1.0899
2021-10-05,ZA,403,Omicron BA.1,Community,1.6238250353427128,2021-09-21,14,Traveler weight (travel hubs),Strategies (per capita),70%,P7-R,fig_3e,P7-R^0,10,1.0883
2021-10-05,ZA,403,Omicron BA.1,Community,1.6238250353427128,2021-09-21,14,Traveler weight (travel hubs),Strategies (per capita),70%,P11-R,fig_3e,P11-R^0,10,1.0862
2021-10-05,ZA,403,Omicron BA.1,Community,1.6238250353427128,2021-09-21,14,Traveler weight (travel hubs),Strategies (per capita),90%,P7-R,fig_3e,P7-R^0,10,1.0853
2021-10-05,ZA,403,Omicron BA.1,Community,1.6238250353427128,2021-09-21,14,Traveler weight (travel hubs),Strategies (per capita),90%,P11-R,fig_3e,P11-R^0,10,1.0844
2021-10-05,ZA,403,Omicron BA.1,Community,1.6238250353427128,2021-09-21,14,Traveler weight (travel hubs),Strategies (per capita),100%,P7-R,fig_3e,P7-R^0,10,1.0849
2021-10-05,ZA,403,Omicron BA.1,Community,1.6238250353427128,2021-09-21,14,Traveler weight (travel hubs),Strategies (per capita),100%,P11-R,fig_3e,P11-R^0,10,1.0815
2021-09-29,GB,404,Omicron BA.1,Imported,1,2021-09-21,8,Traveler weight (travel hubs),Strategies (per capita),50%,P7-R,fig_3e,P7-R^0,10,1.092
2021-09-29,GB,404,Omicron BA.1,Imported,1,2021-09-21,8,Traveler weight (travel hubs),Strategies (per capita),50%,P11-R,fig_3e,P11-R^0,10,1.0899
2021-09-29,GB,404,Omicron BA.1,Imported,1,2021-09-21,8,Traveler weight (travel hubs),Strategies (per capita),70%,P7-R,fig_3e,P7-R^0,10,1.0883
2021-09-29,GB,404,Omicron BA.1,Imported,1,2021-09-21,8,Traveler weight (travel hubs),Strategies (per capita),70%,P11-R,fig_3e,P11-R^0,10,1.0862
2021-09-29,GB,404,Omicron BA.1,Imported,1,2021-09-21,8,Traveler weight (travel hubs),Strategies (per capita),90%,P7-R,fig_3e,P7-R^0,10,1.0853
2021-09-29,GB,404,Omicron BA.1,Imported,1,2021-09-21,8,Traveler weight (travel hubs),Strategies (per capita),90%,P11-R,fig_3e,P11-R^0,10,1.0844
2021-09-29,GB,404,Omicron BA.1,Imported,1,2021-09-21,8,Traveler weight (travel hubs),Strategies (per capita),100%,P7-R,fig_3e,P7-R^0,10,1.0849
2021-09-29,GB,404,Omicron BA.1,Imported,1,2021-09-21,8,Traveler weight (travel hubs),Strategies (per capita),100%,P11-R,fig_3e,P11-R^0,10,1.0815
2021-10-01,ZA,405,Omicron BA.1,Community,1.1541689897314686,2021-09-21,10,Traveler weight (travel hubs),Strategies (per capita),50%,P7-R,fig_3e,P7-R^0,10,1.092
2021-10-01,ZA,405,Omicron BA.1,Community,1.1541689897314686,2021-09-21,10,Traveler weight (travel hubs),Strategies (per capita),50%,P11-R,fig_3e,P11-R^0,10,1.0899
2021-10-01,ZA,405,Omicron BA.1,Community,1.1541689897314686,2021-09-21,10,Traveler weight (travel hubs),Strategies (per capita),70%,P7-R,fig_3e,P7-R^0,10,1.0883
2021-10-01,ZA,405,Omicron BA.1,Community,1.1541689897314686,2021-09-21,10,Traveler weight (travel hubs),Strategies (per capita),70%,P11-R,fig_3e,P11-R^0,10,1.0862
2021-10-01,ZA,405,Omicron BA.1,Community,1.1541689897314686,2021-09-21,10,Traveler weight (travel hubs),Strategies (per capita),90%,P7-R,fig_3e,P7-R^0,10,1.0853
2021-10-01,ZA,405,Omicron BA.1,Community,1.1541689897314686,2021-09-21,10,Traveler weight (travel hubs),Strategies (per capita),90%,P11-R,fig_3e,P11-R^0,10,1.0844
2021-10-01,ZA,405,Omicron BA.1,Community,1.1541689897314686,2021-09-21,10,Traveler weight (travel hubs),Strategies (per capita),100%,P7-R,fig_3e,P7-R^0,10,1.0849
2021-10-01,ZA,405,Omicron BA.1,Community,1.1541689897314686,2021-09-21,10,Traveler weight (travel hubs),Strategies (per capita),100%,P11-R,fig_3e,P11-R^0,10,1.0815
2021-09-30,ZA,406,Omicron BA.1,Community,1.0672837621651772,2021-09-21,9,Traveler weight (travel hubs),Strategies (per capita),50%,P7-R,fig_3e,P7-R^0,10,1.092
2021-09-30,ZA,406,Omicron BA.1,Community,1.0672837621651772,2021-09-21,9,Traveler weight (travel hubs),Strategies (per capita),50%,P11-R,fig_3e,P11-R^0,10,1.0899
2021-09-30,ZA,406,Omicron BA.1,Community,1.0672837621651772,2021-09-21,9,Traveler weight (travel hubs),Strategies (per capita),70%,P7-R,fig_3e,P7-R^0,10,1.0883
2021-09-30,ZA,406,Omicron BA.1,Community,1.0672837621651772,2021-09-21,9,Traveler weight (travel hubs),Strategies (per capita),70%,P11-R,fig_3e,P11-R^0,10,1.0862
2021-09-30,ZA,406,Omicron BA.1,Community,1.0672837621651772,2021-09-21,9,Traveler weight (travel hubs),Strategies (per capita),90%,P7-R,fig_3e,P7-R^0,10,1.0853
2021-09-30,ZA,406,Omicron BA.1,Community,1.0672837621651772,2021-09-21,9,Traveler weight (travel hubs),Strategies (per capita),90%,P11-R,fig_3e,P11-R^0,10,1.0844
2021-09-30,ZA,406,Omicron BA.1,Community,1.0672837621651772,2021-09-21,9,Traveler weight (travel hubs),Strategies (per capita),100%,P7-R,fig_3e,P7-R^0,10,1.0849
2021-09-30,ZA,406,Omicron BA.1,Community,1.0672837621651772,2021-09-21,9,Traveler weight (travel hubs),Strategies (per capita),100%,P11-R,fig_3e,P11-R^0,10,1.0815
2021-10-02,ZA,407,Omicron BA.1,Community,1.1423318345618372,2021-09-21,11,Traveler weight (travel hubs),Strategies (per capita),50%,P7-R,fig_3e,P7-R^0,10,1.092
2021-10-02,ZA,407,Omicron BA.1,Community,1.1423318345618372,2021-09-21,11,Traveler weight (travel hubs),Strategies (per capita),50%,P11-R,fig_3e,P11-R^0,10,1.0899
2021-10-02,ZA,407,Omicron BA.1,Community,1.1423318345618372,2021-09-21,11,Traveler weight (travel hubs),Strategies (per capita),70%,P7-R,fig_3e,P7-R^0,10,1.0883
2021-10-02,ZA,407,Omicron BA.1,Community,1.1423318345618372,2021-09-21,11,Traveler weight (travel hubs),Strategies (per capita),70%,P11-R,fig_3e,P11-R^0,10,1.0862
2021-10-02,ZA,407,Omicron BA.1,Community,1.1423318345618372,2021-09-21,11,Traveler weight (travel hubs),Strategies (per capita),90%,P7-R,fig_3e,P7-R^0,10,1.0853
2021-10-02,ZA,407,Omicron BA.1,Community,1.1423318345618372,2021-09-21,11,Traveler weight (travel hubs),Strategies (per capita),90%,P11-R,fig_3e,P11-R^0,10,1.0844
2021-10-02,ZA,407,Omicron BA.1,Community,1.1423318345618372,2021-09-21,11,Traveler weight (travel hubs),Strategies (per capita),100%,P7-R,fig_3e,P7-R^0,10,1.0849
2021-10-02,ZA,407,Omicron BA.1,Community,1.1423318345618372,2021-09-21,11,Traveler weight (travel hubs),Strategies (per capita),100%,P11-R,fig_3e,P11-R^0,10,1.0815
2021-10-14,ZA,408,Omicron BA.1,Community,1.147955879584728,2021-09-21,23,Traveler weight (travel hubs),Strategies (per capita),50%,P7-R,fig_3e,P7-R^0,10,1.092
2021-10-14,ZA,408,Omicron BA.1,Community,1.147955879584728,2021-09-21,23,Traveler weight (travel hubs),Strategies (per capita),50%,P11-R,fig_3e,P11-R^0,10,1.0899
2021-10-14,ZA,408,Omicron BA.1,Community,1.147955879584728,2021-09-21,23,Traveler weight (travel hubs),Strategies (per capita),70%,P7-R,fig_3e,P7-R^0,10,1.0883
2021-10-14,ZA,408,Omicron BA.1,Community,1.147955879584728,2021-09-21,23,Traveler weight (travel hubs),Strategies (per capita),70%,P11-R,fig_3e,P11-R^0,10,1.0862
2021-10-14,ZA,408,Omicron BA.1,Community,1.147955879584728,2021-09-21,23,Traveler weight (travel hubs),Strategies (per capita),90%,P7-R,fig_3e,P7-R^0,10,1.0853
2021-10-14,ZA,408,Omicron BA.1,Community,1.147955879584728,2021-09-21,23,Traveler weight (travel hubs),Strategies (per capita),90%,P11-R,fig_3e,P11-R^0,10,1.0844
2021-10-14,ZA,408,Omicron BA.1,Community,1.147955879584728,2021-09-21,23,Traveler weight (travel hubs),Strategies (per capita),100%,P7-R,fig_3e,P7-R^0,10,1.0849
2021-10-14,ZA,408,Omicron BA.1,Community,1.147955879584728,2021-09-21,23,Traveler weight (travel hubs),Strategies (per capita),100%,P11-R,fig_3e,P11-R^0,10,1.0815
2021-09-29,ZA,409,Omicron BA.1,Community,1.1957330663197285,2021-09-21,8,Traveler weight (travel hubs),Strategies (per capita),50%,P7-R,fig_3e,P7-R^0,10,1.092
2021-09-29,ZA,409,Omicron BA.1,Community,1.1957330663197285,2021-09-21,8,Traveler weight (travel hubs),Strategies (per capita),50%,P11-R,fig_3e,P11-R^0,10,1.0899
2021-09-29,ZA,409,Omicron BA.1,Community,1.1957330663197285,2021-09-21,8,Traveler weight (travel hubs),Strategies (per capita),70%,P7-R,fig_3e,P7-R^0,10,1.0883
2021-09-29,ZA,409,Omicron BA.1,Community,1.1957330663197285,2021-09-21,8,Traveler weight (travel hubs),Strategies (per capita),70%,P11-R,fig_3e,P11-R^0,10,1.0862
2021-09-29,ZA,409,Omicron BA.1,Community,1.1957330663197285,2021-09-21,8,Traveler weight (travel hubs),Strategies (per capita),90%,P7-R,fig_3e,P7-R^0,10,1.0853
2021-09-29,ZA,409,Omicron BA.1,Community,1.1957330663197285,2021-09-21,8,Traveler weight (travel hubs),Strategies (per capita),90%,P11-R,fig_3e,P11-R^0,10,1.0844
2021-09-29,ZA,409,Omicron BA.1,Community,1.1957330663197285,2021-09-21,8,Traveler weight (travel hubs),Strategies (per capita),100%,P7-R,fig_3e,P7-R^0,10,1.0849
2021-09-29,ZA,409,Omicron BA.1,Community,1.1957330663197285,2021-09-21,8,Traveler weight (travel hubs),Strategies (per capita),100%,P11-R,fig_3e,P11-R^0,10,1.0815
2021-09-27,ZA,41,Omicron BA.1,Community,1.0706244604697037,2021-09-21,6,Traveler weight (travel hubs),Strategies (per capita),50%,P7-R,fig_3e,P7-R^0,10,1.092
2021-09-27,ZA,41,Omicron BA.1,Community,1.0706244604697037,2021-09-21,6,Traveler weight (travel hubs),Strategies (per capita),50%,P11-R,fig_3e,P11-R^0,10,1.0899
2021-09-27,ZA,41,Omicron BA.1,Community,1.0706244604697037,2021-09-21,6,Traveler weight (travel hubs),Strategies (per capita),70%,P7-R,fig_3e,P7-R^0,10,1.0883
2021-09-27,ZA,41,Omicron BA.1,Community,1.0706244604697037,2021-09-21,6,Traveler weight (travel hubs),Strategies (per capita),70%,P11-R,fig_3e,P11-R^0,10,1.0862
2021-09-27,ZA,41,Omicron BA.1,Community,1.0706244604697037,2021-09-21,6,Traveler weight (travel hubs),Strategies (per capita),90%,P7-R,fig_3e,P7-R^0,10,1.0853
2021-09-27,ZA,41,Omicron BA.1,Community,1.0706244604697037,2021-09-21,6,Traveler weight (travel hubs),Strategies (per capita),90%,P11-R,fig_3e,P11-R^0,10,1.0844
2021-09-27,ZA,41,Omicron BA.1,Community,1.0706244604697037,2021-09-21,6,Traveler weight (travel hubs),Strategies (per capita),100%,P7-R,fig_3e,P7-R^0,10,1.0849
2021-09-27,ZA,41,Omicron BA.1,Community,1.0706244604697037,2021-09-21,6,Traveler weight (travel hubs),Strategies (per capita),100%,P11-R,fig_3e,P11-R^0,10,1.0815
2021-09-29,ZA,410,Omicron BA.1,Community,1.1325743815275497,2021-09-21,8,Traveler weight (travel hubs),Strategies (per capita),50%,P7-R,fig_3e,P7-R^0,10,1.092
2021-09-29,ZA,410,Omicron BA.1,Community,1.1325743815275497,2021-09-21,8,Traveler weight (travel hubs),Strategies (per capita),50%,P11-R,fig_3e,P11-R^0,10,1.0899
2021-09-29,ZA,410,Omicron BA.1,Community,1.1325743815275497,2021-09-21,8,Traveler weight (travel hubs),Strategies (per capita),70%,P7-R,fig_3e,P7-R^0,10,1.0883
2021-09-29,ZA,410,Omicron BA.1,Community,1.1325743815275497,2021-09-21,8,Traveler weight (travel hubs),Strategies (per capita),70%,P11-R,fig_3e,P11-R^0,10,1.0862
2021-09-29,ZA,410,Omicron BA.1,Community,1.1325743815275497,2021-09-21,8,Traveler weight (travel hubs),Strategies (per capita),90%,P7-R,fig_3e,P7-R^0,10,1.0853
2021-09-29,ZA,410,Omicron BA.1,Community,1.1325743815275497,2021-09-21,8,Traveler weight (travel hubs),Strategies (per capita),90%,P11-R,fig_3e,P11-R^0,10,1.0844
2021-09-29,ZA,410,Omicron BA.1,Community,1.1325743815275497,2021-09-21,8,Traveler weight (travel hubs),Strategies (per capita),100%,P7-R,fig_3e,P7-R^0,10,1.0849
2021-09-29,ZA,410,Omicron BA.1,Community,1.1325743815275497,2021-09-21,8,Traveler weight (travel hubs),Strategies (per capita),100%,P11-R,fig_3e,P11-R^0,10,1.0815
2021-09-26,ZA,411,Omicron BA.1,Community,1.0499525943331378,2021-09-21,5,Traveler weight (travel hubs),Strategies (per capita),50%,P7-R,fig_3e,P7-R^0,10,1.092
2021-09-26,ZA,411,Omicron BA.1,Community,1.0499525943331378,2021-09-21,5,Traveler weight (travel hubs),Strategies (per capita),50%,P11-R,fig_3e,P11-R^0,10,1.0899
2021-09-26,ZA,411,Omicron BA.1,Community,1.0499525943331378,2021-09-21,5,Traveler weight (travel hubs),Strategies (per capita),70%,P7-R,fig_3e,P7-R^0,10,1.0883
2021-09-26,ZA,411,Omicron BA.1,Community,1.0499525943331378,2021-09-21,5,Traveler weight (travel hubs),Strategies (per capita),70%,P11-R,fig_3e,P11-R^0,10,1.0862
2021-09-26,ZA,411,Omicron BA.1,Community,1.0499525943331378,2021-09-21,5,Traveler weight (travel hubs),Strategies (per capita),90%,P7-R,fig_3e,P7-R^0,10,1.0853
2021-09-26,ZA,411,Omicron BA.1,Community,1.0499525943331378,2021-09-21,5,Traveler weight (travel hubs),Strategies (per capita),90%,P11-R,fig_3e,P11-R^0,10,1.0844
2021-09-26,ZA,411,Omicron BA.1,Community,1.0499525943331378,2021-09-21,5,Traveler weight (travel hubs),Strategies (per capita),100%,P7-R,fig_3e,P7-R^0,10,1.0849
2021-09-26,ZA,411,Omicron BA.1,Community,1.0499525943331378,2021-09-21,5,Traveler weight (travel hubs),Strategies (per capita),100%,P11-R,fig_3e,P11-R^0,10,1.0815
2021-10-05,ZA,412,Omicron BA.1,Community,1.3842973557107647,2021-09-21,14,Traveler weight (travel hubs),Strategies (per capita),50%,P7-R,fig_3e,P7-R^0,10,1.092
2021-10-05,ZA,412,Omicron BA.1,Community,1.3842973557107647,2021-09-21,14,Traveler weight (travel hubs),Strategies (per capita),50%,P11-R,fig_3e,P11-R^0,10,1.0899
2021-10-05,ZA,412,Omicron BA.1,Community,1.3842973557107647,2021-09-21,14,Traveler weight (travel hubs),Strategies (per capita),70%,P7-R,fig_3e,P7-R^0,10,1.0883
2021-10-05,ZA,412,Omicron BA.1,Community,1.3842973557107647,2021-09-21,14,Traveler weight (travel hubs),Strategies (per capita),70%,P11-R,fig_3e,P11-R^0,10,1.0862
2021-10-05,ZA,412,Omicron BA.1,Community,1.3842973557107647,2021-09-21,14,Traveler weight (travel hubs),Strategies (per capita),90%,P7-R,fig_3e,P7-R^0,10,1.0853
2021-10-05,ZA,412,Omicron BA.1,Community,1.3842973557107647,2021-09-21,14,Traveler weight (travel hubs),Strategies (per capita),90%,P11-R,fig_3e,P11-R^0,10,1.0844
2021-10-05,ZA,412,Omicron BA.1,Community,1.3842973557107647,2021-09-21,14,Traveler weight (travel hubs),Strategies (per capita),100%,P7-R,fig_3e,P7-R^0,10,1.0849
2021-10-05,ZA,412,Omicron BA.1,Community,1.3842973557107647,2021-09-21,14,Traveler weight (travel hubs),Strategies (per capita),100%,P11-R,fig_3e,P11-R^0,10,1.0815
2021-10-05,ZA,413,Omicron BA.1,Community,1.1026904891164468,2021-09-21,14,Traveler weight (travel hubs),Strategies (per capita),50%,P7-R,fig_3e,P7-R^0,10,1.092
2021-10-05,ZA,413,Omicron BA.1,Community,1.1026904891164468,2021-09-21,14,Traveler weight (travel hubs),Strategies (per capita),50%,P11-R,fig_3e,P11-R^0,10,1.0899
2021-10-05,ZA,413,Omicron BA.1,Community,1.1026904891164468,2021-09-21,14,Traveler weight (travel hubs),Strategies (per capita),70%,P7-R,fig_3e,P7-R^0,10,1.0883
2021-10-05,ZA,413,Omicron BA.1,Community,1.1026904891164468,2021-09-21,14,Traveler weight (travel hubs),Strategies (per capita),70%,P11-R,fig_3e,P11-R^0,10,1.0862
2021-10-05,ZA,413,Omicron BA.1,Community,1.1026904891164468,2021-09-21,14,Traveler weight (travel hubs),Strategies (per capita),90%,P7-R,fig_3e,P7-R^0,10,1.0853
2021-10-05,ZA,413,Omicron BA.1,Community,1.1026904891164468,2021-09-21,14,Traveler weight (travel hubs),Strategies (per capita),90%,P11-R,fig_3e,P11-R^0,10,1.0844
2021-10-05,ZA,413,Omicron BA.1,Community,1.1026904891164468,2021-09-21,14,Traveler weight (travel hubs),Strategies (per capita),100%,P7-R,fig_3e,P7-R^0,10,1.0849
2021-10-05,ZA,413,Omicron BA.1,Community,1.1026904891164468,2021-09-21,14,Traveler weight (travel hubs),Strategies (per capita),100%,P11-R,fig_3e,P11-R^0,10,1.0815
2021-10-01,ZA,414,Omicron BA.1,Community,1.0972368870989746,2021-09-21,10,Traveler weight (travel hubs),Strategies (per capita),50%,P7-R,fig_3e,P7-R^0,10,1.092
2021-10-01,ZA,414,Omicron BA.1,Community,1.0972368870989746,2021-09-21,10,Traveler weight (travel hubs),Strategies (per capita),50%,P11-R,fig_3e,P11-R^0,10,1.0899
2021-10-01,ZA,414,Omicron BA.1,Community,1.0972368870989746,2021-09-21,10,Traveler weight (travel hubs),Strategies (per capita),70%,P7-R,fig_3e,P7-R^0,10,1.0883
2021-10-01,ZA,414,Omicron BA.1,Community,1.0972368870989746,2021-09-21,10,Traveler weight (travel hubs),Strategies (per capita),70%,P11-R,fig_3e,P11-R^0,10,1.0862
2021-10-01,ZA,414,Omicron BA.1,Community,1.0972368870989746,2021-09-21,10,Traveler weight (travel hubs),Strategies (per capita),90%,P7-R,fig_3e,P7-R^0,10,1.0853
2021-10-01,ZA,414,Omicron BA.1,Community,1.0972368870989746,2021-09-21,10,Traveler weight (travel hubs),Strategies (per capita),90%,P11-R,fig_3e,P11-R^0,10,1.0844
2021-10-01,ZA,414,Omicron BA.1,Community,1.0972368870989746,2021-09-21,10,Traveler weight (travel hubs),Strategies (per capita),100%,P7-R,fig_3e,P7-R^0,10,1.0849
2021-10-01,ZA,414,Omicron BA.1,Community,1.0972368870989746,2021-09-21,10,Traveler weight (travel hubs),Strategies (per capita),100%,P11-R,fig_3e,P11-R^0,10,1.0815
2021-10-01,ZA,415,Omicron BA.1,Community,1.3756866254288085,2021-09-21,10,Traveler weight (travel hubs),Strategies (per capita),50%,P7-R,fig_3e,P7-R^0,10,1.092
2021-10-01,ZA,415,Omicron BA.1,Community,1.3756866254288085,2021-09-21,10,Traveler weight (travel hubs),Strategies (per capita),50%,P11-R,fig_3e,P11-R^0,10,1.0899
2021-10-01,ZA,415,Omicron BA.1,Community,1.3756866254288085,2021-09-21,10,Traveler weight (travel hubs),Strategies (per capita),70%,P7-R,fig_3e,P7-R^0,10,1.0883
2021-10-01,ZA,415,Omicron BA.1,Community,1.3756866254288085,2021-09-21,10,Traveler weight (travel hubs),Strategies (per capita),70%,P11-R,fig_3e,P11-R^0,10,1.0862
2021-10-01,ZA,415,Omicron BA.1,Community,1.3756866254288085,2021-09-21,10,Traveler weight (travel hubs),Strategies (per capita),90%,P7-R,fig_3e,P7-R^0,10,1.0853
2021-10-01,ZA,415,Omicron BA.1,Community,1.3756866254288085,2021-09-21,10,Traveler weight (travel hubs),Strategies (per capita),90%,P11-R,fig_3e,P11-R^0,10,1.0844
2021-10-01,ZA,415,Omicron BA.1,Community,1.3756866254288085,2021-09-21,10,Traveler weight (travel hubs),Strategies (per capita),100%,P7-R,fig_3e,P7-R^0,10,1.0849
2021-10-01,ZA,415,Omicron BA.1,Community,1.3756866254288085,2021-09-21,10,Traveler weight (travel hubs),Strategies (per capita),100%,P11-R,fig_3e,P11-R^0,10,1.0815
2021-09-26,GB,416,Omicron BA.1,Imported,1,2021-09-21,5,Traveler weight (travel hubs),Strategies (per capita),50%,P7-R,fig_3e,P7-R^0,10,1.092
2021-09-26,GB,416,Omicron BA.1,Imported,1,2021-09-21,5,Traveler weight (travel hubs),Strategies (per capita),50%,P11-R,fig_3e,P11-R^0,10,1.0899
2021-09-26,GB,416,Omicron BA.1,Imported,1,2021-09-21,5,Traveler weight (travel hubs),Strategies (per capita),70%,P7-R,fig_3e,P7-R^0,10,1.0883
2021-09-26,GB,416,Omicron BA.1,Imported,1,2021-09-21,5,Traveler weight (travel hubs),Strategies (per capita),70%,P11-R,fig_3e,P11-R^0,10,1.0862
2021-09-26,GB,416,Omicron BA.1,Imported,1,2021-09-21,5,Traveler weight (travel hubs),Strategies (per capita),90%,P7-R,fig_3e,P7-R^0,10,1.0853
2021-09-26,GB,416,Omicron BA.1,Imported,1,2021-09-21,5,Traveler weight (travel hubs),Strategies (per capita),90%,P11-R,fig_3e,P11-R^0,10,1.0844
2021-09-26,GB,416,Omicron BA.1,Imported,1,2021-09-21,5,Traveler weight (travel hubs),Strategies (per capita),100%,P7-R,fig_3e,P7-R^0,10,1.0849
2021-09-26,GB,416,Omicron BA.1,Imported,1,2021-09-21,5,Traveler weight (travel hubs),Strategies (per capita),100%,P11-R,fig_3e,P11-R^0,10,1.0815
2021-10-01,ZA,417,Omicron BA.1,Community,1.1945390261436006,2021-09-21,10,Traveler weight (travel hubs),Strategies (per capita),50%,P7-R,fig_3e,P7-R^0,10,1.092
2021-10-01,ZA,417,Omicron BA.1,Community,1.1945390261436006,2021-09-21,10,Traveler weight (travel hubs),Strategies (per capita),50%,P11-R,fig_3e,P11-R^0,10,1.0899
2021-10-01,ZA,417,Omicron BA.1,Community,1.1945390261436006,2021-09-21,10,Traveler weight (travel hubs),Strategies (per capita),70%,P7-R,fig_3e,P7-R^0,10,1.0883
2021-10-01,ZA,417,Omicron BA.1,Community,1.1945390261436006,2021-09-21,10,Traveler weight (travel hubs),Strategies (per capita),70%,P11-R,fig_3e,P11-R^0,10,1.0862
2021-10-01,ZA,417,Omicron BA.1,Community,1.1945390261436006,2021-09-21,10,Traveler weight (travel hubs),Strategies (per capita),90%,P7-R,fig_3e,P7-R^0,10,1.0853
2021-10-01,ZA,417,Omicron BA.1,Community,1.1945390261436006,2021-09-21,10,Traveler weight (travel hubs),Strategies (per capita),90%,P11-R,fig_3e,P11-R^0,10,1.0844
2021-10-01,ZA,417,Omicron BA.1,Community,1.1945390261436006,2021-09-21,10,Traveler weight (travel hubs),Strategies (per capita),100%,P7-R,fig_3e,P7-R^0,10,1.0849
2021-10-01,ZA,417,Omicron BA.1,Community,1.1945390261436006,2021-09-21,10,Traveler weight (travel hubs),Strategies (per capita),100%,P11-R,fig_3e,P11-R^0,10,1.0815
2021-10-06,ZA,418,Omicron BA.1,Community,1.001452634470987,2021-09-21,15,Traveler weight (travel hubs),Strategies (per capita),50%,P7-R,fig_3e,P7-R^0,10,1.092
2021-10-06,ZA,418,Omicron BA.1,Community,1.001452634470987,2021-09-21,15,Traveler weight (travel hubs),Strategies (per capita),50%,P11-R,fig_3e,P11-R^0,10,1.0899
2021-10-06,ZA,418,Omicron BA.1,Community,1.001452634470987,2021-09-21,15,Traveler weight (travel hubs),Strategies (per capita),70%,P7-R,fig_3e,P7-R^0,10,1.0883
2021-10-06,ZA,418,Omicron BA.1,Community,1.001452634470987,2021-09-21,15,Traveler weight (travel hubs),Strategies (per capita),70%,P11-R,fig_3e,P11-R^0,10,1.0862
2021-10-06,ZA,418,Omicron BA.1,Community,1.001452634470987,2021-09-21,15,Traveler weight (travel hubs),Strategies (per capita),90%,P7-R,fig_3e,P7-R^0,10,1.0853
2021-10-06,ZA,418,Omicron BA.1,Community,1.001452634470987,2021-09-21,15,Traveler weight (travel hubs),Strategies (per capita),90%,P11-R,fig_3e,P11-R^0,10,1.0844
2021-10-06,ZA,418,Omicron BA.1,Community,1.001452634470987,2021-09-21,15,Traveler weight (travel hubs),Strategies (per capita),100%,P7-R,fig_3e,P7-R^0,10,1.0849
2021-10-06,ZA,418,Omicron BA.1,Community,1.001452634470987,2021-09-21,15,Traveler weight (travel hubs),Strategies (per capita),100%,P11-R,fig_3e,P11-R^0,10,1.0815
2021-10-03,ZA,419,Omicron BA.1,Community,1.114098809575421,2021-09-21,12,Traveler weight (travel hubs),Strategies (per capita),50%,P7-R,fig_3e,P7-R^0,10,1.092
2021-10-03,ZA,419,Omicron BA.1,Community,1.114098809575421,2021-09-21,12,Traveler weight (travel hubs),Strategies (per capita),50%,P11-R,fig_3e,P11-R^0,10,1.0899
2021-10-03,ZA,419,Omicron BA.1,Community,1.114098809575421,2021-09-21,12,Traveler weight (travel hubs),Strategies (per capita),70%,P7-R,fig_3e,P7-R^0,10,1.0883
2021-10-03,ZA,419,Omicron BA.1,Community,1.114098809575421,2021-09-21,12,Traveler weight (travel hubs),Strategies (per capita),70%,P11-R,fig_3e,P11-R^0,10,1.0862
2021-10-03,ZA,419,Omicron BA.1,Community,1.114098809575421,2021-09-21,12,Traveler weight (travel hubs),Strategies (per capita),90%,P7-R,fig_3e,P7-R^0,10,1.0853
2021-10-03,ZA,419,Omicron BA.1,Community,1.114098809575421,2021-09-21,12,Traveler weight (travel hubs),Strategies (per capita),90%,P11-R,fig_3e,P11-R^0,10,1.0844
2021-10-03,ZA,419,Omicron BA.1,Community,1.114098809575421,2021-09-21,12,Traveler weight (travel hubs),Strategies (per capita),100%,P7-R,fig_3e,P7-R^0,10,1.0849
2021-10-03,ZA,419,Omicron BA.1,Community,1.114098809575421,2021-09-21,12,Traveler weight (travel hubs),Strategies (per capita),100%,P11-R,fig_3e,P11-R^0,10,1.0815
2021-09-27,GB,42,Omicron BA.1,Imported,1,2021-09-21,6,Traveler weight (travel hubs),Strategies (per capita),50%,P7-R,fig_3e,P7-R^0,10,1.092
2021-09-27,GB,42,Omicron BA.1,Imported,1,2021-09-21,6,Traveler weight (travel hubs),Strategies (per capita),50%,P11-R,fig_3e,P11-R^0,10,1.0899
2021-09-27,GB,42,Omicron BA.1,Imported,1,2021-09-21,6,Traveler weight (travel hubs),Strategies (per capita),70%,P7-R,fig_3e,P7-R^0,10,1.0883
2021-09-27,GB,42,Omicron BA.1,Imported,1,2021-09-21,6,Traveler weight (travel hubs),Strategies (per capita),70%,P11-R,fig_3e,P11-R^0,10,1.0862
2021-09-27,GB,42,Omicron BA.1,Imported,1,2021-09-21,6,Traveler weight (travel hubs),Strategies (per capita),90%,P7-R,fig_3e,P7-R^0,10,1.0853
2021-09-27,GB,42,Omicron BA.1,Imported,1,2021-09-21,6,Traveler weight (travel hubs),Strategies (per capita),90%,P11-R,fig_3e,P11-R^0,10,1.0844
2021-09-27,GB,42,Omicron BA.1,Imported,1,2021-09-21,6,Traveler weight (travel hubs),Strategies (per capita),100%,P7-R,fig_3e,P7-R^0,10,1.0849
2021-09-27,GB,42,Omicron BA.1,Imported,1,2021-09-21,6,Traveler weight (travel hubs),Strategies (per capita),100%,P11-R,fig_3e,P11-R^0,10,1.0815
2021-09-29,ZA,420,Omicron BA.1,Community,1.0801205585645535,2021-09-21,8,Traveler weight (travel hubs),Strategies (per capita),50%,P7-R,fig_3e,P7-R^0,10,1.092
2021-09-29,ZA,420,Omicron BA.1,Community,1.0801205585645535,2021-09-21,8,Traveler weight (travel hubs),Strategies (per capita),50%,P11-R,fig_3e,P11-R^0,10,1.0899
2021-09-29,ZA,420,Omicron BA.1,Community,1.0801205585645535,2021-09-21,8,Traveler weight (travel hubs),Strategies (per capita),70%,P7-R,fig_3e,P7-R^0,10,1.0883
2021-09-29,ZA,420,Omicron BA.1,Community,1.0801205585645535,2021-09-21,8,Traveler weight (travel hubs),Strategies (per capita),70%,P11-R,fig_3e,P11-R^0,10,1.0862
2021-09-29,ZA,420,Omicron BA.1,Community,1.0801205585645535,2021-09-21,8,Traveler weight (travel hubs),Strategies (per capita),90%,P7-R,fig_3e,P7-R^0,10,1.0853
2021-09-29,ZA,420,Omicron BA.1,Community,1.0801205585645535,2021-09-21,8,Traveler weight (travel hubs),Strategies (per capita),90%,P11-R,fig_3e,P11-R^0,10,1.0844
2021-09-29,ZA,420,Omicron BA.1,Community,1.0801205585645535,2021-09-21,8,Traveler weight (travel hubs),Strategies (per capita),100%,P7-R,fig_3e,P7-R^0,10,1.0849
2021-09-29,ZA,420,Omicron BA.1,Community,1.0801205585645535,2021-09-21,8,Traveler weight (travel hubs),Strategies (per capita),100%,P11-R,fig_3e,P11-R^0,10,1.0815
2021-10-01,ZA,421,Omicron BA.1,Community,1.1634851519804221,2021-09-21,10,Traveler weight (travel hubs),Strategies (per capita),50%,P7-R,fig_3e,P7-R^0,10,1.092
2021-10-01,ZA,421,Omicron BA.1,Community,1.1634851519804221,2021-09-21,10,Traveler weight (travel hubs),Strategies (per capita),50%,P11-R,fig_3e,P11-R^0,10,1.0899
2021-10-01,ZA,421,Omicron BA.1,Community,1.1634851519804221,2021-09-21,10,Traveler weight (travel hubs),Strategies (per capita),70%,P7-R,fig_3e,P7-R^0,10,1.0883
2021-10-01,ZA,421,Omicron BA.1,Community,1.1634851519804221,2021-09-21,10,Traveler weight (travel hubs),Strategies (per capita),70%,P11-R,fig_3e,P11-R^0,10,1.0862
2021-10-01,ZA,421,Omicron BA.1,Community,1.1634851519804221,2021-09-21,10,Traveler weight (travel hubs),Strategies (per capita),90%,P7-R,fig_3e,P7-R^0,10,1.0853
2021-10-01,ZA,421,Omicron BA.1,Community,1.1634851519804221,2021-09-21,10,Traveler weight (travel hubs),Strategies (per capita),90%,P11-R,fig_3e,P11-R^0,10,1.0844
2021-10-01,ZA,421,Omicron BA.1,Community,1.1634851519804221,2021-09-21,10,Traveler weight (travel hubs),Strategies (per capita),100%,P7-R,fig_3e,P7-R^0,10,1.0849
2021-10-01,ZA,421,Omicron BA.1,Community,1.1634851519804221,2021-09-21,10,Traveler weight (travel hubs),Strategies (per capita),100%,P11-R,fig_3e,P11-R^0,10,1.0815
2021-10-07,ZA,422,Omicron BA.1,Community,1.5692003548989994,2021-09-21,16,Traveler weight (travel hubs),Strategies (per capita),50%,P7-R,fig_3e,P7-R^0,10,1.092
2021-10-07,ZA,422,Omicron BA.1,Community,1.5692003548989994,2021-09-21,16,Traveler weight (travel hubs),Strategies (per capita),50%,P11-R,fig_3e,P11-R^0,10,1.0899
2021-10-07,ZA,422,Omicron BA.1,Community,1.5692003548989994,2021-09-21,16,Traveler weight (travel hubs),Strategies (per capita),70%,P7-R,fig_3e,P7-R^0,10,1.0883
2021-10-07,ZA,422,Omicron BA.1,Community,1.5692003548989994,2021-09-21,16,Traveler weight (travel hubs),Strategies (per capita),70%,P11-R,fig_3e,P11-R^0,10,1.0862
2021-10-07,ZA,422,Omicron BA.1,Community,1.5692003548989994,2021-09-21,16,Traveler weight (travel hubs),Strategies (per capita),90%,P7-R,fig_3e,P7-R^0,10,1.0853
2021-10-07,ZA,422,Omicron BA.1,Community,1.5692003548989994,2021-09-21,16,Traveler weight (travel hubs),Strategies (per capita),90%,P11-R,fig_3e,P11-R^0,10,1.0844
2021-10-07,ZA,422,Omicron BA.1,Community,1.5692003548989994,2021-09-21,16,Traveler weight (travel hubs),Strategies (per capita),100%,P7-R,fig_3e,P7-R^0,10,1.0849
2021-10-07,ZA,422,Omicron BA.1,Community,1.5692003548989994,2021-09-21,16,Traveler weight (travel hubs),Strategies (per capita),100%,P11-R,fig_3e,P11-R^0,10,1.0815
2021-09-29,ZA,423,Omicron BA.1,Community,1.0769091000157986,2021-09-21,8,Traveler weight (travel hubs),Strategies (per capita),50%,P7-R,fig_3e,P7-R^0,10,1.092
2021-09-29,ZA,423,Omicron BA.1,Community,1.0769091000157986,2021-09-21,8,Traveler weight (travel hubs),Strategies (per capita),50%,P11-R,fig_3e,P11-R^0,10,1.0899
2021-09-29,ZA,423,Omicron BA.1,Community,1.0769091000157986,2021-09-21,8,Traveler weight (travel hubs),Strategies (per capita),70%,P7-R,fig_3e,P7-R^0,10,1.0883
2021-09-29,ZA,423,Omicron BA.1,Community,1.0769091000157986,2021-09-21,8,Traveler weight (travel hubs),Strategies (per capita),70%,P11-R,fig_3e,P11-R^0,10,1.0862
2021-09-29,ZA,423,Omicron BA.1,Community,1.0769091000157986,2021-09-21,8,Traveler weight (travel hubs),Strategies (per capita),90%,P7-R,fig_3e,P7-R^0,10,1.0853
2021-09-29,ZA,423,Omicron BA.1,Community,1.0769091000157986,2021-09-21,8,Traveler weight (travel hubs),Strategies (per capita),90%,P11-R,fig_3e,P11-R^0,10,1.0844
2021-09-29,ZA,423,Omicron BA.1,Community,1.0769091000157986,2021-09-21,8,Traveler weight (travel hubs),Strategies (per capita),100%,P7-R,fig_3e,P7-R^0,10,1.0849
2021-09-29,ZA,423,Omicron BA.1,Community,1.0769091000157986,2021-09-21,8,Traveler weight (travel hubs),Strategies (per capita),100%,P11-R,fig_3e,P11-R^0,10,1.0815
2021-09-30,GB,424,Omicron BA.1,Imported,1,2021-09-21,9,Traveler weight (travel hubs),Strategies (per capita),50%,P7-R,fig_3e,P7-R^0,10,1.092
2021-09-30,GB,424,Omicron BA.1,Imported,1,2021-09-21,9,Traveler weight (travel hubs),Strategies (per capita),50%,P11-R,fig_3e,P11-R^0,10,1.0899
2021-09-30,GB,424,Omicron BA.1,Imported,1,2021-09-21,9,Traveler weight (travel hubs),Strategies (per capita),70%,P7-R,fig_3e,P7-R^0,10,1.0883
2021-09-30,GB,424,Omicron BA.1,Imported,1,2021-09-21,9,Traveler weight (travel hubs),Strategies (per capita),70%,P11-R,fig_3e,P11-R^0,10,1.0862
2021-09-30,GB,424,Omicron BA.1,Imported,1,2021-09-21,9,Traveler weight (travel hubs),Strategies (per capita),90%,P7-R,fig_3e,P7-R^0,10,1.0853
2021-09-30,GB,424,Omicron BA.1,Imported,1,2021-09-21,9,Traveler weight (travel hubs),Strategies (per capita),90%,P11-R,fig_3e,P11-R^0,10,1.0844
2021-09-30,GB,424,Omicron BA.1,Imported,1,2021-09-21,9,Traveler weight (travel hubs),Strategies (per capita),100%,P7-R,fig_3e,P7-R^0,10,1.0849
2021-09-30,GB,424,Omicron BA.1,Imported,1,2021-09-21,9,Traveler weight (travel hubs),Strategies (per capita),100%,P11-R,fig_3e,P11-R^0,10,1.0815
2021-10-01,ZA,425,Omicron BA.1,Community,1.2400847082495956,2021-09-21,10,Traveler weight (travel hubs),Strategies (per capita),50%,P7-R,fig_3e,P7-R^0,10,1.092
2021-10-01,ZA,425,Omicron BA.1,Community,1.2400847082495956,2021-09-21,10,Traveler weight (travel hubs),Strategies (per capita),50%,P11-R,fig_3e,P11-R^0,10,1.0899
2021-10-01,ZA,425,Omicron BA.1,Community,1.2400847082495956,2021-09-21,10,Traveler weight (travel hubs),Strategies (per capita),70%,P7-R,fig_3e,P7-R^0,10,1.0883
2021-10-01,ZA,425,Omicron BA.1,Community,1.2400847082495956,2021-09-21,10,Traveler weight (travel hubs),Strategies (per capita),70%,P11-R,fig_3e,P11-R^0,10,1.0862
2021-10-01,ZA,425,Omicron BA.1,Community,1.2400847082495956,2021-09-21,10,Traveler weight (travel hubs),Strategies (per capita),90%,P7-R,fig_3e,P7-R^0,10,1.0853
2021-10-01,ZA,425,Omicron BA.1,Community,1.2400847082495956,2021-09-21,10,Traveler weight (travel hubs),Strategies (per capita),90%,P11-R,fig_3e,P11-R^0,10,1.0844
2021-10-01,ZA,425,Omicron BA.1,Community,1.2400847082495956,2021-09-21,10,Traveler weight (travel hubs),Strategies (per capita),100%,P7-R,fig_3e,P7-R^0,10,1.0849
2021-10-01,ZA,425,Omicron BA.1,Community,1.2400847082495956,2021-09-21,10,Traveler weight (travel hubs),Strategies (per capita),100%,P11-R,fig_3e,P11-R^0,10,1.0815
2021-09-29,GB,426,Omicron BA.1,Imported,1,2021-09-21,8,Traveler weight (travel hubs),Strategies (per capita),50%,P7-R,fig_3e,P7-R^0,10,1.092
2021-09-29,GB,426,Omicron BA.1,Imported,1,2021-09-21,8,Traveler weight (travel hubs),Strategies (per capita),50%,P11-R,fig_3e,P11-R^0,10,1.0899
2021-09-29,GB,426,Omicron BA.1,Imported,1,2021-09-21,8,Traveler weight (travel hubs),Strategies (per capita),70%,P7-R,fig_3e,P7-R^0,10,1.0883
2021-09-29,GB,426,Omicron BA.1,Imported,1,2021-09-21,8,Traveler weight (travel hubs),Strategies (per capita),70%,P11-R,fig_3e,P11-R^0,10,1.0862
2021-09-29,GB,426,Omicron BA.1,Imported,1,2021-09-21,8,Traveler weight (travel hubs),Strategies (per capita),90%,P7-R,fig_3e,P7-R^0,10,1.0853
2021-09-29,GB,426,Omicron BA.1,Imported,1,2021-09-21,8,Traveler weight (travel hubs),Strategies (per capita),90%,P11-R,fig_3e,P11-R^0,10,1.0844
2021-09-29,GB,426,Omicron BA.1,Imported,1,2021-09-21,8,Traveler weight (travel hubs),Strategies (per capita),100%,P7-R,fig_3e,P7-R^0,10,1.0849
2021-09-29,GB,426,Omicron BA.1,Imported,1,2021-09-21,8,Traveler weight (travel hubs),Strategies (per capita),100%,P11-R,fig_3e,P11-R^0,10,1.0815
2021-10-07,ZA,427,Omicron BA.1,Community,1.0742987045077763,2021-09-21,16,Traveler weight (travel hubs),Strategies (per capita),50%,P7-R,fig_3e,P7-R^0,10,1.092
2021-10-07,ZA,427,Omicron BA.1,Community,1.0742987045077763,2021-09-21,16,Traveler weight (travel hubs),Strategies (per capita),50%,P11-R,fig_3e,P11-R^0,10,1.0899
2021-09-30,GB,427,Omicron BA.1,Imported,1,2021-09-21,9,Traveler weight (travel hubs),Strategies (per capita),70%,P7-R,fig_3e,P7-R^0,10,1.0883
2021-09-30,GB,427,Omicron BA.1,Imported,1,2021-09-21,9,Traveler weight (travel hubs),Strategies (per capita),70%,P11-R,fig_3e,P11-R^0,10,1.0862
2021-09-30,GB,427,Omicron BA.1,Imported,1,2021-09-21,9,Traveler weight (travel hubs),Strategies (per capita),90%,P7-R,fig_3e,P7-R^0,10,1.0853
2021-09-30,GB,427,Omicron BA.1,Imported,1,2021-09-21,9,Traveler weight (travel hubs),Strategies (per capita),90%,P11-R,fig_3e,P11-R^0,10,1.0844
2021-09-30,GB,427,Omicron BA.1,Imported,1,2021-09-21,9,Traveler weight (travel hubs),Strategies (per capita),100%,P7-R,fig_3e,P7-R^0,10,1.0849
2021-09-30,GB,427,Omicron BA.1,Imported,1,2021-09-21,9,Traveler weight (travel hubs),Strategies (per capita),100%,P11-R,fig_3e,P11-R^0,10,1.0815
2021-10-01,ZA,428,Omicron BA.1,Community,1.2069605758088717,2021-09-21,10,Traveler weight (travel hubs),Strategies (per capita),50%,P7-R,fig_3e,P7-R^0,10,1.092
2021-10-01,ZA,428,Omicron BA.1,Community,1.2069605758088717,2021-09-21,10,Traveler weight (travel hubs),Strategies (per capita),50%,P11-R,fig_3e,P11-R^0,10,1.0899
2021-10-01,ZA,428,Omicron BA.1,Community,1.2069605758088717,2021-09-21,10,Traveler weight (travel hubs),Strategies (per capita),70%,P7-R,fig_3e,P7-R^0,10,1.0883
2021-10-01,ZA,428,Omicron BA.1,Community,1.2069605758088717,2021-09-21,10,Traveler weight (travel hubs),Strategies (per capita),70%,P11-R,fig_3e,P11-R^0,10,1.0862
2021-10-01,ZA,428,Omicron BA.1,Community,1.2069605758088717,2021-09-21,10,Traveler weight (travel hubs),Strategies (per capita),90%,P7-R,fig_3e,P7-R^0,10,1.0853
2021-10-01,ZA,428,Omicron BA.1,Community,1.2069605758088717,2021-09-21,10,Traveler weight (travel hubs),Strategies (per capita),90%,P11-R,fig_3e,P11-R^0,10,1.0844
2021-10-01,ZA,428,Omicron BA.1,Community,1.2069605758088717,2021-09-21,10,Traveler weight (travel hubs),Strategies (per capita),100%,P7-R,fig_3e,P7-R^0,10,1.0849
2021-10-01,ZA,428,Omicron BA.1,Community,1.2069605758088717,2021-09-21,10,Traveler weight (travel hubs),Strategies (per capita),100%,P11-R,fig_3e,P11-R^0,10,1.0815
2021-10-05,ZA,429,Omicron BA.1,Community,1.0088215335850075,2021-09-21,14,Traveler weight (travel hubs),Strategies (per capita),50%,P7-R,fig_3e,P7-R^0,10,1.092
2021-10-05,ZA,429,Omicron BA.1,Community,1.0088215335850075,2021-09-21,14,Traveler weight (travel hubs),Strategies (per capita),50%,P11-R,fig_3e,P11-R^0,10,1.0899
2021-10-05,ZA,429,Omicron BA.1,Community,1.0088215335850075,2021-09-21,14,Traveler weight (travel hubs),Strategies (per capita),70%,P7-R,fig_3e,P7-R^0,10,1.0883
2021-10-05,ZA,429,Omicron BA.1,Community,1.0088215335850075,2021-09-21,14,Traveler weight (travel hubs),Strategies (per capita),70%,P11-R,fig_3e,P11-R^0,10,1.0862
2021-10-05,ZA,429,Omicron BA.1,Community,1.0088215335850075,2021-09-21,14,Traveler weight (travel hubs),Strategies (per capita),90%,P7-R,fig_3e,P7-R^0,10,1.0853
2021-10-05,ZA,429,Omicron BA.1,Community,1.0088215335850075,2021-09-21,14,Traveler weight (travel hubs),Strategies (per capita),90%,P11-R,fig_3e,P11-R^0,10,1.0844
2021-10-05,ZA,429,Omicron BA.1,Community,1.0088215335850075,2021-09-21,14,Traveler weight (travel hubs),Strategies (per capita),100%,P7-R,fig_3e,P7-R^0,10,1.0849
2021-10-05,ZA,429,Omicron BA.1,Community,1.0088215335850075,2021-09-21,14,Traveler weight (travel hubs),Strategies (per capita),100%,P11-R,fig_3e,P11-R^0,10,1.0815
2021-10-01,GB,43,Omicron BA.1,Imported,1,2021-09-21,10,Traveler weight (travel hubs),Strategies (per capita),50%,P7-R,fig_3e,P7-R^0,10,1.092
2021-09-30,US,43,Omicron BA.1,Imported,1,2021-09-21,9,Traveler weight (travel hubs),Strategies (per capita),50%,P11-R,fig_3e,P11-R^0,10,1.0899
2021-10-01,GB,43,Omicron BA.1,Imported,1,2021-09-21,10,Traveler weight (travel hubs),Strategies (per capita),70%,P7-R,fig_3e,P7-R^0,10,1.0883
2021-09-30,US,43,Omicron BA.1,Imported,1,2021-09-21,9,Traveler weight (travel hubs),Strategies (per capita),70%,P11-R,fig_3e,P11-R^0,10,1.0862
2021-10-01,GB,43,Omicron BA.1,Imported,1,2021-09-21,10,Traveler weight (travel hubs),Strategies (per capita),90%,P7-R,fig_3e,P7-R^0,10,1.0853
2021-09-30,US,43,Omicron BA.1,Imported,1,2021-09-21,9,Traveler weight (travel hubs),Strategies (per capita),90%,P11-R,fig_3e,P11-R^0,10,1.0844
2021-10-01,GB,43,Omicron BA.1,Imported,1,2021-09-21,10,Traveler weight (travel hubs),Strategies (per capita),100%,P7-R,fig_3e,P7-R^0,10,1.0849
2021-09-30,US,43,Omicron BA.1,Imported,1,2021-09-21,9,Traveler weight (travel hubs),Strategies (per capita),100%,P11-R,fig_3e,P11-R^0,10,1.0815
2021-10-07,ZA,430,Omicron BA.1,Community,1.0796634920458927,2021-09-21,16,Traveler weight (travel hubs),Strategies (per capita),50%,P7-R,fig_3e,P7-R^0,10,1.092
2021-10-07,ZA,430,Omicron BA.1,Community,1.0796634920458927,2021-09-21,16,Traveler weight (travel hubs),Strategies (per capita),50%,P11-R,fig_3e,P11-R^0,10,1.0899
2021-10-07,ZA,430,Omicron BA.1,Community,1.0796634920458927,2021-09-21,16,Traveler weight (travel hubs),Strategies (per capita),70%,P7-R,fig_3e,P7-R^0,10,1.0883
2021-10-07,ZA,430,Omicron BA.1,Community,1.0796634920458927,2021-09-21,16,Traveler weight (travel hubs),Strategies (per capita),70%,P11-R,fig_3e,P11-R^0,10,1.0862
2021-10-07,ZA,430,Omicron BA.1,Community,1.0796634920458927,2021-09-21,16,Traveler weight (travel hubs),Strategies (per capita),90%,P7-R,fig_3e,P7-R^0,10,1.0853
2021-10-07,ZA,430,Omicron BA.1,Community,1.0796634920458927,2021-09-21,16,Traveler weight (travel hubs),Strategies (per capita),90%,P11-R,fig_3e,P11-R^0,10,1.0844
2021-10-07,ZA,430,Omicron BA.1,Community,1.0796634920458927,2021-09-21,16,Traveler weight (travel hubs),Strategies (per capita),100%,P7-R,fig_3e,P7-R^0,10,1.0849
2021-10-07,ZA,430,Omicron BA.1,Community,1.0796634920458927,2021-09-21,16,Traveler weight (travel hubs),Strategies (per capita),100%,P11-R,fig_3e,P11-R^0,10,1.0815
2021-10-01,ZA,431,Omicron BA.1,Community,1.4429700194490287,2021-09-21,10,Traveler weight (travel hubs),Strategies (per capita),50%,P7-R,fig_3e,P7-R^0,10,1.092
2021-10-01,ZA,431,Omicron BA.1,Community,1.4429700194490287,2021-09-21,10,Traveler weight (travel hubs),Strategies (per capita),50%,P11-R,fig_3e,P11-R^0,10,1.0899
2021-09-30,GB,431,Omicron BA.1,Imported,1,2021-09-21,9,Traveler weight (travel hubs),Strategies (per capita),70%,P7-R,fig_3e,P7-R^0,10,1.0883
2021-09-30,GB,431,Omicron BA.1,Imported,1,2021-09-21,9,Traveler weight (travel hubs),Strategies (per capita),70%,P11-R,fig_3e,P11-R^0,10,1.0862
2021-09-30,GB,431,Omicron BA.1,Imported,1,2021-09-21,9,Traveler weight (travel hubs),Strategies (per capita),90%,P7-R,fig_3e,P7-R^0,10,1.0853
2021-09-30,GB,431,Omicron BA.1,Imported,1,2021-09-21,9,Traveler weight (travel hubs),Strategies (per capita),90%,P11-R,fig_3e,P11-R^0,10,1.0844
2021-09-30,GB,431,Omicron BA.1,Imported,1,2021-09-21,9,Traveler weight (travel hubs),Strategies (per capita),100%,P7-R,fig_3e,P7-R^0,10,1.0849
2021-09-30,GB,431,Omicron BA.1,Imported,1,2021-09-21,9,Traveler weight (travel hubs),Strategies (per capita),100%,P11-R,fig_3e,P11-R^0,10,1.0815
2021-10-01,ZA,432,Omicron BA.1,Community,1.1065530493479279,2021-09-21,10,Traveler weight (travel hubs),Strategies (per capita),50%,P7-R,fig_3e,P7-R^0,10,1.092
2021-10-01,ZA,432,Omicron BA.1,Community,1.1065530493479279,2021-09-21,10,Traveler weight (travel hubs),Strategies (per capita),50%,P11-R,fig_3e,P11-R^0,10,1.0899
2021-10-01,ZA,432,Omicron BA.1,Community,1.1065530493479279,2021-09-21,10,Traveler weight (travel hubs),Strategies (per capita),70%,P7-R,fig_3e,P7-R^0,10,1.0883
2021-10-01,ZA,432,Omicron BA.1,Community,1.1065530493479279,2021-09-21,10,Traveler weight (travel hubs),Strategies (per capita),70%,P11-R,fig_3e,P11-R^0,10,1.0862
2021-10-01,ZA,432,Omicron BA.1,Community,1.1065530493479279,2021-09-21,10,Traveler weight (travel hubs),Strategies (per capita),90%,P7-R,fig_3e,P7-R^0,10,1.0853
2021-10-01,ZA,432,Omicron BA.1,Community,1.1065530493479279,2021-09-21,10,Traveler weight (travel hubs),Strategies (per capita),90%,P11-R,fig_3e,P11-R^0,10,1.0844
2021-10-01,ZA,432,Omicron BA.1,Community,1.1065530493479279,2021-09-21,10,Traveler weight (travel hubs),Strategies (per capita),100%,P7-R,fig_3e,P7-R^0,10,1.0849
2021-10-01,ZA,432,Omicron BA.1,Community,1.1065530493479279,2021-09-21,10,Traveler weight (travel hubs),Strategies (per capita),100%,P11-R,fig_3e,P11-R^0,10,1.0815
2021-10-01,ZA,433,Omicron BA.1,Community,1.054796592409297,2021-09-21,10,Traveler weight (travel hubs),Strategies (per capita),50%,P7-R,fig_3e,P7-R^0,10,1.092
2021-10-01,ZA,433,Omicron BA.1,Community,1.054796592409297,2021-09-21,10,Traveler weight (travel hubs),Strategies (per capita),50%,P11-R,fig_3e,P11-R^0,10,1.0899
2021-10-01,ZA,433,Omicron BA.1,Community,1.054796592409297,2021-09-21,10,Traveler weight (travel hubs),Strategies (per capita),70%,P7-R,fig_3e,P7-R^0,10,1.0883
2021-10-01,ZA,433,Omicron BA.1,Community,1.054796592409297,2021-09-21,10,Traveler weight (travel hubs),Strategies (per capita),70%,P11-R,fig_3e,P11-R^0,10,1.0862
2021-10-01,ZA,433,Omicron BA.1,Community,1.054796592409297,2021-09-21,10,Traveler weight (travel hubs),Strategies (per capita),90%,P7-R,fig_3e,P7-R^0,10,1.0853
2021-10-01,ZA,433,Omicron BA.1,Community,1.054796592409297,2021-09-21,10,Traveler weight (travel hubs),Strategies (per capita),90%,P11-R,fig_3e,P11-R^0,10,1.0844
2021-10-01,ZA,433,Omicron BA.1,Community,1.054796592409297,2021-09-21,10,Traveler weight (travel hubs),Strategies (per capita),100%,P7-R,fig_3e,P7-R^0,10,1.0849
2021-10-01,ZA,433,Omicron BA.1,Community,1.054796592409297,2021-09-21,10,Traveler weight (travel hubs),Strategies (per capita),100%,P11-R,fig_3e,P11-R^0,10,1.0815
2021-09-27,ZA,434,Omicron BA.1,Community,1.032033465499117,2021-09-21,6,Traveler weight (travel hubs),Strategies (per capita),50%,P7-R,fig_3e,P7-R^0,10,1.092
2021-09-27,ZA,434,Omicron BA.1,Community,1.032033465499117,2021-09-21,6,Traveler weight (travel hubs),Strategies (per capita),50%,P11-R,fig_3e,P11-R^0,10,1.0899
2021-09-27,ZA,434,Omicron BA.1,Community,1.032033465499117,2021-09-21,6,Traveler weight (travel hubs),Strategies (per capita),70%,P7-R,fig_3e,P7-R^0,10,1.0883
2021-09-27,ZA,434,Omicron BA.1,Community,1.032033465499117,2021-09-21,6,Traveler weight (travel hubs),Strategies (per capita),70%,P11-R,fig_3e,P11-R^0,10,1.0862
2021-09-27,ZA,434,Omicron BA.1,Community,1.032033465499117,2021-09-21,6,Traveler weight (travel hubs),Strategies (per capita),90%,P7-R,fig_3e,P7-R^0,10,1.0853
2021-09-27,ZA,434,Omicron BA.1,Community,1.032033465499117,2021-09-21,6,Traveler weight (travel hubs),Strategies (per capita),90%,P11-R,fig_3e,P11-R^0,10,1.0844
2021-09-27,ZA,434,Omicron BA.1,Community,1.032033465499117,2021-09-21,6,Traveler weight (travel hubs),Strategies (per capita),100%,P7-R,fig_3e,P7-R^0,10,1.0849
2021-09-27,ZA,434,Omicron BA.1,Community,1.032033465499117,2021-09-21,6,Traveler weight (travel hubs),Strategies (per capita),100%,P11-R,fig_3e,P11-R^0,10,1.0815
2021-10-09,ZA,435,Omicron BA.1,Community,1.030497423490001,2021-09-21,18,Traveler weight (travel hubs),Strategies (per capita),50%,P7-R,fig_3e,P7-R^0,10,1.092
2021-10-09,ZA,435,Omicron BA.1,Community,1.030497423490001,2021-09-21,18,Traveler weight (travel hubs),Strategies (per capita),50%,P11-R,fig_3e,P11-R^0,10,1.0899
2021-10-05,GB,435,Omicron BA.1,Imported,1,2021-09-21,14,Traveler weight (travel hubs),Strategies (per capita),70%,P7-R,fig_3e,P7-R^0,10,1.0883
2021-10-05,GB,435,Omicron BA.1,Imported,1,2021-09-21,14,Traveler weight (travel hubs),Strategies (per capita),70%,P11-R,fig_3e,P11-R^0,10,1.0862
2021-10-05,GB,435,Omicron BA.1,Imported,1,2021-09-21,14,Traveler weight (travel hubs),Strategies (per capita),90%,P7-R,fig_3e,P7-R^0,10,1.0853
2021-10-05,GB,435,Omicron BA.1,Imported,1,2021-09-21,14,Traveler weight (travel hubs),Strategies (per capita),90%,P11-R,fig_3e,P11-R^0,10,1.0844
2021-10-05,GB,435,Omicron BA.1,Imported,1,2021-09-21,14,Traveler weight (travel hubs),Strategies (per capita),100%,P7-R,fig_3e,P7-R^0,10,1.0849
2021-10-05,GB,435,Omicron BA.1,Imported,1,2021-09-21,14,Traveler weight (travel hubs),Strategies (per capita),100%,P11-R,fig_3e,P11-R^0,10,1.0815
2021-10-05,ZA,436,Omicron BA.1,Community,1.0206900222154192,2021-09-21,14,Traveler weight (travel hubs),Strategies (per capita),50%,P7-R,fig_3e,P7-R^0,10,1.092
2021-10-05,ZA,436,Omicron BA.1,Community,1.0206900222154192,2021-09-21,14,Traveler weight (travel hubs),Strategies (per capita),50%,P11-R,fig_3e,P11-R^0,10,1.0899
2021-10-05,ZA,436,Omicron BA.1,Community,1.0206900222154192,2021-09-21,14,Traveler weight (travel hubs),Strategies (per capita),70%,P7-R,fig_3e,P7-R^0,10,1.0883
2021-10-05,ZA,436,Omicron BA.1,Community,1.0206900222154192,2021-09-21,14,Traveler weight (travel hubs),Strategies (per capita),70%,P11-R,fig_3e,P11-R^0,10,1.0862
2021-10-05,ZA,436,Omicron BA.1,Community,1.0206900222154192,2021-09-21,14,Traveler weight (travel hubs),Strategies (per capita),90%,P7-R,fig_3e,P7-R^0,10,1.0853
2021-10-05,ZA,436,Omicron BA.1,Community,1.0206900222154192,2021-09-21,14,Traveler weight (travel hubs),Strategies (per capita),90%,P11-R,fig_3e,P11-R^0,10,1.0844
2021-10-05,ZA,436,Omicron BA.1,Community,1.0206900222154192,2021-09-21,14,Traveler weight (travel hubs),Strategies (per capita),100%,P7-R,fig_3e,P7-R^0,10,1.0849
2021-10-05,ZA,436,Omicron BA.1,Community,1.0206900222154192,2021-09-21,14,Traveler weight (travel hubs),Strategies (per capita),100%,P11-R,fig_3e,P11-R^0,10,1.0815
2021-10-06,ZA,437,Omicron BA.1,Community,1.0389944252262318,2021-09-21,15,Traveler weight (travel hubs),Strategies (per capita),50%,P7-R,fig_3e,P7-R^0,10,1.092
2021-10-06,ZA,437,Omicron BA.1,Community,1.0389944252262318,2021-09-21,15,Traveler weight (travel hubs),Strategies (per capita),50%,P11-R,fig_3e,P11-R^0,10,1.0899
2021-10-06,ZA,437,Omicron BA.1,Community,1.0389944252262318,2021-09-21,15,Traveler weight (travel hubs),Strategies (per capita),70%,P7-R,fig_3e,P7-R^0,10,1.0883
2021-10-06,ZA,437,Omicron BA.1,Community,1.0389944252262318,2021-09-21,15,Traveler weight (travel hubs),Strategies (per capita),70%,P11-R,fig_3e,P11-R^0,10,1.0862
2021-10-06,ZA,437,Omicron BA.1,Community,1.0389944252262318,2021-09-21,15,Traveler weight (travel hubs),Strategies (per capita),90%,P7-R,fig_3e,P7-R^0,10,1.0853
2021-10-06,ZA,437,Omicron BA.1,Community,1.0389944252262318,2021-09-21,15,Traveler weight (travel hubs),Strategies (per capita),90%,P11-R,fig_3e,P11-R^0,10,1.0844
2021-10-06,ZA,437,Omicron BA.1,Community,1.0389944252262318,2021-09-21,15,Traveler weight (travel hubs),Strategies (per capita),100%,P7-R,fig_3e,P7-R^0,10,1.0849
2021-10-06,ZA,437,Omicron BA.1,Community,1.0389944252262318,2021-09-21,15,Traveler weight (travel hubs),Strategies (per capita),100%,P11-R,fig_3e,P11-R^0,10,1.0815
2021-10-03,ZA,438,Omicron BA.1,Community,1.015522454137195,2021-09-21,12,Traveler weight (travel hubs),Strategies (per capita),50%,P7-R,fig_3e,P7-R^0,10,1.092
2021-10-03,ZA,438,Omicron BA.1,Community,1.015522454137195,2021-09-21,12,Traveler weight (travel hubs),Strategies (per capita),50%,P11-R,fig_3e,P11-R^0,10,1.0899
2021-10-03,ZA,438,Omicron BA.1,Community,1.015522454137195,2021-09-21,12,Traveler weight (travel hubs),Strategies (per capita),70%,P7-R,fig_3e,P7-R^0,10,1.0883
2021-10-03,ZA,438,Omicron BA.1,Community,1.015522454137195,2021-09-21,12,Traveler weight (travel hubs),Strategies (per capita),70%,P11-R,fig_3e,P11-R^0,10,1.0862
2021-10-03,ZA,438,Omicron BA.1,Community,1.015522454137195,2021-09-21,12,Traveler weight (travel hubs),Strategies (per capita),90%,P7-R,fig_3e,P7-R^0,10,1.0853
2021-10-03,ZA,438,Omicron BA.1,Community,1.015522454137195,2021-09-21,12,Traveler weight (travel hubs),Strategies (per capita),90%,P11-R,fig_3e,P11-R^0,10,1.0844
2021-10-03,ZA,438,Omicron BA.1,Community,1.015522454137195,2021-09-21,12,Traveler weight (travel hubs),Strategies (per capita),100%,P7-R,fig_3e,P7-R^0,10,1.0849
2021-10-03,ZA,438,Omicron BA.1,Community,1.015522454137195,2021-09-21,12,Traveler weight (travel hubs),Strategies (per capita),100%,P11-R,fig_3e,P11-R^0,10,1.0815
2021-09-27,ZA,439,Omicron BA.1,Community,1.13126745256634,2021-09-21,6,Traveler weight (travel hubs),Strategies (per capita),50%,P7-R,fig_3e,P7-R^0,10,1.092
2021-09-27,ZA,439,Omicron BA.1,Community,1.13126745256634,2021-09-21,6,Traveler weight (travel hubs),Strategies (per capita),50%,P11-R,fig_3e,P11-R^0,10,1.0899
2021-09-27,ZA,439,Omicron BA.1,Community,1.13126745256634,2021-09-21,6,Traveler weight (travel hubs),Strategies (per capita),70%,P7-R,fig_3e,P7-R^0,10,1.0883
2021-09-27,ZA,439,Omicron BA.1,Community,1.13126745256634,2021-09-21,6,Traveler weight (travel hubs),Strategies (per capita),70%,P11-R,fig_3e,P11-R^0,10,1.0862
2021-09-27,ZA,439,Omicron BA.1,Community,1.13126745256634,2021-09-21,6,Traveler weight (travel hubs),Strategies (per capita),90%,P7-R,fig_3e,P7-R^0,10,1.0853
2021-09-27,ZA,439,Omicron BA.1,Community,1.13126745256634,2021-09-21,6,Traveler weight (travel hubs),Strategies (per capita),90%,P11-R,fig_3e,P11-R^0,10,1.0844
2021-09-27,ZA,439,Omicron BA.1,Community,1.13126745256634,2021-09-21,6,Traveler weight (travel hubs),Strategies (per capita),100%,P7-R,fig_3e,P7-R^0,10,1.0849
2021-09-27,ZA,439,Omicron BA.1,Community,1.13126745256634,2021-09-21,6,Traveler weight (travel hubs),Strategies (per capita),100%,P11-R,fig_3e,P11-R^0,10,1.0815
2021-10-02,ZA,44,Omicron BA.1,Community,1.0958070544713638,2021-09-21,11,Traveler weight (travel hubs),Strategies (per capita),50%,P7-R,fig_3e,P7-R^0,10,1.092
2021-10-02,ZA,44,Omicron BA.1,Community,1.0958070544713638,2021-09-21,11,Traveler weight (travel hubs),Strategies (per capita),50%,P11-R,fig_3e,P11-R^0,10,1.0899
2021-10-02,ZA,44,Omicron BA.1,Community,1.0958070544713638,2021-09-21,11,Traveler weight (travel hubs),Strategies (per capita),70%,P7-R,fig_3e,P7-R^0,10,1.0883
2021-10-02,ZA,44,Omicron BA.1,Community,1.0958070544713638,2021-09-21,11,Traveler weight (travel hubs),Strategies (per capita),70%,P11-R,fig_3e,P11-R^0,10,1.0862
2021-10-02,ZA,44,Omicron BA.1,Community,1.0958070544713638,2021-09-21,11,Traveler weight (travel hubs),Strategies (per capita),90%,P7-R,fig_3e,P7-R^0,10,1.0853
2021-10-02,ZA,44,Omicron BA.1,Community,1.0958070544713638,2021-09-21,11,Traveler weight (travel hubs),Strategies (per capita),90%,P11-R,fig_3e,P11-R^0,10,1.0844
2021-10-02,ZA,44,Omicron BA.1,Community,1.0958070544713638,2021-09-21,11,Traveler weight (travel hubs),Strategies (per capita),100%,P7-R,fig_3e,P7-R^0,10,1.0849
2021-10-02,ZA,44,Omicron BA.1,Community,1.0958070544713638,2021-09-21,11,Traveler weight (travel hubs),Strategies (per capita),100%,P11-R,fig_3e,P11-R^0,10,1.0815
2021-09-26,GB,440,Omicron BA.1,Imported,1,2021-09-21,5,Traveler weight (travel hubs),Strategies (per capita),50%,P7-R,fig_3e,P7-R^0,10,1.092
2021-09-26,GB,440,Omicron BA.1,Imported,1,2021-09-21,5,Traveler weight (travel hubs),Strategies (per capita),50%,P11-R,fig_3e,P11-R^0,10,1.0899
2021-09-26,GB,440,Omicron BA.1,Imported,1,2021-09-21,5,Traveler weight (travel hubs),Strategies (per capita),70%,P7-R,fig_3e,P7-R^0,10,1.0883
2021-09-26,GB,440,Omicron BA.1,Imported,1,2021-09-21,5,Traveler weight (travel hubs),Strategies (per capita),70%,P11-R,fig_3e,P11-R^0,10,1.0862
2021-09-26,GB,440,Omicron BA.1,Imported,1,2021-09-21,5,Traveler weight (travel hubs),Strategies (per capita),90%,P7-R,fig_3e,P7-R^0,10,1.0853
2021-09-26,GB,440,Omicron BA.1,Imported,1,2021-09-21,5,Traveler weight (travel hubs),Strategies (per capita),90%,P11-R,fig_3e,P11-R^0,10,1.0844
2021-09-26,GB,440,Omicron BA.1,Imported,1,2021-09-21,5,Traveler weight (travel hubs),Strategies (per capita),100%,P7-R,fig_3e,P7-R^0,10,1.0849
2021-09-26,GB,440,Omicron BA.1,Imported,1,2021-09-21,5,Traveler weight (travel hubs),Strategies (per capita),100%,P11-R,fig_3e,P11-R^0,10,1.0815
2021-10-05,ZA,441,Omicron BA.1,Community,1.0962167680453132,2021-09-21,14,Traveler weight (travel hubs),Strategies (per capita),50%,P7-R,fig_3e,P7-R^0,10,1.092
2021-10-05,ZA,441,Omicron BA.1,Community,1.0962167680453132,2021-09-21,14,Traveler weight (travel hubs),Strategies (per capita),50%,P11-R,fig_3e,P11-R^0,10,1.0899
2021-10-05,ZA,441,Omicron BA.1,Community,1.0962167680453132,2021-09-21,14,Traveler weight (travel hubs),Strategies (per capita),70%,P7-R,fig_3e,P7-R^0,10,1.0883
2021-10-05,ZA,441,Omicron BA.1,Community,1.0962167680453132,2021-09-21,14,Traveler weight (travel hubs),Strategies (per capita),70%,P11-R,fig_3e,P11-R^0,10,1.0862
2021-10-05,ZA,441,Omicron BA.1,Community,1.0962167680453132,2021-09-21,14,Traveler weight (travel hubs),Strategies (per capita),90%,P7-R,fig_3e,P7-R^0,10,1.0853
2021-10-05,ZA,441,Omicron BA.1,Community,1.0962167680453132,2021-09-21,14,Traveler weight (travel hubs),Strategies (per capita),90%,P11-R,fig_3e,P11-R^0,10,1.0844
2021-10-05,ZA,441,Omicron BA.1,Community,1.0962167680453132,2021-09-21,14,Traveler weight (travel hubs),Strategies (per capita),100%,P7-R,fig_3e,P7-R^0,10,1.0849
2021-10-05,ZA,441,Omicron BA.1,Community,1.0962167680453132,2021-09-21,14,Traveler weight (travel hubs),Strategies (per capita),100%,P11-R,fig_3e,P11-R^0,10,1.0815
2021-10-07,ZA,442,Omicron BA.1,Community,1.8280513536131078,2021-09-21,16,Traveler weight (travel hubs),Strategies (per capita),50%,P7-R,fig_3e,P7-R^0,10,1.092
2021-10-07,ZA,442,Omicron BA.1,Community,1.8280513536131078,2021-09-21,16,Traveler weight (travel hubs),Strategies (per capita),50%,P11-R,fig_3e,P11-R^0,10,1.0899
2021-10-01,GB,442,Omicron BA.1,Imported,1,2021-09-21,10,Traveler weight (travel hubs),Strategies (per capita),70%,P7-R,fig_3e,P7-R^0,10,1.0883
2021-10-01,GB,442,Omicron BA.1,Imported,1,2021-09-21,10,Traveler weight (travel hubs),Strategies (per capita),70%,P11-R,fig_3e,P11-R^0,10,1.0862
2021-10-01,GB,442,Omicron BA.1,Imported,1,2021-09-21,10,Traveler weight (travel hubs),Strategies (per capita),90%,P7-R,fig_3e,P7-R^0,10,1.0853
2021-10-01,GB,442,Omicron BA.1,Imported,1,2021-09-21,10,Traveler weight (travel hubs),Strategies (per capita),90%,P11-R,fig_3e,P11-R^0,10,1.0844
2021-10-01,GB,442,Omicron BA.1,Imported,1,2021-09-21,10,Traveler weight (travel hubs),Strategies (per capita),100%,P7-R,fig_3e,P7-R^0,10,1.0849
2021-10-01,GB,442,Omicron BA.1,Imported,1,2021-09-21,10,Traveler weight (travel hubs),Strategies (per capita),100%,P11-R,fig_3e,P11-R^0,10,1.0815
2021-09-30,ZA,443,Omicron BA.1,Community,1.0197570893098067,2021-09-21,9,Traveler weight (travel hubs),Strategies (per capita),50%,P7-R,fig_3e,P7-R^0,10,1.092
2021-09-30,ZA,443,Omicron BA.1,Community,1.0197570893098067,2021-09-21,9,Traveler weight (travel hubs),Strategies (per capita),50%,P11-R,fig_3e,P11-R^0,10,1.0899
2021-09-30,ZA,443,Omicron BA.1,Community,1.0197570893098067,2021-09-21,9,Traveler weight (travel hubs),Strategies (per capita),70%,P7-R,fig_3e,P7-R^0,10,1.0883
2021-09-30,ZA,443,Omicron BA.1,Community,1.0197570893098067,2021-09-21,9,Traveler weight (travel hubs),Strategies (per capita),70%,P11-R,fig_3e,P11-R^0,10,1.0862
2021-09-30,ZA,443,Omicron BA.1,Community,1.0197570893098067,2021-09-21,9,Traveler weight (travel hubs),Strategies (per capita),90%,P7-R,fig_3e,P7-R^0,10,1.0853
2021-09-30,ZA,443,Omicron BA.1,Community,1.0197570893098067,2021-09-21,9,Traveler weight (travel hubs),Strategies (per capita),90%,P11-R,fig_3e,P11-R^0,10,1.0844
2021-09-30,ZA,443,Omicron BA.1,Community,1.0197570893098067,2021-09-21,9,Traveler weight (travel hubs),Strategies (per capita),100%,P7-R,fig_3e,P7-R^0,10,1.0849
2021-09-30,ZA,443,Omicron BA.1,Community,1.0197570893098067,2021-09-21,9,Traveler weight (travel hubs),Strategies (per capita),100%,P11-R,fig_3e,P11-R^0,10,1.0815
2021-09-30,GB,444,Omicron BA.1,Imported,1,2021-09-21,9,Traveler weight (travel hubs),Strategies (per capita),50%,P7-R,fig_3e,P7-R^0,10,1.092
2021-09-30,GB,444,Omicron BA.1,Imported,1,2021-09-21,9,Traveler weight (travel hubs),Strategies (per capita),50%,P11-R,fig_3e,P11-R^0,10,1.0899
2021-09-30,GB,444,Omicron BA.1,Imported,1,2021-09-21,9,Traveler weight (travel hubs),Strategies (per capita),70%,P7-R,fig_3e,P7-R^0,10,1.0883
2021-09-30,GB,444,Omicron BA.1,Imported,1,2021-09-21,9,Traveler weight (travel hubs),Strategies (per capita),70%,P11-R,fig_3e,P11-R^0,10,1.0862
2021-09-30,GB,444,Omicron BA.1,Imported,1,2021-09-21,9,Traveler weight (travel hubs),Strategies (per capita),90%,P7-R,fig_3e,P7-R^0,10,1.0853
2021-09-30,GB,444,Omicron BA.1,Imported,1,2021-09-21,9,Traveler weight (travel hubs),Strategies (per capita),90%,P11-R,fig_3e,P11-R^0,10,1.0844
2021-09-30,GB,444,Omicron BA.1,Imported,1,2021-09-21,9,Traveler weight (travel hubs),Strategies (per capita),100%,P7-R,fig_3e,P7-R^0,10,1.0849
2021-09-30,GB,444,Omicron BA.1,Imported,1,2021-09-21,9,Traveler weight (travel hubs),Strategies (per capita),100%,P11-R,fig_3e,P11-R^0,10,1.0815
2021-10-05,ZA,445,Omicron BA.1,Community,1.2839546791081913,2021-09-21,14,Traveler weight (travel hubs),Strategies (per capita),50%,P7-R,fig_3e,P7-R^0,10,1.092
2021-10-05,ZA,445,Omicron BA.1,Community,1.2839546791081913,2021-09-21,14,Traveler weight (travel hubs),Strategies (per capita),50%,P11-R,fig_3e,P11-R^0,10,1.0899
2021-10-05,ZA,445,Omicron BA.1,Community,1.2839546791081913,2021-09-21,14,Traveler weight (travel hubs),Strategies (per capita),70%,P7-R,fig_3e,P7-R^0,10,1.0883
2021-10-05,ZA,445,Omicron BA.1,Community,1.2839546791081913,2021-09-21,14,Traveler weight (travel hubs),Strategies (per capita),70%,P11-R,fig_3e,P11-R^0,10,1.0862
2021-10-05,ZA,445,Omicron BA.1,Community,1.2839546791081913,2021-09-21,14,Traveler weight (travel hubs),Strategies (per capita),90%,P7-R,fig_3e,P7-R^0,10,1.0853
2021-10-05,ZA,445,Omicron BA.1,Community,1.2839546791081913,2021-09-21,14,Traveler weight (travel hubs),Strategies (per capita),90%,P11-R,fig_3e,P11-R^0,10,1.0844
2021-10-05,ZA,445,Omicron BA.1,Community,1.2839546791081913,2021-09-21,14,Traveler weight (travel hubs),Strategies (per capita),100%,P7-R,fig_3e,P7-R^0,10,1.0849
2021-10-05,ZA,445,Omicron BA.1,Community,1.2839546791081913,2021-09-21,14,Traveler weight (travel hubs),Strategies (per capita),100%,P11-R,fig_3e,P11-R^0,10,1.0815
2021-10-01,ZA,446,Omicron BA.1,Community,1.1106935659030184,2021-09-21,10,Traveler weight (travel hubs),Strategies (per capita),50%,P7-R,fig_3e,P7-R^0,10,1.092
2021-10-01,ZA,446,Omicron BA.1,Community,1.1106935659030184,2021-09-21,10,Traveler weight (travel hubs),Strategies (per capita),50%,P11-R,fig_3e,P11-R^0,10,1.0899
2021-10-01,ZA,446,Omicron BA.1,Community,1.1106935659030184,2021-09-21,10,Traveler weight (travel hubs),Strategies (per capita),70%,P7-R,fig_3e,P7-R^0,10,1.0883
2021-10-01,ZA,446,Omicron BA.1,Community,1.1106935659030184,2021-09-21,10,Traveler weight (travel hubs),Strategies (per capita),70%,P11-R,fig_3e,P11-R^0,10,1.0862
2021-10-01,ZA,446,Omicron BA.1,Community,1.1106935659030184,2021-09-21,10,Traveler weight (travel hubs),Strategies (per capita),90%,P7-R,fig_3e,P7-R^0,10,1.0853
2021-10-01,ZA,446,Omicron BA.1,Community,1.1106935659030184,2021-09-21,10,Traveler weight (travel hubs),Strategies (per capita),90%,P11-R,fig_3e,P11-R^0,10,1.0844
2021-10-01,ZA,446,Omicron BA.1,Community,1.1106935659030184,2021-09-21,10,Traveler weight (travel hubs),Strategies (per capita),100%,P7-R,fig_3e,P7-R^0,10,1.0849
2021-10-01,ZA,446,Omicron BA.1,Community,1.1106935659030184,2021-09-21,10,Traveler weight (travel hubs),Strategies (per capita),100%,P11-R,fig_3e,P11-R^0,10,1.0815
2021-09-27,ZA,447,Omicron BA.1,Community,1.0121866680856726,2021-09-21,6,Traveler weight (travel hubs),Strategies (per capita),50%,P7-R,fig_3e,P7-R^0,10,1.092
2021-09-27,ZA,447,Omicron BA.1,Community,1.0121866680856726,2021-09-21,6,Traveler weight (travel hubs),Strategies (per capita),50%,P11-R,fig_3e,P11-R^0,10,1.0899
2021-09-27,ZA,447,Omicron BA.1,Community,1.0121866680856726,2021-09-21,6,Traveler weight (travel hubs),Strategies (per capita),70%,P7-R,fig_3e,P7-R^0,10,1.0883
2021-09-27,ZA,447,Omicron BA.1,Community,1.0121866680856726,2021-09-21,6,Traveler weight (travel hubs),Strategies (per capita),70%,P11-R,fig_3e,P11-R^0,10,1.0862
2021-09-27,ZA,447,Omicron BA.1,Community,1.0121866680856726,2021-09-21,6,Traveler weight (travel hubs),Strategies (per capita),90%,P7-R,fig_3e,P7-R^0,10,1.0853
2021-09-27,ZA,447,Omicron BA.1,Community,1.0121866680856726,2021-09-21,6,Traveler weight (travel hubs),Strategies (per capita),90%,P11-R,fig_3e,P11-R^0,10,1.0844
2021-09-27,ZA,447,Omicron BA.1,Community,1.0121866680856726,2021-09-21,6,Traveler weight (travel hubs),Strategies (per capita),100%,P7-R,fig_3e,P7-R^0,10,1.0849
2021-09-27,ZA,447,Omicron BA.1,Community,1.0121866680856726,2021-09-21,6,Traveler weight (travel hubs),Strategies (per capita),100%,P11-R,fig_3e,P11-R^0,10,1.0815
2021-10-01,ZA,448,Omicron BA.1,Community,1.235944191694505,2021-09-21,10,Traveler weight (travel hubs),Strategies (per capita),50%,P7-R,fig_3e,P7-R^0,10,1.092
2021-10-01,ZA,448,Omicron BA.1,Community,1.235944191694505,2021-09-21,10,Traveler weight (travel hubs),Strategies (per capita),50%,P11-R,fig_3e,P11-R^0,10,1.0899
2021-10-01,ZA,448,Omicron BA.1,Community,1.235944191694505,2021-09-21,10,Traveler weight (travel hubs),Strategies (per capita),70%,P7-R,fig_3e,P7-R^0,10,1.0883
2021-10-01,ZA,448,Omicron BA.1,Community,1.235944191694505,2021-09-21,10,Traveler weight (travel hubs),Strategies (per capita),70%,P11-R,fig_3e,P11-R^0,10,1.0862
2021-10-01,ZA,448,Omicron BA.1,Community,1.235944191694505,2021-09-21,10,Traveler weight (travel hubs),Strategies (per capita),90%,P7-R,fig_3e,P7-R^0,10,1.0853
2021-10-01,ZA,448,Omicron BA.1,Community,1.235944191694505,2021-09-21,10,Traveler weight (travel hubs),Strategies (per capita),90%,P11-R,fig_3e,P11-R^0,10,1.0844
2021-10-01,ZA,448,Omicron BA.1,Community,1.235944191694505,2021-09-21,10,Traveler weight (travel hubs),Strategies (per capita),100%,P7-R,fig_3e,P7-R^0,10,1.0849
2021-10-01,ZA,448,Omicron BA.1,Community,1.235944191694505,2021-09-21,10,Traveler weight (travel hubs),Strategies (per capita),100%,P11-R,fig_3e,P11-R^0,10,1.0815
2021-10-07,ZA,449,Omicron BA.1,Community,1.1842768490391593,2021-09-21,16,Traveler weight (travel hubs),Strategies (per capita),50%,P7-R,fig_3e,P7-R^0,10,1.092
2021-10-07,ZA,449,Omicron BA.1,Community,1.1842768490391593,2021-09-21,16,Traveler weight (travel hubs),Strategies (per capita),50%,P11-R,fig_3e,P11-R^0,10,1.0899
2021-10-07,ZA,449,Omicron BA.1,Community,1.1842768490391593,2021-09-21,16,Traveler weight (travel hubs),Strategies (per capita),70%,P7-R,fig_3e,P7-R^0,10,1.0883
2021-10-07,ZA,449,Omicron BA.1,Community,1.1842768490391593,2021-09-21,16,Traveler weight (travel hubs),Strategies (per capita),70%,P11-R,fig_3e,P11-R^0,10,1.0862
2021-10-07,ZA,449,Omicron BA.1,Community,1.1842768490391593,2021-09-21,16,Traveler weight (travel hubs),Strategies (per capita),90%,P7-R,fig_3e,P7-R^0,10,1.0853
2021-10-07,ZA,449,Omicron BA.1,Community,1.1842768490391593,2021-09-21,16,Traveler weight (travel hubs),Strategies (per capita),90%,P11-R,fig_3e,P11-R^0,10,1.0844
2021-10-07,ZA,449,Omicron BA.1,Community,1.1842768490391593,2021-09-21,16,Traveler weight (travel hubs),Strategies (per capita),100%,P7-R,fig_3e,P7-R^0,10,1.0849
2021-10-07,ZA,449,Omicron BA.1,Community,1.1842768490391593,2021-09-21,16,Traveler weight (travel hubs),Strategies (per capita),100%,P11-R,fig_3e,P11-R^0,10,1.0815
2021-10-07,ZA,45,Omicron BA.1,Community,1.3680208222196404,2021-09-21,16,Traveler weight (travel hubs),Strategies (per capita),50%,P7-R,fig_3e,P7-R^0,10,1.092
2021-10-07,ZA,45,Omicron BA.1,Community,1.3680208222196404,2021-09-21,16,Traveler weight (travel hubs),Strategies (per capita),50%,P11-R,fig_3e,P11-R^0,10,1.0899
2021-10-07,ZA,45,Omicron BA.1,Community,1.3680208222196404,2021-09-21,16,Traveler weight (travel hubs),Strategies (per capita),70%,P7-R,fig_3e,P7-R^0,10,1.0883
2021-10-07,ZA,45,Omicron BA.1,Community,1.3680208222196404,2021-09-21,16,Traveler weight (travel hubs),Strategies (per capita),70%,P11-R,fig_3e,P11-R^0,10,1.0862
2021-10-07,ZA,45,Omicron BA.1,Community,1.3680208222196404,2021-09-21,16,Traveler weight (travel hubs),Strategies (per capita),90%,P7-R,fig_3e,P7-R^0,10,1.0853
2021-10-07,ZA,45,Omicron BA.1,Community,1.3680208222196404,2021-09-21,16,Traveler weight (travel hubs),Strategies (per capita),90%,P11-R,fig_3e,P11-R^0,10,1.0844
2021-10-07,ZA,45,Omicron BA.1,Community,1.3680208222196404,2021-09-21,16,Traveler weight (travel hubs),Strategies (per capita),100%,P7-R,fig_3e,P7-R^0,10,1.0849
2021-10-07,ZA,45,Omicron BA.1,Community,1.3680208222196404,2021-09-21,16,Traveler weight (travel hubs),Strategies (per capita),100%,P11-R,fig_3e,P11-R^0,10,1.0815
2021-10-01,GB,450,Omicron BA.1,Imported,1.6710125824473305,2021-09-21,10,Traveler weight (travel hubs),Strategies (per capita),50%,P7-R,fig_3e,P7-R^0,10,1.092
2021-10-01,GB,450,Omicron BA.1,Imported,1.6710125824473305,2021-09-21,10,Traveler weight (travel hubs),Strategies (per capita),50%,P11-R,fig_3e,P11-R^0,10,1.0899
2021-10-01,GB,450,Omicron BA.1,Imported,2,2021-09-21,10,Traveler weight (travel hubs),Strategies (per capita),70%,P7-R,fig_3e,P7-R^0,10,1.0883
2021-10-01,GB,450,Omicron BA.1,Imported,2,2021-09-21,10,Traveler weight (travel hubs),Strategies (per capita),70%,P11-R,fig_3e,P11-R^0,10,1.0862
2021-10-01,GB,450,Omicron BA.1,Imported,2,2021-09-21,10,Traveler weight (travel hubs),Strategies (per capita),90%,P7-R,fig_3e,P7-R^0,10,1.0853
2021-10-01,GB,450,Omicron BA.1,Imported,2,2021-09-21,10,Traveler weight (travel hubs),Strategies (per capita),90%,P11-R,fig_3e,P11-R^0,10,1.0844
2021-10-01,GB,450,Omicron BA.1,Imported,2,2021-09-21,10,Traveler weight (travel hubs),Strategies (per capita),100%,P7-R,fig_3e,P7-R^0,10,1.0849
2021-10-01,GB,450,Omicron BA.1,Imported,2,2021-09-21,10,Traveler weight (travel hubs),Strategies (per capita),100%,P11-R,fig_3e,P11-R^0,10,1.0815
2021-10-05,ZA,451,Omicron BA.1,Community,1.139374908519538,2021-09-21,14,Traveler weight (travel hubs),Strategies (per capita),50%,P7-R,fig_3e,P7-R^0,10,1.092
2021-10-05,ZA,451,Omicron BA.1,Community,1.139374908519538,2021-09-21,14,Traveler weight (travel hubs),Strategies (per capita),50%,P11-R,fig_3e,P11-R^0,10,1.0899
2021-10-05,ZA,451,Omicron BA.1,Community,1.139374908519538,2021-09-21,14,Traveler weight (travel hubs),Strategies (per capita),70%,P7-R,fig_3e,P7-R^0,10,1.0883
2021-10-05,ZA,451,Omicron BA.1,Community,1.139374908519538,2021-09-21,14,Traveler weight (travel hubs),Strategies (per capita),70%,P11-R,fig_3e,P11-R^0,10,1.0862
2021-10-05,ZA,451,Omicron BA.1,Community,1.139374908519538,2021-09-21,14,Traveler weight (travel hubs),Strategies (per capita),90%,P7-R,fig_3e,P7-R^0,10,1.0853
2021-10-05,ZA,451,Omicron BA.1,Community,1.139374908519538,2021-09-21,14,Traveler weight (travel hubs),Strategies (per capita),90%,P11-R,fig_3e,P11-R^0,10,1.0844
2021-10-05,ZA,451,Omicron BA.1,Community,1.139374908519538,2021-09-21,14,Traveler weight (travel hubs),Strategies (per capita),100%,P7-R,fig_3e,P7-R^0,10,1.0849
2021-10-05,ZA,451,Omicron BA.1,Community,1.139374908519538,2021-09-21,14,Traveler weight (travel hubs),Strategies (per capita),100%,P11-R,fig_3e,P11-R^0,10,1.0815
2021-10-01,ZA,452,Omicron BA.1,Community,1.054796592409297,2021-09-21,10,Traveler weight (travel hubs),Strategies (per capita),50%,P7-R,fig_3e,P7-R^0,10,1.092
2021-10-01,ZA,452,Omicron BA.1,Community,1.054796592409297,2021-09-21,10,Traveler weight (travel hubs),Strategies (per capita),50%,P11-R,fig_3e,P11-R^0,10,1.0899
2021-10-01,ZA,452,Omicron BA.1,Community,1.054796592409297,2021-09-21,10,Traveler weight (travel hubs),Strategies (per capita),70%,P7-R,fig_3e,P7-R^0,10,1.0883
2021-10-01,ZA,452,Omicron BA.1,Community,1.054796592409297,2021-09-21,10,Traveler weight (travel hubs),Strategies (per capita),70%,P11-R,fig_3e,P11-R^0,10,1.0862
2021-10-01,ZA,452,Omicron BA.1,Community,1.054796592409297,2021-09-21,10,Traveler weight (travel hubs),Strategies (per capita),90%,P7-R,fig_3e,P7-R^0,10,1.0853
2021-10-01,ZA,452,Omicron BA.1,Community,1.054796592409297,2021-09-21,10,Traveler weight (travel hubs),Strategies (per capita),90%,P11-R,fig_3e,P11-R^0,10,1.0844
2021-10-01,ZA,452,Omicron BA.1,Community,1.054796592409297,2021-09-21,10,Traveler weight (travel hubs),Strategies (per capita),100%,P7-R,fig_3e,P7-R^0,10,1.0849
2021-10-01,ZA,452,Omicron BA.1,Community,1.054796592409297,2021-09-21,10,Traveler weight (travel hubs),Strategies (per capita),100%,P11-R,fig_3e,P11-R^0,10,1.0815
2021-10-07,ZA,453,Omicron BA.1,Community,1.042109979279079,2021-09-21,16,Traveler weight (travel hubs),Strategies (per capita),50%,P7-R,fig_3e,P7-R^0,10,1.092
2021-10-07,ZA,453,Omicron BA.1,Community,1.042109979279079,2021-09-21,16,Traveler weight (travel hubs),Strategies (per capita),50%,P11-R,fig_3e,P11-R^0,10,1.0899
2021-10-07,ZA,453,Omicron BA.1,Community,1.042109979279079,2021-09-21,16,Traveler weight (travel hubs),Strategies (per capita),70%,P7-R,fig_3e,P7-R^0,10,1.0883
2021-10-07,ZA,453,Omicron BA.1,Community,1.042109979279079,2021-09-21,16,Traveler weight (travel hubs),Strategies (per capita),70%,P11-R,fig_3e,P11-R^0,10,1.0862
2021-10-07,ZA,453,Omicron BA.1,Community,1.042109979279079,2021-09-21,16,Traveler weight (travel hubs),Strategies (per capita),90%,P7-R,fig_3e,P7-R^0,10,1.0853
2021-10-07,ZA,453,Omicron BA.1,Community,1.042109979279079,2021-09-21,16,Traveler weight (travel hubs),Strategies (per capita),90%,P11-R,fig_3e,P11-R^0,10,1.0844
2021-10-07,ZA,453,Omicron BA.1,Community,1.042109979279079,2021-09-21,16,Traveler weight (travel hubs),Strategies (per capita),100%,P7-R,fig_3e,P7-R^0,10,1.0849
2021-10-07,ZA,453,Omicron BA.1,Community,1.042109979279079,2021-09-21,16,Traveler weight (travel hubs),Strategies (per capita),100%,P11-R,fig_3e,P11-R^0,10,1.0815
2021-10-07,ZA,454,Omicron BA.1,Community,1.6121186552039288,2021-09-21,16,Traveler weight (travel hubs),Strategies (per capita),50%,P7-R,fig_3e,P7-R^0,10,1.092
2021-10-07,ZA,454,Omicron BA.1,Community,1.6121186552039288,2021-09-21,16,Traveler weight (travel hubs),Strategies (per capita),50%,P11-R,fig_3e,P11-R^0,10,1.0899
2021-10-07,ZA,454,Omicron BA.1,Community,1.6121186552039288,2021-09-21,16,Traveler weight (travel hubs),Strategies (per capita),70%,P7-R,fig_3e,P7-R^0,10,1.0883
2021-10-07,ZA,454,Omicron BA.1,Community,1.6121186552039288,2021-09-21,16,Traveler weight (travel hubs),Strategies (per capita),70%,P11-R,fig_3e,P11-R^0,10,1.0862
2021-10-07,ZA,454,Omicron BA.1,Community,1.6121186552039288,2021-09-21,16,Traveler weight (travel hubs),Strategies (per capita),90%,P7-R,fig_3e,P7-R^0,10,1.0853
2021-10-07,ZA,454,Omicron BA.1,Community,1.6121186552039288,2021-09-21,16,Traveler weight (travel hubs),Strategies (per capita),90%,P11-R,fig_3e,P11-R^0,10,1.0844
2021-10-07,ZA,454,Omicron BA.1,Community,1.6121186552039288,2021-09-21,16,Traveler weight (travel hubs),Strategies (per capita),100%,P7-R,fig_3e,P7-R^0,10,1.0849
2021-10-07,ZA,454,Omicron BA.1,Community,1.6121186552039288,2021-09-21,16,Traveler weight (travel hubs),Strategies (per capita),100%,P11-R,fig_3e,P11-R^0,10,1.0815
2021-10-05,ZA,455,Omicron BA.1,Community,1.0282426967984084,2021-09-21,14,Traveler weight (travel hubs),Strategies (per capita),50%,P7-R,fig_3e,P7-R^0,10,1.092
2021-10-05,ZA,455,Omicron BA.1,Community,1.0282426967984084,2021-09-21,14,Traveler weight (travel hubs),Strategies (per capita),50%,P11-R,fig_3e,P11-R^0,10,1.0899
2021-10-05,ZA,455,Omicron BA.1,Community,1.0282426967984084,2021-09-21,14,Traveler weight (travel hubs),Strategies (per capita),70%,P7-R,fig_3e,P7-R^0,10,1.0883
2021-10-05,ZA,455,Omicron BA.1,Community,1.0282426967984084,2021-09-21,14,Traveler weight (travel hubs),Strategies (per capita),70%,P11-R,fig_3e,P11-R^0,10,1.0862
2021-10-05,ZA,455,Omicron BA.1,Community,1.0282426967984084,2021-09-21,14,Traveler weight (travel hubs),Strategies (per capita),90%,P7-R,fig_3e,P7-R^0,10,1.0853
2021-10-05,ZA,455,Omicron BA.1,Community,1.0282426967984084,2021-09-21,14,Traveler weight (travel hubs),Strategies (per capita),90%,P11-R,fig_3e,P11-R^0,10,1.0844
2021-10-05,ZA,455,Omicron BA.1,Community,1.0282426967984084,2021-09-21,14,Traveler weight (travel hubs),Strategies (per capita),100%,P7-R,fig_3e,P7-R^0,10,1.0849
2021-10-05,ZA,455,Omicron BA.1,Community,1.0282426967984084,2021-09-21,14,Traveler weight (travel hubs),Strategies (per capita),100%,P11-R,fig_3e,P11-R^0,10,1.0815
2021-10-03,ZA,456,Omicron BA.1,Community,1.1894260245801032,2021-09-21,12,Traveler weight (travel hubs),Strategies (per capita),50%,P7-R,fig_3e,P7-R^0,10,1.092
2021-10-03,ZA,456,Omicron BA.1,Community,1.1894260245801032,2021-09-21,12,Traveler weight (travel hubs),Strategies (per capita),50%,P11-R,fig_3e,P11-R^0,10,1.0899
2021-10-03,ZA,456,Omicron BA.1,Community,1.1894260245801032,2021-09-21,12,Traveler weight (travel hubs),Strategies (per capita),70%,P7-R,fig_3e,P7-R^0,10,1.0883
2021-10-03,ZA,456,Omicron BA.1,Community,1.1894260245801032,2021-09-21,12,Traveler weight (travel hubs),Strategies (per capita),70%,P11-R,fig_3e,P11-R^0,10,1.0862
2021-10-03,ZA,456,Omicron BA.1,Community,1.1894260245801032,2021-09-21,12,Traveler weight (travel hubs),Strategies (per capita),90%,P7-R,fig_3e,P7-R^0,10,1.0853
2021-10-03,ZA,456,Omicron BA.1,Community,1.1894260245801032,2021-09-21,12,Traveler weight (travel hubs),Strategies (per capita),90%,P11-R,fig_3e,P11-R^0,10,1.0844
2021-10-03,ZA,456,Omicron BA.1,Community,1.1894260245801032,2021-09-21,12,Traveler weight (travel hubs),Strategies (per capita),100%,P7-R,fig_3e,P7-R^0,10,1.0849
2021-10-03,ZA,456,Omicron BA.1,Community,1.1894260245801032,2021-09-21,12,Traveler weight (travel hubs),Strategies (per capita),100%,P11-R,fig_3e,P11-R^0,10,1.0815
2021-09-27,ZA,457,Omicron BA.1,Community,1.0463672636310493,2021-09-21,6,Traveler weight (travel hubs),Strategies (per capita),50%,P7-R,fig_3e,P7-R^0,10,1.092
2021-09-27,ZA,457,Omicron BA.1,Community,1.0463672636310493,2021-09-21,6,Traveler weight (travel hubs),Strategies (per capita),50%,P11-R,fig_3e,P11-R^0,10,1.0899
2021-09-27,ZA,457,Omicron BA.1,Community,1.0463672636310493,2021-09-21,6,Traveler weight (travel hubs),Strategies (per capita),70%,P7-R,fig_3e,P7-R^0,10,1.0883
2021-09-27,ZA,457,Omicron BA.1,Community,1.0463672636310493,2021-09-21,6,Traveler weight (travel hubs),Strategies (per capita),70%,P11-R,fig_3e,P11-R^0,10,1.0862
2021-09-27,ZA,457,Omicron BA.1,Community,1.0463672636310493,2021-09-21,6,Traveler weight (travel hubs),Strategies (per capita),90%,P7-R,fig_3e,P7-R^0,10,1.0853
2021-09-27,ZA,457,Omicron BA.1,Community,1.0463672636310493,2021-09-21,6,Traveler weight (travel hubs),Strategies (per capita),90%,P11-R,fig_3e,P11-R^0,10,1.0844
2021-09-27,ZA,457,Omicron BA.1,Community,1.0463672636310493,2021-09-21,6,Traveler weight (travel hubs),Strategies (per capita),100%,P7-R,fig_3e,P7-R^0,10,1.0849
2021-09-27,ZA,457,Omicron BA.1,Community,1.0463672636310493,2021-09-21,6,Traveler weight (travel hubs),Strategies (per capita),100%,P11-R,fig_3e,P11-R^0,10,1.0815
2021-10-01,ZA,458,Omicron BA.1,Community,1.084815337433703,2021-09-21,10,Traveler weight (travel hubs),Strategies (per capita),50%,P7-R,fig_3e,P7-R^0,10,1.092
2021-10-01,ZA,458,Omicron BA.1,Community,1.084815337433703,2021-09-21,10,Traveler weight (travel hubs),Strategies (per capita),50%,P11-R,fig_3e,P11-R^0,10,1.0899
2021-10-01,ZA,458,Omicron BA.1,Community,1.084815337433703,2021-09-21,10,Traveler weight (travel hubs),Strategies (per capita),70%,P7-R,fig_3e,P7-R^0,10,1.0883
2021-10-01,ZA,458,Omicron BA.1,Community,1.084815337433703,2021-09-21,10,Traveler weight (travel hubs),Strategies (per capita),70%,P11-R,fig_3e,P11-R^0,10,1.0862
2021-10-01,ZA,458,Omicron BA.1,Community,1.084815337433703,2021-09-21,10,Traveler weight (travel hubs),Strategies (per capita),90%,P7-R,fig_3e,P7-R^0,10,1.0853
2021-10-01,ZA,458,Omicron BA.1,Community,1.084815337433703,2021-09-21,10,Traveler weight (travel hubs),Strategies (per capita),90%,P11-R,fig_3e,P11-R^0,10,1.0844
2021-10-01,ZA,458,Omicron BA.1,Community,1.084815337433703,2021-09-21,10,Traveler weight (travel hubs),Strategies (per capita),100%,P7-R,fig_3e,P7-R^0,10,1.0849
2021-10-01,ZA,458,Omicron BA.1,Community,1.084815337433703,2021-09-21,10,Traveler weight (travel hubs),Strategies (per capita),100%,P11-R,fig_3e,P11-R^0,10,1.0815
2021-09-26,ZA,459,Omicron BA.1,Community,1.129370588120294,2021-09-21,5,Traveler weight (travel hubs),Strategies (per capita),50%,P7-R,fig_3e,P7-R^0,10,1.092
2021-09-26,ZA,459,Omicron BA.1,Community,1.129370588120294,2021-09-21,5,Traveler weight (travel hubs),Strategies (per capita),50%,P11-R,fig_3e,P11-R^0,10,1.0899
2021-09-26,ZA,459,Omicron BA.1,Community,1.129370588120294,2021-09-21,5,Traveler weight (travel hubs),Strategies (per capita),70%,P7-R,fig_3e,P7-R^0,10,1.0883
2021-09-26,ZA,459,Omicron BA.1,Community,1.129370588120294,2021-09-21,5,Traveler weight (travel hubs),Strategies (per capita),70%,P11-R,fig_3e,P11-R^0,10,1.0862
2021-09-26,ZA,459,Omicron BA.1,Community,1.129370588120294,2021-09-21,5,Traveler weight (travel hubs),Strategies (per capita),90%,P7-R,fig_3e,P7-R^0,10,1.0853
2021-09-26,ZA,459,Omicron BA.1,Community,1.129370588120294,2021-09-21,5,Traveler weight (travel hubs),Strategies (per capita),90%,P11-R,fig_3e,P11-R^0,10,1.0844
2021-09-26,ZA,459,Omicron BA.1,Community,1.129370588120294,2021-09-21,5,Traveler weight (travel hubs),Strategies (per capita),100%,P7-R,fig_3e,P7-R^0,10,1.0849
2021-09-26,ZA,459,Omicron BA.1,Community,1.129370588120294,2021-09-21,5,Traveler weight (travel hubs),Strategies (per capita),100%,P11-R,fig_3e,P11-R^0,10,1.0815
2021-10-01,ZA,46,Omicron BA.1,Community,1.0102860394420747,2021-09-21,10,Traveler weight (travel hubs),Strategies (per capita),50%,P7-R,fig_3e,P7-R^0,10,1.092
2021-10-01,ZA,46,Omicron BA.1,Community,1.0102860394420747,2021-09-21,10,Traveler weight (travel hubs),Strategies (per capita),50%,P11-R,fig_3e,P11-R^0,10,1.0899
2021-10-01,ZA,46,Omicron BA.1,Community,1.0102860394420747,2021-09-21,10,Traveler weight (travel hubs),Strategies (per capita),70%,P7-R,fig_3e,P7-R^0,10,1.0883
2021-10-01,ZA,46,Omicron BA.1,Community,1.0102860394420747,2021-09-21,10,Traveler weight (travel hubs),Strategies (per capita),70%,P11-R,fig_3e,P11-R^0,10,1.0862
2021-10-01,ZA,46,Omicron BA.1,Community,1.0102860394420747,2021-09-21,10,Traveler weight (travel hubs),Strategies (per capita),90%,P7-R,fig_3e,P7-R^0,10,1.0853
2021-10-01,ZA,46,Omicron BA.1,Community,1.0102860394420747,2021-09-21,10,Traveler weight (travel hubs),Strategies (per capita),90%,P11-R,fig_3e,P11-R^0,10,1.0844
2021-10-01,ZA,46,Omicron BA.1,Community,1.0102860394420747,2021-09-21,10,Traveler weight (travel hubs),Strategies (per capita),100%,P7-R,fig_3e,P7-R^0,10,1.0849
2021-10-01,ZA,46,Omicron BA.1,Community,1.0102860394420747,2021-09-21,10,Traveler weight (travel hubs),Strategies (per capita),100%,P11-R,fig_3e,P11-R^0,10,1.0815
2021-09-30,ZA,460,Omicron BA.1,Community,1.0104583924467991,2021-09-21,9,Traveler weight (travel hubs),Strategies (per capita),50%,P7-R,fig_3e,P7-R^0,10,1.092
2021-09-30,ZA,460,Omicron BA.1,Community,1.0104583924467991,2021-09-21,9,Traveler weight (travel hubs),Strategies (per capita),50%,P11-R,fig_3e,P11-R^0,10,1.0899
2021-09-30,ZA,460,Omicron BA.1,Community,1.0104583924467991,2021-09-21,9,Traveler weight (travel hubs),Strategies (per capita),70%,P7-R,fig_3e,P7-R^0,10,1.0883
2021-09-30,ZA,460,Omicron BA.1,Community,1.0104583924467991,2021-09-21,9,Traveler weight (travel hubs),Strategies (per capita),70%,P11-R,fig_3e,P11-R^0,10,1.0862
2021-09-30,ZA,460,Omicron BA.1,Community,1.0104583924467991,2021-09-21,9,Traveler weight (travel hubs),Strategies (per capita),90%,P7-R,fig_3e,P7-R^0,10,1.0853
2021-09-30,ZA,460,Omicron BA.1,Community,1.0104583924467991,2021-09-21,9,Traveler weight (travel hubs),Strategies (per capita),90%,P11-R,fig_3e,P11-R^0,10,1.0844
2021-09-30,ZA,460,Omicron BA.1,Community,1.0104583924467991,2021-09-21,9,Traveler weight (travel hubs),Strategies (per capita),100%,P7-R,fig_3e,P7-R^0,10,1.0849
2021-09-30,ZA,460,Omicron BA.1,Community,1.0104583924467991,2021-09-21,9,Traveler weight (travel hubs),Strategies (per capita),100%,P11-R,fig_3e,P11-R^0,10,1.0815
2021-10-07,ZA,461,Omicron BA.1,Community,1.617483442742045,2021-09-21,16,Traveler weight (travel hubs),Strategies (per capita),50%,P7-R,fig_3e,P7-R^0,10,1.092
2021-10-07,ZA,461,Omicron BA.1,Community,1.617483442742045,2021-09-21,16,Traveler weight (travel hubs),Strategies (per capita),50%,P11-R,fig_3e,P11-R^0,10,1.0899
2021-10-07,ZA,461,Omicron BA.1,Community,1.617483442742045,2021-09-21,16,Traveler weight (travel hubs),Strategies (per capita),70%,P7-R,fig_3e,P7-R^0,10,1.0883
2021-10-07,ZA,461,Omicron BA.1,Community,1.617483442742045,2021-09-21,16,Traveler weight (travel hubs),Strategies (per capita),70%,P11-R,fig_3e,P11-R^0,10,1.0862
2021-10-07,ZA,461,Omicron BA.1,Community,1.617483442742045,2021-09-21,16,Traveler weight (travel hubs),Strategies (per capita),90%,P7-R,fig_3e,P7-R^0,10,1.0853
2021-09-29,TR,461,Omicron BA.1,Imported,1,2021-09-21,8,Traveler weight (travel hubs),Strategies (per capita),90%,P11-R,fig_3e,P11-R^0,10,1.0844
2021-10-07,ZA,461,Omicron BA.1,Community,1.617483442742045,2021-09-21,16,Traveler weight (travel hubs),Strategies (per capita),100%,P7-R,fig_3e,P7-R^0,10,1.0849
2021-09-29,TR,461,Omicron BA.1,Imported,1,2021-09-21,8,Traveler weight (travel hubs),Strategies (per capita),100%,P11-R,fig_3e,P11-R^0,10,1.0815
2021-10-07,ZA,462,Omicron BA.1,Community,1.0957578546602413,2021-09-21,16,Traveler weight (travel hubs),Strategies (per capita),50%,P7-R,fig_3e,P7-R^0,10,1.092
2021-10-07,ZA,462,Omicron BA.1,Community,1.0957578546602413,2021-09-21,16,Traveler weight (travel hubs),Strategies (per capita),50%,P11-R,fig_3e,P11-R^0,10,1.0899
2021-10-07,ZA,462,Omicron BA.1,Community,1.0957578546602413,2021-09-21,16,Traveler weight (travel hubs),Strategies (per capita),70%,P7-R,fig_3e,P7-R^0,10,1.0883
2021-10-07,ZA,462,Omicron BA.1,Community,1.0957578546602413,2021-09-21,16,Traveler weight (travel hubs),Strategies (per capita),70%,P11-R,fig_3e,P11-R^0,10,1.0862
2021-10-07,ZA,462,Omicron BA.1,Community,1.0957578546602413,2021-09-21,16,Traveler weight (travel hubs),Strategies (per capita),90%,P7-R,fig_3e,P7-R^0,10,1.0853
2021-10-07,ZA,462,Omicron BA.1,Community,1.0957578546602413,2021-09-21,16,Traveler weight (travel hubs),Strategies (per capita),90%,P11-R,fig_3e,P11-R^0,10,1.0844
2021-10-07,ZA,462,Omicron BA.1,Community,1.0957578546602413,2021-09-21,16,Traveler weight (travel hubs),Strategies (per capita),100%,P7-R,fig_3e,P7-R^0,10,1.0849
2021-10-07,ZA,462,Omicron BA.1,Community,1.0957578546602413,2021-09-21,16,Traveler weight (travel hubs),Strategies (per capita),100%,P11-R,fig_3e,P11-R^0,10,1.0815
2021-10-05,ZA,463,Omicron BA.1,Community,1.2753230510133464,2021-09-21,14,Traveler weight (travel hubs),Strategies (per capita),50%,P7-R,fig_3e,P7-R^0,10,1.092
2021-10-05,ZA,463,Omicron BA.1,Community,1.2753230510133464,2021-09-21,14,Traveler weight (travel hubs),Strategies (per capita),50%,P11-R,fig_3e,P11-R^0,10,1.0899
2021-10-05,ZA,463,Omicron BA.1,Community,1.2753230510133464,2021-09-21,14,Traveler weight (travel hubs),Strategies (per capita),70%,P7-R,fig_3e,P7-R^0,10,1.0883
2021-10-05,ZA,463,Omicron BA.1,Community,1.2753230510133464,2021-09-21,14,Traveler weight (travel hubs),Strategies (per capita),70%,P11-R,fig_3e,P11-R^0,10,1.0862
2021-10-05,ZA,463,Omicron BA.1,Community,1.2753230510133464,2021-09-21,14,Traveler weight (travel hubs),Strategies (per capita),90%,P7-R,fig_3e,P7-R^0,10,1.0853
2021-10-05,ZA,463,Omicron BA.1,Community,1.2753230510133464,2021-09-21,14,Traveler weight (travel hubs),Strategies (per capita),90%,P11-R,fig_3e,P11-R^0,10,1.0844
2021-10-05,ZA,463,Omicron BA.1,Community,1.2753230510133464,2021-09-21,14,Traveler weight (travel hubs),Strategies (per capita),100%,P7-R,fig_3e,P7-R^0,10,1.0849
2021-10-05,ZA,463,Omicron BA.1,Community,1.2753230510133464,2021-09-21,14,Traveler weight (travel hubs),Strategies (per capita),100%,P11-R,fig_3e,P11-R^0,10,1.0815
2021-09-27,GB,464,Omicron BA.1,Imported,1,2021-09-21,6,Traveler weight (travel hubs),Strategies (per capita),50%,P7-R,fig_3e,P7-R^0,10,1.092
2021-09-27,GB,464,Omicron BA.1,Imported,1,2021-09-21,6,Traveler weight (travel hubs),Strategies (per capita),50%,P11-R,fig_3e,P11-R^0,10,1.0899
2021-09-27,GB,464,Omicron BA.1,Imported,1,2021-09-21,6,Traveler weight (travel hubs),Strategies (per capita),70%,P7-R,fig_3e,P7-R^0,10,1.0883
2021-09-27,GB,464,Omicron BA.1,Imported,1,2021-09-21,6,Traveler weight (travel hubs),Strategies (per capita),70%,P11-R,fig_3e,P11-R^0,10,1.0862
2021-09-27,GB,464,Omicron BA.1,Imported,1,2021-09-21,6,Traveler weight (travel hubs),Strategies (per capita),90%,P7-R,fig_3e,P7-R^0,10,1.0853
2021-09-27,GB,464,Omicron BA.1,Imported,1,2021-09-21,6,Traveler weight (travel hubs),Strategies (per capita),90%,P11-R,fig_3e,P11-R^0,10,1.0844
2021-09-27,GB,464,Omicron BA.1,Imported,1,2021-09-21,6,Traveler weight (travel hubs),Strategies (per capita),100%,P7-R,fig_3e,P7-R^0,10,1.0849
2021-09-27,GB,464,Omicron BA.1,Imported,1,2021-09-21,6,Traveler weight (travel hubs),Strategies (per capita),100%,P11-R,fig_3e,P11-R^0,10,1.0815
2021-09-30,ZA,465,Omicron BA.1,Community,1.044553614277826,2021-09-21,9,Traveler weight (travel hubs),Strategies (per capita),50%,P7-R,fig_3e,P7-R^0,10,1.092
2021-09-30,ZA,465,Omicron BA.1,Community,1.044553614277826,2021-09-21,9,Traveler weight (travel hubs),Strategies (per capita),50%,P11-R,fig_3e,P11-R^0,10,1.0899
2021-09-30,ZA,465,Omicron BA.1,Community,1.044553614277826,2021-09-21,9,Traveler weight (travel hubs),Strategies (per capita),70%,P7-R,fig_3e,P7-R^0,10,1.0883
2021-09-30,ZA,465,Omicron BA.1,Community,1.044553614277826,2021-09-21,9,Traveler weight (travel hubs),Strategies (per capita),70%,P11-R,fig_3e,P11-R^0,10,1.0862
2021-09-30,ZA,465,Omicron BA.1,Community,1.044553614277826,2021-09-21,9,Traveler weight (travel hubs),Strategies (per capita),90%,P7-R,fig_3e,P7-R^0,10,1.0853
2021-09-30,ZA,465,Omicron BA.1,Community,1.044553614277826,2021-09-21,9,Traveler weight (travel hubs),Strategies (per capita),90%,P11-R,fig_3e,P11-R^0,10,1.0844
2021-09-30,ZA,465,Omicron BA.1,Community,1.044553614277826,2021-09-21,9,Traveler weight (travel hubs),Strategies (per capita),100%,P7-R,fig_3e,P7-R^0,10,1.0849
2021-09-30,ZA,465,Omicron BA.1,Community,1.044553614277826,2021-09-21,9,Traveler weight (travel hubs),Strategies (per capita),100%,P11-R,fig_3e,P11-R^0,10,1.0815
2021-10-05,ZA,466,Omicron BA.1,Community,1.2774809580370579,2021-09-21,14,Traveler weight (travel hubs),Strategies (per capita),50%,P7-R,fig_3e,P7-R^0,10,1.092
2021-10-05,ZA,466,Omicron BA.1,Community,1.2774809580370579,2021-09-21,14,Traveler weight (travel hubs),Strategies (per capita),50%,P11-R,fig_3e,P11-R^0,10,1.0899
2021-10-05,ZA,466,Omicron BA.1,Community,1.2774809580370579,2021-09-21,14,Traveler weight (travel hubs),Strategies (per capita),70%,P7-R,fig_3e,P7-R^0,10,1.0883
2021-10-05,ZA,466,Omicron BA.1,Community,1.2774809580370579,2021-09-21,14,Traveler weight (travel hubs),Strategies (per capita),70%,P11-R,fig_3e,P11-R^0,10,1.0862
2021-10-05,ZA,466,Omicron BA.1,Community,1.2774809580370579,2021-09-21,14,Traveler weight (travel hubs),Strategies (per capita),90%,P7-R,fig_3e,P7-R^0,10,1.0853
2021-10-05,ZA,466,Omicron BA.1,Community,1.2774809580370579,2021-09-21,14,Traveler weight (travel hubs),Strategies (per capita),90%,P11-R,fig_3e,P11-R^0,10,1.0844
2021-10-05,ZA,466,Omicron BA.1,Community,1.2774809580370579,2021-09-21,14,Traveler weight (travel hubs),Strategies (per capita),100%,P7-R,fig_3e,P7-R^0,10,1.0849
2021-10-05,ZA,466,Omicron BA.1,Community,1.2774809580370579,2021-09-21,14,Traveler weight (travel hubs),Strategies (per capita),100%,P11-R,fig_3e,P11-R^0,10,1.0815
2021-10-05,ZA,467,Omicron BA.1,Community,1.1728224673870622,2021-09-21,14,Traveler weight (travel hubs),Strategies (per capita),50%,P7-R,fig_3e,P7-R^0,10,1.092
2021-10-05,ZA,467,Omicron BA.1,Community,1.1728224673870622,2021-09-21,14,Traveler weight (travel hubs),Strategies (per capita),50%,P11-R,fig_3e,P11-R^0,10,1.0899
2021-10-02,GB,467,Omicron BA.1,Imported,1,2021-09-21,11,Traveler weight (travel hubs),Strategies (per capita),70%,P7-R,fig_3e,P7-R^0,10,1.0883
2021-10-02,GB,467,Omicron BA.1,Imported,1,2021-09-21,11,Traveler weight (travel hubs),Strategies (per capita),70%,P11-R,fig_3e,P11-R^0,10,1.0862
2021-10-02,GB,467,Omicron BA.1,Imported,1,2021-09-21,11,Traveler weight (travel hubs),Strategies (per capita),90%,P7-R,fig_3e,P7-R^0,10,1.0853
2021-10-02,GB,467,Omicron BA.1,Imported,1,2021-09-21,11,Traveler weight (travel hubs),Strategies (per capita),90%,P11-R,fig_3e,P11-R^0,10,1.0844
2021-10-02,GB,467,Omicron BA.1,Imported,1,2021-09-21,11,Traveler weight (travel hubs),Strategies (per capita),100%,P7-R,fig_3e,P7-R^0,10,1.0849
2021-10-02,GB,467,Omicron BA.1,Imported,1,2021-09-21,11,Traveler weight (travel hubs),Strategies (per capita),100%,P11-R,fig_3e,P11-R^0,10,1.0815
2021-10-07,ZA,468,Omicron BA.1,Community,1.3921623661411633,2021-09-21,16,Traveler weight (travel hubs),Strategies (per capita),50%,P7-R,fig_3e,P7-R^0,10,1.092
2021-10-07,ZA,468,Omicron BA.1,Community,1.3921623661411633,2021-09-21,16,Traveler weight (travel hubs),Strategies (per capita),50%,P11-R,fig_3e,P11-R^0,10,1.0899
2021-10-07,ZA,468,Omicron BA.1,Community,1.3921623661411633,2021-09-21,16,Traveler weight (travel hubs),Strategies (per capita),70%,P7-R,fig_3e,P7-R^0,10,1.0883
2021-10-07,ZA,468,Omicron BA.1,Community,1.3921623661411633,2021-09-21,16,Traveler weight (travel hubs),Strategies (per capita),70%,P11-R,fig_3e,P11-R^0,10,1.0862
2021-10-07,ZA,468,Omicron BA.1,Community,1.3921623661411633,2021-09-21,16,Traveler weight (travel hubs),Strategies (per capita),90%,P7-R,fig_3e,P7-R^0,10,1.0853
2021-10-07,ZA,468,Omicron BA.1,Community,1.3921623661411633,2021-09-21,16,Traveler weight (travel hubs),Strategies (per capita),90%,P11-R,fig_3e,P11-R^0,10,1.0844
2021-10-07,ZA,468,Omicron BA.1,Community,1.3921623661411633,2021-09-21,16,Traveler weight (travel hubs),Strategies (per capita),100%,P7-R,fig_3e,P7-R^0,10,1.0849
2021-10-07,ZA,468,Omicron BA.1,Community,1.3921623661411633,2021-09-21,16,Traveler weight (travel hubs),Strategies (per capita),100%,P11-R,fig_3e,P11-R^0,10,1.0815
2021-09-27,GB,469,Omicron BA.1,Imported,1,2021-09-21,6,Traveler weight (travel hubs),Strategies (per capita),50%,P7-R,fig_3e,P7-R^0,10,1.092
2021-09-27,GB,469,Omicron BA.1,Imported,1,2021-09-21,6,Traveler weight (travel hubs),Strategies (per capita),50%,P11-R,fig_3e,P11-R^0,10,1.0899
2021-09-27,GB,469,Omicron BA.1,Imported,1,2021-09-21,6,Traveler weight (travel hubs),Strategies (per capita),70%,P7-R,fig_3e,P7-R^0,10,1.0883
2021-09-27,GB,469,Omicron BA.1,Imported,1,2021-09-21,6,Traveler weight (travel hubs),Strategies (per capita),70%,P11-R,fig_3e,P11-R^0,10,1.0862
2021-09-27,GB,469,Omicron BA.1,Imported,1,2021-09-21,6,Traveler weight (travel hubs),Strategies (per capita),90%,P7-R,fig_3e,P7-R^0,10,1.0853
2021-09-27,GB,469,Omicron BA.1,Imported,1,2021-09-21,6,Traveler weight (travel hubs),Strategies (per capita),90%,P11-R,fig_3e,P11-R^0,10,1.0844
2021-09-27,GB,469,Omicron BA.1,Imported,1,2021-09-21,6,Traveler weight (travel hubs),Strategies (per capita),100%,P7-R,fig_3e,P7-R^0,10,1.0849
2021-09-27,GB,469,Omicron BA.1,Imported,1,2021-09-21,6,Traveler weight (travel hubs),Strategies (per capita),100%,P11-R,fig_3e,P11-R^0,10,1.0815
2021-10-02,ZA,47,Omicron BA.1,Community,1.0126563836713687,2021-09-21,11,Traveler weight (travel hubs),Strategies (per capita),50%,P7-R,fig_3e,P7-R^0,10,1.092
2021-10-02,ZA,47,Omicron BA.1,Community,1.0126563836713687,2021-09-21,11,Traveler weight (travel hubs),Strategies (per capita),50%,P11-R,fig_3e,P11-R^0,10,1.0899
2021-10-02,ZA,47,Omicron BA.1,Community,1.0126563836713687,2021-09-21,11,Traveler weight (travel hubs),Strategies (per capita),70%,P7-R,fig_3e,P7-R^0,10,1.0883
2021-10-02,ZA,47,Omicron BA.1,Community,1.0126563836713687,2021-09-21,11,Traveler weight (travel hubs),Strategies (per capita),70%,P11-R,fig_3e,P11-R^0,10,1.0862
2021-10-02,ZA,47,Omicron BA.1,Community,1.0126563836713687,2021-09-21,11,Traveler weight (travel hubs),Strategies (per capita),90%,P7-R,fig_3e,P7-R^0,10,1.0853
2021-10-02,ZA,47,Omicron BA.1,Community,1.0126563836713687,2021-09-21,11,Traveler weight (travel hubs),Strategies (per capita),90%,P11-R,fig_3e,P11-R^0,10,1.0844
2021-10-02,ZA,47,Omicron BA.1,Community,1.0126563836713687,2021-09-21,11,Traveler weight (travel hubs),Strategies (per capita),100%,P7-R,fig_3e,P7-R^0,10,1.0849
2021-10-02,ZA,47,Omicron BA.1,Community,1.0126563836713687,2021-09-21,11,Traveler weight (travel hubs),Strategies (per capita),100%,P11-R,fig_3e,P11-R^0,10,1.0815
2021-10-07,ZA,470,Omicron BA.1,Community,1.385456381718518,2021-09-21,16,Traveler weight (travel hubs),Strategies (per capita),50%,P7-R,fig_3e,P7-R^0,10,1.092
2021-10-07,ZA,470,Omicron BA.1,Community,1.385456381718518,2021-09-21,16,Traveler weight (travel hubs),Strategies (per capita),50%,P11-R,fig_3e,P11-R^0,10,1.0899
2021-10-07,ZA,470,Omicron BA.1,Community,1.385456381718518,2021-09-21,16,Traveler weight (travel hubs),Strategies (per capita),70%,P7-R,fig_3e,P7-R^0,10,1.0883
2021-10-07,ZA,470,Omicron BA.1,Community,1.385456381718518,2021-09-21,16,Traveler weight (travel hubs),Strategies (per capita),70%,P11-R,fig_3e,P11-R^0,10,1.0862
2021-10-07,ZA,470,Omicron BA.1,Community,1.385456381718518,2021-09-21,16,Traveler weight (travel hubs),Strategies (per capita),90%,P7-R,fig_3e,P7-R^0,10,1.0853
2021-10-07,ZA,470,Omicron BA.1,Community,1.385456381718518,2021-09-21,16,Traveler weight (travel hubs),Strategies (per capita),90%,P11-R,fig_3e,P11-R^0,10,1.0844
2021-10-07,ZA,470,Omicron BA.1,Community,1.385456381718518,2021-09-21,16,Traveler weight (travel hubs),Strategies (per capita),100%,P7-R,fig_3e,P7-R^0,10,1.0849
2021-10-07,ZA,470,Omicron BA.1,Community,1.385456381718518,2021-09-21,16,Traveler weight (travel hubs),Strategies (per capita),100%,P11-R,fig_3e,P11-R^0,10,1.0815
2021-09-30,ZA,471,Omicron BA.1,Community,1.0011596955837916,2021-09-21,9,Traveler weight (travel hubs),Strategies (per capita),50%,P7-R,fig_3e,P7-R^0,10,1.092
2021-09-30,ZA,471,Omicron BA.1,Community,1.0011596955837916,2021-09-21,9,Traveler weight (travel hubs),Strategies (per capita),50%,P11-R,fig_3e,P11-R^0,10,1.0899
2021-09-30,ZA,471,Omicron BA.1,Community,1.0011596955837916,2021-09-21,9,Traveler weight (travel hubs),Strategies (per capita),70%,P7-R,fig_3e,P7-R^0,10,1.0883
2021-09-30,ZA,471,Omicron BA.1,Community,1.0011596955837916,2021-09-21,9,Traveler weight (travel hubs),Strategies (per capita),70%,P11-R,fig_3e,P11-R^0,10,1.0862
2021-09-30,ZA,471,Omicron BA.1,Community,1.0011596955837916,2021-09-21,9,Traveler weight (travel hubs),Strategies (per capita),90%,P7-R,fig_3e,P7-R^0,10,1.0853
2021-09-30,ZA,471,Omicron BA.1,Community,1.0011596955837916,2021-09-21,9,Traveler weight (travel hubs),Strategies (per capita),90%,P11-R,fig_3e,P11-R^0,10,1.0844
2021-09-30,ZA,471,Omicron BA.1,Community,1.0011596955837916,2021-09-21,9,Traveler weight (travel hubs),Strategies (per capita),100%,P7-R,fig_3e,P7-R^0,10,1.0849
2021-09-30,ZA,471,Omicron BA.1,Community,1.0011596955837916,2021-09-21,9,Traveler weight (travel hubs),Strategies (per capita),100%,P11-R,fig_3e,P11-R^0,10,1.0815
2021-10-01,ZA,472,Omicron BA.1,Community,1.033058880495072,2021-09-21,10,Traveler weight (travel hubs),Strategies (per capita),50%,P7-R,fig_3e,P7-R^0,10,1.092
2021-10-01,ZA,472,Omicron BA.1,Community,1.033058880495072,2021-09-21,10,Traveler weight (travel hubs),Strategies (per capita),50%,P11-R,fig_3e,P11-R^0,10,1.0899
2021-10-01,ZA,472,Omicron BA.1,Community,1.033058880495072,2021-09-21,10,Traveler weight (travel hubs),Strategies (per capita),70%,P7-R,fig_3e,P7-R^0,10,1.0883
2021-10-01,ZA,472,Omicron BA.1,Community,1.033058880495072,2021-09-21,10,Traveler weight (travel hubs),Strategies (per capita),70%,P11-R,fig_3e,P11-R^0,10,1.0862
2021-10-01,ZA,472,Omicron BA.1,Community,1.033058880495072,2021-09-21,10,Traveler weight (travel hubs),Strategies (per capita),90%,P7-R,fig_3e,P7-R^0,10,1.0853
2021-10-01,ZA,472,Omicron BA.1,Community,1.033058880495072,2021-09-21,10,Traveler weight (travel hubs),Strategies (per capita),90%,P11-R,fig_3e,P11-R^0,10,1.0844
2021-10-01,ZA,472,Omicron BA.1,Community,1.033058880495072,2021-09-21,10,Traveler weight (travel hubs),Strategies (per capita),100%,P7-R,fig_3e,P7-R^0,10,1.0849
2021-10-01,ZA,472,Omicron BA.1,Community,1.033058880495072,2021-09-21,10,Traveler weight (travel hubs),Strategies (per capita),100%,P11-R,fig_3e,P11-R^0,10,1.0815
2021-09-29,ZA,473,Omicron BA.1,Community,1.0619222934549426,2021-09-21,8,Traveler weight (travel hubs),Strategies (per capita),50%,P7-R,fig_3e,P7-R^0,10,1.092
2021-09-29,ZA,473,Omicron BA.1,Community,1.0619222934549426,2021-09-21,8,Traveler weight (travel hubs),Strategies (per capita),50%,P11-R,fig_3e,P11-R^0,10,1.0899
2021-09-29,ZA,473,Omicron BA.1,Community,1.0619222934549426,2021-09-21,8,Traveler weight (travel hubs),Strategies (per capita),70%,P7-R,fig_3e,P7-R^0,10,1.0883
2021-09-29,ZA,473,Omicron BA.1,Community,1.0619222934549426,2021-09-21,8,Traveler weight (travel hubs),Strategies (per capita),70%,P11-R,fig_3e,P11-R^0,10,1.0862
2021-09-29,ZA,473,Omicron BA.1,Community,1.0619222934549426,2021-09-21,8,Traveler weight (travel hubs),Strategies (per capita),90%,P7-R,fig_3e,P7-R^0,10,1.0853
2021-09-29,ZA,473,Omicron BA.1,Community,1.0619222934549426,2021-09-21,8,Traveler weight (travel hubs),Strategies (per capita),90%,P11-R,fig_3e,P11-R^0,10,1.0844
2021-09-29,ZA,473,Omicron BA.1,Community,1.0619222934549426,2021-09-21,8,Traveler weight (travel hubs),Strategies (per capita),100%,P7-R,fig_3e,P7-R^0,10,1.0849
2021-09-29,ZA,473,Omicron BA.1,Community,1.0619222934549426,2021-09-21,8,Traveler weight (travel hubs),Strategies (per capita),100%,P11-R,fig_3e,P11-R^0,10,1.0815
2021-10-05,ZA,474,Omicron BA.1,Community,1.0444269994762432,2021-09-21,14,Traveler weight (travel hubs),Strategies (per capita),50%,P7-R,fig_3e,P7-R^0,10,1.092
2021-10-05,ZA,474,Omicron BA.1,Community,1.0444269994762432,2021-09-21,14,Traveler weight (travel hubs),Strategies (per capita),50%,P11-R,fig_3e,P11-R^0,10,1.0899
2021-10-05,ZA,474,Omicron BA.1,Community,1.0444269994762432,2021-09-21,14,Traveler weight (travel hubs),Strategies (per capita),70%,P7-R,fig_3e,P7-R^0,10,1.0883
2021-10-05,ZA,474,Omicron BA.1,Community,1.0444269994762432,2021-09-21,14,Traveler weight (travel hubs),Strategies (per capita),70%,P11-R,fig_3e,P11-R^0,10,1.0862
2021-10-05,ZA,474,Omicron BA.1,Community,1.0444269994762432,2021-09-21,14,Traveler weight (travel hubs),Strategies (per capita),90%,P7-R,fig_3e,P7-R^0,10,1.0853
2021-10-05,ZA,474,Omicron BA.1,Community,1.0444269994762432,2021-09-21,14,Traveler weight (travel hubs),Strategies (per capita),90%,P11-R,fig_3e,P11-R^0,10,1.0844
2021-10-05,ZA,474,Omicron BA.1,Community,1.0444269994762432,2021-09-21,14,Traveler weight (travel hubs),Strategies (per capita),100%,P7-R,fig_3e,P7-R^0,10,1.0849
2021-10-05,ZA,474,Omicron BA.1,Community,1.0444269994762432,2021-09-21,14,Traveler weight (travel hubs),Strategies (per capita),100%,P11-R,fig_3e,P11-R^0,10,1.0815
2021-09-26,ZA,475,Omicron BA.1,Community,1.0347697425797107,2021-09-21,5,Traveler weight (travel hubs),Strategies (per capita),50%,P7-R,fig_3e,P7-R^0,10,1.092
2021-09-26,ZA,475,Omicron BA.1,Community,1.0347697425797107,2021-09-21,5,Traveler weight (travel hubs),Strategies (per capita),50%,P11-R,fig_3e,P11-R^0,10,1.0899
2021-09-26,ZA,475,Omicron BA.1,Community,1.0347697425797107,2021-09-21,5,Traveler weight (travel hubs),Strategies (per capita),70%,P7-R,fig_3e,P7-R^0,10,1.0883
2021-09-26,ZA,475,Omicron BA.1,Community,1.0347697425797107,2021-09-21,5,Traveler weight (travel hubs),Strategies (per capita),70%,P11-R,fig_3e,P11-R^0,10,1.0862
2021-09-26,ZA,475,Omicron BA.1,Community,1.0347697425797107,2021-09-21,5,Traveler weight (travel hubs),Strategies (per capita),90%,P7-R,fig_3e,P7-R^0,10,1.0853
2021-09-26,ZA,475,Omicron BA.1,Community,1.0347697425797107,2021-09-21,5,Traveler weight (travel hubs),Strategies (per capita),90%,P11-R,fig_3e,P11-R^0,10,1.0844
2021-09-26,ZA,475,Omicron BA.1,Community,1.0347697425797107,2021-09-21,5,Traveler weight (travel hubs),Strategies (per capita),100%,P7-R,fig_3e,P7-R^0,10,1.0849
2021-09-26,ZA,475,Omicron BA.1,Community,1.0347697425797107,2021-09-21,5,Traveler weight (travel hubs),Strategies (per capita),100%,P11-R,fig_3e,P11-R^0,10,1.0815
2021-10-05,ZA,476,Omicron BA.1,Community,1.2505071202406672,2021-09-21,14,Traveler weight (travel hubs),Strategies (per capita),50%,P7-R,fig_3e,P7-R^0,10,1.092
2021-10-05,ZA,476,Omicron BA.1,Community,1.2505071202406672,2021-09-21,14,Traveler weight (travel hubs),Strategies (per capita),50%,P11-R,fig_3e,P11-R^0,10,1.0899
2021-10-05,ZA,476,Omicron BA.1,Community,1.2505071202406672,2021-09-21,14,Traveler weight (travel hubs),Strategies (per capita),70%,P7-R,fig_3e,P7-R^0,10,1.0883
2021-10-05,ZA,476,Omicron BA.1,Community,1.2505071202406672,2021-09-21,14,Traveler weight (travel hubs),Strategies (per capita),70%,P11-R,fig_3e,P11-R^0,10,1.0862
2021-10-05,ZA,476,Omicron BA.1,Community,1.2505071202406672,2021-09-21,14,Traveler weight (travel hubs),Strategies (per capita),90%,P7-R,fig_3e,P7-R^0,10,1.0853
2021-10-05,ZA,476,Omicron BA.1,Community,1.2505071202406672,2021-09-21,14,Traveler weight (travel hubs),Strategies (per capita),90%,P11-R,fig_3e,P11-R^0,10,1.0844
2021-10-05,ZA,476,Omicron BA.1,Community,1.2505071202406672,2021-09-21,14,Traveler weight (travel hubs),Strategies (per capita),100%,P7-R,fig_3e,P7-R^0,10,1.0849
2021-10-05,ZA,476,Omicron BA.1,Community,1.2505071202406672,2021-09-21,14,Traveler weight (travel hubs),Strategies (per capita),100%,P11-R,fig_3e,P11-R^0,10,1.0815
2021-09-26,GB,477,Omicron BA.1,Imported,1,2021-09-21,5,Traveler weight (travel hubs),Strategies (per capita),50%,P7-R,fig_3e,P7-R^0,10,1.092
2021-09-26,GB,477,Omicron BA.1,Imported,1,2021-09-21,5,Traveler weight (travel hubs),Strategies (per capita),50%,P11-R,fig_3e,P11-R^0,10,1.0899
2021-09-26,GB,477,Omicron BA.1,Imported,1,2021-09-21,5,Traveler weight (travel hubs),Strategies (per capita),70%,P7-R,fig_3e,P7-R^0,10,1.0883
2021-09-26,GB,477,Omicron BA.1,Imported,1,2021-09-21,5,Traveler weight (travel hubs),Strategies (per capita),70%,P11-R,fig_3e,P11-R^0,10,1.0862
2021-09-26,GB,477,Omicron BA.1,Imported,1,2021-09-21,5,Traveler weight (travel hubs),Strategies (per capita),90%,P7-R,fig_3e,P7-R^0,10,1.0853
2021-09-26,GB,477,Omicron BA.1,Imported,1,2021-09-21,5,Traveler weight (travel hubs),Strategies (per capita),90%,P11-R,fig_3e,P11-R^0,10,1.0844
2021-09-26,GB,477,Omicron BA.1,Imported,1,2021-09-21,5,Traveler weight (travel hubs),Strategies (per capita),100%,P7-R,fig_3e,P7-R^0,10,1.0849
2021-09-26,GB,477,Omicron BA.1,Imported,1,2021-09-21,5,Traveler weight (travel hubs),Strategies (per capita),100%,P11-R,fig_3e,P11-R^0,10,1.0815
2021-10-01,GB,478,Omicron BA.1,Imported,1,2021-09-21,10,Traveler weight (travel hubs),Strategies (per capita),50%,P7-R,fig_3e,P7-R^0,10,1.092
2021-10-01,GB,478,Omicron BA.1,Imported,1,2021-09-21,10,Traveler weight (travel hubs),Strategies (per capita),50%,P11-R,fig_3e,P11-R^0,10,1.0899
2021-10-01,GB,478,Omicron BA.1,Imported,1,2021-09-21,10,Traveler weight (travel hubs),Strategies (per capita),70%,P7-R,fig_3e,P7-R^0,10,1.0883
2021-10-01,GB,478,Omicron BA.1,Imported,1,2021-09-21,10,Traveler weight (travel hubs),Strategies (per capita),70%,P11-R,fig_3e,P11-R^0,10,1.0862
2021-10-01,GB,478,Omicron BA.1,Imported,1,2021-09-21,10,Traveler weight (travel hubs),Strategies (per capita),90%,P7-R,fig_3e,P7-R^0,10,1.0853
2021-10-01,GB,478,Omicron BA.1,Imported,1,2021-09-21,10,Traveler weight (travel hubs),Strategies (per capita),90%,P11-R,fig_3e,P11-R^0,10,1.0844
2021-10-01,GB,478,Omicron BA.1,Imported,1,2021-09-21,10,Traveler weight (travel hubs),Strategies (per capita),100%,P7-R,fig_3e,P7-R^0,10,1.0849
2021-10-01,GB,478,Omicron BA.1,Imported,1,2021-09-21,10,Traveler weight (travel hubs),Strategies (per capita),100%,P11-R,fig_3e,P11-R^0,10,1.0815
2021-09-29,ZA,479,Omicron BA.1,Community,1.041583055979495,2021-09-21,8,Traveler weight (travel hubs),Strategies (per capita),50%,P7-R,fig_3e,P7-R^0,10,1.092
2021-09-29,ZA,479,Omicron BA.1,Community,1.041583055979495,2021-09-21,8,Traveler weight (travel hubs),Strategies (per capita),50%,P11-R,fig_3e,P11-R^0,10,1.0899
2021-09-29,ZA,479,Omicron BA.1,Community,1.041583055979495,2021-09-21,8,Traveler weight (travel hubs),Strategies (per capita),70%,P7-R,fig_3e,P7-R^0,10,1.0883
2021-09-29,ZA,479,Omicron BA.1,Community,1.041583055979495,2021-09-21,8,Traveler weight (travel hubs),Strategies (per capita),70%,P11-R,fig_3e,P11-R^0,10,1.0862
2021-09-29,ZA,479,Omicron BA.1,Community,1.041583055979495,2021-09-21,8,Traveler weight (travel hubs),Strategies (per capita),90%,P7-R,fig_3e,P7-R^0,10,1.0853
2021-09-29,ZA,479,Omicron BA.1,Community,1.041583055979495,2021-09-21,8,Traveler weight (travel hubs),Strategies (per capita),90%,P11-R,fig_3e,P11-R^0,10,1.0844
2021-09-29,ZA,479,Omicron BA.1,Community,1.041583055979495,2021-09-21,8,Traveler weight (travel hubs),Strategies (per capita),100%,P7-R,fig_3e,P7-R^0,10,1.0849
2021-09-29,ZA,479,Omicron BA.1,Community,1.041583055979495,2021-09-21,8,Traveler weight (travel hubs),Strategies (per capita),100%,P11-R,fig_3e,P11-R^0,10,1.0815
2021-10-05,ZA,48,Omicron BA.1,Community,1.2742440975014908,2021-09-21,14,Traveler weight (travel hubs),Strategies (per capita),50%,P7-R,fig_3e,P7-R^0,10,1.092
2021-10-05,ZA,48,Omicron BA.1,Community,1.2742440975014908,2021-09-21,14,Traveler weight (travel hubs),Strategies (per capita),50%,P11-R,fig_3e,P11-R^0,10,1.0899
2021-10-05,ZA,48,Omicron BA.1,Community,1.2742440975014908,2021-09-21,14,Traveler weight (travel hubs),Strategies (per capita),70%,P7-R,fig_3e,P7-R^0,10,1.0883
2021-10-05,ZA,48,Omicron BA.1,Community,1.2742440975014908,2021-09-21,14,Traveler weight (travel hubs),Strategies (per capita),70%,P11-R,fig_3e,P11-R^0,10,1.0862
2021-10-05,ZA,48,Omicron BA.1,Community,1.2742440975014908,2021-09-21,14,Traveler weight (travel hubs),Strategies (per capita),90%,P7-R,fig_3e,P7-R^0,10,1.0853
2021-10-05,ZA,48,Omicron BA.1,Community,1.2742440975014908,2021-09-21,14,Traveler weight (travel hubs),Strategies (per capita),90%,P11-R,fig_3e,P11-R^0,10,1.0844
2021-10-05,ZA,48,Omicron BA.1,Community,1.2742440975014908,2021-09-21,14,Traveler weight (travel hubs),Strategies (per capita),100%,P7-R,fig_3e,P7-R^0,10,1.0849
2021-10-05,ZA,48,Omicron BA.1,Community,1.2742440975014908,2021-09-21,14,Traveler weight (travel hubs),Strategies (per capita),100%,P11-R,fig_3e,P11-R^0,10,1.0815
2021-09-27,GB,480,Omicron BA.1,Imported,1,2021-09-21,6,Traveler weight (travel hubs),Strategies (per capita),50%,P7-R,fig_3e,P7-R^0,10,1.092
2021-09-27,GB,480,Omicron BA.1,Imported,1,2021-09-21,6,Traveler weight (travel hubs),Strategies (per capita),50%,P11-R,fig_3e,P11-R^0,10,1.0899
2021-09-27,GB,480,Omicron BA.1,Imported,1,2021-09-21,6,Traveler weight (travel hubs),Strategies (per capita),70%,P7-R,fig_3e,P7-R^0,10,1.0883
2021-09-27,GB,480,Omicron BA.1,Imported,1,2021-09-21,6,Traveler weight (travel hubs),Strategies (per capita),70%,P11-R,fig_3e,P11-R^0,10,1.0862
2021-09-27,GB,480,Omicron BA.1,Imported,1,2021-09-21,6,Traveler weight (travel hubs),Strategies (per capita),90%,P7-R,fig_3e,P7-R^0,10,1.0853
2021-09-27,GB,480,Omicron BA.1,Imported,1,2021-09-21,6,Traveler weight (travel hubs),Strategies (per capita),90%,P11-R,fig_3e,P11-R^0,10,1.0844
2021-09-27,GB,480,Omicron BA.1,Imported,1,2021-09-21,6,Traveler weight (travel hubs),Strategies (per capita),100%,P7-R,fig_3e,P7-R^0,10,1.0849
2021-09-27,GB,480,Omicron BA.1,Imported,1,2021-09-21,6,Traveler weight (travel hubs),Strategies (per capita),100%,P11-R,fig_3e,P11-R^0,10,1.0815
2021-09-29,GB,481,Omicron BA.1,Imported,1.6115588584752059,2021-09-21,8,Traveler weight (travel hubs),Strategies (per capita),50%,P7-R,fig_3e,P7-R^0,10,1.092
2021-09-29,GB,481,Omicron BA.1,Imported,1.6115588584752059,2021-09-21,8,Traveler weight (travel hubs),Strategies (per capita),50%,P11-R,fig_3e,P11-R^0,10,1.0899
2021-09-29,GB,481,Omicron BA.1,Imported,2,2021-09-21,8,Traveler weight (travel hubs),Strategies (per capita),70%,P7-R,fig_3e,P7-R^0,10,1.0883
2021-09-29,GB,481,Omicron BA.1,Imported,2,2021-09-21,8,Traveler weight (travel hubs),Strategies (per capita),70%,P11-R,fig_3e,P11-R^0,10,1.0862
2021-09-29,GB,481,Omicron BA.1,Imported,2,2021-09-21,8,Traveler weight (travel hubs),Strategies (per capita),90%,P7-R,fig_3e,P7-R^0,10,1.0853
2021-09-29,GB,481,Omicron BA.1,Imported,2,2021-09-21,8,Traveler weight (travel hubs),Strategies (per capita),90%,P11-R,fig_3e,P11-R^0,10,1.0844
2021-09-29,GB,481,Omicron BA.1,Imported,2,2021-09-21,8,Traveler weight (travel hubs),Strategies (per capita),100%,P7-R,fig_3e,P7-R^0,10,1.0849
2021-09-29,GB,481,Omicron BA.1,Imported,2,2021-09-21,8,Traveler weight (travel hubs),Strategies (per capita),100%,P11-R,fig_3e,P11-R^0,10,1.0815
2021-09-29,ZA,482,Omicron BA.1,Community,1.0330191665161488,2021-09-21,8,Traveler weight (travel hubs),Strategies (per capita),50%,P7-R,fig_3e,P7-R^0,10,1.092
2021-09-29,ZA,482,Omicron BA.1,Community,1.0330191665161488,2021-09-21,8,Traveler weight (travel hubs),Strategies (per capita),50%,P11-R,fig_3e,P11-R^0,10,1.0899
2021-09-29,ZA,482,Omicron BA.1,Community,1.0330191665161488,2021-09-21,8,Traveler weight (travel hubs),Strategies (per capita),70%,P7-R,fig_3e,P7-R^0,10,1.0883
2021-09-29,ZA,482,Omicron BA.1,Community,1.0330191665161488,2021-09-21,8,Traveler weight (travel hubs),Strategies (per capita),70%,P11-R,fig_3e,P11-R^0,10,1.0862
2021-09-29,ZA,482,Omicron BA.1,Community,1.0330191665161488,2021-09-21,8,Traveler weight (travel hubs),Strategies (per capita),90%,P7-R,fig_3e,P7-R^0,10,1.0853
2021-09-29,ZA,482,Omicron BA.1,Community,1.0330191665161488,2021-09-21,8,Traveler weight (travel hubs),Strategies (per capita),90%,P11-R,fig_3e,P11-R^0,10,1.0844
2021-09-29,ZA,482,Omicron BA.1,Community,1.0330191665161488,2021-09-21,8,Traveler weight (travel hubs),Strategies (per capita),100%,P7-R,fig_3e,P7-R^0,10,1.0849
2021-09-29,ZA,482,Omicron BA.1,Community,1.0330191665161488,2021-09-21,8,Traveler weight (travel hubs),Strategies (per capita),100%,P11-R,fig_3e,P11-R^0,10,1.0815
2021-10-06,ZA,483,Omicron BA.1,Community,1.0207308513453017,2021-09-21,15,Traveler weight (travel hubs),Strategies (per capita),50%,P7-R,fig_3e,P7-R^0,10,1.092
2021-10-06,ZA,483,Omicron BA.1,Community,1.0207308513453017,2021-09-21,15,Traveler weight (travel hubs),Strategies (per capita),50%,P11-R,fig_3e,P11-R^0,10,1.0899
2021-10-06,ZA,483,Omicron BA.1,Community,1.0207308513453017,2021-09-21,15,Traveler weight (travel hubs),Strategies (per capita),70%,P7-R,fig_3e,P7-R^0,10,1.0883
2021-10-06,ZA,483,Omicron BA.1,Community,1.0207308513453017,2021-09-21,15,Traveler weight (travel hubs),Strategies (per capita),70%,P11-R,fig_3e,P11-R^0,10,1.0862
2021-10-06,ZA,483,Omicron BA.1,Community,1.0207308513453017,2021-09-21,15,Traveler weight (travel hubs),Strategies (per capita),90%,P7-R,fig_3e,P7-R^0,10,1.0853
2021-10-06,ZA,483,Omicron BA.1,Community,1.0207308513453017,2021-09-21,15,Traveler weight (travel hubs),Strategies (per capita),90%,P11-R,fig_3e,P11-R^0,10,1.0844
2021-10-06,ZA,483,Omicron BA.1,Community,1.0207308513453017,2021-09-21,15,Traveler weight (travel hubs),Strategies (per capita),100%,P7-R,fig_3e,P7-R^0,10,1.0849
2021-10-06,ZA,483,Omicron BA.1,Community,1.0207308513453017,2021-09-21,15,Traveler weight (travel hubs),Strategies (per capita),100%,P11-R,fig_3e,P11-R^0,10,1.0815
2021-09-29,ZA,484,Omicron BA.1,Community,1.0009045810286,2021-09-21,8,Traveler weight (travel hubs),Strategies (per capita),50%,P7-R,fig_3e,P7-R^0,10,1.092
2021-09-29,ZA,484,Omicron BA.1,Community,1.0009045810286,2021-09-21,8,Traveler weight (travel hubs),Strategies (per capita),50%,P11-R,fig_3e,P11-R^0,10,1.0899
2021-09-29,ZA,484,Omicron BA.1,Community,1.0009045810286,2021-09-21,8,Traveler weight (travel hubs),Strategies (per capita),70%,P7-R,fig_3e,P7-R^0,10,1.0883
2021-09-29,ZA,484,Omicron BA.1,Community,1.0009045810286,2021-09-21,8,Traveler weight (travel hubs),Strategies (per capita),70%,P11-R,fig_3e,P11-R^0,10,1.0862
2021-09-29,ZA,484,Omicron BA.1,Community,1.0009045810286,2021-09-21,8,Traveler weight (travel hubs),Strategies (per capita),90%,P7-R,fig_3e,P7-R^0,10,1.0853
2021-09-29,ZA,484,Omicron BA.1,Community,1.0009045810286,2021-09-21,8,Traveler weight (travel hubs),Strategies (per capita),90%,P11-R,fig_3e,P11-R^0,10,1.0844
2021-09-29,ZA,484,Omicron BA.1,Community,1.0009045810286,2021-09-21,8,Traveler weight (travel hubs),Strategies (per capita),100%,P7-R,fig_3e,P7-R^0,10,1.0849
2021-09-29,ZA,484,Omicron BA.1,Community,1.0009045810286,2021-09-21,8,Traveler weight (travel hubs),Strategies (per capita),100%,P11-R,fig_3e,P11-R^0,10,1.0815
2021-10-07,ZA,485,Omicron BA.1,Community,1.5785887330907031,2021-09-21,16,Traveler weight (travel hubs),Strategies (per capita),50%,P7-R,fig_3e,P7-R^0,10,1.092
2021-10-07,ZA,485,Omicron BA.1,Community,1.5785887330907031,2021-09-21,16,Traveler weight (travel hubs),Strategies (per capita),50%,P11-R,fig_3e,P11-R^0,10,1.0899
2021-10-05,GB,485,Omicron BA.1,Imported,1,2021-09-21,14,Traveler weight (travel hubs),Strategies (per capita),70%,P7-R,fig_3e,P7-R^0,10,1.0883
2021-10-05,GB,485,Omicron BA.1,Imported,1,2021-09-21,14,Traveler weight (travel hubs),Strategies (per capita),70%,P11-R,fig_3e,P11-R^0,10,1.0862
2021-10-05,GB,485,Omicron BA.1,Imported,1,2021-09-21,14,Traveler weight (travel hubs),Strategies (per capita),90%,P7-R,fig_3e,P7-R^0,10,1.0853
2021-10-05,GB,485,Omicron BA.1,Imported,1,2021-09-21,14,Traveler weight (travel hubs),Strategies (per capita),90%,P11-R,fig_3e,P11-R^0,10,1.0844
2021-10-05,GB,485,Omicron BA.1,Imported,1,2021-09-21,14,Traveler weight (travel hubs),Strategies (per capita),100%,P7-R,fig_3e,P7-R^0,10,1.0849
2021-10-05,GB,485,Omicron BA.1,Imported,1,2021-09-21,14,Traveler weight (travel hubs),Strategies (per capita),100%,P11-R,fig_3e,P11-R^0,10,1.0815
2021-10-02,ZA,486,Omicron BA.1,Community,1.0740294978332698,2021-09-21,11,Traveler weight (travel hubs),Strategies (per capita),50%,P7-R,fig_3e,P7-R^0,10,1.092
2021-10-02,ZA,486,Omicron BA.1,Community,1.0740294978332698,2021-09-21,11,Traveler weight (travel hubs),Strategies (per capita),50%,P11-R,fig_3e,P11-R^0,10,1.0899
2021-10-02,ZA,486,Omicron BA.1,Community,1.0740294978332698,2021-09-21,11,Traveler weight (travel hubs),Strategies (per capita),70%,P7-R,fig_3e,P7-R^0,10,1.0883
2021-10-02,ZA,486,Omicron BA.1,Community,1.0740294978332698,2021-09-21,11,Traveler weight (travel hubs),Strategies (per capita),70%,P11-R,fig_3e,P11-R^0,10,1.0862
2021-10-02,ZA,486,Omicron BA.1,Community,1.0740294978332698,2021-09-21,11,Traveler weight (travel hubs),Strategies (per capita),90%,P7-R,fig_3e,P7-R^0,10,1.0853
2021-10-02,ZA,486,Omicron BA.1,Community,1.0740294978332698,2021-09-21,11,Traveler weight (travel hubs),Strategies (per capita),90%,P11-R,fig_3e,P11-R^0,10,1.0844
2021-10-02,ZA,486,Omicron BA.1,Community,1.0740294978332698,2021-09-21,11,Traveler weight (travel hubs),Strategies (per capita),100%,P7-R,fig_3e,P7-R^0,10,1.0849
2021-10-02,ZA,486,Omicron BA.1,Community,1.0740294978332698,2021-09-21,11,Traveler weight (travel hubs),Strategies (per capita),100%,P11-R,fig_3e,P11-R^0,10,1.0815
2021-10-01,ZA,487,Omicron BA.1,Community,1.0423750427440257,2021-09-21,10,Traveler weight (travel hubs),Strategies (per capita),50%,P7-R,fig_3e,P7-R^0,10,1.092
2021-10-01,ZA,487,Omicron BA.1,Community,1.0423750427440257,2021-09-21,10,Traveler weight (travel hubs),Strategies (per capita),50%,P11-R,fig_3e,P11-R^0,10,1.0899
2021-10-01,ZA,487,Omicron BA.1,Community,1.0423750427440257,2021-09-21,10,Traveler weight (travel hubs),Strategies (per capita),70%,P7-R,fig_3e,P7-R^0,10,1.0883
2021-10-01,ZA,487,Omicron BA.1,Community,1.0423750427440257,2021-09-21,10,Traveler weight (travel hubs),Strategies (per capita),70%,P11-R,fig_3e,P11-R^0,10,1.0862
2021-10-01,ZA,487,Omicron BA.1,Community,1.0423750427440257,2021-09-21,10,Traveler weight (travel hubs),Strategies (per capita),90%,P7-R,fig_3e,P7-R^0,10,1.0853
2021-10-01,ZA,487,Omicron BA.1,Community,1.0423750427440257,2021-09-21,10,Traveler weight (travel hubs),Strategies (per capita),90%,P11-R,fig_3e,P11-R^0,10,1.0844
2021-10-01,ZA,487,Omicron BA.1,Community,1.0423750427440257,2021-09-21,10,Traveler weight (travel hubs),Strategies (per capita),100%,P7-R,fig_3e,P7-R^0,10,1.0849
2021-10-01,ZA,487,Omicron BA.1,Community,1.0423750427440257,2021-09-21,10,Traveler weight (travel hubs),Strategies (per capita),100%,P11-R,fig_3e,P11-R^0,10,1.0815
2021-10-01,ZA,488,Omicron BA.1,Community,1.1365717943723337,2021-09-21,10,Traveler weight (travel hubs),Strategies (per capita),50%,P7-R,fig_3e,P7-R^0,10,1.092
2021-10-01,ZA,488,Omicron BA.1,Community,1.1365717943723337,2021-09-21,10,Traveler weight (travel hubs),Strategies (per capita),50%,P11-R,fig_3e,P11-R^0,10,1.0899
2021-10-01,ZA,488,Omicron BA.1,Community,1.1365717943723337,2021-09-21,10,Traveler weight (travel hubs),Strategies (per capita),70%,P7-R,fig_3e,P7-R^0,10,1.0883
2021-10-01,ZA,488,Omicron BA.1,Community,1.1365717943723337,2021-09-21,10,Traveler weight (travel hubs),Strategies (per capita),70%,P11-R,fig_3e,P11-R^0,10,1.0862
2021-10-01,ZA,488,Omicron BA.1,Community,1.1365717943723337,2021-09-21,10,Traveler weight (travel hubs),Strategies (per capita),90%,P7-R,fig_3e,P7-R^0,10,1.0853
2021-10-01,ZA,488,Omicron BA.1,Community,1.1365717943723337,2021-09-21,10,Traveler weight (travel hubs),Strategies (per capita),90%,P11-R,fig_3e,P11-R^0,10,1.0844
2021-10-01,ZA,488,Omicron BA.1,Community,1.1365717943723337,2021-09-21,10,Traveler weight (travel hubs),Strategies (per capita),100%,P7-R,fig_3e,P7-R^0,10,1.0849
2021-10-01,ZA,488,Omicron BA.1,Community,1.1365717943723337,2021-09-21,10,Traveler weight (travel hubs),Strategies (per capita),100%,P11-R,fig_3e,P11-R^0,10,1.0815
2021-10-01,ZA,489,Omicron BA.1,Community,1.2059254466700993,2021-09-21,10,Traveler weight (travel hubs),Strategies (per capita),50%,P7-R,fig_3e,P7-R^0,10,1.092
2021-10-01,ZA,489,Omicron BA.1,Community,1.2059254466700993,2021-09-21,10,Traveler weight (travel hubs),Strategies (per capita),50%,P11-R,fig_3e,P11-R^0,10,1.0899
2021-10-01,ZA,489,Omicron BA.1,Community,1.2059254466700993,2021-09-21,10,Traveler weight (travel hubs),Strategies (per capita),70%,P7-R,fig_3e,P7-R^0,10,1.0883
2021-10-01,ZA,489,Omicron BA.1,Community,1.2059254466700993,2021-09-21,10,Traveler weight (travel hubs),Strategies (per capita),70%,P11-R,fig_3e,P11-R^0,10,1.0862
2021-10-01,ZA,489,Omicron BA.1,Community,1.2059254466700993,2021-09-21,10,Traveler weight (travel hubs),Strategies (per capita),90%,P7-R,fig_3e,P7-R^0,10,1.0853
2021-10-01,ZA,489,Omicron BA.1,Community,1.2059254466700993,2021-09-21,10,Traveler weight (travel hubs),Strategies (per capita),90%,P11-R,fig_3e,P11-R^0,10,1.0844
2021-10-01,ZA,489,Omicron BA.1,Community,1.2059254466700993,2021-09-21,10,Traveler weight (travel hubs),Strategies (per capita),100%,P7-R,fig_3e,P7-R^0,10,1.0849
2021-10-01,ZA,489,Omicron BA.1,Community,1.2059254466700993,2021-09-21,10,Traveler weight (travel hubs),Strategies (per capita),100%,P11-R,fig_3e,P11-R^0,10,1.0815
2021-10-08,ZA,49,Omicron BA.1,Community,1.142308489456925,2021-09-21,17,Traveler weight (travel hubs),Strategies (per capita),50%,P7-R,fig_3e,P7-R^0,10,1.092
2021-10-08,ZA,49,Omicron BA.1,Community,1.142308489456925,2021-09-21,17,Traveler weight (travel hubs),Strategies (per capita),50%,P11-R,fig_3e,P11-R^0,10,1.0899
2021-10-08,ZA,49,Omicron BA.1,Community,1.142308489456925,2021-09-21,17,Traveler weight (travel hubs),Strategies (per capita),70%,P7-R,fig_3e,P7-R^0,10,1.0883
2021-10-08,ZA,49,Omicron BA.1,Community,1.142308489456925,2021-09-21,17,Traveler weight (travel hubs),Strategies (per capita),70%,P11-R,fig_3e,P11-R^0,10,1.0862
2021-10-06,GB,49,Omicron BA.1,Imported,1,2021-09-21,15,Traveler weight (travel hubs),Strategies (per capita),90%,P7-R,fig_3e,P7-R^0,10,1.0853
2021-10-06,GB,49,Omicron BA.1,Imported,1,2021-09-21,15,Traveler weight (travel hubs),Strategies (per capita),90%,P11-R,fig_3e,P11-R^0,10,1.0844
2021-10-06,GB,49,Omicron BA.1,Imported,1,2021-09-21,15,Traveler weight (travel hubs),Strategies (per capita),100%,P7-R,fig_3e,P7-R^0,10,1.0849
2021-10-06,GB,49,Omicron BA.1,Imported,1,2021-09-21,15,Traveler weight (travel hubs),Strategies (per capita),100%,P11-R,fig_3e,P11-R^0,10,1.0815
2021-10-07,ZA,490,Omicron BA.1,Community,1.1346525643115841,2021-09-21,16,Traveler weight (travel hubs),Strategies (per capita),50%,P7-R,fig_3e,P7-R^0,10,1.092
2021-10-07,ZA,490,Omicron BA.1,Community,1.1346525643115841,2021-09-21,16,Traveler weight (travel hubs),Strategies (per capita),50%,P11-R,fig_3e,P11-R^0,10,1.0899
2021-10-07,ZA,490,Omicron BA.1,Community,1.1346525643115841,2021-09-21,16,Traveler weight (travel hubs),Strategies (per capita),70%,P7-R,fig_3e,P7-R^0,10,1.0883
2021-10-07,ZA,490,Omicron BA.1,Community,1.1346525643115841,2021-09-21,16,Traveler weight (travel hubs),Strategies (per capita),70%,P11-R,fig_3e,P11-R^0,10,1.0862
2021-10-07,ZA,490,Omicron BA.1,Community,1.1346525643115841,2021-09-21,16,Traveler weight (travel hubs),Strategies (per capita),90%,P7-R,fig_3e,P7-R^0,10,1.0853
2021-10-07,ZA,490,Omicron BA.1,Community,1.1346525643115841,2021-09-21,16,Traveler weight (travel hubs),Strategies (per capita),90%,P11-R,fig_3e,P11-R^0,10,1.0844
2021-10-07,ZA,490,Omicron BA.1,Community,1.1346525643115841,2021-09-21,16,Traveler weight (travel hubs),Strategies (per capita),100%,P7-R,fig_3e,P7-R^0,10,1.0849
2021-10-07,ZA,490,Omicron BA.1,Community,1.1346525643115841,2021-09-21,16,Traveler weight (travel hubs),Strategies (per capita),100%,P11-R,fig_3e,P11-R^0,10,1.0815
2021-09-30,ZA,491,Omicron BA.1,Community,1.0001265070434573,2021-09-21,9,Traveler weight (travel hubs),Strategies (per capita),50%,P7-R,fig_3e,P7-R^0,10,1.092
2021-09-30,ZA,491,Omicron BA.1,Community,1.0001265070434573,2021-09-21,9,Traveler weight (travel hubs),Strategies (per capita),50%,P11-R,fig_3e,P11-R^0,10,1.0899
2021-09-30,ZA,491,Omicron BA.1,Community,1.0001265070434573,2021-09-21,9,Traveler weight (travel hubs),Strategies (per capita),70%,P7-R,fig_3e,P7-R^0,10,1.0883
2021-09-30,ZA,491,Omicron BA.1,Community,1.0001265070434573,2021-09-21,9,Traveler weight (travel hubs),Strategies (per capita),70%,P11-R,fig_3e,P11-R^0,10,1.0862
2021-09-30,ZA,491,Omicron BA.1,Community,1.0001265070434573,2021-09-21,9,Traveler weight (travel hubs),Strategies (per capita),90%,P7-R,fig_3e,P7-R^0,10,1.0853
2021-09-30,ZA,491,Omicron BA.1,Community,1.0001265070434573,2021-09-21,9,Traveler weight (travel hubs),Strategies (per capita),90%,P11-R,fig_3e,P11-R^0,10,1.0844
2021-09-30,ZA,491,Omicron BA.1,Community,1.0001265070434573,2021-09-21,9,Traveler weight (travel hubs),Strategies (per capita),100%,P7-R,fig_3e,P7-R^0,10,1.0849
2021-09-30,ZA,491,Omicron BA.1,Community,1.0001265070434573,2021-09-21,9,Traveler weight (travel hubs),Strategies (per capita),100%,P11-R,fig_3e,P11-R^0,10,1.0815
2021-10-03,ZA,492,Omicron BA.1,Community,1.0517911132135238,2021-09-21,12,Traveler weight (travel hubs),Strategies (per capita),50%,P7-R,fig_3e,P7-R^0,10,1.092
2021-10-03,ZA,492,Omicron BA.1,Community,1.0517911132135238,2021-09-21,12,Traveler weight (travel hubs),Strategies (per capita),50%,P11-R,fig_3e,P11-R^0,10,1.0899
2021-10-03,ZA,492,Omicron BA.1,Community,1.0517911132135238,2021-09-21,12,Traveler weight (travel hubs),Strategies (per capita),70%,P7-R,fig_3e,P7-R^0,10,1.0883
2021-10-03,ZA,492,Omicron BA.1,Community,1.0517911132135238,2021-09-21,12,Traveler weight (travel hubs),Strategies (per capita),70%,P11-R,fig_3e,P11-R^0,10,1.0862
2021-10-03,ZA,492,Omicron BA.1,Community,1.0517911132135238,2021-09-21,12,Traveler weight (travel hubs),Strategies (per capita),90%,P7-R,fig_3e,P7-R^0,10,1.0853
2021-10-03,ZA,492,Omicron BA.1,Community,1.0517911132135238,2021-09-21,12,Traveler weight (travel hubs),Strategies (per capita),90%,P11-R,fig_3e,P11-R^0,10,1.0844
2021-10-03,ZA,492,Omicron BA.1,Community,1.0517911132135238,2021-09-21,12,Traveler weight (travel hubs),Strategies (per capita),100%,P7-R,fig_3e,P7-R^0,10,1.0849
2021-10-03,ZA,492,Omicron BA.1,Community,1.0517911132135238,2021-09-21,12,Traveler weight (travel hubs),Strategies (per capita),100%,P11-R,fig_3e,P11-R^0,10,1.0815
2021-10-06,ZA,493,Omicron BA.1,Community,1.0491408551600816,2021-09-21,15,Traveler weight (travel hubs),Strategies (per capita),50%,P7-R,fig_3e,P7-R^0,10,1.092
2021-10-06,ZA,493,Omicron BA.1,Community,1.0491408551600816,2021-09-21,15,Traveler weight (travel hubs),Strategies (per capita),50%,P11-R,fig_3e,P11-R^0,10,1.0899
2021-10-06,ZA,493,Omicron BA.1,Community,1.0491408551600816,2021-09-21,15,Traveler weight (travel hubs),Strategies (per capita),70%,P7-R,fig_3e,P7-R^0,10,1.0883
2021-10-06,ZA,493,Omicron BA.1,Community,1.0491408551600816,2021-09-21,15,Traveler weight (travel hubs),Strategies (per capita),70%,P11-R,fig_3e,P11-R^0,10,1.0862
2021-10-06,ZA,493,Omicron BA.1,Community,1.0491408551600816,2021-09-21,15,Traveler weight (travel hubs),Strategies (per capita),90%,P7-R,fig_3e,P7-R^0,10,1.0853
2021-10-06,ZA,493,Omicron BA.1,Community,1.0491408551600816,2021-09-21,15,Traveler weight (travel hubs),Strategies (per capita),90%,P11-R,fig_3e,P11-R^0,10,1.0844
2021-10-06,ZA,493,Omicron BA.1,Community,1.0491408551600816,2021-09-21,15,Traveler weight (travel hubs),Strategies (per capita),100%,P7-R,fig_3e,P7-R^0,10,1.0849
2021-10-06,ZA,493,Omicron BA.1,Community,1.0491408551600816,2021-09-21,15,Traveler weight (travel hubs),Strategies (per capita),100%,P11-R,fig_3e,P11-R^0,10,1.0815
2021-10-05,ZA,494,Omicron BA.1,Community,1.1264274663772706,2021-09-21,14,Traveler weight (travel hubs),Strategies (per capita),50%,P7-R,fig_3e,P7-R^0,10,1.092
2021-10-05,ZA,494,Omicron BA.1,Community,1.1264274663772706,2021-09-21,14,Traveler weight (travel hubs),Strategies (per capita),50%,P11-R,fig_3e,P11-R^0,10,1.0899
2021-10-05,ZA,494,Omicron BA.1,Community,1.1264274663772706,2021-09-21,14,Traveler weight (travel hubs),Strategies (per capita),70%,P7-R,fig_3e,P7-R^0,10,1.0883
2021-10-05,ZA,494,Omicron BA.1,Community,1.1264274663772706,2021-09-21,14,Traveler weight (travel hubs),Strategies (per capita),70%,P11-R,fig_3e,P11-R^0,10,1.0862
2021-10-05,ZA,494,Omicron BA.1,Community,1.1264274663772706,2021-09-21,14,Traveler weight (travel hubs),Strategies (per capita),90%,P7-R,fig_3e,P7-R^0,10,1.0853
2021-10-05,ZA,494,Omicron BA.1,Community,1.1264274663772706,2021-09-21,14,Traveler weight (travel hubs),Strategies (per capita),90%,P11-R,fig_3e,P11-R^0,10,1.0844
2021-10-05,ZA,494,Omicron BA.1,Community,1.1264274663772706,2021-09-21,14,Traveler weight (travel hubs),Strategies (per capita),100%,P7-R,fig_3e,P7-R^0,10,1.0849
2021-10-05,ZA,494,Omicron BA.1,Community,1.1264274663772706,2021-09-21,14,Traveler weight (travel hubs),Strategies (per capita),100%,P11-R,fig_3e,P11-R^0,10,1.0815
2021-09-30,ZA,495,Omicron BA.1,Community,1.134441017286897,2021-09-21,9,Traveler weight (travel hubs),Strategies (per capita),50%,P7-R,fig_3e,P7-R^0,10,1.092
2021-09-30,ZA,495,Omicron BA.1,Community,1.134441017286897,2021-09-21,9,Traveler weight (travel hubs),Strategies (per capita),50%,P11-R,fig_3e,P11-R^0,10,1.0899
2021-09-30,ZA,495,Omicron BA.1,Community,1.134441017286897,2021-09-21,9,Traveler weight (travel hubs),Strategies (per capita),70%,P7-R,fig_3e,P7-R^0,10,1.0883
2021-09-30,ZA,495,Omicron BA.1,Community,1.134441017286897,2021-09-21,9,Traveler weight (travel hubs),Strategies (per capita),70%,P11-R,fig_3e,P11-R^0,10,1.0862
2021-09-30,ZA,495,Omicron BA.1,Community,1.134441017286897,2021-09-21,9,Traveler weight (travel hubs),Strategies (per capita),90%,P7-R,fig_3e,P7-R^0,10,1.0853
2021-09-30,ZA,495,Omicron BA.1,Community,1.134441017286897,2021-09-21,9,Traveler weight (travel hubs),Strategies (per capita),90%,P11-R,fig_3e,P11-R^0,10,1.0844
2021-09-30,ZA,495,Omicron BA.1,Community,1.134441017286897,2021-09-21,9,Traveler weight (travel hubs),Strategies (per capita),100%,P7-R,fig_3e,P7-R^0,10,1.0849
2021-09-30,ZA,495,Omicron BA.1,Community,1.134441017286897,2021-09-21,9,Traveler weight (travel hubs),Strategies (per capita),100%,P11-R,fig_3e,P11-R^0,10,1.0815
2021-10-05,ZA,496,Omicron BA.1,Community,1.1318222339365487,2021-09-21,14,Traveler weight (travel hubs),Strategies (per capita),50%,P7-R,fig_3e,P7-R^0,10,1.092
2021-10-05,ZA,496,Omicron BA.1,Community,1.1318222339365487,2021-09-21,14,Traveler weight (travel hubs),Strategies (per capita),50%,P11-R,fig_3e,P11-R^0,10,1.0899
2021-10-05,ZA,496,Omicron BA.1,Community,1.1318222339365487,2021-09-21,14,Traveler weight (travel hubs),Strategies (per capita),70%,P7-R,fig_3e,P7-R^0,10,1.0883
2021-10-05,ZA,496,Omicron BA.1,Community,1.1318222339365487,2021-09-21,14,Traveler weight (travel hubs),Strategies (per capita),70%,P11-R,fig_3e,P11-R^0,10,1.0862
2021-10-05,ZA,496,Omicron BA.1,Community,1.1318222339365487,2021-09-21,14,Traveler weight (travel hubs),Strategies (per capita),90%,P7-R,fig_3e,P7-R^0,10,1.0853
2021-10-05,ZA,496,Omicron BA.1,Community,1.1318222339365487,2021-09-21,14,Traveler weight (travel hubs),Strategies (per capita),90%,P11-R,fig_3e,P11-R^0,10,1.0844
2021-10-05,ZA,496,Omicron BA.1,Community,1.1318222339365487,2021-09-21,14,Traveler weight (travel hubs),Strategies (per capita),100%,P7-R,fig_3e,P7-R^0,10,1.0849
2021-10-05,ZA,496,Omicron BA.1,Community,1.1318222339365487,2021-09-21,14,Traveler weight (travel hubs),Strategies (per capita),100%,P11-R,fig_3e,P11-R^0,10,1.0815
2021-10-07,ZA,497,Omicron BA.1,Community,1.135993761196113,2021-09-21,16,Traveler weight (travel hubs),Strategies (per capita),50%,P7-R,fig_3e,P7-R^0,10,1.092
2021-10-07,ZA,497,Omicron BA.1,Community,1.135993761196113,2021-09-21,16,Traveler weight (travel hubs),Strategies (per capita),50%,P11-R,fig_3e,P11-R^0,10,1.0899
2021-10-07,ZA,497,Omicron BA.1,Community,1.135993761196113,2021-09-21,16,Traveler weight (travel hubs),Strategies (per capita),70%,P7-R,fig_3e,P7-R^0,10,1.0883
2021-10-07,ZA,497,Omicron BA.1,Community,1.135993761196113,2021-09-21,16,Traveler weight (travel hubs),Strategies (per capita),70%,P11-R,fig_3e,P11-R^0,10,1.0862
2021-10-07,ZA,497,Omicron BA.1,Community,1.135993761196113,2021-09-21,16,Traveler weight (travel hubs),Strategies (per capita),90%,P7-R,fig_3e,P7-R^0,10,1.0853
2021-10-07,ZA,497,Omicron BA.1,Community,1.135993761196113,2021-09-21,16,Traveler weight (travel hubs),Strategies (per capita),90%,P11-R,fig_3e,P11-R^0,10,1.0844
2021-10-07,ZA,497,Omicron BA.1,Community,1.135993761196113,2021-09-21,16,Traveler weight (travel hubs),Strategies (per capita),100%,P7-R,fig_3e,P7-R^0,10,1.0849
2021-10-07,ZA,497,Omicron BA.1,Community,1.135993761196113,2021-09-21,16,Traveler weight (travel hubs),Strategies (per capita),100%,P11-R,fig_3e,P11-R^0,10,1.0815
2021-09-30,ZA,498,Omicron BA.1,Community,1.0476531798988284,2021-09-21,9,Traveler weight (travel hubs),Strategies (per capita),50%,P7-R,fig_3e,P7-R^0,10,1.092
2021-09-30,ZA,498,Omicron BA.1,Community,1.0476531798988284,2021-09-21,9,Traveler weight (travel hubs),Strategies (per capita),50%,P11-R,fig_3e,P11-R^0,10,1.0899
2021-09-30,ZA,498,Omicron BA.1,Community,1.0476531798988284,2021-09-21,9,Traveler weight (travel hubs),Strategies (per capita),70%,P7-R,fig_3e,P7-R^0,10,1.0883
2021-09-30,ZA,498,Omicron BA.1,Community,1.0476531798988284,2021-09-21,9,Traveler weight (travel hubs),Strategies (per capita),70%,P11-R,fig_3e,P11-R^0,10,1.0862
2021-09-30,ZA,498,Omicron BA.1,Community,1.0476531798988284,2021-09-21,9,Traveler weight (travel hubs),Strategies (per capita),90%,P7-R,fig_3e,P7-R^0,10,1.0853
2021-09-30,ZA,498,Omicron BA.1,Community,1.0476531798988284,2021-09-21,9,Traveler weight (travel hubs),Strategies (per capita),90%,P11-R,fig_3e,P11-R^0,10,1.0844
2021-09-30,ZA,498,Omicron BA.1,Community,1.0476531798988284,2021-09-21,9,Traveler weight (travel hubs),Strategies (per capita),100%,P7-R,fig_3e,P7-R^0,10,1.0849
2021-09-30,ZA,498,Omicron BA.1,Community,1.0476531798988284,2021-09-21,9,Traveler weight (travel hubs),Strategies (per capita),100%,P11-R,fig_3e,P11-R^0,10,1.0815
2021-09-30,ZA,499,Omicron BA.1,Community,1.0280225976324797,2021-09-21,9,Traveler weight (travel hubs),Strategies (per capita),50%,P7-R,fig_3e,P7-R^0,10,1.092
2021-09-30,ZA,499,Omicron BA.1,Community,1.0280225976324797,2021-09-21,9,Traveler weight (travel hubs),Strategies (per capita),50%,P11-R,fig_3e,P11-R^0,10,1.0899
2021-09-30,ZA,499,Omicron BA.1,Community,1.0280225976324797,2021-09-21,9,Traveler weight (travel hubs),Strategies (per capita),70%,P7-R,fig_3e,P7-R^0,10,1.0883
2021-09-30,ZA,499,Omicron BA.1,Community,1.0280225976324797,2021-09-21,9,Traveler weight (travel hubs),Strategies (per capita),70%,P11-R,fig_3e,P11-R^0,10,1.0862
2021-09-30,ZA,499,Omicron BA.1,Community,1.0280225976324797,2021-09-21,9,Traveler weight (travel hubs),Strategies (per capita),90%,P7-R,fig_3e,P7-R^0,10,1.0853
2021-09-30,ZA,499,Omicron BA.1,Community,1.0280225976324797,2021-09-21,9,Traveler weight (travel hubs),Strategies (per capita),90%,P11-R,fig_3e,P11-R^0,10,1.0844
2021-09-30,ZA,499,Omicron BA.1,Community,1.0280225976324797,2021-09-21,9,Traveler weight (travel hubs),Strategies (per capita),100%,P7-R,fig_3e,P7-R^0,10,1.0849
2021-09-30,ZA,499,Omicron BA.1,Community,1.0280225976324797,2021-09-21,9,Traveler weight (travel hubs),Strategies (per capita),100%,P11-R,fig_3e,P11-R^0,10,1.0815
2021-10-07,ZA,5,Omicron BA.1,Community,1.2513366932656123,2021-09-21,16,Traveler weight (travel hubs),Strategies (per capita),50%,P7-R,fig_3e,P7-R^0,10,1.092
2021-10-07,ZA,5,Omicron BA.1,Community,1.2513366932656123,2021-09-21,16,Traveler weight (travel hubs),Strategies (per capita),50%,P11-R,fig_3e,P11-R^0,10,1.0899
2021-10-02,GB,5,Omicron BA.1,Imported,1,2021-09-21,11,Traveler weight (travel hubs),Strategies (per capita),70%,P7-R,fig_3e,P7-R^0,10,1.0883
2021-10-02,GB,5,Omicron BA.1,Imported,1,2021-09-21,11,Traveler weight (travel hubs),Strategies (per capita),70%,P11-R,fig_3e,P11-R^0,10,1.0862
2021-10-02,GB,5,Omicron BA.1,Imported,1,2021-09-21,11,Traveler weight (travel hubs),Strategies (per capita),90%,P7-R,fig_3e,P7-R^0,10,1.0853
2021-10-02,GB,5,Omicron BA.1,Imported,1,2021-09-21,11,Traveler weight (travel hubs),Strategies (per capita),90%,P11-R,fig_3e,P11-R^0,10,1.0844
2021-10-02,GB,5,Omicron BA.1,Imported,1,2021-09-21,11,Traveler weight (travel hubs),Strategies (per capita),100%,P7-R,fig_3e,P7-R^0,10,1.0849
2021-10-02,GB,5,Omicron BA.1,Imported,1,2021-09-21,11,Traveler weight (travel hubs),Strategies (per capita),100%,P11-R,fig_3e,P11-R^0,10,1.0815
2021-10-05,ZA,50,Omicron BA.1,Community,1.153401304173661,2021-09-21,14,Traveler weight (travel hubs),Strategies (per capita),50%,P7-R,fig_3e,P7-R^0,10,1.092
2021-10-05,ZA,50,Omicron BA.1,Community,1.153401304173661,2021-09-21,14,Traveler weight (travel hubs),Strategies (per capita),50%,P11-R,fig_3e,P11-R^0,10,1.0899
2021-10-05,ZA,50,Omicron BA.1,Community,1.153401304173661,2021-09-21,14,Traveler weight (travel hubs),Strategies (per capita),70%,P7-R,fig_3e,P7-R^0,10,1.0883
2021-10-05,ZA,50,Omicron BA.1,Community,1.153401304173661,2021-09-21,14,Traveler weight (travel hubs),Strategies (per capita),70%,P11-R,fig_3e,P11-R^0,10,1.0862
2021-10-05,ZA,50,Omicron BA.1,Community,1.153401304173661,2021-09-21,14,Traveler weight (travel hubs),Strategies (per capita),90%,P7-R,fig_3e,P7-R^0,10,1.0853
2021-10-05,ZA,50,Omicron BA.1,Community,1.153401304173661,2021-09-21,14,Traveler weight (travel hubs),Strategies (per capita),90%,P11-R,fig_3e,P11-R^0,10,1.0844
2021-10-05,ZA,50,Omicron BA.1,Community,1.153401304173661,2021-09-21,14,Traveler weight (travel hubs),Strategies (per capita),100%,P7-R,fig_3e,P7-R^0,10,1.0849
2021-10-05,ZA,50,Omicron BA.1,Community,1.153401304173661,2021-09-21,14,Traveler weight (travel hubs),Strategies (per capita),100%,P11-R,fig_3e,P11-R^0,10,1.0815
2021-10-02,ZA,500,Omicron BA.1,Community,1.0374036071237482,2021-09-21,11,Traveler weight (travel hubs),Strategies (per capita),50%,P7-R,fig_3e,P7-R^0,10,1.092
2021-10-02,ZA,500,Omicron BA.1,Community,1.0374036071237482,2021-09-21,11,Traveler weight (travel hubs),Strategies (per capita),50%,P11-R,fig_3e,P11-R^0,10,1.0899
2021-10-02,ZA,500,Omicron BA.1,Community,1.0374036071237482,2021-09-21,11,Traveler weight (travel hubs),Strategies (per capita),70%,P7-R,fig_3e,P7-R^0,10,1.0883
2021-10-02,ZA,500,Omicron BA.1,Community,1.0374036071237482,2021-09-21,11,Traveler weight (travel hubs),Strategies (per capita),70%,P11-R,fig_3e,P11-R^0,10,1.0862
2021-10-02,ZA,500,Omicron BA.1,Community,1.0374036071237482,2021-09-21,11,Traveler weight (travel hubs),Strategies (per capita),90%,P7-R,fig_3e,P7-R^0,10,1.0853
2021-10-02,ZA,500,Omicron BA.1,Community,1.0374036071237482,2021-09-21,11,Traveler weight (travel hubs),Strategies (per capita),90%,P11-R,fig_3e,P11-R^0,10,1.0844
2021-10-02,ZA,500,Omicron BA.1,Community,1.0374036071237482,2021-09-21,11,Traveler weight (travel hubs),Strategies (per capita),100%,P7-R,fig_3e,P7-R^0,10,1.0849
2021-10-02,ZA,500,Omicron BA.1,Community,1.0374036071237482,2021-09-21,11,Traveler weight (travel hubs),Strategies (per capita),100%,P11-R,fig_3e,P11-R^0,10,1.0815
2021-09-30,ZA,501,Omicron BA.1,Community,1.1778349359809315,2021-09-21,9,Traveler weight (travel hubs),Strategies (per capita),50%,P7-R,fig_3e,P7-R^0,10,1.092
2021-09-30,ZA,501,Omicron BA.1,Community,1.1778349359809315,2021-09-21,9,Traveler weight (travel hubs),Strategies (per capita),50%,P11-R,fig_3e,P11-R^0,10,1.0899
2021-09-30,ZA,501,Omicron BA.1,Community,1.1778349359809315,2021-09-21,9,Traveler weight (travel hubs),Strategies (per capita),70%,P7-R,fig_3e,P7-R^0,10,1.0883
2021-09-30,ZA,501,Omicron BA.1,Community,1.1778349359809315,2021-09-21,9,Traveler weight (travel hubs),Strategies (per capita),70%,P11-R,fig_3e,P11-R^0,10,1.0862
2021-09-30,ZA,501,Omicron BA.1,Community,1.1778349359809315,2021-09-21,9,Traveler weight (travel hubs),Strategies (per capita),90%,P7-R,fig_3e,P7-R^0,10,1.0853
2021-09-30,ZA,501,Omicron BA.1,Community,1.1778349359809315,2021-09-21,9,Traveler weight (travel hubs),Strategies (per capita),90%,P11-R,fig_3e,P11-R^0,10,1.0844
2021-09-30,ZA,501,Omicron BA.1,Community,1.1778349359809315,2021-09-21,9,Traveler weight (travel hubs),Strategies (per capita),100%,P7-R,fig_3e,P7-R^0,10,1.0849
2021-09-30,ZA,501,Omicron BA.1,Community,1.1778349359809315,2021-09-21,9,Traveler weight (travel hubs),Strategies (per capita),100%,P11-R,fig_3e,P11-R^0,10,1.0815
2021-10-07,ZA,502,Omicron BA.1,Community,1.0823458858149506,2021-09-21,16,Traveler weight (travel hubs),Strategies (per capita),50%,P7-R,fig_3e,P7-R^0,10,1.092
2021-10-07,ZA,502,Omicron BA.1,Community,1.0823458858149506,2021-09-21,16,Traveler weight (travel hubs),Strategies (per capita),50%,P11-R,fig_3e,P11-R^0,10,1.0899
2021-10-07,ZA,502,Omicron BA.1,Community,1.0823458858149506,2021-09-21,16,Traveler weight (travel hubs),Strategies (per capita),70%,P7-R,fig_3e,P7-R^0,10,1.0883
2021-10-07,ZA,502,Omicron BA.1,Community,1.0823458858149506,2021-09-21,16,Traveler weight (travel hubs),Strategies (per capita),70%,P11-R,fig_3e,P11-R^0,10,1.0862
2021-10-07,ZA,502,Omicron BA.1,Community,1.0823458858149506,2021-09-21,16,Traveler weight (travel hubs),Strategies (per capita),90%,P7-R,fig_3e,P7-R^0,10,1.0853
2021-10-07,ZA,502,Omicron BA.1,Community,1.0823458858149506,2021-09-21,16,Traveler weight (travel hubs),Strategies (per capita),90%,P11-R,fig_3e,P11-R^0,10,1.0844
2021-10-07,ZA,502,Omicron BA.1,Community,1.0823458858149506,2021-09-21,16,Traveler weight (travel hubs),Strategies (per capita),100%,P7-R,fig_3e,P7-R^0,10,1.0849
2021-10-07,ZA,502,Omicron BA.1,Community,1.0823458858149506,2021-09-21,16,Traveler weight (travel hubs),Strategies (per capita),100%,P11-R,fig_3e,P11-R^0,10,1.0815
2021-10-01,ZA,503,Omicron BA.1,Community,1.3084032314085885,2021-09-21,10,Traveler weight (travel hubs),Strategies (per capita),50%,P7-R,fig_3e,P7-R^0,10,1.092
2021-10-01,ZA,503,Omicron BA.1,Community,1.3084032314085885,2021-09-21,10,Traveler weight (travel hubs),Strategies (per capita),50%,P11-R,fig_3e,P11-R^0,10,1.0899
2021-10-01,ZA,503,Omicron BA.1,Community,1.3084032314085885,2021-09-21,10,Traveler weight (travel hubs),Strategies (per capita),70%,P7-R,fig_3e,P7-R^0,10,1.0883
2021-10-01,ZA,503,Omicron BA.1,Community,1.3084032314085885,2021-09-21,10,Traveler weight (travel hubs),Strategies (per capita),70%,P11-R,fig_3e,P11-R^0,10,1.0862
2021-10-01,ZA,503,Omicron BA.1,Community,1.3084032314085885,2021-09-21,10,Traveler weight (travel hubs),Strategies (per capita),90%,P7-R,fig_3e,P7-R^0,10,1.0853
2021-10-01,ZA,503,Omicron BA.1,Community,1.3084032314085885,2021-09-21,10,Traveler weight (travel hubs),Strategies (per capita),90%,P11-R,fig_3e,P11-R^0,10,1.0844
2021-10-01,ZA,503,Omicron BA.1,Community,1.3084032314085885,2021-09-21,10,Traveler weight (travel hubs),Strategies (per capita),100%,P7-R,fig_3e,P7-R^0,10,1.0849
2021-10-01,ZA,503,Omicron BA.1,Community,1.3084032314085885,2021-09-21,10,Traveler weight (travel hubs),Strategies (per capita),100%,P11-R,fig_3e,P11-R^0,10,1.0815
2021-10-07,ZA,504,Omicron BA.1,Community,1.1212405954662932,2021-09-21,16,Traveler weight (travel hubs),Strategies (per capita),50%,P7-R,fig_3e,P7-R^0,10,1.092
2021-10-07,ZA,504,Omicron BA.1,Community,1.1212405954662932,2021-09-21,16,Traveler weight (travel hubs),Strategies (per capita),50%,P11-R,fig_3e,P11-R^0,10,1.0899
2021-10-07,ZA,504,Omicron BA.1,Community,1.1212405954662932,2021-09-21,16,Traveler weight (travel hubs),Strategies (per capita),70%,P7-R,fig_3e,P7-R^0,10,1.0883
2021-10-07,ZA,504,Omicron BA.1,Community,1.1212405954662932,2021-09-21,16,Traveler weight (travel hubs),Strategies (per capita),70%,P11-R,fig_3e,P11-R^0,10,1.0862
2021-10-07,ZA,504,Omicron BA.1,Community,1.1212405954662932,2021-09-21,16,Traveler weight (travel hubs),Strategies (per capita),90%,P7-R,fig_3e,P7-R^0,10,1.0853
2021-10-07,ZA,504,Omicron BA.1,Community,1.1212405954662932,2021-09-21,16,Traveler weight (travel hubs),Strategies (per capita),90%,P11-R,fig_3e,P11-R^0,10,1.0844
2021-10-07,ZA,504,Omicron BA.1,Community,1.1212405954662932,2021-09-21,16,Traveler weight (travel hubs),Strategies (per capita),100%,P7-R,fig_3e,P7-R^0,10,1.0849
2021-10-07,ZA,504,Omicron BA.1,Community,1.1212405954662932,2021-09-21,16,Traveler weight (travel hubs),Strategies (per capita),100%,P11-R,fig_3e,P11-R^0,10,1.0815
2021-09-29,ZA,505,Omicron BA.1,Community,1.004116039577355,2021-09-21,8,Traveler weight (travel hubs),Strategies (per capita),50%,P7-R,fig_3e,P7-R^0,10,1.092
2021-09-29,ZA,505,Omicron BA.1,Community,1.004116039577355,2021-09-21,8,Traveler weight (travel hubs),Strategies (per capita),50%,P11-R,fig_3e,P11-R^0,10,1.0899
2021-09-29,ZA,505,Omicron BA.1,Community,1.004116039577355,2021-09-21,8,Traveler weight (travel hubs),Strategies (per capita),70%,P7-R,fig_3e,P7-R^0,10,1.0883
2021-09-29,ZA,505,Omicron BA.1,Community,1.004116039577355,2021-09-21,8,Traveler weight (travel hubs),Strategies (per capita),70%,P11-R,fig_3e,P11-R^0,10,1.0862
2021-09-29,ZA,505,Omicron BA.1,Community,1.004116039577355,2021-09-21,8,Traveler weight (travel hubs),Strategies (per capita),90%,P7-R,fig_3e,P7-R^0,10,1.0853
2021-09-29,ZA,505,Omicron BA.1,Community,1.004116039577355,2021-09-21,8,Traveler weight (travel hubs),Strategies (per capita),90%,P11-R,fig_3e,P11-R^0,10,1.0844
2021-09-29,ZA,505,Omicron BA.1,Community,1.004116039577355,2021-09-21,8,Traveler weight (travel hubs),Strategies (per capita),100%,P7-R,fig_3e,P7-R^0,10,1.0849
2021-09-29,ZA,505,Omicron BA.1,Community,1.004116039577355,2021-09-21,8,Traveler weight (travel hubs),Strategies (per capita),100%,P11-R,fig_3e,P11-R^0,10,1.0815
2021-10-01,GB,506,Omicron BA.1,Imported,1,2021-09-21,10,Traveler weight (travel hubs),Strategies (per capita),50%,P7-R,fig_3e,P7-R^0,10,1.092
2021-10-01,GB,506,Omicron BA.1,Imported,1,2021-09-21,10,Traveler weight (travel hubs),Strategies (per capita),50%,P11-R,fig_3e,P11-R^0,10,1.0899
2021-10-01,GB,506,Omicron BA.1,Imported,1,2021-09-21,10,Traveler weight (travel hubs),Strategies (per capita),70%,P7-R,fig_3e,P7-R^0,10,1.0883
2021-10-01,GB,506,Omicron BA.1,Imported,1,2021-09-21,10,Traveler weight (travel hubs),Strategies (per capita),70%,P11-R,fig_3e,P11-R^0,10,1.0862
2021-10-01,GB,506,Omicron BA.1,Imported,1,2021-09-21,10,Traveler weight (travel hubs),Strategies (per capita),90%,P7-R,fig_3e,P7-R^0,10,1.0853
2021-10-01,GB,506,Omicron BA.1,Imported,1,2021-09-21,10,Traveler weight (travel hubs),Strategies (per capita),90%,P11-R,fig_3e,P11-R^0,10,1.0844
2021-10-01,GB,506,Omicron BA.1,Imported,1,2021-09-21,10,Traveler weight (travel hubs),Strategies (per capita),100%,P7-R,fig_3e,P7-R^0,10,1.0849
2021-10-01,GB,506,Omicron BA.1,Imported,1,2021-09-21,10,Traveler weight (travel hubs),Strategies (per capita),100%,P11-R,fig_3e,P11-R^0,10,1.0815
2021-10-03,ZA,507,Omicron BA.1,Community,1.0294719383973214,2021-09-21,12,Traveler weight (travel hubs),Strategies (per capita),50%,P7-R,fig_3e,P7-R^0,10,1.092
2021-10-03,ZA,507,Omicron BA.1,Community,1.0294719383973214,2021-09-21,12,Traveler weight (travel hubs),Strategies (per capita),50%,P11-R,fig_3e,P11-R^0,10,1.0899
2021-10-01,GB,507,Omicron BA.1,Imported,1,2021-09-21,10,Traveler weight (travel hubs),Strategies (per capita),70%,P7-R,fig_3e,P7-R^0,10,1.0883
2021-10-01,GB,507,Omicron BA.1,Imported,1,2021-09-21,10,Traveler weight (travel hubs),Strategies (per capita),70%,P11-R,fig_3e,P11-R^0,10,1.0862
2021-10-01,GB,507,Omicron BA.1,Imported,1,2021-09-21,10,Traveler weight (travel hubs),Strategies (per capita),90%,P7-R,fig_3e,P7-R^0,10,1.0853
2021-10-01,GB,507,Omicron BA.1,Imported,1,2021-09-21,10,Traveler weight (travel hubs),Strategies (per capita),90%,P11-R,fig_3e,P11-R^0,10,1.0844
2021-10-01,GB,507,Omicron BA.1,Imported,1,2021-09-21,10,Traveler weight (travel hubs),Strategies (per capita),100%,P7-R,fig_3e,P7-R^0,10,1.0849
2021-10-01,GB,507,Omicron BA.1,Imported,1,2021-09-21,10,Traveler weight (travel hubs),Strategies (per capita),100%,P11-R,fig_3e,P11-R^0,10,1.0815
2021-10-05,ZA,508,Omicron BA.1,Community,1.2235332824442762,2021-09-21,14,Traveler weight (travel hubs),Strategies (per capita),50%,P7-R,fig_3e,P7-R^0,10,1.092
2021-10-05,ZA,508,Omicron BA.1,Community,1.2235332824442762,2021-09-21,14,Traveler weight (travel hubs),Strategies (per capita),50%,P11-R,fig_3e,P11-R^0,10,1.0899
2021-10-05,ZA,508,Omicron BA.1,Community,1.2235332824442762,2021-09-21,14,Traveler weight (travel hubs),Strategies (per capita),70%,P7-R,fig_3e,P7-R^0,10,1.0883
2021-10-05,ZA,508,Omicron BA.1,Community,1.2235332824442762,2021-09-21,14,Traveler weight (travel hubs),Strategies (per capita),70%,P11-R,fig_3e,P11-R^0,10,1.0862
2021-10-05,ZA,508,Omicron BA.1,Community,1.2235332824442762,2021-09-21,14,Traveler weight (travel hubs),Strategies (per capita),90%,P7-R,fig_3e,P7-R^0,10,1.0853
2021-10-05,ZA,508,Omicron BA.1,Community,1.2235332824442762,2021-09-21,14,Traveler weight (travel hubs),Strategies (per capita),90%,P11-R,fig_3e,P11-R^0,10,1.0844
2021-10-05,ZA,508,Omicron BA.1,Community,1.2235332824442762,2021-09-21,14,Traveler weight (travel hubs),Strategies (per capita),100%,P7-R,fig_3e,P7-R^0,10,1.0849
2021-10-05,ZA,508,Omicron BA.1,Community,1.2235332824442762,2021-09-21,14,Traveler weight (travel hubs),Strategies (per capita),100%,P11-R,fig_3e,P11-R^0,10,1.0815
2021-09-27,ZA,509,Omicron BA.1,Community,1.00667366880416,2021-09-21,6,Traveler weight (travel hubs),Strategies (per capita),50%,P7-R,fig_3e,P7-R^0,10,1.092
2021-09-27,ZA,509,Omicron BA.1,Community,1.00667366880416,2021-09-21,6,Traveler weight (travel hubs),Strategies (per capita),50%,P11-R,fig_3e,P11-R^0,10,1.0899
2021-09-27,ZA,509,Omicron BA.1,Community,1.00667366880416,2021-09-21,6,Traveler weight (travel hubs),Strategies (per capita),70%,P7-R,fig_3e,P7-R^0,10,1.0883
2021-09-27,ZA,509,Omicron BA.1,Community,1.00667366880416,2021-09-21,6,Traveler weight (travel hubs),Strategies (per capita),70%,P11-R,fig_3e,P11-R^0,10,1.0862
2021-09-27,ZA,509,Omicron BA.1,Community,1.00667366880416,2021-09-21,6,Traveler weight (travel hubs),Strategies (per capita),90%,P7-R,fig_3e,P7-R^0,10,1.0853
2021-09-27,ZA,509,Omicron BA.1,Community,1.00667366880416,2021-09-21,6,Traveler weight (travel hubs),Strategies (per capita),90%,P11-R,fig_3e,P11-R^0,10,1.0844
2021-09-27,ZA,509,Omicron BA.1,Community,1.00667366880416,2021-09-21,6,Traveler weight (travel hubs),Strategies (per capita),100%,P7-R,fig_3e,P7-R^0,10,1.0849
2021-09-27,ZA,509,Omicron BA.1,Community,1.00667366880416,2021-09-21,6,Traveler weight (travel hubs),Strategies (per capita),100%,P11-R,fig_3e,P11-R^0,10,1.0815
2021-10-01,GB,51,Omicron BA.1,Imported,1,2021-09-21,10,Traveler weight (travel hubs),Strategies (per capita),50%,P7-R,fig_3e,P7-R^0,10,1.092
2021-10-01,GB,51,Omicron BA.1,Imported,1,2021-09-21,10,Traveler weight (travel hubs),Strategies (per capita),50%,P11-R,fig_3e,P11-R^0,10,1.0899
2021-10-01,GB,51,Omicron BA.1,Imported,1,2021-09-21,10,Traveler weight (travel hubs),Strategies (per capita),70%,P7-R,fig_3e,P7-R^0,10,1.0883
2021-10-01,GB,51,Omicron BA.1,Imported,1,2021-09-21,10,Traveler weight (travel hubs),Strategies (per capita),70%,P11-R,fig_3e,P11-R^0,10,1.0862
2021-10-01,GB,51,Omicron BA.1,Imported,1,2021-09-21,10,Traveler weight (travel hubs),Strategies (per capita),90%,P7-R,fig_3e,P7-R^0,10,1.0853
2021-10-01,GB,51,Omicron BA.1,Imported,1,2021-09-21,10,Traveler weight (travel hubs),Strategies (per capita),90%,P11-R,fig_3e,P11-R^0,10,1.0844
2021-10-01,GB,51,Omicron BA.1,Imported,1,2021-09-21,10,Traveler weight (travel hubs),Strategies (per capita),100%,P7-R,fig_3e,P7-R^0,10,1.0849
2021-10-01,GB,51,Omicron BA.1,Imported,1,2021-09-21,10,Traveler weight (travel hubs),Strategies (per capita),100%,P11-R,fig_3e,P11-R^0,10,1.0815
2021-10-07,ZA,510,Omicron BA.1,Community,2.1164086837868554,2021-09-21,16,Traveler weight (travel hubs),Strategies (per capita),50%,P7-R,fig_3e,P7-R^0,10,1.092
2021-10-07,ZA,510,Omicron BA.1,Community,2.1164086837868554,2021-09-21,16,Traveler weight (travel hubs),Strategies (per capita),50%,P11-R,fig_3e,P11-R^0,10,1.0899
2021-10-07,ZA,510,Omicron BA.1,Community,2.1164086837868554,2021-09-21,16,Traveler weight (travel hubs),Strategies (per capita),70%,P7-R,fig_3e,P7-R^0,10,1.0883
2021-10-07,ZA,510,Omicron BA.1,Community,2.1164086837868554,2021-09-21,16,Traveler weight (travel hubs),Strategies (per capita),70%,P11-R,fig_3e,P11-R^0,10,1.0862
2021-10-07,ZA,510,Omicron BA.1,Community,2.1164086837868554,2021-09-21,16,Traveler weight (travel hubs),Strategies (per capita),90%,P7-R,fig_3e,P7-R^0,10,1.0853
2021-10-07,ZA,510,Omicron BA.1,Community,2.1164086837868554,2021-09-21,16,Traveler weight (travel hubs),Strategies (per capita),90%,P11-R,fig_3e,P11-R^0,10,1.0844
2021-10-07,ZA,510,Omicron BA.1,Community,2.1164086837868554,2021-09-21,16,Traveler weight (travel hubs),Strategies (per capita),100%,P7-R,fig_3e,P7-R^0,10,1.0849
2021-10-07,ZA,510,Omicron BA.1,Community,2.1164086837868554,2021-09-21,16,Traveler weight (travel hubs),Strategies (per capita),100%,P11-R,fig_3e,P11-R^0,10,1.0815
2021-10-08,ZA,511,Omicron BA.1,Community,1.0211998668836126,2021-09-21,17,Traveler weight (travel hubs),Strategies (per capita),50%,P7-R,fig_3e,P7-R^0,10,1.092
2021-10-08,ZA,511,Omicron BA.1,Community,1.0211998668836126,2021-09-21,17,Traveler weight (travel hubs),Strategies (per capita),50%,P11-R,fig_3e,P11-R^0,10,1.0899
2021-10-07,GB,511,Omicron BA.1,Imported,1,2021-09-21,16,Traveler weight (travel hubs),Strategies (per capita),70%,P7-R,fig_3e,P7-R^0,10,1.0883
2021-10-07,GB,511,Omicron BA.1,Imported,1,2021-09-21,16,Traveler weight (travel hubs),Strategies (per capita),70%,P11-R,fig_3e,P11-R^0,10,1.0862
2021-10-07,GB,511,Omicron BA.1,Imported,1,2021-09-21,16,Traveler weight (travel hubs),Strategies (per capita),90%,P7-R,fig_3e,P7-R^0,10,1.0853
2021-10-07,GB,511,Omicron BA.1,Imported,1,2021-09-21,16,Traveler weight (travel hubs),Strategies (per capita),90%,P11-R,fig_3e,P11-R^0,10,1.0844
2021-10-07,GB,511,Omicron BA.1,Imported,1,2021-09-21,16,Traveler weight (travel hubs),Strategies (per capita),100%,P7-R,fig_3e,P7-R^0,10,1.0849
2021-10-07,GB,511,Omicron BA.1,Imported,1,2021-09-21,16,Traveler weight (travel hubs),Strategies (per capita),100%,P11-R,fig_3e,P11-R^0,10,1.0815
2021-10-07,ZA,512,Omicron BA.1,Community,1.8428045193429268,2021-09-21,16,Traveler weight (travel hubs),Strategies (per capita),50%,P7-R,fig_3e,P7-R^0,10,1.092
2021-10-07,ZA,512,Omicron BA.1,Community,1.8428045193429268,2021-09-21,16,Traveler weight (travel hubs),Strategies (per capita),50%,P11-R,fig_3e,P11-R^0,10,1.0899
2021-10-07,ZA,512,Omicron BA.1,Community,1.8428045193429268,2021-09-21,16,Traveler weight (travel hubs),Strategies (per capita),70%,P7-R,fig_3e,P7-R^0,10,1.0883
2021-10-07,ZA,512,Omicron BA.1,Community,1.8428045193429268,2021-09-21,16,Traveler weight (travel hubs),Strategies (per capita),70%,P11-R,fig_3e,P11-R^0,10,1.0862
2021-10-07,ZA,512,Omicron BA.1,Community,1.8428045193429268,2021-09-21,16,Traveler weight (travel hubs),Strategies (per capita),90%,P7-R,fig_3e,P7-R^0,10,1.0853
2021-10-07,ZA,512,Omicron BA.1,Community,1.8428045193429268,2021-09-21,16,Traveler weight (travel hubs),Strategies (per capita),90%,P11-R,fig_3e,P11-R^0,10,1.0844
2021-10-07,ZA,512,Omicron BA.1,Community,1.8428045193429268,2021-09-21,16,Traveler weight (travel hubs),Strategies (per capita),100%,P7-R,fig_3e,P7-R^0,10,1.0849
2021-10-07,ZA,512,Omicron BA.1,Community,1.8428045193429268,2021-09-21,16,Traveler weight (travel hubs),Strategies (per capita),100%,P11-R,fig_3e,P11-R^0,10,1.0815
2021-10-05,ZA,52,Omicron BA.1,Community,1.2321649105391217,2021-09-21,14,Traveler weight (travel hubs),Strategies (per capita),50%,P7-R,fig_3e,P7-R^0,10,1.092
2021-09-30,US,52,Omicron BA.1,Imported,1,2021-09-21,9,Traveler weight (travel hubs),Strategies (per capita),50%,P11-R,fig_3e,P11-R^0,10,1.0899
2021-10-05,ZA,52,Omicron BA.1,Community,1.2321649105391217,2021-09-21,14,Traveler weight (travel hubs),Strategies (per capita),70%,P7-R,fig_3e,P7-R^0,10,1.0883
2021-09-30,US,52,Omicron BA.1,Imported,1,2021-09-21,9,Traveler weight (travel hubs),Strategies (per capita),70%,P11-R,fig_3e,P11-R^0,10,1.0862
2021-10-05,ZA,52,Omicron BA.1,Community,1.2321649105391217,2021-09-21,14,Traveler weight (travel hubs),Strategies (per capita),90%,P7-R,fig_3e,P7-R^0,10,1.0853
2021-09-30,US,52,Omicron BA.1,Imported,1,2021-09-21,9,Traveler weight (travel hubs),Strategies (per capita),90%,P11-R,fig_3e,P11-R^0,10,1.0844
2021-10-05,ZA,52,Omicron BA.1,Community,1.2321649105391217,2021-09-21,14,Traveler weight (travel hubs),Strategies (per capita),100%,P7-R,fig_3e,P7-R^0,10,1.0849
2021-09-30,US,52,Omicron BA.1,Imported,1,2021-09-21,9,Traveler weight (travel hubs),Strategies (per capita),100%,P11-R,fig_3e,P11-R^0,10,1.0815
2021-09-30,ZA,53,Omicron BA.1,Community,1.1385737714482338,2021-09-21,9,Traveler weight (travel hubs),Strategies (per capita),50%,P7-R,fig_3e,P7-R^0,10,1.092
2021-09-30,ZA,53,Omicron BA.1,Community,1.1385737714482338,2021-09-21,9,Traveler weight (travel hubs),Strategies (per capita),50%,P11-R,fig_3e,P11-R^0,10,1.0899
2021-09-30,ZA,53,Omicron BA.1,Community,1.1385737714482338,2021-09-21,9,Traveler weight (travel hubs),Strategies (per capita),70%,P7-R,fig_3e,P7-R^0,10,1.0883
2021-09-30,ZA,53,Omicron BA.1,Community,1.1385737714482338,2021-09-21,9,Traveler weight (travel hubs),Strategies (per capita),70%,P11-R,fig_3e,P11-R^0,10,1.0862
2021-09-30,ZA,53,Omicron BA.1,Community,1.1385737714482338,2021-09-21,9,Traveler weight (travel hubs),Strategies (per capita),90%,P7-R,fig_3e,P7-R^0,10,1.0853
2021-09-30,ZA,53,Omicron BA.1,Community,1.1385737714482338,2021-09-21,9,Traveler weight (travel hubs),Strategies (per capita),90%,P11-R,fig_3e,P11-R^0,10,1.0844
2021-09-30,ZA,53,Omicron BA.1,Community,1.1385737714482338,2021-09-21,9,Traveler weight (travel hubs),Strategies (per capita),100%,P7-R,fig_3e,P7-R^0,10,1.0849
2021-09-30,ZA,53,Omicron BA.1,Community,1.1385737714482338,2021-09-21,9,Traveler weight (travel hubs),Strategies (per capita),100%,P11-R,fig_3e,P11-R^0,10,1.0815
2021-10-05,ZA,54,Omicron BA.1,Community,1.0735587442963452,2021-09-21,14,Traveler weight (travel hubs),Strategies (per capita),50%,P7-R,fig_3e,P7-R^0,10,1.092
2021-10-05,ZA,54,Omicron BA.1,Community,1.0735587442963452,2021-09-21,14,Traveler weight (travel hubs),Strategies (per capita),50%,P11-R,fig_3e,P11-R^0,10,1.0899
2021-10-05,ZA,54,Omicron BA.1,Community,1.0735587442963452,2021-09-21,14,Traveler weight (travel hubs),Strategies (per capita),70%,P7-R,fig_3e,P7-R^0,10,1.0883
2021-10-05,ZA,54,Omicron BA.1,Community,1.0735587442963452,2021-09-21,14,Traveler weight (travel hubs),Strategies (per capita),70%,P11-R,fig_3e,P11-R^0,10,1.0862
2021-10-05,ZA,54,Omicron BA.1,Community,1.0735587442963452,2021-09-21,14,Traveler weight (travel hubs),Strategies (per capita),90%,P7-R,fig_3e,P7-R^0,10,1.0853
2021-10-05,ZA,54,Omicron BA.1,Community,1.0735587442963452,2021-09-21,14,Traveler weight (travel hubs),Strategies (per capita),90%,P11-R,fig_3e,P11-R^0,10,1.0844
2021-10-05,ZA,54,Omicron BA.1,Community,1.0735587442963452,2021-09-21,14,Traveler weight (travel hubs),Strategies (per capita),100%,P7-R,fig_3e,P7-R^0,10,1.0849
2021-10-05,ZA,54,Omicron BA.1,Community,1.0735587442963452,2021-09-21,14,Traveler weight (travel hubs),Strategies (per capita),100%,P11-R,fig_3e,P11-R^0,10,1.0815
2021-10-02,ZA,55,Omicron BA.1,Community,1.0324541624332721,2021-09-21,11,Traveler weight (travel hubs),Strategies (per capita),50%,P7-R,fig_3e,P7-R^0,10,1.092
2021-10-02,ZA,55,Omicron BA.1,Community,1.0324541624332721,2021-09-21,11,Traveler weight (travel hubs),Strategies (per capita),50%,P11-R,fig_3e,P11-R^0,10,1.0899
2021-10-02,ZA,55,Omicron BA.1,Community,1.0324541624332721,2021-09-21,11,Traveler weight (travel hubs),Strategies (per capita),70%,P7-R,fig_3e,P7-R^0,10,1.0883
2021-10-02,ZA,55,Omicron BA.1,Community,1.0324541624332721,2021-09-21,11,Traveler weight (travel hubs),Strategies (per capita),70%,P11-R,fig_3e,P11-R^0,10,1.0862
2021-10-02,ZA,55,Omicron BA.1,Community,1.0324541624332721,2021-09-21,11,Traveler weight (travel hubs),Strategies (per capita),90%,P7-R,fig_3e,P7-R^0,10,1.0853
2021-10-02,ZA,55,Omicron BA.1,Community,1.0324541624332721,2021-09-21,11,Traveler weight (travel hubs),Strategies (per capita),90%,P11-R,fig_3e,P11-R^0,10,1.0844
2021-10-02,ZA,55,Omicron BA.1,Community,1.0324541624332721,2021-09-21,11,Traveler weight (travel hubs),Strategies (per capita),100%,P7-R,fig_3e,P7-R^0,10,1.0849
2021-10-02,ZA,55,Omicron BA.1,Community,1.0324541624332721,2021-09-21,11,Traveler weight (travel hubs),Strategies (per capita),100%,P11-R,fig_3e,P11-R^0,10,1.0815
2021-10-01,GB,56,Omicron BA.1,Imported,1,2021-09-21,10,Traveler weight (travel hubs),Strategies (per capita),50%,P7-R,fig_3e,P7-R^0,10,1.092
2021-10-01,GB,56,Omicron BA.1,Imported,1,2021-09-21,10,Traveler weight (travel hubs),Strategies (per capita),50%,P11-R,fig_3e,P11-R^0,10,1.0899
2021-10-01,GB,56,Omicron BA.1,Imported,1,2021-09-21,10,Traveler weight (travel hubs),Strategies (per capita),70%,P7-R,fig_3e,P7-R^0,10,1.0883
2021-10-01,GB,56,Omicron BA.1,Imported,1,2021-09-21,10,Traveler weight (travel hubs),Strategies (per capita),70%,P11-R,fig_3e,P11-R^0,10,1.0862
2021-10-01,GB,56,Omicron BA.1,Imported,1,2021-09-21,10,Traveler weight (travel hubs),Strategies (per capita),90%,P7-R,fig_3e,P7-R^0,10,1.0853
2021-10-01,GB,56,Omicron BA.1,Imported,1,2021-09-21,10,Traveler weight (travel hubs),Strategies (per capita),90%,P11-R,fig_3e,P11-R^0,10,1.0844
2021-10-01,GB,56,Omicron BA.1,Imported,1,2021-09-21,10,Traveler weight (travel hubs),Strategies (per capita),100%,P7-R,fig_3e,P7-R^0,10,1.0849
2021-10-01,GB,56,Omicron BA.1,Imported,1,2021-09-21,10,Traveler weight (travel hubs),Strategies (per capita),100%,P11-R,fig_3e,P11-R^0,10,1.0815
2021-09-26,ZA,57,Omicron BA.1,Community,1.1749191433805748,2021-09-21,5,Traveler weight (travel hubs),Strategies (per capita),50%,P7-R,fig_3e,P7-R^0,10,1.092
2021-09-26,ZA,57,Omicron BA.1,Community,1.1749191433805748,2021-09-21,5,Traveler weight (travel hubs),Strategies (per capita),50%,P11-R,fig_3e,P11-R^0,10,1.0899
2021-09-26,ZA,57,Omicron BA.1,Community,1.1749191433805748,2021-09-21,5,Traveler weight (travel hubs),Strategies (per capita),70%,P7-R,fig_3e,P7-R^0,10,1.0883
2021-09-26,ZA,57,Omicron BA.1,Community,1.1749191433805748,2021-09-21,5,Traveler weight (travel hubs),Strategies (per capita),70%,P11-R,fig_3e,P11-R^0,10,1.0862
2021-09-26,ZA,57,Omicron BA.1,Community,1.1749191433805748,2021-09-21,5,Traveler weight (travel hubs),Strategies (per capita),90%,P7-R,fig_3e,P7-R^0,10,1.0853
2021-09-26,ZA,57,Omicron BA.1,Community,1.1749191433805748,2021-09-21,5,Traveler weight (travel hubs),Strategies (per capita),90%,P11-R,fig_3e,P11-R^0,10,1.0844
2021-09-26,ZA,57,Omicron BA.1,Community,1.1749191433805748,2021-09-21,5,Traveler weight (travel hubs),Strategies (per capita),100%,P7-R,fig_3e,P7-R^0,10,1.0849
2021-09-26,ZA,57,Omicron BA.1,Community,1.1749191433805748,2021-09-21,5,Traveler weight (travel hubs),Strategies (per capita),100%,P11-R,fig_3e,P11-R^0,10,1.0815
2021-10-01,ZA,58,Omicron BA.1,Community,1.0651478837970234,2021-09-21,10,Traveler weight (travel hubs),Strategies (per capita),50%,P7-R,fig_3e,P7-R^0,10,1.092
2021-10-01,ZA,58,Omicron BA.1,Community,1.0651478837970234,2021-09-21,10,Traveler weight (travel hubs),Strategies (per capita),50%,P11-R,fig_3e,P11-R^0,10,1.0899
2021-10-01,ZA,58,Omicron BA.1,Community,1.0651478837970234,2021-09-21,10,Traveler weight (travel hubs),Strategies (per capita),70%,P7-R,fig_3e,P7-R^0,10,1.0883
2021-10-01,ZA,58,Omicron BA.1,Community,1.0651478837970234,2021-09-21,10,Traveler weight (travel hubs),Strategies (per capita),70%,P11-R,fig_3e,P11-R^0,10,1.0862
2021-10-01,ZA,58,Omicron BA.1,Community,1.0651478837970234,2021-09-21,10,Traveler weight (travel hubs),Strategies (per capita),90%,P7-R,fig_3e,P7-R^0,10,1.0853
2021-10-01,ZA,58,Omicron BA.1,Community,1.0651478837970234,2021-09-21,10,Traveler weight (travel hubs),Strategies (per capita),90%,P11-R,fig_3e,P11-R^0,10,1.0844
2021-10-01,ZA,58,Omicron BA.1,Community,1.0651478837970234,2021-09-21,10,Traveler weight (travel hubs),Strategies (per capita),100%,P7-R,fig_3e,P7-R^0,10,1.0849
2021-10-01,ZA,58,Omicron BA.1,Community,1.0651478837970234,2021-09-21,10,Traveler weight (travel hubs),Strategies (per capita),100%,P11-R,fig_3e,P11-R^0,10,1.0815
2021-10-01,ZA,59,Omicron BA.1,Community,1.4616023439469357,2021-09-21,10,Traveler weight (travel hubs),Strategies (per capita),50%,P7-R,fig_3e,P7-R^0,10,1.092
2021-10-01,ZA,59,Omicron BA.1,Community,1.4616023439469357,2021-09-21,10,Traveler weight (travel hubs),Strategies (per capita),50%,P11-R,fig_3e,P11-R^0,10,1.0899
2021-10-01,ZA,59,Omicron BA.1,Community,1.4616023439469357,2021-09-21,10,Traveler weight (travel hubs),Strategies (per capita),70%,P7-R,fig_3e,P7-R^0,10,1.0883
2021-10-01,ZA,59,Omicron BA.1,Community,1.4616023439469357,2021-09-21,10,Traveler weight (travel hubs),Strategies (per capita),70%,P11-R,fig_3e,P11-R^0,10,1.0862
2021-10-01,ZA,59,Omicron BA.1,Community,1.4616023439469357,2021-09-21,10,Traveler weight (travel hubs),Strategies (per capita),90%,P7-R,fig_3e,P7-R^0,10,1.0853
2021-10-01,ZA,59,Omicron BA.1,Community,1.4616023439469357,2021-09-21,10,Traveler weight (travel hubs),Strategies (per capita),90%,P11-R,fig_3e,P11-R^0,10,1.0844
2021-10-01,ZA,59,Omicron BA.1,Community,1.4616023439469357,2021-09-21,10,Traveler weight (travel hubs),Strategies (per capita),100%,P7-R,fig_3e,P7-R^0,10,1.0849
2021-10-01,ZA,59,Omicron BA.1,Community,1.4616023439469357,2021-09-21,10,Traveler weight (travel hubs),Strategies (per capita),100%,P11-R,fig_3e,P11-R^0,10,1.0815
2021-10-01,ZA,6,Omicron BA.1,Community,1.1479582148988323,2021-09-21,10,Traveler weight (travel hubs),Strategies (per capita),50%,P7-R,fig_3e,P7-R^0,10,1.092
2021-10-01,ZA,6,Omicron BA.1,Community,1.1479582148988323,2021-09-21,10,Traveler weight (travel hubs),Strategies (per capita),50%,P11-R,fig_3e,P11-R^0,10,1.0899
2021-10-01,ZA,6,Omicron BA.1,Community,1.1479582148988323,2021-09-21,10,Traveler weight (travel hubs),Strategies (per capita),70%,P7-R,fig_3e,P7-R^0,10,1.0883
2021-10-01,ZA,6,Omicron BA.1,Community,1.1479582148988323,2021-09-21,10,Traveler weight (travel hubs),Strategies (per capita),70%,P11-R,fig_3e,P11-R^0,10,1.0862
2021-10-01,ZA,6,Omicron BA.1,Community,1.1479582148988323,2021-09-21,10,Traveler weight (travel hubs),Strategies (per capita),90%,P7-R,fig_3e,P7-R^0,10,1.0853
2021-10-01,ZA,6,Omicron BA.1,Community,1.1479582148988323,2021-09-21,10,Traveler weight (travel hubs),Strategies (per capita),90%,P11-R,fig_3e,P11-R^0,10,1.0844
2021-10-01,ZA,6,Omicron BA.1,Community,1.1479582148988323,2021-09-21,10,Traveler weight (travel hubs),Strategies (per capita),100%,P7-R,fig_3e,P7-R^0,10,1.0849
2021-10-01,ZA,6,Omicron BA.1,Community,1.1479582148988323,2021-09-21,10,Traveler weight (travel hubs),Strategies (per capita),100%,P11-R,fig_3e,P11-R^0,10,1.0815
2021-10-07,ZA,60,Omicron BA.1,Community,1.5195760701714238,2021-09-21,16,Traveler weight (travel hubs),Strategies (per capita),50%,P7-R,fig_3e,P7-R^0,10,1.092
2021-10-07,ZA,60,Omicron BA.1,Community,1.5195760701714238,2021-09-21,16,Traveler weight (travel hubs),Strategies (per capita),50%,P11-R,fig_3e,P11-R^0,10,1.0899
2021-10-07,ZA,60,Omicron BA.1,Community,1.5195760701714238,2021-09-21,16,Traveler weight (travel hubs),Strategies (per capita),70%,P7-R,fig_3e,P7-R^0,10,1.0883
2021-10-07,ZA,60,Omicron BA.1,Community,1.5195760701714238,2021-09-21,16,Traveler weight (travel hubs),Strategies (per capita),70%,P11-R,fig_3e,P11-R^0,10,1.0862
2021-10-07,ZA,60,Omicron BA.1,Community,1.5195760701714238,2021-09-21,16,Traveler weight (travel hubs),Strategies (per capita),90%,P7-R,fig_3e,P7-R^0,10,1.0853
2021-10-07,ZA,60,Omicron BA.1,Community,1.5195760701714238,2021-09-21,16,Traveler weight (travel hubs),Strategies (per capita),90%,P11-R,fig_3e,P11-R^0,10,1.0844
2021-10-07,ZA,60,Omicron BA.1,Community,1.5195760701714238,2021-09-21,16,Traveler weight (travel hubs),Strategies (per capita),100%,P7-R,fig_3e,P7-R^0,10,1.0849
2021-10-07,ZA,60,Omicron BA.1,Community,1.5195760701714238,2021-09-21,16,Traveler weight (travel hubs),Strategies (per capita),100%,P11-R,fig_3e,P11-R^0,10,1.0815
2021-10-01,ZA,61,Omicron BA.1,Community,1.0754991751847496,2021-09-21,10,Traveler weight (travel hubs),Strategies (per capita),50%,P7-R,fig_3e,P7-R^0,10,1.092
2021-10-01,ZA,61,Omicron BA.1,Community,1.0754991751847496,2021-09-21,10,Traveler weight (travel hubs),Strategies (per capita),50%,P11-R,fig_3e,P11-R^0,10,1.0899
2021-10-01,ZA,61,Omicron BA.1,Community,1.0754991751847496,2021-09-21,10,Traveler weight (travel hubs),Strategies (per capita),70%,P7-R,fig_3e,P7-R^0,10,1.0883
2021-10-01,ZA,61,Omicron BA.1,Community,1.0754991751847496,2021-09-21,10,Traveler weight (travel hubs),Strategies (per capita),70%,P11-R,fig_3e,P11-R^0,10,1.0862
2021-10-01,ZA,61,Omicron BA.1,Community,1.0754991751847496,2021-09-21,10,Traveler weight (travel hubs),Strategies (per capita),90%,P7-R,fig_3e,P7-R^0,10,1.0853
2021-10-01,ZA,61,Omicron BA.1,Community,1.0754991751847496,2021-09-21,10,Traveler weight (travel hubs),Strategies (per capita),90%,P11-R,fig_3e,P11-R^0,10,1.0844
2021-10-01,ZA,61,Omicron BA.1,Community,1.0754991751847496,2021-09-21,10,Traveler weight (travel hubs),Strategies (per capita),100%,P7-R,fig_3e,P7-R^0,10,1.0849
2021-10-01,ZA,61,Omicron BA.1,Community,1.0754991751847496,2021-09-21,10,Traveler weight (travel hubs),Strategies (per capita),100%,P11-R,fig_3e,P11-R^0,10,1.0815
2021-10-08,ZA,62,Omicron BA.1,Community,1.0271805396032818,2021-09-21,17,Traveler weight (travel hubs),Strategies (per capita),50%,P7-R,fig_3e,P7-R^0,10,1.092
2021-10-08,ZA,62,Omicron BA.1,Community,1.0271805396032818,2021-09-21,17,Traveler weight (travel hubs),Strategies (per capita),50%,P11-R,fig_3e,P11-R^0,10,1.0899
2021-10-08,ZA,62,Omicron BA.1,Community,1.0271805396032818,2021-09-21,17,Traveler weight (travel hubs),Strategies (per capita),70%,P7-R,fig_3e,P7-R^0,10,1.0883
2021-10-08,ZA,62,Omicron BA.1,Community,1.0271805396032818,2021-09-21,17,Traveler weight (travel hubs),Strategies (per capita),70%,P11-R,fig_3e,P11-R^0,10,1.0862
2021-10-08,ZA,62,Omicron BA.1,Community,1.0271805396032818,2021-09-21,17,Traveler weight (travel hubs),Strategies (per capita),90%,P7-R,fig_3e,P7-R^0,10,1.0853
2021-10-08,ZA,62,Omicron BA.1,Community,1.0271805396032818,2021-09-21,17,Traveler weight (travel hubs),Strategies (per capita),90%,P11-R,fig_3e,P11-R^0,10,1.0844
2021-10-08,ZA,62,Omicron BA.1,Community,1.0271805396032818,2021-09-21,17,Traveler weight (travel hubs),Strategies (per capita),100%,P7-R,fig_3e,P7-R^0,10,1.0849
2021-10-08,ZA,62,Omicron BA.1,Community,1.0271805396032818,2021-09-21,17,Traveler weight (travel hubs),Strategies (per capita),100%,P11-R,fig_3e,P11-R^0,10,1.0815
2021-10-01,ZA,63,Omicron BA.1,Community,1.109658436764246,2021-09-21,10,Traveler weight (travel hubs),Strategies (per capita),50%,P7-R,fig_3e,P7-R^0,10,1.092
2021-10-01,ZA,63,Omicron BA.1,Community,1.109658436764246,2021-09-21,10,Traveler weight (travel hubs),Strategies (per capita),50%,P11-R,fig_3e,P11-R^0,10,1.0899
2021-10-01,ZA,63,Omicron BA.1,Community,1.109658436764246,2021-09-21,10,Traveler weight (travel hubs),Strategies (per capita),70%,P7-R,fig_3e,P7-R^0,10,1.0883
2021-10-01,ZA,63,Omicron BA.1,Community,1.109658436764246,2021-09-21,10,Traveler weight (travel hubs),Strategies (per capita),70%,P11-R,fig_3e,P11-R^0,10,1.0862
2021-10-01,ZA,63,Omicron BA.1,Community,1.109658436764246,2021-09-21,10,Traveler weight (travel hubs),Strategies (per capita),90%,P7-R,fig_3e,P7-R^0,10,1.0853
2021-10-01,ZA,63,Omicron BA.1,Community,1.109658436764246,2021-09-21,10,Traveler weight (travel hubs),Strategies (per capita),90%,P11-R,fig_3e,P11-R^0,10,1.0844
2021-10-01,ZA,63,Omicron BA.1,Community,1.109658436764246,2021-09-21,10,Traveler weight (travel hubs),Strategies (per capita),100%,P7-R,fig_3e,P7-R^0,10,1.0849
2021-10-01,ZA,63,Omicron BA.1,Community,1.109658436764246,2021-09-21,10,Traveler weight (travel hubs),Strategies (per capita),100%,P11-R,fig_3e,P11-R^0,10,1.0815
2021-10-03,ZA,64,Omicron BA.1,Community,1.0508611475961815,2021-09-21,12,Traveler weight (travel hubs),Strategies (per capita),50%,P7-R,fig_3e,P7-R^0,10,1.092
2021-10-03,ZA,64,Omicron BA.1,Community,1.0508611475961815,2021-09-21,12,Traveler weight (travel hubs),Strategies (per capita),50%,P11-R,fig_3e,P11-R^0,10,1.0899
2021-10-03,ZA,64,Omicron BA.1,Community,1.0508611475961815,2021-09-21,12,Traveler weight (travel hubs),Strategies (per capita),70%,P7-R,fig_3e,P7-R^0,10,1.0883
2021-10-03,ZA,64,Omicron BA.1,Community,1.0508611475961815,2021-09-21,12,Traveler weight (travel hubs),Strategies (per capita),70%,P11-R,fig_3e,P11-R^0,10,1.0862
2021-10-03,ZA,64,Omicron BA.1,Community,1.0508611475961815,2021-09-21,12,Traveler weight (travel hubs),Strategies (per capita),90%,P7-R,fig_3e,P7-R^0,10,1.0853
2021-10-03,ZA,64,Omicron BA.1,Community,1.0508611475961815,2021-09-21,12,Traveler weight (travel hubs),Strategies (per capita),90%,P11-R,fig_3e,P11-R^0,10,1.0844
2021-10-03,ZA,64,Omicron BA.1,Community,1.0508611475961815,2021-09-21,12,Traveler weight (travel hubs),Strategies (per capita),100%,P7-R,fig_3e,P7-R^0,10,1.0849
2021-10-03,ZA,64,Omicron BA.1,Community,1.0508611475961815,2021-09-21,12,Traveler weight (travel hubs),Strategies (per capita),100%,P11-R,fig_3e,P11-R^0,10,1.0815
2021-10-07,ZA,65,Omicron BA.1,Community,1.5142112826333076,2021-09-21,16,Traveler weight (travel hubs),Strategies (per capita),50%,P7-R,fig_3e,P7-R^0,10,1.092
2021-10-07,ZA,65,Omicron BA.1,Community,1.5142112826333076,2021-09-21,16,Traveler weight (travel hubs),Strategies (per capita),50%,P11-R,fig_3e,P11-R^0,10,1.0899
2021-10-07,ZA,65,Omicron BA.1,Community,1.5142112826333076,2021-09-21,16,Traveler weight (travel hubs),Strategies (per capita),70%,P7-R,fig_3e,P7-R^0,10,1.0883
2021-10-07,ZA,65,Omicron BA.1,Community,1.5142112826333076,2021-09-21,16,Traveler weight (travel hubs),Strategies (per capita),70%,P11-R,fig_3e,P11-R^0,10,1.0862
2021-10-07,ZA,65,Omicron BA.1,Community,1.5142112826333076,2021-09-21,16,Traveler weight (travel hubs),Strategies (per capita),90%,P7-R,fig_3e,P7-R^0,10,1.0853
2021-10-07,ZA,65,Omicron BA.1,Community,1.5142112826333076,2021-09-21,16,Traveler weight (travel hubs),Strategies (per capita),90%,P11-R,fig_3e,P11-R^0,10,1.0844
2021-10-07,ZA,65,Omicron BA.1,Community,1.5142112826333076,2021-09-21,16,Traveler weight (travel hubs),Strategies (per capita),100%,P7-R,fig_3e,P7-R^0,10,1.0849
2021-10-07,ZA,65,Omicron BA.1,Community,1.5142112826333076,2021-09-21,16,Traveler weight (travel hubs),Strategies (per capita),100%,P11-R,fig_3e,P11-R^0,10,1.0815
2021-10-01,ZA,66,Omicron BA.1,Community,1.2462954830822313,2021-09-21,10,Traveler weight (travel hubs),Strategies (per capita),50%,P7-R,fig_3e,P7-R^0,10,1.092
2021-10-01,ZA,66,Omicron BA.1,Community,1.2462954830822313,2021-09-21,10,Traveler weight (travel hubs),Strategies (per capita),50%,P11-R,fig_3e,P11-R^0,10,1.0899
2021-10-01,ZA,66,Omicron BA.1,Community,1.2462954830822313,2021-09-21,10,Traveler weight (travel hubs),Strategies (per capita),70%,P7-R,fig_3e,P7-R^0,10,1.0883
2021-10-01,ZA,66,Omicron BA.1,Community,1.2462954830822313,2021-09-21,10,Traveler weight (travel hubs),Strategies (per capita),70%,P11-R,fig_3e,P11-R^0,10,1.0862
2021-10-01,ZA,66,Omicron BA.1,Community,1.2462954830822313,2021-09-21,10,Traveler weight (travel hubs),Strategies (per capita),90%,P7-R,fig_3e,P7-R^0,10,1.0853
2021-10-01,ZA,66,Omicron BA.1,Community,1.2462954830822313,2021-09-21,10,Traveler weight (travel hubs),Strategies (per capita),90%,P11-R,fig_3e,P11-R^0,10,1.0844
2021-10-01,ZA,66,Omicron BA.1,Community,1.2462954830822313,2021-09-21,10,Traveler weight (travel hubs),Strategies (per capita),100%,P7-R,fig_3e,P7-R^0,10,1.0849
2021-10-01,ZA,66,Omicron BA.1,Community,1.2462954830822313,2021-09-21,10,Traveler weight (travel hubs),Strategies (per capita),100%,P11-R,fig_3e,P11-R^0,10,1.0815
2021-10-07,ZA,67,Omicron BA.1,Community,1.2808430247252511,2021-09-21,16,Traveler weight (travel hubs),Strategies (per capita),50%,P7-R,fig_3e,P7-R^0,10,1.092
2021-10-07,ZA,67,Omicron BA.1,Community,1.2808430247252511,2021-09-21,16,Traveler weight (travel hubs),Strategies (per capita),50%,P11-R,fig_3e,P11-R^0,10,1.0899
2021-10-07,ZA,67,Omicron BA.1,Community,1.2808430247252511,2021-09-21,16,Traveler weight (travel hubs),Strategies (per capita),70%,P7-R,fig_3e,P7-R^0,10,1.0883
2021-10-07,ZA,67,Omicron BA.1,Community,1.2808430247252511,2021-09-21,16,Traveler weight (travel hubs),Strategies (per capita),70%,P11-R,fig_3e,P11-R^0,10,1.0862
2021-10-07,ZA,67,Omicron BA.1,Community,1.2808430247252511,2021-09-21,16,Traveler weight (travel hubs),Strategies (per capita),90%,P7-R,fig_3e,P7-R^0,10,1.0853
2021-10-07,ZA,67,Omicron BA.1,Community,1.2808430247252511,2021-09-21,16,Traveler weight (travel hubs),Strategies (per capita),90%,P11-R,fig_3e,P11-R^0,10,1.0844
2021-10-07,ZA,67,Omicron BA.1,Community,1.2808430247252511,2021-09-21,16,Traveler weight (travel hubs),Strategies (per capita),100%,P7-R,fig_3e,P7-R^0,10,1.0849
2021-10-07,ZA,67,Omicron BA.1,Community,1.2808430247252511,2021-09-21,16,Traveler weight (travel hubs),Strategies (per capita),100%,P11-R,fig_3e,P11-R^0,10,1.0815
2021-10-07,ZA,68,Omicron BA.1,Community,1.6282130178182774,2021-09-21,16,Traveler weight (travel hubs),Strategies (per capita),50%,P7-R,fig_3e,P7-R^0,10,1.092
2021-10-07,ZA,68,Omicron BA.1,Community,1.6282130178182774,2021-09-21,16,Traveler weight (travel hubs),Strategies (per capita),50%,P11-R,fig_3e,P11-R^0,10,1.0899
2021-10-07,ZA,68,Omicron BA.1,Community,1.6282130178182774,2021-09-21,16,Traveler weight (travel hubs),Strategies (per capita),70%,P7-R,fig_3e,P7-R^0,10,1.0883
2021-10-07,ZA,68,Omicron BA.1,Community,1.6282130178182774,2021-09-21,16,Traveler weight (travel hubs),Strategies (per capita),70%,P11-R,fig_3e,P11-R^0,10,1.0862
2021-10-07,ZA,68,Omicron BA.1,Community,1.6282130178182774,2021-09-21,16,Traveler weight (travel hubs),Strategies (per capita),90%,P7-R,fig_3e,P7-R^0,10,1.0853
2021-10-07,ZA,68,Omicron BA.1,Community,1.6282130178182774,2021-09-21,16,Traveler weight (travel hubs),Strategies (per capita),90%,P11-R,fig_3e,P11-R^0,10,1.0844
2021-10-07,ZA,68,Omicron BA.1,Community,1.6282130178182774,2021-09-21,16,Traveler weight (travel hubs),Strategies (per capita),100%,P7-R,fig_3e,P7-R^0,10,1.0849
2021-10-07,ZA,68,Omicron BA.1,Community,1.6282130178182774,2021-09-21,16,Traveler weight (travel hubs),Strategies (per capita),100%,P11-R,fig_3e,P11-R^0,10,1.0815
2021-10-01,ZA,69,Omicron BA.1,Community,1.049620946715434,2021-09-21,10,Traveler weight (travel hubs),Strategies (per capita),50%,P7-R,fig_3e,P7-R^0,10,1.092
2021-10-01,ZA,69,Omicron BA.1,Community,1.049620946715434,2021-09-21,10,Traveler weight (travel hubs),Strategies (per capita),50%,P11-R,fig_3e,P11-R^0,10,1.0899
2021-10-01,ZA,69,Omicron BA.1,Community,1.049620946715434,2021-09-21,10,Traveler weight (travel hubs),Strategies (per capita),70%,P7-R,fig_3e,P7-R^0,10,1.0883
2021-10-01,ZA,69,Omicron BA.1,Community,1.049620946715434,2021-09-21,10,Traveler weight (travel hubs),Strategies (per capita),70%,P11-R,fig_3e,P11-R^0,10,1.0862
2021-10-01,ZA,69,Omicron BA.1,Community,1.049620946715434,2021-09-21,10,Traveler weight (travel hubs),Strategies (per capita),90%,P7-R,fig_3e,P7-R^0,10,1.0853
2021-10-01,ZA,69,Omicron BA.1,Community,1.049620946715434,2021-09-21,10,Traveler weight (travel hubs),Strategies (per capita),90%,P11-R,fig_3e,P11-R^0,10,1.0844
2021-10-01,ZA,69,Omicron BA.1,Community,1.049620946715434,2021-09-21,10,Traveler weight (travel hubs),Strategies (per capita),100%,P7-R,fig_3e,P7-R^0,10,1.0849
2021-10-01,ZA,69,Omicron BA.1,Community,1.049620946715434,2021-09-21,10,Traveler weight (travel hubs),Strategies (per capita),100%,P11-R,fig_3e,P11-R^0,10,1.0815
2021-10-01,ZA,7,Omicron BA.1,Community,1.054796592409297,2021-09-21,10,Traveler weight (travel hubs),Strategies (per capita),50%,P7-R,fig_3e,P7-R^0,10,1.092
2021-10-01,ZA,7,Omicron BA.1,Community,1.054796592409297,2021-09-21,10,Traveler weight (travel hubs),Strategies (per capita),50%,P11-R,fig_3e,P11-R^0,10,1.0899
2021-10-01,ZA,7,Omicron BA.1,Community,1.054796592409297,2021-09-21,10,Traveler weight (travel hubs),Strategies (per capita),70%,P7-R,fig_3e,P7-R^0,10,1.0883
2021-10-01,ZA,7,Omicron BA.1,Community,1.054796592409297,2021-09-21,10,Traveler weight (travel hubs),Strategies (per capita),70%,P11-R,fig_3e,P11-R^0,10,1.0862
2021-10-01,ZA,7,Omicron BA.1,Community,1.054796592409297,2021-09-21,10,Traveler weight (travel hubs),Strategies (per capita),90%,P7-R,fig_3e,P7-R^0,10,1.0853
2021-10-01,ZA,7,Omicron BA.1,Community,1.054796592409297,2021-09-21,10,Traveler weight (travel hubs),Strategies (per capita),90%,P11-R,fig_3e,P11-R^0,10,1.0844
2021-10-01,ZA,7,Omicron BA.1,Community,1.054796592409297,2021-09-21,10,Traveler weight (travel hubs),Strategies (per capita),100%,P7-R,fig_3e,P7-R^0,10,1.0849
2021-10-01,ZA,7,Omicron BA.1,Community,1.054796592409297,2021-09-21,10,Traveler weight (travel hubs),Strategies (per capita),100%,P11-R,fig_3e,P11-R^0,10,1.0815
2021-10-01,ZA,70,Omicron BA.1,Community,1.1583095062865587,2021-09-21,10,Traveler weight (travel hubs),Strategies (per capita),50%,P7-R,fig_3e,P7-R^0,10,1.092
2021-10-01,ZA,70,Omicron BA.1,Community,1.1583095062865587,2021-09-21,10,Traveler weight (travel hubs),Strategies (per capita),50%,P11-R,fig_3e,P11-R^0,10,1.0899
2021-10-01,ZA,70,Omicron BA.1,Community,1.1583095062865587,2021-09-21,10,Traveler weight (travel hubs),Strategies (per capita),70%,P7-R,fig_3e,P7-R^0,10,1.0883
2021-10-01,ZA,70,Omicron BA.1,Community,1.1583095062865587,2021-09-21,10,Traveler weight (travel hubs),Strategies (per capita),70%,P11-R,fig_3e,P11-R^0,10,1.0862
2021-10-01,ZA,70,Omicron BA.1,Community,1.1583095062865587,2021-09-21,10,Traveler weight (travel hubs),Strategies (per capita),90%,P7-R,fig_3e,P7-R^0,10,1.0853
2021-10-01,ZA,70,Omicron BA.1,Community,1.1583095062865587,2021-09-21,10,Traveler weight (travel hubs),Strategies (per capita),90%,P11-R,fig_3e,P11-R^0,10,1.0844
2021-10-01,ZA,70,Omicron BA.1,Community,1.1583095062865587,2021-09-21,10,Traveler weight (travel hubs),Strategies (per capita),100%,P7-R,fig_3e,P7-R^0,10,1.0849
2021-10-01,ZA,70,Omicron BA.1,Community,1.1583095062865587,2021-09-21,10,Traveler weight (travel hubs),Strategies (per capita),100%,P11-R,fig_3e,P11-R^0,10,1.0815
2021-10-01,ZA,71,Omicron BA.1,Community,1.0703235294908864,2021-09-21,10,Traveler weight (travel hubs),Strategies (per capita),50%,P7-R,fig_3e,P7-R^0,10,1.092
2021-10-01,ZA,71,Omicron BA.1,Community,1.0703235294908864,2021-09-21,10,Traveler weight (travel hubs),Strategies (per capita),50%,P11-R,fig_3e,P11-R^0,10,1.0899
2021-10-01,ZA,71,Omicron BA.1,Community,1.0703235294908864,2021-09-21,10,Traveler weight (travel hubs),Strategies (per capita),70%,P7-R,fig_3e,P7-R^0,10,1.0883
2021-10-01,ZA,71,Omicron BA.1,Community,1.0703235294908864,2021-09-21,10,Traveler weight (travel hubs),Strategies (per capita),70%,P11-R,fig_3e,P11-R^0,10,1.0862
2021-10-01,ZA,71,Omicron BA.1,Community,1.0703235294908864,2021-09-21,10,Traveler weight (travel hubs),Strategies (per capita),90%,P7-R,fig_3e,P7-R^0,10,1.0853
2021-10-01,ZA,71,Omicron BA.1,Community,1.0703235294908864,2021-09-21,10,Traveler weight (travel hubs),Strategies (per capita),90%,P11-R,fig_3e,P11-R^0,10,1.0844
2021-10-01,ZA,71,Omicron BA.1,Community,1.0703235294908864,2021-09-21,10,Traveler weight (travel hubs),Strategies (per capita),100%,P7-R,fig_3e,P7-R^0,10,1.0849
2021-10-01,ZA,71,Omicron BA.1,Community,1.0703235294908864,2021-09-21,10,Traveler weight (travel hubs),Strategies (per capita),100%,P11-R,fig_3e,P11-R^0,10,1.0815
2021-10-03,ZA,72,Omicron BA.1,Community,1.0359816977187137,2021-09-21,12,Traveler weight (travel hubs),Strategies (per capita),50%,P7-R,fig_3e,P7-R^0,10,1.092
2021-10-03,ZA,72,Omicron BA.1,Community,1.0359816977187137,2021-09-21,12,Traveler weight (travel hubs),Strategies (per capita),50%,P11-R,fig_3e,P11-R^0,10,1.0899
2021-10-03,ZA,72,Omicron BA.1,Community,1.0359816977187137,2021-09-21,12,Traveler weight (travel hubs),Strategies (per capita),70%,P7-R,fig_3e,P7-R^0,10,1.0883
2021-10-03,ZA,72,Omicron BA.1,Community,1.0359816977187137,2021-09-21,12,Traveler weight (travel hubs),Strategies (per capita),70%,P11-R,fig_3e,P11-R^0,10,1.0862
2021-10-03,ZA,72,Omicron BA.1,Community,1.0359816977187137,2021-09-21,12,Traveler weight (travel hubs),Strategies (per capita),90%,P7-R,fig_3e,P7-R^0,10,1.0853
2021-10-03,ZA,72,Omicron BA.1,Community,1.0359816977187137,2021-09-21,12,Traveler weight (travel hubs),Strategies (per capita),90%,P11-R,fig_3e,P11-R^0,10,1.0844
2021-10-03,ZA,72,Omicron BA.1,Community,1.0359816977187137,2021-09-21,12,Traveler weight (travel hubs),Strategies (per capita),100%,P7-R,fig_3e,P7-R^0,10,1.0849
2021-10-03,ZA,72,Omicron BA.1,Community,1.0359816977187137,2021-09-21,12,Traveler weight (travel hubs),Strategies (per capita),100%,P11-R,fig_3e,P11-R^0,10,1.0815
2021-10-06,ZA,73,Omicron BA.1,Community,1.002467277464372,2021-09-21,15,Traveler weight (travel hubs),Strategies (per capita),50%,P7-R,fig_3e,P7-R^0,10,1.092
2021-10-06,ZA,73,Omicron BA.1,Community,1.002467277464372,2021-09-21,15,Traveler weight (travel hubs),Strategies (per capita),50%,P11-R,fig_3e,P11-R^0,10,1.0899
2021-10-06,ZA,73,Omicron BA.1,Community,1.002467277464372,2021-09-21,15,Traveler weight (travel hubs),Strategies (per capita),70%,P7-R,fig_3e,P7-R^0,10,1.0883
2021-10-06,ZA,73,Omicron BA.1,Community,1.002467277464372,2021-09-21,15,Traveler weight (travel hubs),Strategies (per capita),70%,P11-R,fig_3e,P11-R^0,10,1.0862
2021-10-06,ZA,73,Omicron BA.1,Community,1.002467277464372,2021-09-21,15,Traveler weight (travel hubs),Strategies (per capita),90%,P7-R,fig_3e,P7-R^0,10,1.0853
2021-10-06,ZA,73,Omicron BA.1,Community,1.002467277464372,2021-09-21,15,Traveler weight (travel hubs),Strategies (per capita),90%,P11-R,fig_3e,P11-R^0,10,1.0844
2021-10-06,ZA,73,Omicron BA.1,Community,1.002467277464372,2021-09-21,15,Traveler weight (travel hubs),Strategies (per capita),100%,P7-R,fig_3e,P7-R^0,10,1.0849
2021-10-06,ZA,73,Omicron BA.1,Community,1.002467277464372,2021-09-21,15,Traveler weight (travel hubs),Strategies (per capita),100%,P11-R,fig_3e,P11-R^0,10,1.0815
2021-10-05,ZA,74,Omicron BA.1,Community,1.222454328932421,2021-09-21,14,Traveler weight (travel hubs),Strategies (per capita),50%,P7-R,fig_3e,P7-R^0,10,1.092
2021-10-05,ZA,74,Omicron BA.1,Community,1.222454328932421,2021-09-21,14,Traveler weight (travel hubs),Strategies (per capita),50%,P11-R,fig_3e,P11-R^0,10,1.0899
2021-10-05,ZA,74,Omicron BA.1,Community,1.222454328932421,2021-09-21,14,Traveler weight (travel hubs),Strategies (per capita),70%,P7-R,fig_3e,P7-R^0,10,1.0883
2021-10-05,ZA,74,Omicron BA.1,Community,1.222454328932421,2021-09-21,14,Traveler weight (travel hubs),Strategies (per capita),70%,P11-R,fig_3e,P11-R^0,10,1.0862
2021-10-05,ZA,74,Omicron BA.1,Community,1.222454328932421,2021-09-21,14,Traveler weight (travel hubs),Strategies (per capita),90%,P7-R,fig_3e,P7-R^0,10,1.0853
2021-10-05,ZA,74,Omicron BA.1,Community,1.222454328932421,2021-09-21,14,Traveler weight (travel hubs),Strategies (per capita),90%,P11-R,fig_3e,P11-R^0,10,1.0844
2021-10-05,ZA,74,Omicron BA.1,Community,1.222454328932421,2021-09-21,14,Traveler weight (travel hubs),Strategies (per capita),100%,P7-R,fig_3e,P7-R^0,10,1.0849
2021-10-05,ZA,74,Omicron BA.1,Community,1.222454328932421,2021-09-21,14,Traveler weight (travel hubs),Strategies (per capita),100%,P11-R,fig_3e,P11-R^0,10,1.0815
2021-10-07,ZA,75,Omicron BA.1,Community,2.034595673830583,2021-09-21,16,Traveler weight (travel hubs),Strategies (per capita),50%,P7-R,fig_3e,P7-R^0,10,1.092
2021-10-07,ZA,75,Omicron BA.1,Community,2.034595673830583,2021-09-21,16,Traveler weight (travel hubs),Strategies (per capita),50%,P11-R,fig_3e,P11-R^0,10,1.0899
2021-10-07,ZA,75,Omicron BA.1,Community,2.034595673830583,2021-09-21,16,Traveler weight (travel hubs),Strategies (per capita),70%,P7-R,fig_3e,P7-R^0,10,1.0883
2021-10-07,ZA,75,Omicron BA.1,Community,2.034595673830583,2021-09-21,16,Traveler weight (travel hubs),Strategies (per capita),70%,P11-R,fig_3e,P11-R^0,10,1.0862
2021-10-07,ZA,75,Omicron BA.1,Community,2.034595673830583,2021-09-21,16,Traveler weight (travel hubs),Strategies (per capita),90%,P7-R,fig_3e,P7-R^0,10,1.0853
2021-10-07,ZA,75,Omicron BA.1,Community,2.034595673830583,2021-09-21,16,Traveler weight (travel hubs),Strategies (per capita),90%,P11-R,fig_3e,P11-R^0,10,1.0844
2021-10-07,ZA,75,Omicron BA.1,Community,2.034595673830583,2021-09-21,16,Traveler weight (travel hubs),Strategies (per capita),100%,P7-R,fig_3e,P7-R^0,10,1.0849
2021-10-07,ZA,75,Omicron BA.1,Community,2.034595673830583,2021-09-21,16,Traveler weight (travel hubs),Strategies (per capita),100%,P11-R,fig_3e,P11-R^0,10,1.0815
2021-10-07,ZA,76,Omicron BA.1,Community,1.2446307088429671,2021-09-21,16,Traveler weight (travel hubs),Strategies (per capita),50%,P7-R,fig_3e,P7-R^0,10,1.092
2021-10-07,ZA,76,Omicron BA.1,Community,1.2446307088429671,2021-09-21,16,Traveler weight (travel hubs),Strategies (per capita),50%,P11-R,fig_3e,P11-R^0,10,1.0899
2021-10-07,ZA,76,Omicron BA.1,Community,1.2446307088429671,2021-09-21,16,Traveler weight (travel hubs),Strategies (per capita),70%,P7-R,fig_3e,P7-R^0,10,1.0883
2021-10-07,ZA,76,Omicron BA.1,Community,1.2446307088429671,2021-09-21,16,Traveler weight (travel hubs),Strategies (per capita),70%,P11-R,fig_3e,P11-R^0,10,1.0862
2021-10-07,ZA,76,Omicron BA.1,Community,1.2446307088429671,2021-09-21,16,Traveler weight (travel hubs),Strategies (per capita),90%,P7-R,fig_3e,P7-R^0,10,1.0853
2021-10-07,ZA,76,Omicron BA.1,Community,1.2446307088429671,2021-09-21,16,Traveler weight (travel hubs),Strategies (per capita),90%,P11-R,fig_3e,P11-R^0,10,1.0844
2021-10-07,ZA,76,Omicron BA.1,Community,1.2446307088429671,2021-09-21,16,Traveler weight (travel hubs),Strategies (per capita),100%,P7-R,fig_3e,P7-R^0,10,1.0849
2021-10-07,ZA,76,Omicron BA.1,Community,1.2446307088429671,2021-09-21,16,Traveler weight (travel hubs),Strategies (per capita),100%,P11-R,fig_3e,P11-R^0,10,1.0815
2021-10-07,ZA,77,Omicron BA.1,Community,1.1829356521546301,2021-09-21,16,Traveler weight (travel hubs),Strategies (per capita),50%,P7-R,fig_3e,P7-R^0,10,1.092
2021-10-07,ZA,77,Omicron BA.1,Community,1.1829356521546301,2021-09-21,16,Traveler weight (travel hubs),Strategies (per capita),50%,P11-R,fig_3e,P11-R^0,10,1.0899
2021-10-07,ZA,77,Omicron BA.1,Community,1.1829356521546301,2021-09-21,16,Traveler weight (travel hubs),Strategies (per capita),70%,P7-R,fig_3e,P7-R^0,10,1.0883
2021-10-07,ZA,77,Omicron BA.1,Community,1.1829356521546301,2021-09-21,16,Traveler weight (travel hubs),Strategies (per capita),70%,P11-R,fig_3e,P11-R^0,10,1.0862
2021-10-07,ZA,77,Omicron BA.1,Community,1.1829356521546301,2021-09-21,16,Traveler weight (travel hubs),Strategies (per capita),90%,P7-R,fig_3e,P7-R^0,10,1.0853
2021-10-07,ZA,77,Omicron BA.1,Community,1.1829356521546301,2021-09-21,16,Traveler weight (travel hubs),Strategies (per capita),90%,P11-R,fig_3e,P11-R^0,10,1.0844
2021-10-07,ZA,77,Omicron BA.1,Community,1.1829356521546301,2021-09-21,16,Traveler weight (travel hubs),Strategies (per capita),100%,P7-R,fig_3e,P7-R^0,10,1.0849
2021-10-07,ZA,77,Omicron BA.1,Community,1.1829356521546301,2021-09-21,16,Traveler weight (travel hubs),Strategies (per capita),100%,P11-R,fig_3e,P11-R^0,10,1.0815
2021-10-05,ZA,78,Omicron BA.1,Community,1.0940588610216018,2021-09-21,14,Traveler weight (travel hubs),Strategies (per capita),50%,P7-R,fig_3e,P7-R^0,10,1.092
2021-10-05,ZA,78,Omicron BA.1,Community,1.0940588610216018,2021-09-21,14,Traveler weight (travel hubs),Strategies (per capita),50%,P11-R,fig_3e,P11-R^0,10,1.0899
2021-10-05,ZA,78,Omicron BA.1,Community,1.0940588610216018,2021-09-21,14,Traveler weight (travel hubs),Strategies (per capita),70%,P7-R,fig_3e,P7-R^0,10,1.0883
2021-10-05,ZA,78,Omicron BA.1,Community,1.0940588610216018,2021-09-21,14,Traveler weight (travel hubs),Strategies (per capita),70%,P11-R,fig_3e,P11-R^0,10,1.0862
2021-10-05,ZA,78,Omicron BA.1,Community,1.0940588610216018,2021-09-21,14,Traveler weight (travel hubs),Strategies (per capita),90%,P7-R,fig_3e,P7-R^0,10,1.0853
2021-10-05,ZA,78,Omicron BA.1,Community,1.0940588610216018,2021-09-21,14,Traveler weight (travel hubs),Strategies (per capita),90%,P11-R,fig_3e,P11-R^0,10,1.0844
2021-10-05,ZA,78,Omicron BA.1,Community,1.0940588610216018,2021-09-21,14,Traveler weight (travel hubs),Strategies (per capita),100%,P7-R,fig_3e,P7-R^0,10,1.0849
2021-10-05,ZA,78,Omicron BA.1,Community,1.0940588610216018,2021-09-21,14,Traveler weight (travel hubs),Strategies (per capita),100%,P11-R,fig_3e,P11-R^0,10,1.0815
2021-10-05,ZA,79,Omicron BA.1,Community,1.153401304173661,2021-09-21,14,Traveler weight (travel hubs),Strategies (per capita),50%,P7-R,fig_3e,P7-R^0,10,1.092
2021-10-05,ZA,79,Omicron BA.1,Community,1.153401304173661,2021-09-21,14,Traveler weight (travel hubs),Strategies (per capita),50%,P11-R,fig_3e,P11-R^0,10,1.0899
2021-10-05,ZA,79,Omicron BA.1,Community,1.153401304173661,2021-09-21,14,Traveler weight (travel hubs),Strategies (per capita),70%,P7-R,fig_3e,P7-R^0,10,1.0883
2021-10-05,ZA,79,Omicron BA.1,Community,1.153401304173661,2021-09-21,14,Traveler weight (travel hubs),Strategies (per capita),70%,P11-R,fig_3e,P11-R^0,10,1.0862
2021-10-05,ZA,79,Omicron BA.1,Community,1.153401304173661,2021-09-21,14,Traveler weight (travel hubs),Strategies (per capita),90%,P7-R,fig_3e,P7-R^0,10,1.0853
2021-10-05,ZA,79,Omicron BA.1,Community,1.153401304173661,2021-09-21,14,Traveler weight (travel hubs),Strategies (per capita),90%,P11-R,fig_3e,P11-R^0,10,1.0844
2021-10-05,ZA,79,Omicron BA.1,Community,1.153401304173661,2021-09-21,14,Traveler weight (travel hubs),Strategies (per capita),100%,P7-R,fig_3e,P7-R^0,10,1.0849
2021-10-05,ZA,79,Omicron BA.1,Community,1.153401304173661,2021-09-21,14,Traveler weight (travel hubs),Strategies (per capita),100%,P11-R,fig_3e,P11-R^0,10,1.0815
2021-09-29,ZA,8,Omicron BA.1,Community,1.0501469454428414,2021-09-21,8,Traveler weight (travel hubs),Strategies (per capita),50%,P7-R,fig_3e,P7-R^0,10,1.092
2021-09-29,ZA,8,Omicron BA.1,Community,1.0501469454428414,2021-09-21,8,Traveler weight (travel hubs),Strategies (per capita),50%,P11-R,fig_3e,P11-R^0,10,1.0899
2021-09-29,ZA,8,Omicron BA.1,Community,1.0501469454428414,2021-09-21,8,Traveler weight (travel hubs),Strategies (per capita),70%,P7-R,fig_3e,P7-R^0,10,1.0883
2021-09-29,ZA,8,Omicron BA.1,Community,1.0501469454428414,2021-09-21,8,Traveler weight (travel hubs),Strategies (per capita),70%,P11-R,fig_3e,P11-R^0,10,1.0862
2021-09-29,ZA,8,Omicron BA.1,Community,1.0501469454428414,2021-09-21,8,Traveler weight (travel hubs),Strategies (per capita),90%,P7-R,fig_3e,P7-R^0,10,1.0853
2021-09-29,ZA,8,Omicron BA.1,Community,1.0501469454428414,2021-09-21,8,Traveler weight (travel hubs),Strategies (per capita),90%,P11-R,fig_3e,P11-R^0,10,1.0844
2021-09-29,ZA,8,Omicron BA.1,Community,1.0501469454428414,2021-09-21,8,Traveler weight (travel hubs),Strategies (per capita),100%,P7-R,fig_3e,P7-R^0,10,1.0849
2021-09-29,ZA,8,Omicron BA.1,Community,1.0501469454428414,2021-09-21,8,Traveler weight (travel hubs),Strategies (per capita),100%,P11-R,fig_3e,P11-R^0,10,1.0815
2021-10-01,ZA,80,Omicron BA.1,Community,1.1790120890620113,2021-09-21,10,Traveler weight (travel hubs),Strategies (per capita),50%,P7-R,fig_3e,P7-R^0,10,1.092
2021-10-01,ZA,80,Omicron BA.1,Community,1.1790120890620113,2021-09-21,10,Traveler weight (travel hubs),Strategies (per capita),50%,P11-R,fig_3e,P11-R^0,10,1.0899
2021-10-01,ZA,80,Omicron BA.1,Community,1.1790120890620113,2021-09-21,10,Traveler weight (travel hubs),Strategies (per capita),70%,P7-R,fig_3e,P7-R^0,10,1.0883
2021-10-01,ZA,80,Omicron BA.1,Community,1.1790120890620113,2021-09-21,10,Traveler weight (travel hubs),Strategies (per capita),70%,P11-R,fig_3e,P11-R^0,10,1.0862
2021-10-01,ZA,80,Omicron BA.1,Community,1.1790120890620113,2021-09-21,10,Traveler weight (travel hubs),Strategies (per capita),90%,P7-R,fig_3e,P7-R^0,10,1.0853
2021-10-01,ZA,80,Omicron BA.1,Community,1.1790120890620113,2021-09-21,10,Traveler weight (travel hubs),Strategies (per capita),90%,P11-R,fig_3e,P11-R^0,10,1.0844
2021-10-01,ZA,80,Omicron BA.1,Community,1.1790120890620113,2021-09-21,10,Traveler weight (travel hubs),Strategies (per capita),100%,P7-R,fig_3e,P7-R^0,10,1.0849
2021-10-01,ZA,80,Omicron BA.1,Community,1.1790120890620113,2021-09-21,10,Traveler weight (travel hubs),Strategies (per capita),100%,P11-R,fig_3e,P11-R^0,10,1.0815
2021-09-29,GB,81,Omicron BA.1,Imported,1,2021-09-21,8,Traveler weight (travel hubs),Strategies (per capita),50%,P7-R,fig_3e,P7-R^0,10,1.092
2021-09-29,GB,81,Omicron BA.1,Imported,1,2021-09-21,8,Traveler weight (travel hubs),Strategies (per capita),50%,P11-R,fig_3e,P11-R^0,10,1.0899
2021-09-29,GB,81,Omicron BA.1,Imported,1,2021-09-21,8,Traveler weight (travel hubs),Strategies (per capita),70%,P7-R,fig_3e,P7-R^0,10,1.0883
2021-09-29,GB,81,Omicron BA.1,Imported,1,2021-09-21,8,Traveler weight (travel hubs),Strategies (per capita),70%,P11-R,fig_3e,P11-R^0,10,1.0862
2021-09-29,GB,81,Omicron BA.1,Imported,1,2021-09-21,8,Traveler weight (travel hubs),Strategies (per capita),90%,P7-R,fig_3e,P7-R^0,10,1.0853
2021-09-29,GB,81,Omicron BA.1,Imported,1,2021-09-21,8,Traveler weight (travel hubs),Strategies (per capita),90%,P11-R,fig_3e,P11-R^0,10,1.0844
2021-09-29,GB,81,Omicron BA.1,Imported,1,2021-09-21,8,Traveler weight (travel hubs),Strategies (per capita),100%,P7-R,fig_3e,P7-R^0,10,1.0849
2021-09-29,GB,81,Omicron BA.1,Imported,1,2021-09-21,8,Traveler weight (travel hubs),Strategies (per capita),100%,P11-R,fig_3e,P11-R^0,10,1.0815
2021-10-07,ZA,82,Omicron BA.1,Community,1.0716163107387182,2021-09-21,16,Traveler weight (travel hubs),Strategies (per capita),50%,P7-R,fig_3e,P7-R^0,10,1.092
2021-10-07,ZA,82,Omicron BA.1,Community,1.0716163107387182,2021-09-21,16,Traveler weight (travel hubs),Strategies (per capita),50%,P11-R,fig_3e,P11-R^0,10,1.0899
2021-10-07,ZA,82,Omicron BA.1,Community,1.0716163107387182,2021-09-21,16,Traveler weight (travel hubs),Strategies (per capita),70%,P7-R,fig_3e,P7-R^0,10,1.0883
2021-10-07,ZA,82,Omicron BA.1,Community,1.0716163107387182,2021-09-21,16,Traveler weight (travel hubs),Strategies (per capita),70%,P11-R,fig_3e,P11-R^0,10,1.0862
2021-10-07,ZA,82,Omicron BA.1,Community,1.0716163107387182,2021-09-21,16,Traveler weight (travel hubs),Strategies (per capita),90%,P7-R,fig_3e,P7-R^0,10,1.0853
2021-10-07,ZA,82,Omicron BA.1,Community,1.0716163107387182,2021-09-21,16,Traveler weight (travel hubs),Strategies (per capita),90%,P11-R,fig_3e,P11-R^0,10,1.0844
2021-10-07,ZA,82,Omicron BA.1,Community,1.0716163107387182,2021-09-21,16,Traveler weight (travel hubs),Strategies (per capita),100%,P7-R,fig_3e,P7-R^0,10,1.0849
2021-10-07,ZA,82,Omicron BA.1,Community,1.0716163107387182,2021-09-21,16,Traveler weight (travel hubs),Strategies (per capita),100%,P11-R,fig_3e,P11-R^0,10,1.0815
2021-10-05,ZA,83,Omicron BA.1,Community,1.1156379312587141,2021-09-21,14,Traveler weight (travel hubs),Strategies (per capita),50%,P7-R,fig_3e,P7-R^0,10,1.092
2021-10-05,ZA,83,Omicron BA.1,Community,1.1156379312587141,2021-09-21,14,Traveler weight (travel hubs),Strategies (per capita),50%,P11-R,fig_3e,P11-R^0,10,1.0899
2021-10-05,ZA,83,Omicron BA.1,Community,1.1156379312587141,2021-09-21,14,Traveler weight (travel hubs),Strategies (per capita),70%,P7-R,fig_3e,P7-R^0,10,1.0883
2021-10-05,ZA,83,Omicron BA.1,Community,1.1156379312587141,2021-09-21,14,Traveler weight (travel hubs),Strategies (per capita),70%,P11-R,fig_3e,P11-R^0,10,1.0862
2021-10-05,ZA,83,Omicron BA.1,Community,1.1156379312587141,2021-09-21,14,Traveler weight (travel hubs),Strategies (per capita),90%,P7-R,fig_3e,P7-R^0,10,1.0853
2021-10-05,ZA,83,Omicron BA.1,Community,1.1156379312587141,2021-09-21,14,Traveler weight (travel hubs),Strategies (per capita),90%,P11-R,fig_3e,P11-R^0,10,1.0844
2021-10-05,ZA,83,Omicron BA.1,Community,1.1156379312587141,2021-09-21,14,Traveler weight (travel hubs),Strategies (per capita),100%,P7-R,fig_3e,P7-R^0,10,1.0849
2021-10-05,ZA,83,Omicron BA.1,Community,1.1156379312587141,2021-09-21,14,Traveler weight (travel hubs),Strategies (per capita),100%,P11-R,fig_3e,P11-R^0,10,1.0815
2021-09-30,ZA,84,Omicron BA.1,Community,1.3658752503217468,2021-09-21,9,Traveler weight (travel hubs),Strategies (per capita),50%,P7-R,fig_3e,P7-R^0,10,1.092
2021-09-30,ZA,84,Omicron BA.1,Community,1.3658752503217468,2021-09-21,9,Traveler weight (travel hubs),Strategies (per capita),50%,P11-R,fig_3e,P11-R^0,10,1.0899
2021-09-30,ZA,84,Omicron BA.1,Community,1.3658752503217468,2021-09-21,9,Traveler weight (travel hubs),Strategies (per capita),70%,P7-R,fig_3e,P7-R^0,10,1.0883
2021-09-30,ZA,84,Omicron BA.1,Community,1.3658752503217468,2021-09-21,9,Traveler weight (travel hubs),Strategies (per capita),70%,P11-R,fig_3e,P11-R^0,10,1.0862
2021-09-30,ZA,84,Omicron BA.1,Community,1.3658752503217468,2021-09-21,9,Traveler weight (travel hubs),Strategies (per capita),90%,P7-R,fig_3e,P7-R^0,10,1.0853
2021-09-30,ZA,84,Omicron BA.1,Community,1.3658752503217468,2021-09-21,9,Traveler weight (travel hubs),Strategies (per capita),90%,P11-R,fig_3e,P11-R^0,10,1.0844
2021-09-30,ZA,84,Omicron BA.1,Community,1.3658752503217468,2021-09-21,9,Traveler weight (travel hubs),Strategies (per capita),100%,P7-R,fig_3e,P7-R^0,10,1.0849
2021-09-30,ZA,84,Omicron BA.1,Community,1.3658752503217468,2021-09-21,9,Traveler weight (travel hubs),Strategies (per capita),100%,P11-R,fig_3e,P11-R^0,10,1.0815
2021-10-01,ZA,85,Omicron BA.1,Community,1.220417254612916,2021-09-21,10,Traveler weight (travel hubs),Strategies (per capita),50%,P7-R,fig_3e,P7-R^0,10,1.092
2021-10-01,ZA,85,Omicron BA.1,Community,1.220417254612916,2021-09-21,10,Traveler weight (travel hubs),Strategies (per capita),50%,P11-R,fig_3e,P11-R^0,10,1.0899
2021-10-01,ZA,85,Omicron BA.1,Community,1.220417254612916,2021-09-21,10,Traveler weight (travel hubs),Strategies (per capita),70%,P7-R,fig_3e,P7-R^0,10,1.0883
2021-10-01,ZA,85,Omicron BA.1,Community,1.220417254612916,2021-09-21,10,Traveler weight (travel hubs),Strategies (per capita),70%,P11-R,fig_3e,P11-R^0,10,1.0862
2021-10-01,ZA,85,Omicron BA.1,Community,1.220417254612916,2021-09-21,10,Traveler weight (travel hubs),Strategies (per capita),90%,P7-R,fig_3e,P7-R^0,10,1.0853
2021-10-01,ZA,85,Omicron BA.1,Community,1.220417254612916,2021-09-21,10,Traveler weight (travel hubs),Strategies (per capita),90%,P11-R,fig_3e,P11-R^0,10,1.0844
2021-10-01,ZA,85,Omicron BA.1,Community,1.220417254612916,2021-09-21,10,Traveler weight (travel hubs),Strategies (per capita),100%,P7-R,fig_3e,P7-R^0,10,1.0849
2021-10-01,ZA,85,Omicron BA.1,Community,1.220417254612916,2021-09-21,10,Traveler weight (travel hubs),Strategies (per capita),100%,P11-R,fig_3e,P11-R^0,10,1.0815
2021-10-07,ZA,86,Omicron BA.1,Community,1.1064874297364737,2021-09-21,16,Traveler weight (travel hubs),Strategies (per capita),50%,P7-R,fig_3e,P7-R^0,10,1.092
2021-10-07,ZA,86,Omicron BA.1,Community,1.1064874297364737,2021-09-21,16,Traveler weight (travel hubs),Strategies (per capita),50%,P11-R,fig_3e,P11-R^0,10,1.0899
2021-10-07,ZA,86,Omicron BA.1,Community,1.1064874297364737,2021-09-21,16,Traveler weight (travel hubs),Strategies (per capita),70%,P7-R,fig_3e,P7-R^0,10,1.0883
2021-10-07,ZA,86,Omicron BA.1,Community,1.1064874297364737,2021-09-21,16,Traveler weight (travel hubs),Strategies (per capita),70%,P11-R,fig_3e,P11-R^0,10,1.0862
2021-10-07,ZA,86,Omicron BA.1,Community,1.1064874297364737,2021-09-21,16,Traveler weight (travel hubs),Strategies (per capita),90%,P7-R,fig_3e,P7-R^0,10,1.0853
2021-10-07,ZA,86,Omicron BA.1,Community,1.1064874297364737,2021-09-21,16,Traveler weight (travel hubs),Strategies (per capita),90%,P11-R,fig_3e,P11-R^0,10,1.0844
2021-10-07,ZA,86,Omicron BA.1,Community,1.1064874297364737,2021-09-21,16,Traveler weight (travel hubs),Strategies (per capita),100%,P7-R,fig_3e,P7-R^0,10,1.0849
2021-10-07,ZA,86,Omicron BA.1,Community,1.1064874297364737,2021-09-21,16,Traveler weight (travel hubs),Strategies (per capita),100%,P11-R,fig_3e,P11-R^0,10,1.0815
2021-10-05,ZA,87,Omicron BA.1,Community,1.1091642101875805,2021-09-21,14,Traveler weight (travel hubs),Strategies (per capita),50%,P7-R,fig_3e,P7-R^0,10,1.092
2021-10-05,ZA,87,Omicron BA.1,Community,1.1091642101875805,2021-09-21,14,Traveler weight (travel hubs),Strategies (per capita),50%,P11-R,fig_3e,P11-R^0,10,1.0899
2021-10-05,ZA,87,Omicron BA.1,Community,1.1091642101875805,2021-09-21,14,Traveler weight (travel hubs),Strategies (per capita),70%,P7-R,fig_3e,P7-R^0,10,1.0883
2021-10-05,ZA,87,Omicron BA.1,Community,1.1091642101875805,2021-09-21,14,Traveler weight (travel hubs),Strategies (per capita),70%,P11-R,fig_3e,P11-R^0,10,1.0862
2021-10-05,ZA,87,Omicron BA.1,Community,1.1091642101875805,2021-09-21,14,Traveler weight (travel hubs),Strategies (per capita),90%,P7-R,fig_3e,P7-R^0,10,1.0853
2021-10-05,ZA,87,Omicron BA.1,Community,1.1091642101875805,2021-09-21,14,Traveler weight (travel hubs),Strategies (per capita),90%,P11-R,fig_3e,P11-R^0,10,1.0844
2021-10-05,ZA,87,Omicron BA.1,Community,1.1091642101875805,2021-09-21,14,Traveler weight (travel hubs),Strategies (per capita),100%,P7-R,fig_3e,P7-R^0,10,1.0849
2021-10-05,ZA,87,Omicron BA.1,Community,1.1091642101875805,2021-09-21,14,Traveler weight (travel hubs),Strategies (per capita),100%,P11-R,fig_3e,P11-R^0,10,1.0815
2021-10-05,ZA,88,Omicron BA.1,Community,1.2246122359561324,2021-09-21,14,Traveler weight (travel hubs),Strategies (per capita),50%,P7-R,fig_3e,P7-R^0,10,1.092
2021-10-05,ZA,88,Omicron BA.1,Community,1.2246122359561324,2021-09-21,14,Traveler weight (travel hubs),Strategies (per capita),50%,P11-R,fig_3e,P11-R^0,10,1.0899
2021-10-05,ZA,88,Omicron BA.1,Community,1.2246122359561324,2021-09-21,14,Traveler weight (travel hubs),Strategies (per capita),70%,P7-R,fig_3e,P7-R^0,10,1.0883
2021-10-05,ZA,88,Omicron BA.1,Community,1.2246122359561324,2021-09-21,14,Traveler weight (travel hubs),Strategies (per capita),70%,P11-R,fig_3e,P11-R^0,10,1.0862
2021-10-05,ZA,88,Omicron BA.1,Community,1.2246122359561324,2021-09-21,14,Traveler weight (travel hubs),Strategies (per capita),90%,P7-R,fig_3e,P7-R^0,10,1.0853
2021-10-05,ZA,88,Omicron BA.1,Community,1.2246122359561324,2021-09-21,14,Traveler weight (travel hubs),Strategies (per capita),90%,P11-R,fig_3e,P11-R^0,10,1.0844
2021-10-05,ZA,88,Omicron BA.1,Community,1.2246122359561324,2021-09-21,14,Traveler weight (travel hubs),Strategies (per capita),100%,P7-R,fig_3e,P7-R^0,10,1.0849
2021-10-05,ZA,88,Omicron BA.1,Community,1.2246122359561324,2021-09-21,14,Traveler weight (travel hubs),Strategies (per capita),100%,P11-R,fig_3e,P11-R^0,10,1.0815
2021-10-05,ZA,89,Omicron BA.1,Community,1.0357953713813983,2021-09-21,14,Traveler weight (travel hubs),Strategies (per capita),50%,P7-R,fig_3e,P7-R^0,10,1.092
2021-10-05,ZA,89,Omicron BA.1,Community,1.0357953713813983,2021-09-21,14,Traveler weight (travel hubs),Strategies (per capita),50%,P11-R,fig_3e,P11-R^0,10,1.0899
2021-10-05,ZA,89,Omicron BA.1,Community,1.0357953713813983,2021-09-21,14,Traveler weight (travel hubs),Strategies (per capita),70%,P7-R,fig_3e,P7-R^0,10,1.0883
2021-10-05,ZA,89,Omicron BA.1,Community,1.0357953713813983,2021-09-21,14,Traveler weight (travel hubs),Strategies (per capita),70%,P11-R,fig_3e,P11-R^0,10,1.0862
2021-10-05,ZA,89,Omicron BA.1,Community,1.0357953713813983,2021-09-21,14,Traveler weight (travel hubs),Strategies (per capita),90%,P7-R,fig_3e,P7-R^0,10,1.0853
2021-10-05,ZA,89,Omicron BA.1,Community,1.0357953713813983,2021-09-21,14,Traveler weight (travel hubs),Strategies (per capita),90%,P11-R,fig_3e,P11-R^0,10,1.0844
2021-10-05,ZA,89,Omicron BA.1,Community,1.0357953713813983,2021-09-21,14,Traveler weight (travel hubs),Strategies (per capita),100%,P7-R,fig_3e,P7-R^0,10,1.0849
2021-10-05,ZA,89,Omicron BA.1,Community,1.0357953713813983,2021-09-21,14,Traveler weight (travel hubs),Strategies (per capita),100%,P11-R,fig_3e,P11-R^0,10,1.0815
2021-10-07,ZA,9,Omicron BA.1,Community,1.1064874297364737,2021-09-21,16,Traveler weight (travel hubs),Strategies (per capita),50%,P7-R,fig_3e,P7-R^0,10,1.092
2021-10-07,ZA,9,Omicron BA.1,Community,1.1064874297364737,2021-09-21,16,Traveler weight (travel hubs),Strategies (per capita),50%,P11-R,fig_3e,P11-R^0,10,1.0899
2021-10-07,ZA,9,Omicron BA.1,Community,1.1064874297364737,2021-09-21,16,Traveler weight (travel hubs),Strategies (per capita),70%,P7-R,fig_3e,P7-R^0,10,1.0883
2021-10-07,ZA,9,Omicron BA.1,Community,1.1064874297364737,2021-09-21,16,Traveler weight (travel hubs),Strategies (per capita),70%,P11-R,fig_3e,P11-R^0,10,1.0862
2021-10-07,ZA,9,Omicron BA.1,Community,1.1064874297364737,2021-09-21,16,Traveler weight (travel hubs),Strategies (per capita),90%,P7-R,fig_3e,P7-R^0,10,1.0853
2021-10-07,ZA,9,Omicron BA.1,Community,1.1064874297364737,2021-09-21,16,Traveler weight (travel hubs),Strategies (per capita),90%,P11-R,fig_3e,P11-R^0,10,1.0844
2021-10-07,ZA,9,Omicron BA.1,Community,1.1064874297364737,2021-09-21,16,Traveler weight (travel hubs),Strategies (per capita),100%,P7-R,fig_3e,P7-R^0,10,1.0849
2021-10-07,ZA,9,Omicron BA.1,Community,1.1064874297364737,2021-09-21,16,Traveler weight (travel hubs),Strategies (per capita),100%,P11-R,fig_3e,P11-R^0,10,1.0815
2021-10-05,ZA,90,Omicron BA.1,Community,1.0919009539978906,2021-09-21,14,Traveler weight (travel hubs),Strategies (per capita),50%,P7-R,fig_3e,P7-R^0,10,1.092
2021-10-05,ZA,90,Omicron BA.1,Community,1.0919009539978906,2021-09-21,14,Traveler weight (travel hubs),Strategies (per capita),50%,P11-R,fig_3e,P11-R^0,10,1.0899
2021-10-05,ZA,90,Omicron BA.1,Community,1.0919009539978906,2021-09-21,14,Traveler weight (travel hubs),Strategies (per capita),70%,P7-R,fig_3e,P7-R^0,10,1.0883
2021-10-05,ZA,90,Omicron BA.1,Community,1.0919009539978906,2021-09-21,14,Traveler weight (travel hubs),Strategies (per capita),70%,P11-R,fig_3e,P11-R^0,10,1.0862
2021-10-05,ZA,90,Omicron BA.1,Community,1.0919009539978906,2021-09-21,14,Traveler weight (travel hubs),Strategies (per capita),90%,P7-R,fig_3e,P7-R^0,10,1.0853
2021-10-05,ZA,90,Omicron BA.1,Community,1.0919009539978906,2021-09-21,14,Traveler weight (travel hubs),Strategies (per capita),90%,P11-R,fig_3e,P11-R^0,10,1.0844
2021-10-05,ZA,90,Omicron BA.1,Community,1.0919009539978906,2021-09-21,14,Traveler weight (travel hubs),Strategies (per capita),100%,P7-R,fig_3e,P7-R^0,10,1.0849
2021-10-05,ZA,90,Omicron BA.1,Community,1.0919009539978906,2021-09-21,14,Traveler weight (travel hubs),Strategies (per capita),100%,P11-R,fig_3e,P11-R^0,10,1.0815
2021-10-07,ZA,91,Omicron BA.1,Community,1.5531059922846504,2021-09-21,16,Traveler weight (travel hubs),Strategies (per capita),50%,P7-R,fig_3e,P7-R^0,10,1.092
2021-10-07,ZA,91,Omicron BA.1,Community,1.5531059922846504,2021-09-21,16,Traveler weight (travel hubs),Strategies (per capita),50%,P11-R,fig_3e,P11-R^0,10,1.0899
2021-10-07,ZA,91,Omicron BA.1,Community,1.5531059922846504,2021-09-21,16,Traveler weight (travel hubs),Strategies (per capita),70%,P7-R,fig_3e,P7-R^0,10,1.0883
2021-10-07,ZA,91,Omicron BA.1,Community,1.5531059922846504,2021-09-21,16,Traveler weight (travel hubs),Strategies (per capita),70%,P11-R,fig_3e,P11-R^0,10,1.0862
2021-10-07,ZA,91,Omicron BA.1,Community,1.5531059922846504,2021-09-21,16,Traveler weight (travel hubs),Strategies (per capita),90%,P7-R,fig_3e,P7-R^0,10,1.0853
2021-10-07,ZA,91,Omicron BA.1,Community,1.5531059922846504,2021-09-21,16,Traveler weight (travel hubs),Strategies (per capita),90%,P11-R,fig_3e,P11-R^0,10,1.0844
2021-10-07,ZA,91,Omicron BA.1,Community,1.5531059922846504,2021-09-21,16,Traveler weight (travel hubs),Strategies (per capita),100%,P7-R,fig_3e,P7-R^0,10,1.0849
2021-10-07,ZA,91,Omicron BA.1,Community,1.5531059922846504,2021-09-21,16,Traveler weight (travel hubs),Strategies (per capita),100%,P11-R,fig_3e,P11-R^0,10,1.0815
2021-10-05,ZA,92,Omicron BA.1,Community,1.1426117690551048,2021-09-21,14,Traveler weight (travel hubs),Strategies (per capita),50%,P7-R,fig_3e,P7-R^0,10,1.092
2021-10-05,ZA,92,Omicron BA.1,Community,1.1426117690551048,2021-09-21,14,Traveler weight (travel hubs),Strategies (per capita),50%,P11-R,fig_3e,P11-R^0,10,1.0899
2021-10-05,ZA,92,Omicron BA.1,Community,1.1426117690551048,2021-09-21,14,Traveler weight (travel hubs),Strategies (per capita),70%,P7-R,fig_3e,P7-R^0,10,1.0883
2021-10-05,ZA,92,Omicron BA.1,Community,1.1426117690551048,2021-09-21,14,Traveler weight (travel hubs),Strategies (per capita),70%,P11-R,fig_3e,P11-R^0,10,1.0862
2021-10-05,ZA,92,Omicron BA.1,Community,1.1426117690551048,2021-09-21,14,Traveler weight (travel hubs),Strategies (per capita),90%,P7-R,fig_3e,P7-R^0,10,1.0853
2021-10-05,ZA,92,Omicron BA.1,Community,1.1426117690551048,2021-09-21,14,Traveler weight (travel hubs),Strategies (per capita),90%,P11-R,fig_3e,P11-R^0,10,1.0844
2021-10-05,ZA,92,Omicron BA.1,Community,1.1426117690551048,2021-09-21,14,Traveler weight (travel hubs),Strategies (per capita),100%,P7-R,fig_3e,P7-R^0,10,1.0849
2021-10-05,ZA,92,Omicron BA.1,Community,1.1426117690551048,2021-09-21,14,Traveler weight (travel hubs),Strategies (per capita),100%,P11-R,fig_3e,P11-R^0,10,1.0815
2021-10-07,ZA,93,Omicron BA.1,Community,1.228536346228618,2021-09-21,16,Traveler weight (travel hubs),Strategies (per capita),50%,P7-R,fig_3e,P7-R^0,10,1.092
2021-10-07,ZA,93,Omicron BA.1,Community,1.228536346228618,2021-09-21,16,Traveler weight (travel hubs),Strategies (per capita),50%,P11-R,fig_3e,P11-R^0,10,1.0899
2021-10-07,ZA,93,Omicron BA.1,Community,1.228536346228618,2021-09-21,16,Traveler weight (travel hubs),Strategies (per capita),70%,P7-R,fig_3e,P7-R^0,10,1.0883
2021-10-07,ZA,93,Omicron BA.1,Community,1.228536346228618,2021-09-21,16,Traveler weight (travel hubs),Strategies (per capita),70%,P11-R,fig_3e,P11-R^0,10,1.0862
2021-10-07,ZA,93,Omicron BA.1,Community,1.228536346228618,2021-09-21,16,Traveler weight (travel hubs),Strategies (per capita),90%,P7-R,fig_3e,P7-R^0,10,1.0853
2021-10-07,ZA,93,Omicron BA.1,Community,1.228536346228618,2021-09-21,16,Traveler weight (travel hubs),Strategies (per capita),90%,P11-R,fig_3e,P11-R^0,10,1.0844
2021-10-07,ZA,93,Omicron BA.1,Community,1.228536346228618,2021-09-21,16,Traveler weight (travel hubs),Strategies (per capita),100%,P7-R,fig_3e,P7-R^0,10,1.0849
2021-10-07,ZA,93,Omicron BA.1,Community,1.228536346228618,2021-09-21,16,Traveler weight (travel hubs),Strategies (per capita),100%,P11-R,fig_3e,P11-R^0,10,1.0815
2021-10-01,ZA,94,Omicron BA.1,Community,1.0434101718827984,2021-09-21,10,Traveler weight (travel hubs),Strategies (per capita),50%,P7-R,fig_3e,P7-R^0,10,1.092
2021-10-01,ZA,94,Omicron BA.1,Community,1.0434101718827984,2021-09-21,10,Traveler weight (travel hubs),Strategies (per capita),50%,P11-R,fig_3e,P11-R^0,10,1.0899
2021-10-01,ZA,94,Omicron BA.1,Community,1.0434101718827984,2021-09-21,10,Traveler weight (travel hubs),Strategies (per capita),70%,P7-R,fig_3e,P7-R^0,10,1.0883
2021-10-01,ZA,94,Omicron BA.1,Community,1.0434101718827984,2021-09-21,10,Traveler weight (travel hubs),Strategies (per capita),70%,P11-R,fig_3e,P11-R^0,10,1.0862
2021-10-01,ZA,94,Omicron BA.1,Community,1.0434101718827984,2021-09-21,10,Traveler weight (travel hubs),Strategies (per capita),90%,P7-R,fig_3e,P7-R^0,10,1.0853
2021-10-01,ZA,94,Omicron BA.1,Community,1.0434101718827984,2021-09-21,10,Traveler weight (travel hubs),Strategies (per capita),90%,P11-R,fig_3e,P11-R^0,10,1.0844
2021-10-01,ZA,94,Omicron BA.1,Community,1.0434101718827984,2021-09-21,10,Traveler weight (travel hubs),Strategies (per capita),100%,P7-R,fig_3e,P7-R^0,10,1.0849
2021-10-01,ZA,94,Omicron BA.1,Community,1.0434101718827984,2021-09-21,10,Traveler weight (travel hubs),Strategies (per capita),100%,P11-R,fig_3e,P11-R^0,10,1.0815
2021-10-01,ZA,95,Omicron BA.1,Community,1.1841877347558742,2021-09-21,10,Traveler weight (travel hubs),Strategies (per capita),50%,P7-R,fig_3e,P7-R^0,10,1.092
2021-10-01,ZA,95,Omicron BA.1,Community,1.1841877347558742,2021-09-21,10,Traveler weight (travel hubs),Strategies (per capita),50%,P11-R,fig_3e,P11-R^0,10,1.0899
2021-10-01,ZA,95,Omicron BA.1,Community,1.1841877347558742,2021-09-21,10,Traveler weight (travel hubs),Strategies (per capita),70%,P7-R,fig_3e,P7-R^0,10,1.0883
2021-10-01,ZA,95,Omicron BA.1,Community,1.1841877347558742,2021-09-21,10,Traveler weight (travel hubs),Strategies (per capita),70%,P11-R,fig_3e,P11-R^0,10,1.0862
2021-10-01,ZA,95,Omicron BA.1,Community,1.1841877347558742,2021-09-21,10,Traveler weight (travel hubs),Strategies (per capita),90%,P7-R,fig_3e,P7-R^0,10,1.0853
2021-10-01,ZA,95,Omicron BA.1,Community,1.1841877347558742,2021-09-21,10,Traveler weight (travel hubs),Strategies (per capita),90%,P11-R,fig_3e,P11-R^0,10,1.0844
2021-10-01,ZA,95,Omicron BA.1,Community,1.1841877347558742,2021-09-21,10,Traveler weight (travel hubs),Strategies (per capita),100%,P7-R,fig_3e,P7-R^0,10,1.0849
2021-10-01,ZA,95,Omicron BA.1,Community,1.1841877347558742,2021-09-21,10,Traveler weight (travel hubs),Strategies (per capita),100%,P11-R,fig_3e,P11-R^0,10,1.0815
2021-10-06,ZA,96,Omicron BA.1,Community,1.0044965634511418,2021-09-21,15,Traveler weight (travel hubs),Strategies (per capita),50%,P7-R,fig_3e,P7-R^0,10,1.092
2021-10-06,ZA,96,Omicron BA.1,Community,1.0044965634511418,2021-09-21,15,Traveler weight (travel hubs),Strategies (per capita),50%,P11-R,fig_3e,P11-R^0,10,1.0899
2021-10-06,ZA,96,Omicron BA.1,Community,1.0044965634511418,2021-09-21,15,Traveler weight (travel hubs),Strategies (per capita),70%,P7-R,fig_3e,P7-R^0,10,1.0883
2021-10-06,ZA,96,Omicron BA.1,Community,1.0044965634511418,2021-09-21,15,Traveler weight (travel hubs),Strategies (per capita),70%,P11-R,fig_3e,P11-R^0,10,1.0862
2021-10-06,ZA,96,Omicron BA.1,Community,1.0044965634511418,2021-09-21,15,Traveler weight (travel hubs),Strategies (per capita),90%,P7-R,fig_3e,P7-R^0,10,1.0853
2021-10-06,ZA,96,Omicron BA.1,Community,1.0044965634511418,2021-09-21,15,Traveler weight (travel hubs),Strategies (per capita),90%,P11-R,fig_3e,P11-R^0,10,1.0844
2021-10-06,ZA,96,Omicron BA.1,Community,1.0044965634511418,2021-09-21,15,Traveler weight (travel hubs),Strategies (per capita),100%,P7-R,fig_3e,P7-R^0,10,1.0849
2021-10-06,ZA,96,Omicron BA.1,Community,1.0044965634511418,2021-09-21,15,Traveler weight (travel hubs),Strategies (per capita),100%,P11-R,fig_3e,P11-R^0,10,1.0815
2021-10-07,ZA,97,Omicron BA.1,Community,1.2754782371871352,2021-09-21,16,Traveler weight (travel hubs),Strategies (per capita),50%,P7-R,fig_3e,P7-R^0,10,1.092
2021-10-07,ZA,97,Omicron BA.1,Community,1.2754782371871352,2021-09-21,16,Traveler weight (travel hubs),Strategies (per capita),50%,P11-R,fig_3e,P11-R^0,10,1.0899
2021-10-07,ZA,97,Omicron BA.1,Community,1.2754782371871352,2021-09-21,16,Traveler weight (travel hubs),Strategies (per capita),70%,P7-R,fig_3e,P7-R^0,10,1.0883
2021-10-07,ZA,97,Omicron BA.1,Community,1.2754782371871352,2021-09-21,16,Traveler weight (travel hubs),Strategies (per capita),70%,P11-R,fig_3e,P11-R^0,10,1.0862
2021-10-07,ZA,97,Omicron BA.1,Community,1.2754782371871352,2021-09-21,16,Traveler weight (travel hubs),Strategies (per capita),90%,P7-R,fig_3e,P7-R^0,10,1.0853
2021-10-07,ZA,97,Omicron BA.1,Community,1.2754782371871352,2021-09-21,16,Traveler weight (travel hubs),Strategies (per capita),90%,P11-R,fig_3e,P11-R^0,10,1.0844
2021-10-07,ZA,97,Omicron BA.1,Community,1.2754782371871352,2021-09-21,16,Traveler weight (travel hubs),Strategies (per capita),100%,P7-R,fig_3e,P7-R^0,10,1.0849
2021-10-07,ZA,97,Omicron BA.1,Community,1.2754782371871352,2021-09-21,16,Traveler weight (travel hubs),Strategies (per capita),100%,P11-R,fig_3e,P11-R^0,10,1.0815
2021-10-05,ZA,98,Omicron BA.1,Community,1.2116647938138647,2021-09-21,14,Traveler weight (travel hubs),Strategies (per capita),50%,P7-R,fig_3e,P7-R^0,10,1.092
2021-10-05,ZA,98,Omicron BA.1,Community,1.2116647938138647,2021-09-21,14,Traveler weight (travel hubs),Strategies (per capita),50%,P11-R,fig_3e,P11-R^0,10,1.0899
2021-10-05,ZA,98,Omicron BA.1,Community,1.2116647938138647,2021-09-21,14,Traveler weight (travel hubs),Strategies (per capita),70%,P7-R,fig_3e,P7-R^0,10,1.0883
2021-10-05,ZA,98,Omicron BA.1,Community,1.2116647938138647,2021-09-21,14,Traveler weight (travel hubs),Strategies (per capita),70%,P11-R,fig_3e,P11-R^0,10,1.0862
2021-10-05,ZA,98,Omicron BA.1,Community,1.2116647938138647,2021-09-21,14,Traveler weight (travel hubs),Strategies (per capita),90%,P7-R,fig_3e,P7-R^0,10,1.0853
2021-10-05,ZA,98,Omicron BA.1,Community,1.2116647938138647,2021-09-21,14,Traveler weight (travel hubs),Strategies (per capita),90%,P11-R,fig_3e,P11-R^0,10,1.0844
2021-10-05,ZA,98,Omicron BA.1,Community,1.2116647938138647,2021-09-21,14,Traveler weight (travel hubs),Strategies (per capita),100%,P7-R,fig_3e,P7-R^0,10,1.0849
2021-10-05,ZA,98,Omicron BA.1,Community,1.2116647938138647,2021-09-21,14,Traveler weight (travel hubs),Strategies (per capita),100%,P11-R,fig_3e,P11-R^0,10,1.0815
2021-10-01,ZA,99,Omicron BA.1,Community,1.1489933440376052,2021-09-21,10,Traveler weight (travel hubs),Strategies (per capita),50%,P7-R,fig_3e,P7-R^0,10,1.092
2021-10-01,ZA,99,Omicron BA.1,Community,1.1489933440376052,2021-09-21,10,Traveler weight (travel hubs),Strategies (per capita),50%,P11-R,fig_3e,P11-R^0,10,1.0899
2021-10-01,ZA,99,Omicron BA.1,Community,1.1489933440376052,2021-09-21,10,Traveler weight (travel hubs),Strategies (per capita),70%,P7-R,fig_3e,P7-R^0,10,1.0883
2021-10-01,ZA,99,Omicron BA.1,Community,1.1489933440376052,2021-09-21,10,Traveler weight (travel hubs),Strategies (per capita),70%,P11-R,fig_3e,P11-R^0,10,1.0862
2021-10-01,ZA,99,Omicron BA.1,Community,1.1489933440376052,2021-09-21,10,Traveler weight (travel hubs),Strategies (per capita),90%,P7-R,fig_3e,P7-R^0,10,1.0853
2021-10-01,ZA,99,Omicron BA.1,Community,1.1489933440376052,2021-09-21,10,Traveler weight (travel hubs),Strategies (per capita),90%,P11-R,fig_3e,P11-R^0,10,1.0844
2021-10-01,ZA,99,Omicron BA.1,Community,1.1489933440376052,2021-09-21,10,Traveler weight (travel hubs),Strategies (per capita),100%,P7-R,fig_3e,P7-R^0,10,1.0849
2021-10-01,ZA,99,Omicron BA.1,Community,1.1489933440376052,2021-09-21,10,Traveler weight (travel hubs),Strategies (per capita),100%,P11-R,fig_3e,P11-R^0,10,1.0815
