date,unitname,id_sim,variant,case_type,value,date_intro,lag,params_1,params_2,parval_1,parval_2,fig,parval_2_new,lag_median,value_median
2021-09-22,ZA,1,Omicron BA.1,Community,1.0059474924823464,2021-09-21,1,Changing diagnostics,Changing sequencing,10%,200%,fig_3b,2,1,1.0635
2021-09-22,ZA,1,Omicron BA.1,Community,1.0059474924823464,2021-09-21,1,Changing diagnostics,Changing sequencing,50%,200%,fig_3b,2,1,1.0635
2021-09-22,ZA,1,Omicron BA.1,Community,1.0059474924823464,2021-09-21,1,Changing diagnostics,Changing sequencing,100%,200%,fig_3b,2,1,1.0635
2021-09-22,ZA,1,Omicron BA.1,Community,1.0059474924823464,2021-09-21,1,Changing diagnostics,Changing sequencing,150%,200%,fig_3b,2,1,1.0635
2021-09-22,ZA,1,Omicron BA.1,Community,1.0059474924823464,2021-09-21,1,Changing diagnostics,Changing sequencing,200%,200%,fig_3b,2,1,1.0635
2021-09-22,ZA,10,Omicron BA.1,Community,1.1360700536989683,2021-09-21,1,Changing diagnostics,Changing sequencing,10%,200%,fig_3b,2,1,1.0635
2021-09-22,ZA,10,Omicron BA.1,Community,1.136070053698968,2021-09-21,1,Changing diagnostics,Changing sequencing,50%,200%,fig_3b,2,1,1.0635
2021-09-22,ZA,10,Omicron BA.1,Community,1.136070053698968,2021-09-21,1,Changing diagnostics,Changing sequencing,100%,200%,fig_3b,2,1,1.0635
2021-09-22,ZA,10,Omicron BA.1,Community,1.136070053698968,2021-09-21,1,Changing diagnostics,Changing sequencing,150%,200%,fig_3b,2,1,1.0635
2021-09-22,ZA,10,Omicron BA.1,Community,1.136070053698968,2021-09-21,1,Changing diagnostics,Changing sequencing,200%,200%,fig_3b,2,1,1.0635
2021-09-22,ZA,100,Omicron BA.1,Community,1.0184592772147139,2021-09-21,1,Changing diagnostics,Changing sequencing,10%,200%,fig_3b,2,1,1.0635
2021-09-22,ZA,100,Omicron BA.1,Community,1.0184592772147139,2021-09-21,1,Changing diagnostics,Changing sequencing,50%,200%,fig_3b,2,1,1.0635
2021-09-22,ZA,100,Omicron BA.1,Community,1.0184592772147139,2021-09-21,1,Changing diagnostics,Changing sequencing,100%,200%,fig_3b,2,1,1.0635
2021-09-22,ZA,100,Omicron BA.1,Community,1.0184592772147136,2021-09-21,1,Changing diagnostics,Changing sequencing,150%,200%,fig_3b,2,1,1.0635
2021-09-22,ZA,100,Omicron BA.1,Community,1.0184592772147139,2021-09-21,1,Changing diagnostics,Changing sequencing,200%,200%,fig_3b,2,1,1.0635
2021-09-22,ZA,101,Omicron BA.1,Community,1.0810182008765512,2021-09-21,1,Changing diagnostics,Changing sequencing,10%,200%,fig_3b,2,1,1.0635
2021-09-22,ZA,101,Omicron BA.1,Community,1.0810182008765512,2021-09-21,1,Changing diagnostics,Changing sequencing,50%,200%,fig_3b,2,1,1.0635
2021-09-22,ZA,101,Omicron BA.1,Community,1.0810182008765512,2021-09-21,1,Changing diagnostics,Changing sequencing,100%,200%,fig_3b,2,1,1.0635
2021-09-22,ZA,101,Omicron BA.1,Community,1.0810182008765512,2021-09-21,1,Changing diagnostics,Changing sequencing,150%,200%,fig_3b,2,1,1.0635
2021-09-22,ZA,101,Omicron BA.1,Community,1.0810182008765512,2021-09-21,1,Changing diagnostics,Changing sequencing,200%,200%,fig_3b,2,1,1.0635
2021-09-22,ZA,102,Omicron BA.1,Community,1.0334734188935548,2021-09-21,1,Changing diagnostics,Changing sequencing,10%,200%,fig_3b,2,1,1.0635
2021-09-22,ZA,102,Omicron BA.1,Community,1.0334734188935548,2021-09-21,1,Changing diagnostics,Changing sequencing,50%,200%,fig_3b,2,1,1.0635
2021-09-22,ZA,102,Omicron BA.1,Community,1.0334734188935548,2021-09-21,1,Changing diagnostics,Changing sequencing,100%,200%,fig_3b,2,1,1.0635
2021-09-22,ZA,102,Omicron BA.1,Community,1.033473418893555,2021-09-21,1,Changing diagnostics,Changing sequencing,150%,200%,fig_3b,2,1,1.0635
2021-09-22,ZA,102,Omicron BA.1,Community,1.0334734188935548,2021-09-21,1,Changing diagnostics,Changing sequencing,200%,200%,fig_3b,2,1,1.0635
2021-09-22,ZA,103,Omicron BA.1,Community,1.0459852036259223,2021-09-21,1,Changing diagnostics,Changing sequencing,10%,200%,fig_3b,2,1,1.0635
2021-09-22,ZA,103,Omicron BA.1,Community,1.0459852036259218,2021-09-21,1,Changing diagnostics,Changing sequencing,50%,200%,fig_3b,2,1,1.0635
2021-09-22,ZA,103,Omicron BA.1,Community,1.0459852036259218,2021-09-21,1,Changing diagnostics,Changing sequencing,100%,200%,fig_3b,2,1,1.0635
2021-09-22,ZA,103,Omicron BA.1,Community,1.045985203625922,2021-09-21,1,Changing diagnostics,Changing sequencing,150%,200%,fig_3b,2,1,1.0635
2021-09-22,ZA,103,Omicron BA.1,Community,1.0459852036259218,2021-09-21,1,Changing diagnostics,Changing sequencing,200%,200%,fig_3b,2,1,1.0635
2021-09-24,ZA,104,Omicron BA.1,Community,1.1125072762242616,2021-09-21,3,Changing diagnostics,Changing sequencing,10%,200%,fig_3b,2,1,1.0635
2021-09-24,ZA,104,Omicron BA.1,Community,1.112507276224262,2021-09-21,3,Changing diagnostics,Changing sequencing,50%,200%,fig_3b,2,1,1.0635
2021-09-24,ZA,104,Omicron BA.1,Community,1.112507276224262,2021-09-21,3,Changing diagnostics,Changing sequencing,100%,200%,fig_3b,2,1,1.0635
2021-09-24,ZA,104,Omicron BA.1,Community,1.1125072762242618,2021-09-21,3,Changing diagnostics,Changing sequencing,150%,200%,fig_3b,2,1,1.0635
2021-09-24,ZA,104,Omicron BA.1,Community,1.112507276224262,2021-09-21,3,Changing diagnostics,Changing sequencing,200%,200%,fig_3b,2,1,1.0635
2021-09-22,ZA,105,Omicron BA.1,Community,1.0384781327865018,2021-09-21,1,Changing diagnostics,Changing sequencing,10%,200%,fig_3b,2,1,1.0635
2021-09-22,ZA,105,Omicron BA.1,Community,1.0384781327865018,2021-09-21,1,Changing diagnostics,Changing sequencing,50%,200%,fig_3b,2,1,1.0635
2021-09-22,ZA,105,Omicron BA.1,Community,1.0384781327865018,2021-09-21,1,Changing diagnostics,Changing sequencing,100%,200%,fig_3b,2,1,1.0635
2021-09-22,ZA,105,Omicron BA.1,Community,1.0384781327865018,2021-09-21,1,Changing diagnostics,Changing sequencing,150%,200%,fig_3b,2,1,1.0635
2021-09-22,ZA,105,Omicron BA.1,Community,1.0384781327865018,2021-09-21,1,Changing diagnostics,Changing sequencing,200%,200%,fig_3b,2,1,1.0635
2021-09-22,ZA,106,Omicron BA.1,Community,1.0109522063752931,2021-09-21,1,Changing diagnostics,Changing sequencing,10%,200%,fig_3b,2,1,1.0635
2021-09-22,ZA,106,Omicron BA.1,Community,1.0109522063752934,2021-09-21,1,Changing diagnostics,Changing sequencing,50%,200%,fig_3b,2,1,1.0635
2021-09-22,ZA,106,Omicron BA.1,Community,1.0109522063752934,2021-09-21,1,Changing diagnostics,Changing sequencing,100%,200%,fig_3b,2,1,1.0635
2021-09-22,ZA,106,Omicron BA.1,Community,1.0109522063752931,2021-09-21,1,Changing diagnostics,Changing sequencing,150%,200%,fig_3b,2,1,1.0635
2021-09-22,ZA,106,Omicron BA.1,Community,1.0109522063752934,2021-09-21,1,Changing diagnostics,Changing sequencing,200%,200%,fig_3b,2,1,1.0635
2021-09-22,ZA,107,Omicron BA.1,Community,1.0484875605723953,2021-09-21,1,Changing diagnostics,Changing sequencing,10%,200%,fig_3b,2,1,1.0635
2021-09-22,ZA,107,Omicron BA.1,Community,1.0484875605723956,2021-09-21,1,Changing diagnostics,Changing sequencing,50%,200%,fig_3b,2,1,1.0635
2021-09-22,ZA,107,Omicron BA.1,Community,1.0484875605723956,2021-09-21,1,Changing diagnostics,Changing sequencing,100%,200%,fig_3b,2,1,1.0635
2021-09-22,ZA,107,Omicron BA.1,Community,1.0484875605723956,2021-09-21,1,Changing diagnostics,Changing sequencing,150%,200%,fig_3b,2,1,1.0635
2021-09-22,ZA,107,Omicron BA.1,Community,1.0484875605723956,2021-09-21,1,Changing diagnostics,Changing sequencing,200%,200%,fig_3b,2,1,1.0635
2021-09-22,ZA,108,Omicron BA.1,Community,1.0635017022512365,2021-09-21,1,Changing diagnostics,Changing sequencing,10%,200%,fig_3b,2,1,1.0635
2021-09-22,ZA,108,Omicron BA.1,Community,1.0635017022512367,2021-09-21,1,Changing diagnostics,Changing sequencing,50%,200%,fig_3b,2,1,1.0635
2021-09-22,ZA,108,Omicron BA.1,Community,1.0635017022512367,2021-09-21,1,Changing diagnostics,Changing sequencing,100%,200%,fig_3b,2,1,1.0635
2021-09-22,ZA,108,Omicron BA.1,Community,1.0635017022512365,2021-09-21,1,Changing diagnostics,Changing sequencing,150%,200%,fig_3b,2,1,1.0635
2021-09-22,ZA,108,Omicron BA.1,Community,1.0635017022512367,2021-09-21,1,Changing diagnostics,Changing sequencing,200%,200%,fig_3b,2,1,1.0635
2021-09-22,ZA,109,Omicron BA.1,Community,1.0860229147694984,2021-09-21,1,Changing diagnostics,Changing sequencing,10%,200%,fig_3b,2,1,1.0635
2021-09-22,ZA,109,Omicron BA.1,Community,1.0860229147694984,2021-09-21,1,Changing diagnostics,Changing sequencing,50%,200%,fig_3b,2,1,1.0635
2021-09-22,ZA,109,Omicron BA.1,Community,1.0860229147694984,2021-09-21,1,Changing diagnostics,Changing sequencing,100%,200%,fig_3b,2,1,1.0635
2021-09-22,ZA,109,Omicron BA.1,Community,1.0860229147694984,2021-09-21,1,Changing diagnostics,Changing sequencing,150%,200%,fig_3b,2,1,1.0635
2021-09-22,ZA,109,Omicron BA.1,Community,1.0860229147694984,2021-09-21,1,Changing diagnostics,Changing sequencing,200%,200%,fig_3b,2,1,1.0635
2021-09-22,ZA,11,Omicron BA.1,Community,1.0810182008765514,2021-09-21,1,Changing diagnostics,Changing sequencing,10%,200%,fig_3b,2,1,1.0635
2021-09-22,ZA,11,Omicron BA.1,Community,1.0810182008765512,2021-09-21,1,Changing diagnostics,Changing sequencing,50%,200%,fig_3b,2,1,1.0635
2021-09-22,ZA,11,Omicron BA.1,Community,1.0810182008765512,2021-09-21,1,Changing diagnostics,Changing sequencing,100%,200%,fig_3b,2,1,1.0635
2021-09-22,ZA,11,Omicron BA.1,Community,1.0810182008765512,2021-09-21,1,Changing diagnostics,Changing sequencing,150%,200%,fig_3b,2,1,1.0635
2021-09-22,ZA,11,Omicron BA.1,Community,1.0810182008765512,2021-09-21,1,Changing diagnostics,Changing sequencing,200%,200%,fig_3b,2,1,1.0635
2021-09-22,ZA,110,Omicron BA.1,Community,1.0609993453047635,2021-09-21,1,Changing diagnostics,Changing sequencing,10%,200%,fig_3b,2,1,1.0635
2021-09-22,ZA,110,Omicron BA.1,Community,1.0609993453047635,2021-09-21,1,Changing diagnostics,Changing sequencing,50%,200%,fig_3b,2,1,1.0635
2021-09-22,ZA,110,Omicron BA.1,Community,1.0609993453047635,2021-09-21,1,Changing diagnostics,Changing sequencing,100%,200%,fig_3b,2,1,1.0635
2021-09-22,ZA,110,Omicron BA.1,Community,1.0609993453047633,2021-09-21,1,Changing diagnostics,Changing sequencing,150%,200%,fig_3b,2,1,1.0635
2021-09-22,ZA,110,Omicron BA.1,Community,1.0609993453047635,2021-09-21,1,Changing diagnostics,Changing sequencing,200%,200%,fig_3b,2,1,1.0635
2021-09-22,ZA,111,Omicron BA.1,Community,1.1235582689666006,2021-09-21,1,Changing diagnostics,Changing sequencing,10%,200%,fig_3b,2,1,1.0635
2021-09-22,ZA,111,Omicron BA.1,Community,1.123558268966601,2021-09-21,1,Changing diagnostics,Changing sequencing,50%,200%,fig_3b,2,1,1.0635
2021-09-22,ZA,111,Omicron BA.1,Community,1.123558268966601,2021-09-21,1,Changing diagnostics,Changing sequencing,100%,200%,fig_3b,2,1,1.0635
2021-09-22,ZA,111,Omicron BA.1,Community,1.1235582689666006,2021-09-21,1,Changing diagnostics,Changing sequencing,150%,200%,fig_3b,2,1,1.0635
2021-09-22,ZA,111,Omicron BA.1,Community,1.123558268966601,2021-09-21,1,Changing diagnostics,Changing sequencing,200%,200%,fig_3b,2,1,1.0635
2021-09-22,ZA,112,Omicron BA.1,Community,1.0685064161441837,2021-09-21,1,Changing diagnostics,Changing sequencing,10%,200%,fig_3b,2,1,1.0635
2021-09-22,ZA,112,Omicron BA.1,Community,1.0685064161441837,2021-09-21,1,Changing diagnostics,Changing sequencing,50%,200%,fig_3b,2,1,1.0635
2021-09-22,ZA,112,Omicron BA.1,Community,1.0685064161441837,2021-09-21,1,Changing diagnostics,Changing sequencing,100%,200%,fig_3b,2,1,1.0635
2021-09-22,ZA,112,Omicron BA.1,Community,1.0685064161441837,2021-09-21,1,Changing diagnostics,Changing sequencing,150%,200%,fig_3b,2,1,1.0635
2021-09-22,ZA,112,Omicron BA.1,Community,1.0685064161441837,2021-09-21,1,Changing diagnostics,Changing sequencing,200%,200%,fig_3b,2,1,1.0635
2021-09-22,ZA,113,Omicron BA.1,Community,1.000942778589399,2021-09-21,1,Changing diagnostics,Changing sequencing,10%,200%,fig_3b,2,1,1.0635
2021-09-22,ZA,113,Omicron BA.1,Community,1.0009427785893992,2021-09-21,1,Changing diagnostics,Changing sequencing,50%,200%,fig_3b,2,1,1.0635
2021-09-22,ZA,113,Omicron BA.1,Community,1.0009427785893992,2021-09-21,1,Changing diagnostics,Changing sequencing,100%,200%,fig_3b,2,1,1.0635
2021-09-22,ZA,113,Omicron BA.1,Community,1.0009427785893992,2021-09-21,1,Changing diagnostics,Changing sequencing,150%,200%,fig_3b,2,1,1.0635
2021-09-22,ZA,113,Omicron BA.1,Community,1.0009427785893992,2021-09-21,1,Changing diagnostics,Changing sequencing,200%,200%,fig_3b,2,1,1.0635
2021-09-24,ZA,114,Omicron BA.1,Community,1.072052466179743,2021-09-21,3,Changing diagnostics,Changing sequencing,10%,200%,fig_3b,2,1,1.0635
2021-09-24,ZA,114,Omicron BA.1,Community,1.0720524661797433,2021-09-21,3,Changing diagnostics,Changing sequencing,50%,200%,fig_3b,2,1,1.0635
2021-09-24,ZA,114,Omicron BA.1,Community,1.0720524661797433,2021-09-21,3,Changing diagnostics,Changing sequencing,100%,200%,fig_3b,2,1,1.0635
2021-09-24,ZA,114,Omicron BA.1,Community,1.072052466179743,2021-09-21,3,Changing diagnostics,Changing sequencing,150%,200%,fig_3b,2,1,1.0635
2021-09-24,ZA,114,Omicron BA.1,Community,1.0720524661797433,2021-09-21,3,Changing diagnostics,Changing sequencing,200%,200%,fig_3b,2,1,1.0635
2021-09-22,ZA,115,Omicron BA.1,Community,1.0660040591977102,2021-09-21,1,Changing diagnostics,Changing sequencing,10%,200%,fig_3b,2,1,1.0635
2021-09-22,ZA,115,Omicron BA.1,Community,1.0660040591977102,2021-09-21,1,Changing diagnostics,Changing sequencing,50%,200%,fig_3b,2,1,1.0635
2021-09-22,ZA,115,Omicron BA.1,Community,1.0660040591977102,2021-09-21,1,Changing diagnostics,Changing sequencing,100%,200%,fig_3b,2,1,1.0635
2021-09-22,ZA,115,Omicron BA.1,Community,1.0660040591977102,2021-09-21,1,Changing diagnostics,Changing sequencing,150%,200%,fig_3b,2,1,1.0635
2021-09-22,ZA,115,Omicron BA.1,Community,1.0660040591977102,2021-09-21,1,Changing diagnostics,Changing sequencing,200%,200%,fig_3b,2,1,1.0635
2021-09-22,ZA,116,Omicron BA.1,Community,1.1235582689666008,2021-09-21,1,Changing diagnostics,Changing sequencing,10%,200%,fig_3b,2,1,1.0635
2021-09-22,ZA,116,Omicron BA.1,Community,1.123558268966601,2021-09-21,1,Changing diagnostics,Changing sequencing,50%,200%,fig_3b,2,1,1.0635
2021-09-22,ZA,116,Omicron BA.1,Community,1.123558268966601,2021-09-21,1,Changing diagnostics,Changing sequencing,100%,200%,fig_3b,2,1,1.0635
2021-09-22,ZA,116,Omicron BA.1,Community,1.1235582689666008,2021-09-21,1,Changing diagnostics,Changing sequencing,150%,200%,fig_3b,2,1,1.0635
2021-09-22,ZA,116,Omicron BA.1,Community,1.123558268966601,2021-09-21,1,Changing diagnostics,Changing sequencing,200%,200%,fig_3b,2,1,1.0635
2021-09-22,ZA,117,Omicron BA.1,Community,1.0584969883582898,2021-09-21,1,Changing diagnostics,Changing sequencing,10%,200%,fig_3b,2,1,1.0635
2021-09-22,ZA,117,Omicron BA.1,Community,1.0584969883582898,2021-09-21,1,Changing diagnostics,Changing sequencing,50%,200%,fig_3b,2,1,1.0635
2021-09-22,ZA,117,Omicron BA.1,Community,1.0584969883582898,2021-09-21,1,Changing diagnostics,Changing sequencing,100%,200%,fig_3b,2,1,1.0635
2021-09-22,ZA,117,Omicron BA.1,Community,1.05849698835829,2021-09-21,1,Changing diagnostics,Changing sequencing,150%,200%,fig_3b,2,1,1.0635
2021-09-22,ZA,117,Omicron BA.1,Community,1.0584969883582898,2021-09-21,1,Changing diagnostics,Changing sequencing,200%,200%,fig_3b,2,1,1.0635
2021-09-22,ZA,118,Omicron BA.1,Community,1.0509899175188693,2021-09-21,1,Changing diagnostics,Changing sequencing,10%,200%,fig_3b,2,1,1.0635
2021-09-22,ZA,118,Omicron BA.1,Community,1.0509899175188693,2021-09-21,1,Changing diagnostics,Changing sequencing,50%,200%,fig_3b,2,1,1.0635
2021-09-22,ZA,118,Omicron BA.1,Community,1.0509899175188693,2021-09-21,1,Changing diagnostics,Changing sequencing,100%,200%,fig_3b,2,1,1.0635
2021-09-22,ZA,118,Omicron BA.1,Community,1.0509899175188693,2021-09-21,1,Changing diagnostics,Changing sequencing,150%,200%,fig_3b,2,1,1.0635
2021-09-22,ZA,118,Omicron BA.1,Community,1.0509899175188693,2021-09-21,1,Changing diagnostics,Changing sequencing,200%,200%,fig_3b,2,1,1.0635
2021-09-22,ZA,119,Omicron BA.1,Community,1.0935299856089187,2021-09-21,1,Changing diagnostics,Changing sequencing,10%,200%,fig_3b,2,1,1.0635
2021-09-22,ZA,119,Omicron BA.1,Community,1.093529985608919,2021-09-21,1,Changing diagnostics,Changing sequencing,50%,200%,fig_3b,2,1,1.0635
2021-09-22,ZA,119,Omicron BA.1,Community,1.093529985608919,2021-09-21,1,Changing diagnostics,Changing sequencing,100%,200%,fig_3b,2,1,1.0635
2021-09-22,ZA,119,Omicron BA.1,Community,1.093529985608919,2021-09-21,1,Changing diagnostics,Changing sequencing,150%,200%,fig_3b,2,1,1.0635
2021-09-22,ZA,119,Omicron BA.1,Community,1.093529985608919,2021-09-21,1,Changing diagnostics,Changing sequencing,200%,200%,fig_3b,2,1,1.0635
2021-09-22,ZA,12,Omicron BA.1,Community,1.1335676967524948,2021-09-21,1,Changing diagnostics,Changing sequencing,10%,200%,fig_3b,2,1,1.0635
2021-09-22,ZA,12,Omicron BA.1,Community,1.1335676967524946,2021-09-21,1,Changing diagnostics,Changing sequencing,50%,200%,fig_3b,2,1,1.0635
2021-09-22,ZA,12,Omicron BA.1,Community,1.1335676967524946,2021-09-21,1,Changing diagnostics,Changing sequencing,100%,200%,fig_3b,2,1,1.0635
2021-09-22,ZA,12,Omicron BA.1,Community,1.1335676967524948,2021-09-21,1,Changing diagnostics,Changing sequencing,150%,200%,fig_3b,2,1,1.0635
2021-09-22,ZA,12,Omicron BA.1,Community,1.1335676967524946,2021-09-21,1,Changing diagnostics,Changing sequencing,200%,200%,fig_3b,2,1,1.0635
2021-09-22,ZA,120,Omicron BA.1,Community,1.0785158439300777,2021-09-21,1,Changing diagnostics,Changing sequencing,10%,200%,fig_3b,2,1,1.0635
2021-09-22,ZA,120,Omicron BA.1,Community,1.0785158439300777,2021-09-21,1,Changing diagnostics,Changing sequencing,50%,200%,fig_3b,2,1,1.0635
2021-09-22,ZA,120,Omicron BA.1,Community,1.0785158439300777,2021-09-21,1,Changing diagnostics,Changing sequencing,100%,200%,fig_3b,2,1,1.0635
2021-09-22,ZA,120,Omicron BA.1,Community,1.078515843930078,2021-09-21,1,Changing diagnostics,Changing sequencing,150%,200%,fig_3b,2,1,1.0635
2021-09-22,ZA,120,Omicron BA.1,Community,1.0785158439300777,2021-09-21,1,Changing diagnostics,Changing sequencing,200%,200%,fig_3b,2,1,1.0635
2021-09-24,ZA,121,Omicron BA.1,Community,1.127677829990956,2021-09-21,3,Changing diagnostics,Changing sequencing,10%,200%,fig_3b,2,1,1.0635
2021-09-24,ZA,121,Omicron BA.1,Community,1.1276778299909562,2021-09-21,3,Changing diagnostics,Changing sequencing,50%,200%,fig_3b,2,1,1.0635
2021-09-24,ZA,121,Omicron BA.1,Community,1.1276778299909562,2021-09-21,3,Changing diagnostics,Changing sequencing,100%,200%,fig_3b,2,1,1.0635
2021-09-24,ZA,121,Omicron BA.1,Community,1.127677829990956,2021-09-21,3,Changing diagnostics,Changing sequencing,150%,200%,fig_3b,2,1,1.0635
2021-09-24,ZA,121,Omicron BA.1,Community,1.1276778299909562,2021-09-21,3,Changing diagnostics,Changing sequencing,200%,200%,fig_3b,2,1,1.0635
2021-09-22,ZA,122,Omicron BA.1,Community,1.0534922744653425,2021-09-21,1,Changing diagnostics,Changing sequencing,10%,200%,fig_3b,2,1,1.0635
2021-09-22,ZA,122,Omicron BA.1,Community,1.0534922744653428,2021-09-21,1,Changing diagnostics,Changing sequencing,50%,200%,fig_3b,2,1,1.0635
2021-09-22,ZA,122,Omicron BA.1,Community,1.0534922744653428,2021-09-21,1,Changing diagnostics,Changing sequencing,100%,200%,fig_3b,2,1,1.0635
2021-09-22,ZA,122,Omicron BA.1,Community,1.0534922744653428,2021-09-21,1,Changing diagnostics,Changing sequencing,150%,200%,fig_3b,2,1,1.0635
2021-09-22,ZA,122,Omicron BA.1,Community,1.0534922744653428,2021-09-21,1,Changing diagnostics,Changing sequencing,200%,200%,fig_3b,2,1,1.0635
2021-09-22,ZA,123,Omicron BA.1,Community,1.0009427785893994,2021-09-21,1,Changing diagnostics,Changing sequencing,10%,200%,fig_3b,2,1,1.0635
2021-09-22,ZA,123,Omicron BA.1,Community,1.0009427785893994,2021-09-21,1,Changing diagnostics,Changing sequencing,50%,200%,fig_3b,2,1,1.0635
2021-09-22,ZA,123,Omicron BA.1,Community,1.0009427785893994,2021-09-21,1,Changing diagnostics,Changing sequencing,100%,200%,fig_3b,2,1,1.0635
2021-09-22,ZA,123,Omicron BA.1,Community,1.0009427785893994,2021-09-21,1,Changing diagnostics,Changing sequencing,150%,200%,fig_3b,2,1,1.0635
2021-09-22,ZA,123,Omicron BA.1,Community,1.0009427785893994,2021-09-21,1,Changing diagnostics,Changing sequencing,200%,200%,fig_3b,2,1,1.0635
2021-09-22,ZA,124,Omicron BA.1,Community,1.081018200876551,2021-09-21,1,Changing diagnostics,Changing sequencing,10%,200%,fig_3b,2,1,1.0635
2021-09-22,ZA,124,Omicron BA.1,Community,1.0810182008765512,2021-09-21,1,Changing diagnostics,Changing sequencing,50%,200%,fig_3b,2,1,1.0635
2021-09-22,ZA,124,Omicron BA.1,Community,1.0810182008765512,2021-09-21,1,Changing diagnostics,Changing sequencing,100%,200%,fig_3b,2,1,1.0635
2021-09-22,ZA,124,Omicron BA.1,Community,1.0810182008765512,2021-09-21,1,Changing diagnostics,Changing sequencing,150%,200%,fig_3b,2,1,1.0635
2021-09-22,ZA,124,Omicron BA.1,Community,1.0810182008765512,2021-09-21,1,Changing diagnostics,Changing sequencing,200%,200%,fig_3b,2,1,1.0635
2021-09-22,ZA,125,Omicron BA.1,Community,1.0735111300371307,2021-09-21,1,Changing diagnostics,Changing sequencing,10%,200%,fig_3b,2,1,1.0635
2021-09-22,ZA,125,Omicron BA.1,Community,1.0735111300371307,2021-09-21,1,Changing diagnostics,Changing sequencing,50%,200%,fig_3b,2,1,1.0635
2021-09-22,ZA,125,Omicron BA.1,Community,1.0735111300371307,2021-09-21,1,Changing diagnostics,Changing sequencing,100%,200%,fig_3b,2,1,1.0635
2021-09-22,ZA,125,Omicron BA.1,Community,1.0735111300371307,2021-09-21,1,Changing diagnostics,Changing sequencing,150%,200%,fig_3b,2,1,1.0635
2021-09-22,ZA,125,Omicron BA.1,Community,1.0735111300371307,2021-09-21,1,Changing diagnostics,Changing sequencing,200%,200%,fig_3b,2,1,1.0635
2021-09-22,ZA,126,Omicron BA.1,Community,1.0284687050006076,2021-09-21,1,Changing diagnostics,Changing sequencing,10%,200%,fig_3b,2,1,1.0635
2021-09-22,ZA,126,Omicron BA.1,Community,1.0284687050006078,2021-09-21,1,Changing diagnostics,Changing sequencing,50%,200%,fig_3b,2,1,1.0635
2021-09-22,ZA,126,Omicron BA.1,Community,1.0284687050006078,2021-09-21,1,Changing diagnostics,Changing sequencing,100%,200%,fig_3b,2,1,1.0635
2021-09-22,ZA,126,Omicron BA.1,Community,1.0284687050006076,2021-09-21,1,Changing diagnostics,Changing sequencing,150%,200%,fig_3b,2,1,1.0635
2021-09-22,ZA,126,Omicron BA.1,Community,1.0284687050006078,2021-09-21,1,Changing diagnostics,Changing sequencing,200%,200%,fig_3b,2,1,1.0635
2021-09-22,ZA,127,Omicron BA.1,Community,1.0534922744653428,2021-09-21,1,Changing diagnostics,Changing sequencing,10%,200%,fig_3b,2,1,1.0635
2021-09-22,ZA,127,Omicron BA.1,Community,1.053492274465343,2021-09-21,1,Changing diagnostics,Changing sequencing,50%,200%,fig_3b,2,1,1.0635
2021-09-22,ZA,127,Omicron BA.1,Community,1.053492274465343,2021-09-21,1,Changing diagnostics,Changing sequencing,100%,200%,fig_3b,2,1,1.0635
2021-09-22,ZA,127,Omicron BA.1,Community,1.0534922744653428,2021-09-21,1,Changing diagnostics,Changing sequencing,150%,200%,fig_3b,2,1,1.0635
2021-09-22,ZA,127,Omicron BA.1,Community,1.053492274465343,2021-09-21,1,Changing diagnostics,Changing sequencing,200%,200%,fig_3b,2,1,1.0635
2021-09-22,ZA,128,Omicron BA.1,Community,1.040980489732975,2021-09-21,1,Changing diagnostics,Changing sequencing,10%,200%,fig_3b,2,1,1.0635
2021-09-22,ZA,128,Omicron BA.1,Community,1.0409804897329753,2021-09-21,1,Changing diagnostics,Changing sequencing,50%,200%,fig_3b,2,1,1.0635
2021-09-22,ZA,128,Omicron BA.1,Community,1.0409804897329753,2021-09-21,1,Changing diagnostics,Changing sequencing,100%,200%,fig_3b,2,1,1.0635
2021-09-22,ZA,128,Omicron BA.1,Community,1.0409804897329753,2021-09-21,1,Changing diagnostics,Changing sequencing,150%,200%,fig_3b,2,1,1.0635
2021-09-22,ZA,128,Omicron BA.1,Community,1.0409804897329753,2021-09-21,1,Changing diagnostics,Changing sequencing,200%,200%,fig_3b,2,1,1.0635
2021-09-22,ZA,129,Omicron BA.1,Community,1.0109522063752934,2021-09-21,1,Changing diagnostics,Changing sequencing,10%,200%,fig_3b,2,1,1.0635
2021-09-22,ZA,129,Omicron BA.1,Community,1.0109522063752936,2021-09-21,1,Changing diagnostics,Changing sequencing,50%,200%,fig_3b,2,1,1.0635
2021-09-22,ZA,129,Omicron BA.1,Community,1.0109522063752936,2021-09-21,1,Changing diagnostics,Changing sequencing,100%,200%,fig_3b,2,1,1.0635
2021-09-22,ZA,129,Omicron BA.1,Community,1.0109522063752931,2021-09-21,1,Changing diagnostics,Changing sequencing,150%,200%,fig_3b,2,1,1.0635
2021-09-22,ZA,129,Omicron BA.1,Community,1.0109522063752936,2021-09-21,1,Changing diagnostics,Changing sequencing,200%,200%,fig_3b,2,1,1.0635
2021-09-24,ZA,13,Omicron BA.1,Community,1.107450424968697,2021-09-21,3,Changing diagnostics,Changing sequencing,10%,200%,fig_3b,2,1,1.0635
2021-09-24,ZA,13,Omicron BA.1,Community,1.1074504249686967,2021-09-21,3,Changing diagnostics,Changing sequencing,50%,200%,fig_3b,2,1,1.0635
2021-09-24,ZA,13,Omicron BA.1,Community,1.1074504249686967,2021-09-21,3,Changing diagnostics,Changing sequencing,100%,200%,fig_3b,2,1,1.0635
2021-09-24,ZA,13,Omicron BA.1,Community,1.107450424968697,2021-09-21,3,Changing diagnostics,Changing sequencing,150%,200%,fig_3b,2,1,1.0635
2021-09-24,ZA,13,Omicron BA.1,Community,1.1074504249686967,2021-09-21,3,Changing diagnostics,Changing sequencing,200%,200%,fig_3b,2,1,1.0635
2021-09-22,ZA,130,Omicron BA.1,Community,1.0409804897329753,2021-09-21,1,Changing diagnostics,Changing sequencing,10%,200%,fig_3b,2,1,1.0635
2021-09-22,ZA,130,Omicron BA.1,Community,1.0409804897329753,2021-09-21,1,Changing diagnostics,Changing sequencing,50%,200%,fig_3b,2,1,1.0635
2021-09-22,ZA,130,Omicron BA.1,Community,1.0409804897329753,2021-09-21,1,Changing diagnostics,Changing sequencing,100%,200%,fig_3b,2,1,1.0635
2021-09-22,ZA,130,Omicron BA.1,Community,1.0409804897329753,2021-09-21,1,Changing diagnostics,Changing sequencing,150%,200%,fig_3b,2,1,1.0635
2021-09-22,ZA,130,Omicron BA.1,Community,1.0409804897329753,2021-09-21,1,Changing diagnostics,Changing sequencing,200%,200%,fig_3b,2,1,1.0635
2021-09-24,ZA,131,Omicron BA.1,Community,1.2085874500799934,2021-09-21,3,Changing diagnostics,Changing sequencing,10%,200%,fig_3b,2,1,1.0635
2021-09-24,ZA,131,Omicron BA.1,Community,1.2085874500799936,2021-09-21,3,Changing diagnostics,Changing sequencing,50%,200%,fig_3b,2,1,1.0635
2021-09-24,ZA,131,Omicron BA.1,Community,1.2085874500799936,2021-09-21,3,Changing diagnostics,Changing sequencing,100%,200%,fig_3b,2,1,1.0635
2021-09-24,ZA,131,Omicron BA.1,Community,1.2085874500799931,2021-09-21,3,Changing diagnostics,Changing sequencing,150%,200%,fig_3b,2,1,1.0635
2021-09-24,ZA,131,Omicron BA.1,Community,1.2085874500799936,2021-09-21,3,Changing diagnostics,Changing sequencing,200%,200%,fig_3b,2,1,1.0635
2021-09-22,ZA,132,Omicron BA.1,Community,1.040980489732975,2021-09-21,1,Changing diagnostics,Changing sequencing,10%,200%,fig_3b,2,1,1.0635
2021-09-22,ZA,132,Omicron BA.1,Community,1.0409804897329753,2021-09-21,1,Changing diagnostics,Changing sequencing,50%,200%,fig_3b,2,1,1.0635
2021-09-22,ZA,132,Omicron BA.1,Community,1.0409804897329753,2021-09-21,1,Changing diagnostics,Changing sequencing,100%,200%,fig_3b,2,1,1.0635
2021-09-22,ZA,132,Omicron BA.1,Community,1.0409804897329755,2021-09-21,1,Changing diagnostics,Changing sequencing,150%,200%,fig_3b,2,1,1.0635
2021-09-22,ZA,132,Omicron BA.1,Community,1.0409804897329753,2021-09-21,1,Changing diagnostics,Changing sequencing,200%,200%,fig_3b,2,1,1.0635
2021-09-22,ZA,133,Omicron BA.1,Community,1.1010370564483392,2021-09-21,1,Changing diagnostics,Changing sequencing,10%,200%,fig_3b,2,1,1.0635
2021-09-22,ZA,133,Omicron BA.1,Community,1.1010370564483394,2021-09-21,1,Changing diagnostics,Changing sequencing,50%,200%,fig_3b,2,1,1.0635
2021-09-22,ZA,133,Omicron BA.1,Community,1.1010370564483394,2021-09-21,1,Changing diagnostics,Changing sequencing,100%,200%,fig_3b,2,1,1.0635
2021-09-22,ZA,133,Omicron BA.1,Community,1.1010370564483392,2021-09-21,1,Changing diagnostics,Changing sequencing,150%,200%,fig_3b,2,1,1.0635
2021-09-22,ZA,133,Omicron BA.1,Community,1.1010370564483394,2021-09-21,1,Changing diagnostics,Changing sequencing,200%,200%,fig_3b,2,1,1.0635
2021-09-22,ZA,134,Omicron BA.1,Community,1.0509899175188693,2021-09-21,1,Changing diagnostics,Changing sequencing,10%,200%,fig_3b,2,1,1.0635
2021-09-22,ZA,134,Omicron BA.1,Community,1.0509899175188693,2021-09-21,1,Changing diagnostics,Changing sequencing,50%,200%,fig_3b,2,1,1.0635
2021-09-22,ZA,134,Omicron BA.1,Community,1.0509899175188693,2021-09-21,1,Changing diagnostics,Changing sequencing,100%,200%,fig_3b,2,1,1.0635
2021-09-22,ZA,134,Omicron BA.1,Community,1.050989917518869,2021-09-21,1,Changing diagnostics,Changing sequencing,150%,200%,fig_3b,2,1,1.0635
2021-09-22,ZA,134,Omicron BA.1,Community,1.0509899175188693,2021-09-21,1,Changing diagnostics,Changing sequencing,200%,200%,fig_3b,2,1,1.0635
2021-09-24,ZA,135,Omicron BA.1,Community,1.1428483837576509,2021-09-21,3,Changing diagnostics,Changing sequencing,10%,200%,fig_3b,2,1,1.0635
2021-09-24,ZA,135,Omicron BA.1,Community,1.1428483837576509,2021-09-21,3,Changing diagnostics,Changing sequencing,50%,200%,fig_3b,2,1,1.0635
2021-09-24,ZA,135,Omicron BA.1,Community,1.1428483837576509,2021-09-21,3,Changing diagnostics,Changing sequencing,100%,200%,fig_3b,2,1,1.0635
2021-09-24,ZA,135,Omicron BA.1,Community,1.1428483837576506,2021-09-21,3,Changing diagnostics,Changing sequencing,150%,200%,fig_3b,2,1,1.0635
2021-09-24,ZA,135,Omicron BA.1,Community,1.1428483837576509,2021-09-21,3,Changing diagnostics,Changing sequencing,200%,200%,fig_3b,2,1,1.0635
2021-09-22,ZA,136,Omicron BA.1,Community,1.0109522063752934,2021-09-21,1,Changing diagnostics,Changing sequencing,10%,200%,fig_3b,2,1,1.0635
2021-09-22,ZA,136,Omicron BA.1,Community,1.0109522063752936,2021-09-21,1,Changing diagnostics,Changing sequencing,50%,200%,fig_3b,2,1,1.0635
2021-09-22,ZA,136,Omicron BA.1,Community,1.0109522063752936,2021-09-21,1,Changing diagnostics,Changing sequencing,100%,200%,fig_3b,2,1,1.0635
2021-09-22,ZA,136,Omicron BA.1,Community,1.0109522063752931,2021-09-21,1,Changing diagnostics,Changing sequencing,150%,200%,fig_3b,2,1,1.0635
2021-09-22,ZA,136,Omicron BA.1,Community,1.0109522063752936,2021-09-21,1,Changing diagnostics,Changing sequencing,200%,200%,fig_3b,2,1,1.0635
2021-09-22,ZA,137,Omicron BA.1,Community,1.0635017022512367,2021-09-21,1,Changing diagnostics,Changing sequencing,10%,200%,fig_3b,2,1,1.0635
2021-09-22,ZA,137,Omicron BA.1,Community,1.063501702251237,2021-09-21,1,Changing diagnostics,Changing sequencing,50%,200%,fig_3b,2,1,1.0635
2021-09-22,ZA,137,Omicron BA.1,Community,1.063501702251237,2021-09-21,1,Changing diagnostics,Changing sequencing,100%,200%,fig_3b,2,1,1.0635
2021-09-22,ZA,137,Omicron BA.1,Community,1.0635017022512367,2021-09-21,1,Changing diagnostics,Changing sequencing,150%,200%,fig_3b,2,1,1.0635
2021-09-22,ZA,137,Omicron BA.1,Community,1.063501702251237,2021-09-21,1,Changing diagnostics,Changing sequencing,200%,200%,fig_3b,2,1,1.0635
2021-09-24,ZA,138,Omicron BA.1,Community,1.0872230199464377,2021-09-21,3,Changing diagnostics,Changing sequencing,10%,200%,fig_3b,2,1,1.0635
2021-09-24,ZA,138,Omicron BA.1,Community,1.0872230199464379,2021-09-21,3,Changing diagnostics,Changing sequencing,50%,200%,fig_3b,2,1,1.0635
2021-09-24,ZA,138,Omicron BA.1,Community,1.0872230199464379,2021-09-21,3,Changing diagnostics,Changing sequencing,100%,200%,fig_3b,2,1,1.0635
2021-09-24,ZA,138,Omicron BA.1,Community,1.0872230199464377,2021-09-21,3,Changing diagnostics,Changing sequencing,150%,200%,fig_3b,2,1,1.0635
2021-09-24,ZA,138,Omicron BA.1,Community,1.0872230199464379,2021-09-21,3,Changing diagnostics,Changing sequencing,200%,200%,fig_3b,2,1,1.0635
2021-09-22,ZA,139,Omicron BA.1,Community,1.0109522063752931,2021-09-21,1,Changing diagnostics,Changing sequencing,10%,200%,fig_3b,2,1,1.0635
2021-09-22,ZA,139,Omicron BA.1,Community,1.0109522063752934,2021-09-21,1,Changing diagnostics,Changing sequencing,50%,200%,fig_3b,2,1,1.0635
2021-09-22,ZA,139,Omicron BA.1,Community,1.0109522063752934,2021-09-21,1,Changing diagnostics,Changing sequencing,100%,200%,fig_3b,2,1,1.0635
2021-09-22,ZA,139,Omicron BA.1,Community,1.010952206375293,2021-09-21,1,Changing diagnostics,Changing sequencing,150%,200%,fig_3b,2,1,1.0635
2021-09-22,ZA,139,Omicron BA.1,Community,1.0109522063752934,2021-09-21,1,Changing diagnostics,Changing sequencing,200%,200%,fig_3b,2,1,1.0635
2021-09-24,ZA,14,Omicron BA.1,Community,1.0341260817630067,2021-09-21,3,Changing diagnostics,Changing sequencing,10%,200%,fig_3b,2,1,1.0635
2021-09-24,ZA,14,Omicron BA.1,Community,1.0341260817630067,2021-09-21,3,Changing diagnostics,Changing sequencing,50%,200%,fig_3b,2,1,1.0635
2021-09-24,ZA,14,Omicron BA.1,Community,1.0341260817630067,2021-09-21,3,Changing diagnostics,Changing sequencing,100%,200%,fig_3b,2,1,1.0635
2021-09-24,ZA,14,Omicron BA.1,Community,1.034126081763007,2021-09-21,3,Changing diagnostics,Changing sequencing,150%,200%,fig_3b,2,1,1.0635
2021-09-24,ZA,14,Omicron BA.1,Community,1.0341260817630067,2021-09-21,3,Changing diagnostics,Changing sequencing,200%,200%,fig_3b,2,1,1.0635
2021-09-22,ZA,140,Omicron BA.1,Community,1.053492274465343,2021-09-21,1,Changing diagnostics,Changing sequencing,10%,200%,fig_3b,2,1,1.0635
2021-09-22,ZA,140,Omicron BA.1,Community,1.0534922744653425,2021-09-21,1,Changing diagnostics,Changing sequencing,50%,200%,fig_3b,2,1,1.0635
2021-09-22,ZA,140,Omicron BA.1,Community,1.0534922744653425,2021-09-21,1,Changing diagnostics,Changing sequencing,100%,200%,fig_3b,2,1,1.0635
2021-09-22,ZA,140,Omicron BA.1,Community,1.0534922744653428,2021-09-21,1,Changing diagnostics,Changing sequencing,150%,200%,fig_3b,2,1,1.0635
2021-09-22,ZA,140,Omicron BA.1,Community,1.0534922744653425,2021-09-21,1,Changing diagnostics,Changing sequencing,200%,200%,fig_3b,2,1,1.0635
2021-09-22,ZA,141,Omicron BA.1,Community,1.068506416144184,2021-09-21,1,Changing diagnostics,Changing sequencing,10%,200%,fig_3b,2,1,1.0635
2021-09-22,ZA,141,Omicron BA.1,Community,1.0685064161441837,2021-09-21,1,Changing diagnostics,Changing sequencing,50%,200%,fig_3b,2,1,1.0635
2021-09-22,ZA,141,Omicron BA.1,Community,1.0685064161441837,2021-09-21,1,Changing diagnostics,Changing sequencing,100%,200%,fig_3b,2,1,1.0635
2021-09-22,ZA,141,Omicron BA.1,Community,1.0685064161441837,2021-09-21,1,Changing diagnostics,Changing sequencing,150%,200%,fig_3b,2,1,1.0635
2021-09-22,ZA,141,Omicron BA.1,Community,1.0685064161441837,2021-09-21,1,Changing diagnostics,Changing sequencing,200%,200%,fig_3b,2,1,1.0635
2021-09-22,ZA,142,Omicron BA.1,Community,1.0835205578230247,2021-09-21,1,Changing diagnostics,Changing sequencing,10%,200%,fig_3b,2,1,1.0635
2021-09-22,ZA,142,Omicron BA.1,Community,1.0835205578230247,2021-09-21,1,Changing diagnostics,Changing sequencing,50%,200%,fig_3b,2,1,1.0635
2021-09-22,ZA,142,Omicron BA.1,Community,1.0835205578230247,2021-09-21,1,Changing diagnostics,Changing sequencing,100%,200%,fig_3b,2,1,1.0635
2021-09-22,ZA,142,Omicron BA.1,Community,1.0835205578230247,2021-09-21,1,Changing diagnostics,Changing sequencing,150%,200%,fig_3b,2,1,1.0635
2021-09-22,ZA,142,Omicron BA.1,Community,1.0835205578230247,2021-09-21,1,Changing diagnostics,Changing sequencing,200%,200%,fig_3b,2,1,1.0635
2021-09-24,ZA,143,Omicron BA.1,Community,1.150433660640998,2021-09-21,3,Changing diagnostics,Changing sequencing,10%,200%,fig_3b,2,1,1.0635
2021-09-24,ZA,143,Omicron BA.1,Community,1.150433660640998,2021-09-21,3,Changing diagnostics,Changing sequencing,50%,200%,fig_3b,2,1,1.0635
2021-09-24,ZA,143,Omicron BA.1,Community,1.150433660640998,2021-09-21,3,Changing diagnostics,Changing sequencing,100%,200%,fig_3b,2,1,1.0635
2021-09-24,ZA,143,Omicron BA.1,Community,1.1504336606409977,2021-09-21,3,Changing diagnostics,Changing sequencing,150%,200%,fig_3b,2,1,1.0635
2021-09-24,ZA,143,Omicron BA.1,Community,1.150433660640998,2021-09-21,3,Changing diagnostics,Changing sequencing,200%,200%,fig_3b,2,1,1.0635
2021-09-22,ZA,144,Omicron BA.1,Community,1.030971061947081,2021-09-21,1,Changing diagnostics,Changing sequencing,10%,200%,fig_3b,2,1,1.0635
2021-09-22,ZA,144,Omicron BA.1,Community,1.0309710619470813,2021-09-21,1,Changing diagnostics,Changing sequencing,50%,200%,fig_3b,2,1,1.0635
2021-09-22,ZA,144,Omicron BA.1,Community,1.0309710619470813,2021-09-21,1,Changing diagnostics,Changing sequencing,100%,200%,fig_3b,2,1,1.0635
2021-09-22,ZA,144,Omicron BA.1,Community,1.030971061947081,2021-09-21,1,Changing diagnostics,Changing sequencing,150%,200%,fig_3b,2,1,1.0635
2021-09-22,ZA,144,Omicron BA.1,Community,1.0309710619470813,2021-09-21,1,Changing diagnostics,Changing sequencing,200%,200%,fig_3b,2,1,1.0635
2021-09-22,ZA,145,Omicron BA.1,Community,1.0484875605723956,2021-09-21,1,Changing diagnostics,Changing sequencing,10%,200%,fig_3b,2,1,1.0635
2021-09-22,ZA,145,Omicron BA.1,Community,1.0484875605723958,2021-09-21,1,Changing diagnostics,Changing sequencing,50%,200%,fig_3b,2,1,1.0635
2021-09-22,ZA,145,Omicron BA.1,Community,1.0484875605723958,2021-09-21,1,Changing diagnostics,Changing sequencing,100%,200%,fig_3b,2,1,1.0635
2021-09-22,ZA,145,Omicron BA.1,Community,1.0484875605723956,2021-09-21,1,Changing diagnostics,Changing sequencing,150%,200%,fig_3b,2,1,1.0635
2021-09-22,ZA,145,Omicron BA.1,Community,1.0484875605723958,2021-09-21,1,Changing diagnostics,Changing sequencing,200%,200%,fig_3b,2,1,1.0635
2021-09-22,ZA,146,Omicron BA.1,Community,1.0059474924823462,2021-09-21,1,Changing diagnostics,Changing sequencing,10%,200%,fig_3b,2,1,1.0635
2021-09-22,ZA,146,Omicron BA.1,Community,1.0059474924823464,2021-09-21,1,Changing diagnostics,Changing sequencing,50%,200%,fig_3b,2,1,1.0635
2021-09-22,ZA,146,Omicron BA.1,Community,1.0059474924823464,2021-09-21,1,Changing diagnostics,Changing sequencing,100%,200%,fig_3b,2,1,1.0635
2021-09-22,ZA,146,Omicron BA.1,Community,1.0059474924823464,2021-09-21,1,Changing diagnostics,Changing sequencing,150%,200%,fig_3b,2,1,1.0635
2021-09-22,ZA,146,Omicron BA.1,Community,1.0059474924823464,2021-09-21,1,Changing diagnostics,Changing sequencing,200%,200%,fig_3b,2,1,1.0635
2021-09-22,ZA,147,Omicron BA.1,Community,1.0159569202682404,2021-09-21,1,Changing diagnostics,Changing sequencing,10%,200%,fig_3b,2,1,1.0635
2021-09-22,ZA,147,Omicron BA.1,Community,1.0159569202682404,2021-09-21,1,Changing diagnostics,Changing sequencing,50%,200%,fig_3b,2,1,1.0635
2021-09-22,ZA,147,Omicron BA.1,Community,1.0159569202682404,2021-09-21,1,Changing diagnostics,Changing sequencing,100%,200%,fig_3b,2,1,1.0635
2021-09-22,ZA,147,Omicron BA.1,Community,1.0159569202682401,2021-09-21,1,Changing diagnostics,Changing sequencing,150%,200%,fig_3b,2,1,1.0635
2021-09-22,ZA,147,Omicron BA.1,Community,1.0159569202682404,2021-09-21,1,Changing diagnostics,Changing sequencing,200%,200%,fig_3b,2,1,1.0635
2021-09-24,ZA,148,Omicron BA.1,Community,1.2237580038466878,2021-09-21,3,Changing diagnostics,Changing sequencing,10%,200%,fig_3b,2,1,1.0635
2021-09-24,ZA,148,Omicron BA.1,Community,1.223758003846688,2021-09-21,3,Changing diagnostics,Changing sequencing,50%,200%,fig_3b,2,1,1.0635
2021-09-24,ZA,148,Omicron BA.1,Community,1.223758003846688,2021-09-21,3,Changing diagnostics,Changing sequencing,100%,200%,fig_3b,2,1,1.0635
2021-09-24,ZA,148,Omicron BA.1,Community,1.2237580038466878,2021-09-21,3,Changing diagnostics,Changing sequencing,150%,200%,fig_3b,2,1,1.0635
2021-09-24,ZA,148,Omicron BA.1,Community,1.223758003846688,2021-09-21,3,Changing diagnostics,Changing sequencing,200%,200%,fig_3b,2,1,1.0635
2021-09-22,ZA,149,Omicron BA.1,Community,1.1285629828595476,2021-09-21,1,Changing diagnostics,Changing sequencing,10%,200%,fig_3b,2,1,1.0635
2021-09-22,ZA,149,Omicron BA.1,Community,1.1285629828595478,2021-09-21,1,Changing diagnostics,Changing sequencing,50%,200%,fig_3b,2,1,1.0635
2021-09-22,ZA,149,Omicron BA.1,Community,1.1285629828595478,2021-09-21,1,Changing diagnostics,Changing sequencing,100%,200%,fig_3b,2,1,1.0635
2021-09-22,ZA,149,Omicron BA.1,Community,1.1285629828595476,2021-09-21,1,Changing diagnostics,Changing sequencing,150%,200%,fig_3b,2,1,1.0635
2021-09-22,ZA,149,Omicron BA.1,Community,1.1285629828595478,2021-09-21,1,Changing diagnostics,Changing sequencing,200%,200%,fig_3b,2,1,1.0635
2021-09-22,ZA,15,Omicron BA.1,Community,1.0559946314118163,2021-09-21,1,Changing diagnostics,Changing sequencing,10%,200%,fig_3b,2,1,1.0635
2021-09-22,ZA,15,Omicron BA.1,Community,1.0559946314118163,2021-09-21,1,Changing diagnostics,Changing sequencing,50%,200%,fig_3b,2,1,1.0635
2021-09-22,ZA,15,Omicron BA.1,Community,1.0559946314118163,2021-09-21,1,Changing diagnostics,Changing sequencing,100%,200%,fig_3b,2,1,1.0635
2021-09-22,ZA,15,Omicron BA.1,Community,1.0559946314118165,2021-09-21,1,Changing diagnostics,Changing sequencing,150%,200%,fig_3b,2,1,1.0635
2021-09-22,ZA,15,Omicron BA.1,Community,1.0559946314118163,2021-09-21,1,Changing diagnostics,Changing sequencing,200%,200%,fig_3b,2,1,1.0635
2021-09-22,ZA,150,Omicron BA.1,Community,1.0184592772147136,2021-09-21,1,Changing diagnostics,Changing sequencing,10%,200%,fig_3b,2,1,1.0635
2021-09-22,ZA,150,Omicron BA.1,Community,1.0184592772147136,2021-09-21,1,Changing diagnostics,Changing sequencing,50%,200%,fig_3b,2,1,1.0635
2021-09-22,ZA,150,Omicron BA.1,Community,1.0184592772147136,2021-09-21,1,Changing diagnostics,Changing sequencing,100%,200%,fig_3b,2,1,1.0635
2021-09-22,ZA,150,Omicron BA.1,Community,1.0184592772147136,2021-09-21,1,Changing diagnostics,Changing sequencing,150%,200%,fig_3b,2,1,1.0635
2021-09-22,ZA,150,Omicron BA.1,Community,1.0184592772147136,2021-09-21,1,Changing diagnostics,Changing sequencing,200%,200%,fig_3b,2,1,1.0635
2021-09-22,ZA,151,Omicron BA.1,Community,1.0635017022512365,2021-09-21,1,Changing diagnostics,Changing sequencing,10%,200%,fig_3b,2,1,1.0635
2021-09-22,ZA,151,Omicron BA.1,Community,1.0635017022512367,2021-09-21,1,Changing diagnostics,Changing sequencing,50%,200%,fig_3b,2,1,1.0635
2021-09-22,ZA,151,Omicron BA.1,Community,1.0635017022512367,2021-09-21,1,Changing diagnostics,Changing sequencing,100%,200%,fig_3b,2,1,1.0635
2021-09-22,ZA,151,Omicron BA.1,Community,1.0635017022512365,2021-09-21,1,Changing diagnostics,Changing sequencing,150%,200%,fig_3b,2,1,1.0635
2021-09-22,ZA,151,Omicron BA.1,Community,1.0635017022512367,2021-09-21,1,Changing diagnostics,Changing sequencing,200%,200%,fig_3b,2,1,1.0635
2021-09-22,ZA,152,Omicron BA.1,Community,1.073511130037131,2021-09-21,1,Changing diagnostics,Changing sequencing,10%,200%,fig_3b,2,1,1.0635
2021-09-22,ZA,152,Omicron BA.1,Community,1.0735111300371307,2021-09-21,1,Changing diagnostics,Changing sequencing,50%,200%,fig_3b,2,1,1.0635
2021-09-22,ZA,152,Omicron BA.1,Community,1.0735111300371307,2021-09-21,1,Changing diagnostics,Changing sequencing,100%,200%,fig_3b,2,1,1.0635
2021-09-22,ZA,152,Omicron BA.1,Community,1.073511130037131,2021-09-21,1,Changing diagnostics,Changing sequencing,150%,200%,fig_3b,2,1,1.0635
2021-09-22,ZA,152,Omicron BA.1,Community,1.0735111300371307,2021-09-21,1,Changing diagnostics,Changing sequencing,200%,200%,fig_3b,2,1,1.0635
2021-09-22,ZA,153,Omicron BA.1,Community,1.0284687050006076,2021-09-21,1,Changing diagnostics,Changing sequencing,10%,200%,fig_3b,2,1,1.0635
2021-09-22,ZA,153,Omicron BA.1,Community,1.0284687050006078,2021-09-21,1,Changing diagnostics,Changing sequencing,50%,200%,fig_3b,2,1,1.0635
2021-09-22,ZA,153,Omicron BA.1,Community,1.0284687050006078,2021-09-21,1,Changing diagnostics,Changing sequencing,100%,200%,fig_3b,2,1,1.0635
2021-09-22,ZA,153,Omicron BA.1,Community,1.0284687050006076,2021-09-21,1,Changing diagnostics,Changing sequencing,150%,200%,fig_3b,2,1,1.0635
2021-09-22,ZA,153,Omicron BA.1,Community,1.0284687050006078,2021-09-21,1,Changing diagnostics,Changing sequencing,200%,200%,fig_3b,2,1,1.0635
2021-09-22,ZA,154,Omicron BA.1,Community,1.126060625913074,2021-09-21,1,Changing diagnostics,Changing sequencing,10%,200%,fig_3b,2,1,1.0635
2021-09-22,ZA,154,Omicron BA.1,Community,1.1260606259130745,2021-09-21,1,Changing diagnostics,Changing sequencing,50%,200%,fig_3b,2,1,1.0635
2021-09-22,ZA,154,Omicron BA.1,Community,1.1260606259130745,2021-09-21,1,Changing diagnostics,Changing sequencing,100%,200%,fig_3b,2,1,1.0635
2021-09-22,ZA,154,Omicron BA.1,Community,1.1260606259130743,2021-09-21,1,Changing diagnostics,Changing sequencing,150%,200%,fig_3b,2,1,1.0635
2021-09-22,ZA,154,Omicron BA.1,Community,1.1260606259130745,2021-09-21,1,Changing diagnostics,Changing sequencing,200%,200%,fig_3b,2,1,1.0635
2021-09-22,ZA,155,Omicron BA.1,Community,1.0334734188935548,2021-09-21,1,Changing diagnostics,Changing sequencing,10%,200%,fig_3b,2,1,1.0635
2021-09-22,ZA,155,Omicron BA.1,Community,1.0334734188935546,2021-09-21,1,Changing diagnostics,Changing sequencing,50%,200%,fig_3b,2,1,1.0635
2021-09-22,ZA,155,Omicron BA.1,Community,1.0334734188935546,2021-09-21,1,Changing diagnostics,Changing sequencing,100%,200%,fig_3b,2,1,1.0635
2021-09-22,ZA,155,Omicron BA.1,Community,1.0334734188935548,2021-09-21,1,Changing diagnostics,Changing sequencing,150%,200%,fig_3b,2,1,1.0635
2021-09-22,ZA,155,Omicron BA.1,Community,1.0334734188935546,2021-09-21,1,Changing diagnostics,Changing sequencing,200%,200%,fig_3b,2,1,1.0635
2021-09-22,ZA,156,Omicron BA.1,Community,1.0660040591977102,2021-09-21,1,Changing diagnostics,Changing sequencing,10%,200%,fig_3b,2,1,1.0635
2021-09-22,ZA,156,Omicron BA.1,Community,1.0660040591977102,2021-09-21,1,Changing diagnostics,Changing sequencing,50%,200%,fig_3b,2,1,1.0635
2021-09-22,ZA,156,Omicron BA.1,Community,1.0660040591977102,2021-09-21,1,Changing diagnostics,Changing sequencing,100%,200%,fig_3b,2,1,1.0635
2021-09-22,ZA,156,Omicron BA.1,Community,1.06600405919771,2021-09-21,1,Changing diagnostics,Changing sequencing,150%,200%,fig_3b,2,1,1.0635
2021-09-22,ZA,156,Omicron BA.1,Community,1.0660040591977102,2021-09-21,1,Changing diagnostics,Changing sequencing,200%,200%,fig_3b,2,1,1.0635
2021-09-22,ZA,157,Omicron BA.1,Community,1.0009427785893992,2021-09-21,1,Changing diagnostics,Changing sequencing,10%,200%,fig_3b,2,1,1.0635
2021-09-22,ZA,157,Omicron BA.1,Community,1.0009427785893994,2021-09-21,1,Changing diagnostics,Changing sequencing,50%,200%,fig_3b,2,1,1.0635
2021-09-22,ZA,157,Omicron BA.1,Community,1.0009427785893994,2021-09-21,1,Changing diagnostics,Changing sequencing,100%,200%,fig_3b,2,1,1.0635
2021-09-22,ZA,157,Omicron BA.1,Community,1.0009427785893992,2021-09-21,1,Changing diagnostics,Changing sequencing,150%,200%,fig_3b,2,1,1.0635
2021-09-22,ZA,157,Omicron BA.1,Community,1.0009427785893994,2021-09-21,1,Changing diagnostics,Changing sequencing,200%,200%,fig_3b,2,1,1.0635
2021-09-22,ZA,158,Omicron BA.1,Community,1.0584969883582895,2021-09-21,1,Changing diagnostics,Changing sequencing,10%,200%,fig_3b,2,1,1.0635
2021-09-22,ZA,158,Omicron BA.1,Community,1.0584969883582898,2021-09-21,1,Changing diagnostics,Changing sequencing,50%,200%,fig_3b,2,1,1.0635
2021-09-22,ZA,158,Omicron BA.1,Community,1.0584969883582898,2021-09-21,1,Changing diagnostics,Changing sequencing,100%,200%,fig_3b,2,1,1.0635
2021-09-22,ZA,158,Omicron BA.1,Community,1.05849698835829,2021-09-21,1,Changing diagnostics,Changing sequencing,150%,200%,fig_3b,2,1,1.0635
2021-09-22,ZA,158,Omicron BA.1,Community,1.0584969883582898,2021-09-21,1,Changing diagnostics,Changing sequencing,200%,200%,fig_3b,2,1,1.0635
2021-09-22,ZA,159,Omicron BA.1,Community,1.093529985608919,2021-09-21,1,Changing diagnostics,Changing sequencing,10%,200%,fig_3b,2,1,1.0635
2021-09-22,ZA,159,Omicron BA.1,Community,1.093529985608919,2021-09-21,1,Changing diagnostics,Changing sequencing,50%,200%,fig_3b,2,1,1.0635
2021-09-22,ZA,159,Omicron BA.1,Community,1.093529985608919,2021-09-21,1,Changing diagnostics,Changing sequencing,100%,200%,fig_3b,2,1,1.0635
2021-09-22,ZA,159,Omicron BA.1,Community,1.093529985608919,2021-09-21,1,Changing diagnostics,Changing sequencing,150%,200%,fig_3b,2,1,1.0635
2021-09-22,ZA,159,Omicron BA.1,Community,1.093529985608919,2021-09-21,1,Changing diagnostics,Changing sequencing,200%,200%,fig_3b,2,1,1.0635
2021-09-22,ZA,16,Omicron BA.1,Community,1.0209616341611873,2021-09-21,1,Changing diagnostics,Changing sequencing,10%,200%,fig_3b,2,1,1.0635
2021-09-22,ZA,16,Omicron BA.1,Community,1.0209616341611876,2021-09-21,1,Changing diagnostics,Changing sequencing,50%,200%,fig_3b,2,1,1.0635
2021-09-22,ZA,16,Omicron BA.1,Community,1.0209616341611876,2021-09-21,1,Changing diagnostics,Changing sequencing,100%,200%,fig_3b,2,1,1.0635
2021-09-22,ZA,16,Omicron BA.1,Community,1.0209616341611873,2021-09-21,1,Changing diagnostics,Changing sequencing,150%,200%,fig_3b,2,1,1.0635
2021-09-22,ZA,16,Omicron BA.1,Community,1.0209616341611876,2021-09-21,1,Changing diagnostics,Changing sequencing,200%,200%,fig_3b,2,1,1.0635
2021-09-22,ZA,160,Omicron BA.1,Community,1.0284687050006076,2021-09-21,1,Changing diagnostics,Changing sequencing,10%,200%,fig_3b,2,1,1.0635
2021-09-22,ZA,160,Omicron BA.1,Community,1.0284687050006078,2021-09-21,1,Changing diagnostics,Changing sequencing,50%,200%,fig_3b,2,1,1.0635
2021-09-22,ZA,160,Omicron BA.1,Community,1.0284687050006078,2021-09-21,1,Changing diagnostics,Changing sequencing,100%,200%,fig_3b,2,1,1.0635
2021-09-22,ZA,160,Omicron BA.1,Community,1.0284687050006076,2021-09-21,1,Changing diagnostics,Changing sequencing,150%,200%,fig_3b,2,1,1.0635
2021-09-22,ZA,160,Omicron BA.1,Community,1.0284687050006078,2021-09-21,1,Changing diagnostics,Changing sequencing,200%,200%,fig_3b,2,1,1.0635
2021-09-22,ZA,161,Omicron BA.1,Community,1.1010370564483392,2021-09-21,1,Changing diagnostics,Changing sequencing,10%,200%,fig_3b,2,1,1.0635
2021-09-22,ZA,161,Omicron BA.1,Community,1.1010370564483392,2021-09-21,1,Changing diagnostics,Changing sequencing,50%,200%,fig_3b,2,1,1.0635
2021-09-22,ZA,161,Omicron BA.1,Community,1.1010370564483392,2021-09-21,1,Changing diagnostics,Changing sequencing,100%,200%,fig_3b,2,1,1.0635
2021-09-22,ZA,161,Omicron BA.1,Community,1.1010370564483394,2021-09-21,1,Changing diagnostics,Changing sequencing,150%,200%,fig_3b,2,1,1.0635
2021-09-22,ZA,161,Omicron BA.1,Community,1.1010370564483392,2021-09-21,1,Changing diagnostics,Changing sequencing,200%,200%,fig_3b,2,1,1.0635
2021-09-22,ZA,162,Omicron BA.1,Community,1.0509899175188693,2021-09-21,1,Changing diagnostics,Changing sequencing,10%,200%,fig_3b,2,1,1.0635
2021-09-22,ZA,162,Omicron BA.1,Community,1.0509899175188693,2021-09-21,1,Changing diagnostics,Changing sequencing,50%,200%,fig_3b,2,1,1.0635
2021-09-22,ZA,162,Omicron BA.1,Community,1.0509899175188693,2021-09-21,1,Changing diagnostics,Changing sequencing,100%,200%,fig_3b,2,1,1.0635
2021-09-22,ZA,162,Omicron BA.1,Community,1.0509899175188693,2021-09-21,1,Changing diagnostics,Changing sequencing,150%,200%,fig_3b,2,1,1.0635
2021-09-22,ZA,162,Omicron BA.1,Community,1.0509899175188693,2021-09-21,1,Changing diagnostics,Changing sequencing,200%,200%,fig_3b,2,1,1.0635
2021-09-22,ZA,163,Omicron BA.1,Community,1.0059474924823464,2021-09-21,1,Changing diagnostics,Changing sequencing,10%,200%,fig_3b,2,1,1.0635
2021-09-22,ZA,163,Omicron BA.1,Community,1.0059474924823464,2021-09-21,1,Changing diagnostics,Changing sequencing,50%,200%,fig_3b,2,1,1.0635
2021-09-22,ZA,163,Omicron BA.1,Community,1.0059474924823464,2021-09-21,1,Changing diagnostics,Changing sequencing,100%,200%,fig_3b,2,1,1.0635
2021-09-22,ZA,163,Omicron BA.1,Community,1.0059474924823464,2021-09-21,1,Changing diagnostics,Changing sequencing,150%,200%,fig_3b,2,1,1.0635
2021-09-22,ZA,163,Omicron BA.1,Community,1.0059474924823464,2021-09-21,1,Changing diagnostics,Changing sequencing,200%,200%,fig_3b,2,1,1.0635
2021-09-24,ZA,164,Omicron BA.1,Community,1.1630757887799101,2021-09-21,3,Changing diagnostics,Changing sequencing,10%,200%,fig_3b,2,1,1.0635
2021-09-24,ZA,164,Omicron BA.1,Community,1.1630757887799104,2021-09-21,3,Changing diagnostics,Changing sequencing,50%,200%,fig_3b,2,1,1.0635
2021-09-24,ZA,164,Omicron BA.1,Community,1.1630757887799104,2021-09-21,3,Changing diagnostics,Changing sequencing,100%,200%,fig_3b,2,1,1.0635
2021-09-24,ZA,164,Omicron BA.1,Community,1.1630757887799104,2021-09-21,3,Changing diagnostics,Changing sequencing,150%,200%,fig_3b,2,1,1.0635
2021-09-24,ZA,164,Omicron BA.1,Community,1.1630757887799104,2021-09-21,3,Changing diagnostics,Changing sequencing,200%,200%,fig_3b,2,1,1.0635
2021-09-22,ZA,165,Omicron BA.1,Community,1.038478132786502,2021-09-21,1,Changing diagnostics,Changing sequencing,10%,200%,fig_3b,2,1,1.0635
2021-09-22,ZA,165,Omicron BA.1,Community,1.038478132786502,2021-09-21,1,Changing diagnostics,Changing sequencing,50%,200%,fig_3b,2,1,1.0635
2021-09-22,ZA,165,Omicron BA.1,Community,1.038478132786502,2021-09-21,1,Changing diagnostics,Changing sequencing,100%,200%,fig_3b,2,1,1.0635
2021-09-22,ZA,165,Omicron BA.1,Community,1.038478132786502,2021-09-21,1,Changing diagnostics,Changing sequencing,150%,200%,fig_3b,2,1,1.0635
2021-09-22,ZA,165,Omicron BA.1,Community,1.038478132786502,2021-09-21,1,Changing diagnostics,Changing sequencing,200%,200%,fig_3b,2,1,1.0635
2021-09-22,ZA,166,Omicron BA.1,Community,1.0384781327865018,2021-09-21,1,Changing diagnostics,Changing sequencing,10%,200%,fig_3b,2,1,1.0635
2021-09-22,ZA,166,Omicron BA.1,Community,1.0384781327865018,2021-09-21,1,Changing diagnostics,Changing sequencing,50%,200%,fig_3b,2,1,1.0635
2021-09-22,ZA,166,Omicron BA.1,Community,1.0384781327865018,2021-09-21,1,Changing diagnostics,Changing sequencing,100%,200%,fig_3b,2,1,1.0635
2021-09-22,ZA,166,Omicron BA.1,Community,1.0384781327865018,2021-09-21,1,Changing diagnostics,Changing sequencing,150%,200%,fig_3b,2,1,1.0635
2021-09-22,ZA,166,Omicron BA.1,Community,1.0384781327865018,2021-09-21,1,Changing diagnostics,Changing sequencing,200%,200%,fig_3b,2,1,1.0635
2021-09-22,ZA,167,Omicron BA.1,Community,1.0660040591977102,2021-09-21,1,Changing diagnostics,Changing sequencing,10%,200%,fig_3b,2,1,1.0635
2021-09-22,ZA,167,Omicron BA.1,Community,1.0660040591977102,2021-09-21,1,Changing diagnostics,Changing sequencing,50%,200%,fig_3b,2,1,1.0635
2021-09-22,ZA,167,Omicron BA.1,Community,1.0660040591977102,2021-09-21,1,Changing diagnostics,Changing sequencing,100%,200%,fig_3b,2,1,1.0635
2021-09-22,ZA,167,Omicron BA.1,Community,1.0660040591977102,2021-09-21,1,Changing diagnostics,Changing sequencing,150%,200%,fig_3b,2,1,1.0635
2021-09-22,ZA,167,Omicron BA.1,Community,1.0660040591977102,2021-09-21,1,Changing diagnostics,Changing sequencing,200%,200%,fig_3b,2,1,1.0635
2021-09-22,ZA,168,Omicron BA.1,Community,1.0009427785893992,2021-09-21,1,Changing diagnostics,Changing sequencing,10%,200%,fig_3b,2,1,1.0635
2021-09-22,ZA,168,Omicron BA.1,Community,1.0009427785893994,2021-09-21,1,Changing diagnostics,Changing sequencing,50%,200%,fig_3b,2,1,1.0635
2021-09-22,ZA,168,Omicron BA.1,Community,1.0009427785893994,2021-09-21,1,Changing diagnostics,Changing sequencing,100%,200%,fig_3b,2,1,1.0635
2021-09-22,ZA,168,Omicron BA.1,Community,1.0009427785893994,2021-09-21,1,Changing diagnostics,Changing sequencing,150%,200%,fig_3b,2,1,1.0635
2021-09-22,ZA,168,Omicron BA.1,Community,1.0009427785893994,2021-09-21,1,Changing diagnostics,Changing sequencing,200%,200%,fig_3b,2,1,1.0635
2021-09-22,ZA,169,Omicron BA.1,Community,1.043482846679449,2021-09-21,1,Changing diagnostics,Changing sequencing,10%,200%,fig_3b,2,1,1.0635
2021-09-22,ZA,169,Omicron BA.1,Community,1.0434828466794488,2021-09-21,1,Changing diagnostics,Changing sequencing,50%,200%,fig_3b,2,1,1.0635
2021-09-22,ZA,169,Omicron BA.1,Community,1.0434828466794488,2021-09-21,1,Changing diagnostics,Changing sequencing,100%,200%,fig_3b,2,1,1.0635
2021-09-22,ZA,169,Omicron BA.1,Community,1.043482846679449,2021-09-21,1,Changing diagnostics,Changing sequencing,150%,200%,fig_3b,2,1,1.0635
2021-09-22,ZA,169,Omicron BA.1,Community,1.0434828466794488,2021-09-21,1,Changing diagnostics,Changing sequencing,200%,200%,fig_3b,2,1,1.0635
2021-09-24,ZA,17,Omicron BA.1,Community,1.1276778299909562,2021-09-21,3,Changing diagnostics,Changing sequencing,10%,200%,fig_3b,2,1,1.0635
2021-09-24,ZA,17,Omicron BA.1,Community,1.1276778299909564,2021-09-21,3,Changing diagnostics,Changing sequencing,50%,200%,fig_3b,2,1,1.0635
2021-09-24,ZA,17,Omicron BA.1,Community,1.1276778299909564,2021-09-21,3,Changing diagnostics,Changing sequencing,100%,200%,fig_3b,2,1,1.0635
2021-09-24,ZA,17,Omicron BA.1,Community,1.1276778299909562,2021-09-21,3,Changing diagnostics,Changing sequencing,150%,200%,fig_3b,2,1,1.0635
2021-09-24,ZA,17,Omicron BA.1,Community,1.1276778299909564,2021-09-21,3,Changing diagnostics,Changing sequencing,200%,200%,fig_3b,2,1,1.0635
2021-09-22,ZA,170,Omicron BA.1,Community,1.055994631411816,2021-09-21,1,Changing diagnostics,Changing sequencing,10%,200%,fig_3b,2,1,1.0635
2021-09-22,ZA,170,Omicron BA.1,Community,1.0559946314118163,2021-09-21,1,Changing diagnostics,Changing sequencing,50%,200%,fig_3b,2,1,1.0635
2021-09-22,ZA,170,Omicron BA.1,Community,1.0559946314118163,2021-09-21,1,Changing diagnostics,Changing sequencing,100%,200%,fig_3b,2,1,1.0635
2021-09-22,ZA,170,Omicron BA.1,Community,1.0559946314118163,2021-09-21,1,Changing diagnostics,Changing sequencing,150%,200%,fig_3b,2,1,1.0635
2021-09-22,ZA,170,Omicron BA.1,Community,1.0559946314118163,2021-09-21,1,Changing diagnostics,Changing sequencing,200%,200%,fig_3b,2,1,1.0635
2021-09-22,ZA,171,Omicron BA.1,Community,1.0359757758400283,2021-09-21,1,Changing diagnostics,Changing sequencing,10%,200%,fig_3b,2,1,1.0635
2021-09-22,ZA,171,Omicron BA.1,Community,1.035975775840028,2021-09-21,1,Changing diagnostics,Changing sequencing,50%,200%,fig_3b,2,1,1.0635
2021-09-22,ZA,171,Omicron BA.1,Community,1.035975775840028,2021-09-21,1,Changing diagnostics,Changing sequencing,100%,200%,fig_3b,2,1,1.0635
2021-09-22,ZA,171,Omicron BA.1,Community,1.0359757758400283,2021-09-21,1,Changing diagnostics,Changing sequencing,150%,200%,fig_3b,2,1,1.0635
2021-09-22,ZA,171,Omicron BA.1,Community,1.035975775840028,2021-09-21,1,Changing diagnostics,Changing sequencing,200%,200%,fig_3b,2,1,1.0635
2021-09-22,ZA,172,Omicron BA.1,Community,1.0109522063752931,2021-09-21,1,Changing diagnostics,Changing sequencing,10%,200%,fig_3b,2,1,1.0635
2021-09-22,ZA,172,Omicron BA.1,Community,1.0109522063752931,2021-09-21,1,Changing diagnostics,Changing sequencing,50%,200%,fig_3b,2,1,1.0635
2021-09-22,ZA,172,Omicron BA.1,Community,1.0109522063752931,2021-09-21,1,Changing diagnostics,Changing sequencing,100%,200%,fig_3b,2,1,1.0635
2021-09-22,ZA,172,Omicron BA.1,Community,1.0109522063752934,2021-09-21,1,Changing diagnostics,Changing sequencing,150%,200%,fig_3b,2,1,1.0635
2021-09-22,ZA,172,Omicron BA.1,Community,1.0109522063752931,2021-09-21,1,Changing diagnostics,Changing sequencing,200%,200%,fig_3b,2,1,1.0635
2021-09-22,ZA,173,Omicron BA.1,Community,1.0660040591977105,2021-09-21,1,Changing diagnostics,Changing sequencing,10%,200%,fig_3b,2,1,1.0635
2021-09-22,ZA,173,Omicron BA.1,Community,1.0660040591977102,2021-09-21,1,Changing diagnostics,Changing sequencing,50%,200%,fig_3b,2,1,1.0635
2021-09-22,ZA,173,Omicron BA.1,Community,1.0660040591977102,2021-09-21,1,Changing diagnostics,Changing sequencing,100%,200%,fig_3b,2,1,1.0635
2021-09-22,ZA,173,Omicron BA.1,Community,1.0660040591977102,2021-09-21,1,Changing diagnostics,Changing sequencing,150%,200%,fig_3b,2,1,1.0635
2021-09-22,ZA,173,Omicron BA.1,Community,1.0660040591977102,2021-09-21,1,Changing diagnostics,Changing sequencing,200%,200%,fig_3b,2,1,1.0635
2021-09-22,ZA,174,Omicron BA.1,Community,1.0534922744653428,2021-09-21,1,Changing diagnostics,Changing sequencing,10%,200%,fig_3b,2,1,1.0635
2021-09-22,ZA,174,Omicron BA.1,Community,1.0534922744653428,2021-09-21,1,Changing diagnostics,Changing sequencing,50%,200%,fig_3b,2,1,1.0635
2021-09-22,ZA,174,Omicron BA.1,Community,1.0534922744653428,2021-09-21,1,Changing diagnostics,Changing sequencing,100%,200%,fig_3b,2,1,1.0635
2021-09-22,ZA,174,Omicron BA.1,Community,1.0534922744653428,2021-09-21,1,Changing diagnostics,Changing sequencing,150%,200%,fig_3b,2,1,1.0635
2021-09-22,ZA,174,Omicron BA.1,Community,1.0534922744653428,2021-09-21,1,Changing diagnostics,Changing sequencing,200%,200%,fig_3b,2,1,1.0635
2021-09-22,ZA,175,Omicron BA.1,Community,1.0609993453047635,2021-09-21,1,Changing diagnostics,Changing sequencing,10%,200%,fig_3b,2,1,1.0635
2021-09-22,ZA,175,Omicron BA.1,Community,1.0609993453047633,2021-09-21,1,Changing diagnostics,Changing sequencing,50%,200%,fig_3b,2,1,1.0635
2021-09-22,ZA,175,Omicron BA.1,Community,1.0609993453047633,2021-09-21,1,Changing diagnostics,Changing sequencing,100%,200%,fig_3b,2,1,1.0635
2021-09-22,ZA,175,Omicron BA.1,Community,1.0609993453047635,2021-09-21,1,Changing diagnostics,Changing sequencing,150%,200%,fig_3b,2,1,1.0635
2021-09-22,ZA,175,Omicron BA.1,Community,1.0609993453047633,2021-09-21,1,Changing diagnostics,Changing sequencing,200%,200%,fig_3b,2,1,1.0635
2021-09-22,ZA,176,Omicron BA.1,Community,1.0534922744653428,2021-09-21,1,Changing diagnostics,Changing sequencing,10%,200%,fig_3b,2,1,1.0635
2021-09-22,ZA,176,Omicron BA.1,Community,1.0534922744653428,2021-09-21,1,Changing diagnostics,Changing sequencing,50%,200%,fig_3b,2,1,1.0635
2021-09-22,ZA,176,Omicron BA.1,Community,1.0534922744653428,2021-09-21,1,Changing diagnostics,Changing sequencing,100%,200%,fig_3b,2,1,1.0635
2021-09-22,ZA,176,Omicron BA.1,Community,1.0534922744653428,2021-09-21,1,Changing diagnostics,Changing sequencing,150%,200%,fig_3b,2,1,1.0635
2021-09-22,ZA,176,Omicron BA.1,Community,1.0534922744653428,2021-09-21,1,Changing diagnostics,Changing sequencing,200%,200%,fig_3b,2,1,1.0635
2021-09-22,ZA,177,Omicron BA.1,Community,1.0760134869836044,2021-09-21,1,Changing diagnostics,Changing sequencing,10%,200%,fig_3b,2,1,1.0635
2021-09-22,ZA,177,Omicron BA.1,Community,1.076013486983604,2021-09-21,1,Changing diagnostics,Changing sequencing,50%,200%,fig_3b,2,1,1.0635
2021-09-22,ZA,177,Omicron BA.1,Community,1.076013486983604,2021-09-21,1,Changing diagnostics,Changing sequencing,100%,200%,fig_3b,2,1,1.0635
2021-09-22,ZA,177,Omicron BA.1,Community,1.0760134869836044,2021-09-21,1,Changing diagnostics,Changing sequencing,150%,200%,fig_3b,2,1,1.0635
2021-09-22,ZA,177,Omicron BA.1,Community,1.076013486983604,2021-09-21,1,Changing diagnostics,Changing sequencing,200%,200%,fig_3b,2,1,1.0635
2021-09-22,ZA,178,Omicron BA.1,Community,1.045985203625922,2021-09-21,1,Changing diagnostics,Changing sequencing,10%,200%,fig_3b,2,1,1.0635
2021-09-22,ZA,178,Omicron BA.1,Community,1.0459852036259223,2021-09-21,1,Changing diagnostics,Changing sequencing,50%,200%,fig_3b,2,1,1.0635
2021-09-22,ZA,178,Omicron BA.1,Community,1.0459852036259223,2021-09-21,1,Changing diagnostics,Changing sequencing,100%,200%,fig_3b,2,1,1.0635
2021-09-22,ZA,178,Omicron BA.1,Community,1.045985203625922,2021-09-21,1,Changing diagnostics,Changing sequencing,150%,200%,fig_3b,2,1,1.0635
2021-09-22,ZA,178,Omicron BA.1,Community,1.0459852036259223,2021-09-21,1,Changing diagnostics,Changing sequencing,200%,200%,fig_3b,2,1,1.0635
2021-09-22,ZA,179,Omicron BA.1,Community,1.0009427785893992,2021-09-21,1,Changing diagnostics,Changing sequencing,10%,200%,fig_3b,2,1,1.0635
2021-09-22,ZA,179,Omicron BA.1,Community,1.0009427785893994,2021-09-21,1,Changing diagnostics,Changing sequencing,50%,200%,fig_3b,2,1,1.0635
2021-09-22,ZA,179,Omicron BA.1,Community,1.0009427785893994,2021-09-21,1,Changing diagnostics,Changing sequencing,100%,200%,fig_3b,2,1,1.0635
2021-09-22,ZA,179,Omicron BA.1,Community,1.0009427785893994,2021-09-21,1,Changing diagnostics,Changing sequencing,150%,200%,fig_3b,2,1,1.0635
2021-09-22,ZA,179,Omicron BA.1,Community,1.0009427785893994,2021-09-21,1,Changing diagnostics,Changing sequencing,200%,200%,fig_3b,2,1,1.0635
2021-09-24,ZA,18,Omicron BA.1,Community,1.107450424968697,2021-09-21,3,Changing diagnostics,Changing sequencing,10%,200%,fig_3b,2,1,1.0635
2021-09-24,ZA,18,Omicron BA.1,Community,1.1074504249686972,2021-09-21,3,Changing diagnostics,Changing sequencing,50%,200%,fig_3b,2,1,1.0635
2021-09-24,ZA,18,Omicron BA.1,Community,1.1074504249686972,2021-09-21,3,Changing diagnostics,Changing sequencing,100%,200%,fig_3b,2,1,1.0635
2021-09-24,ZA,18,Omicron BA.1,Community,1.107450424968697,2021-09-21,3,Changing diagnostics,Changing sequencing,150%,200%,fig_3b,2,1,1.0635
2021-09-24,ZA,18,Omicron BA.1,Community,1.1074504249686972,2021-09-21,3,Changing diagnostics,Changing sequencing,200%,200%,fig_3b,2,1,1.0635
2021-09-22,ZA,180,Omicron BA.1,Community,1.1335676967524948,2021-09-21,1,Changing diagnostics,Changing sequencing,10%,200%,fig_3b,2,1,1.0635
2021-09-22,ZA,180,Omicron BA.1,Community,1.1335676967524946,2021-09-21,1,Changing diagnostics,Changing sequencing,50%,200%,fig_3b,2,1,1.0635
2021-09-22,ZA,180,Omicron BA.1,Community,1.1335676967524946,2021-09-21,1,Changing diagnostics,Changing sequencing,100%,200%,fig_3b,2,1,1.0635
2021-09-22,ZA,180,Omicron BA.1,Community,1.1335676967524946,2021-09-21,1,Changing diagnostics,Changing sequencing,150%,200%,fig_3b,2,1,1.0635
2021-09-22,ZA,180,Omicron BA.1,Community,1.1335676967524946,2021-09-21,1,Changing diagnostics,Changing sequencing,200%,200%,fig_3b,2,1,1.0635
2021-09-22,ZA,181,Omicron BA.1,Community,1.081018200876551,2021-09-21,1,Changing diagnostics,Changing sequencing,10%,200%,fig_3b,2,1,1.0635
2021-09-22,ZA,181,Omicron BA.1,Community,1.081018200876551,2021-09-21,1,Changing diagnostics,Changing sequencing,50%,200%,fig_3b,2,1,1.0635
2021-09-22,ZA,181,Omicron BA.1,Community,1.081018200876551,2021-09-21,1,Changing diagnostics,Changing sequencing,100%,200%,fig_3b,2,1,1.0635
2021-09-22,ZA,181,Omicron BA.1,Community,1.0810182008765512,2021-09-21,1,Changing diagnostics,Changing sequencing,150%,200%,fig_3b,2,1,1.0635
2021-09-22,ZA,181,Omicron BA.1,Community,1.081018200876551,2021-09-21,1,Changing diagnostics,Changing sequencing,200%,200%,fig_3b,2,1,1.0635
2021-09-22,ZA,182,Omicron BA.1,Community,1.0960323425553924,2021-09-21,1,Changing diagnostics,Changing sequencing,10%,200%,fig_3b,2,1,1.0635
2021-09-22,ZA,182,Omicron BA.1,Community,1.0960323425553924,2021-09-21,1,Changing diagnostics,Changing sequencing,50%,200%,fig_3b,2,1,1.0635
2021-09-22,ZA,182,Omicron BA.1,Community,1.0960323425553924,2021-09-21,1,Changing diagnostics,Changing sequencing,100%,200%,fig_3b,2,1,1.0635
2021-09-22,ZA,182,Omicron BA.1,Community,1.0960323425553922,2021-09-21,1,Changing diagnostics,Changing sequencing,150%,200%,fig_3b,2,1,1.0635
2021-09-22,ZA,182,Omicron BA.1,Community,1.0960323425553924,2021-09-21,1,Changing diagnostics,Changing sequencing,200%,200%,fig_3b,2,1,1.0635
2021-09-22,ZA,183,Omicron BA.1,Community,1.0259663480541343,2021-09-21,1,Changing diagnostics,Changing sequencing,10%,200%,fig_3b,2,1,1.0635
2021-09-22,ZA,183,Omicron BA.1,Community,1.0259663480541343,2021-09-21,1,Changing diagnostics,Changing sequencing,50%,200%,fig_3b,2,1,1.0635
2021-09-22,ZA,183,Omicron BA.1,Community,1.0259663480541343,2021-09-21,1,Changing diagnostics,Changing sequencing,100%,200%,fig_3b,2,1,1.0635
2021-09-22,ZA,183,Omicron BA.1,Community,1.0259663480541346,2021-09-21,1,Changing diagnostics,Changing sequencing,150%,200%,fig_3b,2,1,1.0635
2021-09-22,ZA,183,Omicron BA.1,Community,1.0259663480541343,2021-09-21,1,Changing diagnostics,Changing sequencing,200%,200%,fig_3b,2,1,1.0635
2021-09-24,ZA,184,Omicron BA.1,Community,1.0492966355297018,2021-09-21,3,Changing diagnostics,Changing sequencing,10%,200%,fig_3b,2,1,1.0635
2021-09-24,ZA,184,Omicron BA.1,Community,1.0492966355297013,2021-09-21,3,Changing diagnostics,Changing sequencing,50%,200%,fig_3b,2,1,1.0635
2021-09-24,ZA,184,Omicron BA.1,Community,1.0492966355297013,2021-09-21,3,Changing diagnostics,Changing sequencing,100%,200%,fig_3b,2,1,1.0635
2021-09-24,ZA,184,Omicron BA.1,Community,1.0492966355297018,2021-09-21,3,Changing diagnostics,Changing sequencing,150%,200%,fig_3b,2,1,1.0635
2021-09-24,ZA,184,Omicron BA.1,Community,1.0492966355297013,2021-09-21,3,Changing diagnostics,Changing sequencing,200%,200%,fig_3b,2,1,1.0635
2021-09-22,ZA,185,Omicron BA.1,Community,1.0935299856089187,2021-09-21,1,Changing diagnostics,Changing sequencing,10%,200%,fig_3b,2,1,1.0635
2021-09-22,ZA,185,Omicron BA.1,Community,1.0935299856089187,2021-09-21,1,Changing diagnostics,Changing sequencing,50%,200%,fig_3b,2,1,1.0635
2021-09-22,ZA,185,Omicron BA.1,Community,1.0935299856089187,2021-09-21,1,Changing diagnostics,Changing sequencing,100%,200%,fig_3b,2,1,1.0635
2021-09-22,ZA,185,Omicron BA.1,Community,1.0935299856089187,2021-09-21,1,Changing diagnostics,Changing sequencing,150%,200%,fig_3b,2,1,1.0635
2021-09-22,ZA,185,Omicron BA.1,Community,1.0935299856089187,2021-09-21,1,Changing diagnostics,Changing sequencing,200%,200%,fig_3b,2,1,1.0635
2021-09-22,ZA,186,Omicron BA.1,Community,1.0134545633217666,2021-09-21,1,Changing diagnostics,Changing sequencing,10%,200%,fig_3b,2,1,1.0635
2021-09-22,ZA,186,Omicron BA.1,Community,1.0134545633217669,2021-09-21,1,Changing diagnostics,Changing sequencing,50%,200%,fig_3b,2,1,1.0635
2021-09-22,ZA,186,Omicron BA.1,Community,1.0134545633217669,2021-09-21,1,Changing diagnostics,Changing sequencing,100%,200%,fig_3b,2,1,1.0635
2021-09-22,ZA,186,Omicron BA.1,Community,1.0134545633217666,2021-09-21,1,Changing diagnostics,Changing sequencing,150%,200%,fig_3b,2,1,1.0635
2021-09-22,ZA,186,Omicron BA.1,Community,1.0134545633217669,2021-09-21,1,Changing diagnostics,Changing sequencing,200%,200%,fig_3b,2,1,1.0635
2021-09-22,ZA,187,Omicron BA.1,Community,1.121055912020127,2021-09-21,1,Changing diagnostics,Changing sequencing,10%,200%,fig_3b,2,1,1.0635
2021-09-22,ZA,187,Omicron BA.1,Community,1.1210559120201273,2021-09-21,1,Changing diagnostics,Changing sequencing,50%,200%,fig_3b,2,1,1.0635
2021-09-22,ZA,187,Omicron BA.1,Community,1.1210559120201273,2021-09-21,1,Changing diagnostics,Changing sequencing,100%,200%,fig_3b,2,1,1.0635
2021-09-22,ZA,187,Omicron BA.1,Community,1.121055912020127,2021-09-21,1,Changing diagnostics,Changing sequencing,150%,200%,fig_3b,2,1,1.0635
2021-09-22,ZA,187,Omicron BA.1,Community,1.1210559120201273,2021-09-21,1,Changing diagnostics,Changing sequencing,200%,200%,fig_3b,2,1,1.0635
2021-09-22,ZA,188,Omicron BA.1,Community,1.0609993453047635,2021-09-21,1,Changing diagnostics,Changing sequencing,10%,200%,fig_3b,2,1,1.0635
2021-09-22,ZA,188,Omicron BA.1,Community,1.0609993453047633,2021-09-21,1,Changing diagnostics,Changing sequencing,50%,200%,fig_3b,2,1,1.0635
2021-09-22,ZA,188,Omicron BA.1,Community,1.0609993453047633,2021-09-21,1,Changing diagnostics,Changing sequencing,100%,200%,fig_3b,2,1,1.0635
2021-09-22,ZA,188,Omicron BA.1,Community,1.0609993453047633,2021-09-21,1,Changing diagnostics,Changing sequencing,150%,200%,fig_3b,2,1,1.0635
2021-09-22,ZA,188,Omicron BA.1,Community,1.0609993453047633,2021-09-21,1,Changing diagnostics,Changing sequencing,200%,200%,fig_3b,2,1,1.0635
2021-09-22,ZA,189,Omicron BA.1,Community,1.088525271715972,2021-09-21,1,Changing diagnostics,Changing sequencing,10%,200%,fig_3b,2,1,1.0635
2021-09-22,ZA,189,Omicron BA.1,Community,1.088525271715972,2021-09-21,1,Changing diagnostics,Changing sequencing,50%,200%,fig_3b,2,1,1.0635
2021-09-22,ZA,189,Omicron BA.1,Community,1.088525271715972,2021-09-21,1,Changing diagnostics,Changing sequencing,100%,200%,fig_3b,2,1,1.0635
2021-09-22,ZA,189,Omicron BA.1,Community,1.088525271715972,2021-09-21,1,Changing diagnostics,Changing sequencing,150%,200%,fig_3b,2,1,1.0635
2021-09-22,ZA,189,Omicron BA.1,Community,1.088525271715972,2021-09-21,1,Changing diagnostics,Changing sequencing,200%,200%,fig_3b,2,1,1.0635
2021-09-24,ZA,19,Omicron BA.1,Community,1.1352631068743035,2021-09-21,3,Changing diagnostics,Changing sequencing,10%,200%,fig_3b,2,1,1.0635
2021-09-24,ZA,19,Omicron BA.1,Community,1.1352631068743033,2021-09-21,3,Changing diagnostics,Changing sequencing,50%,200%,fig_3b,2,1,1.0635
2021-09-24,ZA,19,Omicron BA.1,Community,1.1352631068743033,2021-09-21,3,Changing diagnostics,Changing sequencing,100%,200%,fig_3b,2,1,1.0635
2021-09-24,ZA,19,Omicron BA.1,Community,1.1352631068743033,2021-09-21,3,Changing diagnostics,Changing sequencing,150%,200%,fig_3b,2,1,1.0635
2021-09-24,ZA,19,Omicron BA.1,Community,1.1352631068743033,2021-09-21,3,Changing diagnostics,Changing sequencing,200%,200%,fig_3b,2,1,1.0635
2021-09-22,ZA,190,Omicron BA.1,Community,1.0084498494288199,2021-09-21,1,Changing diagnostics,Changing sequencing,10%,200%,fig_3b,2,1,1.0635
2021-09-22,ZA,190,Omicron BA.1,Community,1.0084498494288197,2021-09-21,1,Changing diagnostics,Changing sequencing,50%,200%,fig_3b,2,1,1.0635
2021-09-22,ZA,190,Omicron BA.1,Community,1.0084498494288197,2021-09-21,1,Changing diagnostics,Changing sequencing,100%,200%,fig_3b,2,1,1.0635
2021-09-22,ZA,190,Omicron BA.1,Community,1.00844984942882,2021-09-21,1,Changing diagnostics,Changing sequencing,150%,200%,fig_3b,2,1,1.0635
2021-09-22,ZA,190,Omicron BA.1,Community,1.0084498494288197,2021-09-21,1,Changing diagnostics,Changing sequencing,200%,200%,fig_3b,2,1,1.0635
2021-09-22,ZA,191,Omicron BA.1,Community,1.0534922744653428,2021-09-21,1,Changing diagnostics,Changing sequencing,10%,200%,fig_3b,2,1,1.0635
2021-09-22,ZA,191,Omicron BA.1,Community,1.0534922744653428,2021-09-21,1,Changing diagnostics,Changing sequencing,50%,200%,fig_3b,2,1,1.0635
2021-09-22,ZA,191,Omicron BA.1,Community,1.0534922744653428,2021-09-21,1,Changing diagnostics,Changing sequencing,100%,200%,fig_3b,2,1,1.0635
2021-09-22,ZA,191,Omicron BA.1,Community,1.0534922744653428,2021-09-21,1,Changing diagnostics,Changing sequencing,150%,200%,fig_3b,2,1,1.0635
2021-09-22,ZA,191,Omicron BA.1,Community,1.0534922744653428,2021-09-21,1,Changing diagnostics,Changing sequencing,200%,200%,fig_3b,2,1,1.0635
2021-09-22,ZA,192,Omicron BA.1,Community,1.0009427785893992,2021-09-21,1,Changing diagnostics,Changing sequencing,10%,200%,fig_3b,2,1,1.0635
2021-09-22,ZA,192,Omicron BA.1,Community,1.0009427785893994,2021-09-21,1,Changing diagnostics,Changing sequencing,50%,200%,fig_3b,2,1,1.0635
2021-09-22,ZA,192,Omicron BA.1,Community,1.0009427785893994,2021-09-21,1,Changing diagnostics,Changing sequencing,100%,200%,fig_3b,2,1,1.0635
2021-09-22,ZA,192,Omicron BA.1,Community,1.0009427785893992,2021-09-21,1,Changing diagnostics,Changing sequencing,150%,200%,fig_3b,2,1,1.0635
2021-09-22,ZA,192,Omicron BA.1,Community,1.0009427785893994,2021-09-21,1,Changing diagnostics,Changing sequencing,200%,200%,fig_3b,2,1,1.0635
2021-09-22,ZA,193,Omicron BA.1,Community,1.0660040591977102,2021-09-21,1,Changing diagnostics,Changing sequencing,10%,200%,fig_3b,2,1,1.0635
2021-09-22,ZA,193,Omicron BA.1,Community,1.0660040591977102,2021-09-21,1,Changing diagnostics,Changing sequencing,50%,200%,fig_3b,2,1,1.0635
2021-09-22,ZA,193,Omicron BA.1,Community,1.0660040591977102,2021-09-21,1,Changing diagnostics,Changing sequencing,100%,200%,fig_3b,2,1,1.0635
2021-09-22,ZA,193,Omicron BA.1,Community,1.0660040591977102,2021-09-21,1,Changing diagnostics,Changing sequencing,150%,200%,fig_3b,2,1,1.0635
2021-09-22,ZA,193,Omicron BA.1,Community,1.0660040591977102,2021-09-21,1,Changing diagnostics,Changing sequencing,200%,200%,fig_3b,2,1,1.0635
2021-09-22,ZA,194,Omicron BA.1,Community,1.0609993453047635,2021-09-21,1,Changing diagnostics,Changing sequencing,10%,200%,fig_3b,2,1,1.0635
2021-09-22,ZA,194,Omicron BA.1,Community,1.0609993453047633,2021-09-21,1,Changing diagnostics,Changing sequencing,50%,200%,fig_3b,2,1,1.0635
2021-09-22,ZA,194,Omicron BA.1,Community,1.0609993453047633,2021-09-21,1,Changing diagnostics,Changing sequencing,100%,200%,fig_3b,2,1,1.0635
2021-09-22,ZA,194,Omicron BA.1,Community,1.0609993453047633,2021-09-21,1,Changing diagnostics,Changing sequencing,150%,200%,fig_3b,2,1,1.0635
2021-09-22,ZA,194,Omicron BA.1,Community,1.0609993453047633,2021-09-21,1,Changing diagnostics,Changing sequencing,200%,200%,fig_3b,2,1,1.0635
2021-09-22,ZA,195,Omicron BA.1,Community,1.0710087730906572,2021-09-21,1,Changing diagnostics,Changing sequencing,10%,200%,fig_3b,2,1,1.0635
2021-09-22,ZA,195,Omicron BA.1,Community,1.0710087730906577,2021-09-21,1,Changing diagnostics,Changing sequencing,50%,200%,fig_3b,2,1,1.0635
2021-09-22,ZA,195,Omicron BA.1,Community,1.0710087730906577,2021-09-21,1,Changing diagnostics,Changing sequencing,100%,200%,fig_3b,2,1,1.0635
2021-09-22,ZA,195,Omicron BA.1,Community,1.0710087730906572,2021-09-21,1,Changing diagnostics,Changing sequencing,150%,200%,fig_3b,2,1,1.0635
2021-09-22,ZA,195,Omicron BA.1,Community,1.0710087730906577,2021-09-21,1,Changing diagnostics,Changing sequencing,200%,200%,fig_3b,2,1,1.0635
2021-09-22,ZA,196,Omicron BA.1,Community,1.0559946314118165,2021-09-21,1,Changing diagnostics,Changing sequencing,10%,200%,fig_3b,2,1,1.0635
2021-09-22,ZA,196,Omicron BA.1,Community,1.0559946314118165,2021-09-21,1,Changing diagnostics,Changing sequencing,50%,200%,fig_3b,2,1,1.0635
2021-09-22,ZA,196,Omicron BA.1,Community,1.0559946314118165,2021-09-21,1,Changing diagnostics,Changing sequencing,100%,200%,fig_3b,2,1,1.0635
2021-09-22,ZA,196,Omicron BA.1,Community,1.0559946314118163,2021-09-21,1,Changing diagnostics,Changing sequencing,150%,200%,fig_3b,2,1,1.0635
2021-09-22,ZA,196,Omicron BA.1,Community,1.0559946314118165,2021-09-21,1,Changing diagnostics,Changing sequencing,200%,200%,fig_3b,2,1,1.0635
2021-09-22,ZA,197,Omicron BA.1,Community,1.018459277214714,2021-09-21,1,Changing diagnostics,Changing sequencing,10%,200%,fig_3b,2,1,1.0635
2021-09-22,ZA,197,Omicron BA.1,Community,1.018459277214714,2021-09-21,1,Changing diagnostics,Changing sequencing,50%,200%,fig_3b,2,1,1.0635
2021-09-22,ZA,197,Omicron BA.1,Community,1.018459277214714,2021-09-21,1,Changing diagnostics,Changing sequencing,100%,200%,fig_3b,2,1,1.0635
2021-09-22,ZA,197,Omicron BA.1,Community,1.0184592772147139,2021-09-21,1,Changing diagnostics,Changing sequencing,150%,200%,fig_3b,2,1,1.0635
2021-09-22,ZA,197,Omicron BA.1,Community,1.018459277214714,2021-09-21,1,Changing diagnostics,Changing sequencing,200%,200%,fig_3b,2,1,1.0635
2021-09-22,ZA,198,Omicron BA.1,Community,1.0284687050006076,2021-09-21,1,Changing diagnostics,Changing sequencing,10%,200%,fig_3b,2,1,1.0635
2021-09-22,ZA,198,Omicron BA.1,Community,1.0284687050006078,2021-09-21,1,Changing diagnostics,Changing sequencing,50%,200%,fig_3b,2,1,1.0635
2021-09-22,ZA,198,Omicron BA.1,Community,1.0284687050006078,2021-09-21,1,Changing diagnostics,Changing sequencing,100%,200%,fig_3b,2,1,1.0635
2021-09-22,ZA,198,Omicron BA.1,Community,1.0284687050006076,2021-09-21,1,Changing diagnostics,Changing sequencing,150%,200%,fig_3b,2,1,1.0635
2021-09-22,ZA,198,Omicron BA.1,Community,1.0284687050006078,2021-09-21,1,Changing diagnostics,Changing sequencing,200%,200%,fig_3b,2,1,1.0635
2021-09-22,ZA,199,Omicron BA.1,Community,1.0760134869836042,2021-09-21,1,Changing diagnostics,Changing sequencing,10%,200%,fig_3b,2,1,1.0635
2021-09-22,ZA,199,Omicron BA.1,Community,1.076013486983604,2021-09-21,1,Changing diagnostics,Changing sequencing,50%,200%,fig_3b,2,1,1.0635
2021-09-22,ZA,199,Omicron BA.1,Community,1.076013486983604,2021-09-21,1,Changing diagnostics,Changing sequencing,100%,200%,fig_3b,2,1,1.0635
2021-09-22,ZA,199,Omicron BA.1,Community,1.0760134869836044,2021-09-21,1,Changing diagnostics,Changing sequencing,150%,200%,fig_3b,2,1,1.0635
2021-09-22,ZA,199,Omicron BA.1,Community,1.076013486983604,2021-09-21,1,Changing diagnostics,Changing sequencing,200%,200%,fig_3b,2,1,1.0635
2021-09-22,ZA,2,Omicron BA.1,Community,1.0359757758400283,2021-09-21,1,Changing diagnostics,Changing sequencing,10%,200%,fig_3b,2,1,1.0635
2021-09-22,ZA,2,Omicron BA.1,Community,1.0359757758400285,2021-09-21,1,Changing diagnostics,Changing sequencing,50%,200%,fig_3b,2,1,1.0635
2021-09-22,ZA,2,Omicron BA.1,Community,1.0359757758400285,2021-09-21,1,Changing diagnostics,Changing sequencing,100%,200%,fig_3b,2,1,1.0635
2021-09-22,ZA,2,Omicron BA.1,Community,1.0359757758400283,2021-09-21,1,Changing diagnostics,Changing sequencing,150%,200%,fig_3b,2,1,1.0635
2021-09-22,ZA,2,Omicron BA.1,Community,1.0359757758400285,2021-09-21,1,Changing diagnostics,Changing sequencing,200%,200%,fig_3b,2,1,1.0635
2021-09-22,ZA,20,Omicron BA.1,Community,1.078515843930078,2021-09-21,1,Changing diagnostics,Changing sequencing,10%,200%,fig_3b,2,1,1.0635
2021-09-22,ZA,20,Omicron BA.1,Community,1.0785158439300777,2021-09-21,1,Changing diagnostics,Changing sequencing,50%,200%,fig_3b,2,1,1.0635
2021-09-22,ZA,20,Omicron BA.1,Community,1.0785158439300777,2021-09-21,1,Changing diagnostics,Changing sequencing,100%,200%,fig_3b,2,1,1.0635
2021-09-22,ZA,20,Omicron BA.1,Community,1.0785158439300777,2021-09-21,1,Changing diagnostics,Changing sequencing,150%,200%,fig_3b,2,1,1.0635
2021-09-22,ZA,20,Omicron BA.1,Community,1.0785158439300777,2021-09-21,1,Changing diagnostics,Changing sequencing,200%,200%,fig_3b,2,1,1.0635
2021-09-22,ZA,200,Omicron BA.1,Community,1.0660040591977105,2021-09-21,1,Changing diagnostics,Changing sequencing,10%,200%,fig_3b,2,1,1.0635
2021-09-22,ZA,200,Omicron BA.1,Community,1.06600405919771,2021-09-21,1,Changing diagnostics,Changing sequencing,50%,200%,fig_3b,2,1,1.0635
2021-09-22,ZA,200,Omicron BA.1,Community,1.06600405919771,2021-09-21,1,Changing diagnostics,Changing sequencing,100%,200%,fig_3b,2,1,1.0635
2021-09-22,ZA,200,Omicron BA.1,Community,1.0660040591977102,2021-09-21,1,Changing diagnostics,Changing sequencing,150%,200%,fig_3b,2,1,1.0635
2021-09-22,ZA,200,Omicron BA.1,Community,1.06600405919771,2021-09-21,1,Changing diagnostics,Changing sequencing,200%,200%,fig_3b,2,1,1.0635
2021-09-24,ZA,201,Omicron BA.1,Community,1.074580891807526,2021-09-21,3,Changing diagnostics,Changing sequencing,10%,200%,fig_3b,2,1,1.0635
2021-09-24,ZA,201,Omicron BA.1,Community,1.0745808918075255,2021-09-21,3,Changing diagnostics,Changing sequencing,50%,200%,fig_3b,2,1,1.0635
2021-09-24,ZA,201,Omicron BA.1,Community,1.0745808918075255,2021-09-21,3,Changing diagnostics,Changing sequencing,100%,200%,fig_3b,2,1,1.0635
2021-09-24,ZA,201,Omicron BA.1,Community,1.0745808918075255,2021-09-21,3,Changing diagnostics,Changing sequencing,150%,200%,fig_3b,2,1,1.0635
2021-09-24,ZA,201,Omicron BA.1,Community,1.0745808918075255,2021-09-21,3,Changing diagnostics,Changing sequencing,200%,200%,fig_3b,2,1,1.0635
2021-09-22,ZA,202,Omicron BA.1,Community,1.0234639911076608,2021-09-21,1,Changing diagnostics,Changing sequencing,10%,200%,fig_3b,2,1,1.0635
2021-09-22,ZA,202,Omicron BA.1,Community,1.0234639911076608,2021-09-21,1,Changing diagnostics,Changing sequencing,50%,200%,fig_3b,2,1,1.0635
2021-09-22,ZA,202,Omicron BA.1,Community,1.0234639911076608,2021-09-21,1,Changing diagnostics,Changing sequencing,100%,200%,fig_3b,2,1,1.0635
2021-09-22,ZA,202,Omicron BA.1,Community,1.0234639911076608,2021-09-21,1,Changing diagnostics,Changing sequencing,150%,200%,fig_3b,2,1,1.0635
2021-09-22,ZA,202,Omicron BA.1,Community,1.0234639911076608,2021-09-21,1,Changing diagnostics,Changing sequencing,200%,200%,fig_3b,2,1,1.0635
2021-09-24,ZA,203,Omicron BA.1,Community,1.0265408048796598,2021-09-21,3,Changing diagnostics,Changing sequencing,10%,200%,fig_3b,2,1,1.0635
2021-09-24,ZA,203,Omicron BA.1,Community,1.0265408048796596,2021-09-21,3,Changing diagnostics,Changing sequencing,50%,200%,fig_3b,2,1,1.0635
2021-09-24,ZA,203,Omicron BA.1,Community,1.0265408048796596,2021-09-21,3,Changing diagnostics,Changing sequencing,100%,200%,fig_3b,2,1,1.0635
2021-09-24,ZA,203,Omicron BA.1,Community,1.0265408048796598,2021-09-21,3,Changing diagnostics,Changing sequencing,150%,200%,fig_3b,2,1,1.0635
2021-09-24,ZA,203,Omicron BA.1,Community,1.0265408048796596,2021-09-21,3,Changing diagnostics,Changing sequencing,200%,200%,fig_3b,2,1,1.0635
2021-09-22,ZA,204,Omicron BA.1,Community,1.040980489732975,2021-09-21,1,Changing diagnostics,Changing sequencing,10%,200%,fig_3b,2,1,1.0635
2021-09-22,ZA,204,Omicron BA.1,Community,1.0409804897329753,2021-09-21,1,Changing diagnostics,Changing sequencing,50%,200%,fig_3b,2,1,1.0635
2021-09-22,ZA,204,Omicron BA.1,Community,1.0409804897329753,2021-09-21,1,Changing diagnostics,Changing sequencing,100%,200%,fig_3b,2,1,1.0635
2021-09-22,ZA,204,Omicron BA.1,Community,1.0409804897329755,2021-09-21,1,Changing diagnostics,Changing sequencing,150%,200%,fig_3b,2,1,1.0635
2021-09-22,ZA,204,Omicron BA.1,Community,1.0409804897329753,2021-09-21,1,Changing diagnostics,Changing sequencing,200%,200%,fig_3b,2,1,1.0635
2021-09-22,ZA,205,Omicron BA.1,Community,1.038478132786502,2021-09-21,1,Changing diagnostics,Changing sequencing,10%,200%,fig_3b,2,1,1.0635
2021-09-22,ZA,205,Omicron BA.1,Community,1.038478132786502,2021-09-21,1,Changing diagnostics,Changing sequencing,50%,200%,fig_3b,2,1,1.0635
2021-09-22,ZA,205,Omicron BA.1,Community,1.038478132786502,2021-09-21,1,Changing diagnostics,Changing sequencing,100%,200%,fig_3b,2,1,1.0635
2021-09-22,ZA,205,Omicron BA.1,Community,1.0384781327865018,2021-09-21,1,Changing diagnostics,Changing sequencing,150%,200%,fig_3b,2,1,1.0635
2021-09-22,ZA,205,Omicron BA.1,Community,1.038478132786502,2021-09-21,1,Changing diagnostics,Changing sequencing,200%,200%,fig_3b,2,1,1.0635
2021-09-22,ZA,206,Omicron BA.1,Community,1.0034451355358731,2021-09-21,1,Changing diagnostics,Changing sequencing,10%,200%,fig_3b,2,1,1.0635
2021-09-22,ZA,206,Omicron BA.1,Community,1.003445135535873,2021-09-21,1,Changing diagnostics,Changing sequencing,50%,200%,fig_3b,2,1,1.0635
2021-09-22,ZA,206,Omicron BA.1,Community,1.003445135535873,2021-09-21,1,Changing diagnostics,Changing sequencing,100%,200%,fig_3b,2,1,1.0635
2021-09-22,ZA,206,Omicron BA.1,Community,1.003445135535873,2021-09-21,1,Changing diagnostics,Changing sequencing,150%,200%,fig_3b,2,1,1.0635
2021-09-22,ZA,206,Omicron BA.1,Community,1.003445135535873,2021-09-21,1,Changing diagnostics,Changing sequencing,200%,200%,fig_3b,2,1,1.0635
2021-09-22,ZA,207,Omicron BA.1,Community,1.0635017022512365,2021-09-21,1,Changing diagnostics,Changing sequencing,10%,200%,fig_3b,2,1,1.0635
2021-09-22,ZA,207,Omicron BA.1,Community,1.063501702251237,2021-09-21,1,Changing diagnostics,Changing sequencing,50%,200%,fig_3b,2,1,1.0635
2021-09-22,ZA,207,Omicron BA.1,Community,1.063501702251237,2021-09-21,1,Changing diagnostics,Changing sequencing,100%,200%,fig_3b,2,1,1.0635
2021-09-22,ZA,207,Omicron BA.1,Community,1.0635017022512367,2021-09-21,1,Changing diagnostics,Changing sequencing,150%,200%,fig_3b,2,1,1.0635
2021-09-22,ZA,207,Omicron BA.1,Community,1.063501702251237,2021-09-21,1,Changing diagnostics,Changing sequencing,200%,200%,fig_3b,2,1,1.0635
2021-09-22,ZA,208,Omicron BA.1,Community,1.0009427785893992,2021-09-21,1,Changing diagnostics,Changing sequencing,10%,200%,fig_3b,2,1,1.0635
2021-09-22,ZA,208,Omicron BA.1,Community,1.0009427785893994,2021-09-21,1,Changing diagnostics,Changing sequencing,50%,200%,fig_3b,2,1,1.0635
2021-09-22,ZA,208,Omicron BA.1,Community,1.0009427785893994,2021-09-21,1,Changing diagnostics,Changing sequencing,100%,200%,fig_3b,2,1,1.0635
2021-09-22,ZA,208,Omicron BA.1,Community,1.0009427785893994,2021-09-21,1,Changing diagnostics,Changing sequencing,150%,200%,fig_3b,2,1,1.0635
2021-09-22,ZA,208,Omicron BA.1,Community,1.0009427785893994,2021-09-21,1,Changing diagnostics,Changing sequencing,200%,200%,fig_3b,2,1,1.0635
2021-09-22,ZA,209,Omicron BA.1,Community,1.0635017022512367,2021-09-21,1,Changing diagnostics,Changing sequencing,10%,200%,fig_3b,2,1,1.0635
2021-09-22,ZA,209,Omicron BA.1,Community,1.0635017022512367,2021-09-21,1,Changing diagnostics,Changing sequencing,50%,200%,fig_3b,2,1,1.0635
2021-09-22,ZA,209,Omicron BA.1,Community,1.0635017022512367,2021-09-21,1,Changing diagnostics,Changing sequencing,100%,200%,fig_3b,2,1,1.0635
2021-09-22,ZA,209,Omicron BA.1,Community,1.0635017022512367,2021-09-21,1,Changing diagnostics,Changing sequencing,150%,200%,fig_3b,2,1,1.0635
2021-09-22,ZA,209,Omicron BA.1,Community,1.0635017022512367,2021-09-21,1,Changing diagnostics,Changing sequencing,200%,200%,fig_3b,2,1,1.0635
2021-09-22,ZA,21,Omicron BA.1,Community,1.0234639911076606,2021-09-21,1,Changing diagnostics,Changing sequencing,10%,200%,fig_3b,2,1,1.0635
2021-09-22,ZA,21,Omicron BA.1,Community,1.0234639911076606,2021-09-21,1,Changing diagnostics,Changing sequencing,50%,200%,fig_3b,2,1,1.0635
2021-09-22,ZA,21,Omicron BA.1,Community,1.0234639911076606,2021-09-21,1,Changing diagnostics,Changing sequencing,100%,200%,fig_3b,2,1,1.0635
2021-09-22,ZA,21,Omicron BA.1,Community,1.0234639911076608,2021-09-21,1,Changing diagnostics,Changing sequencing,150%,200%,fig_3b,2,1,1.0635
2021-09-22,ZA,21,Omicron BA.1,Community,1.0234639911076606,2021-09-21,1,Changing diagnostics,Changing sequencing,200%,200%,fig_3b,2,1,1.0635
2021-09-22,ZA,210,Omicron BA.1,Community,1.1010370564483392,2021-09-21,1,Changing diagnostics,Changing sequencing,10%,200%,fig_3b,2,1,1.0635
2021-09-22,ZA,210,Omicron BA.1,Community,1.101037056448339,2021-09-21,1,Changing diagnostics,Changing sequencing,50%,200%,fig_3b,2,1,1.0635
2021-09-22,ZA,210,Omicron BA.1,Community,1.101037056448339,2021-09-21,1,Changing diagnostics,Changing sequencing,100%,200%,fig_3b,2,1,1.0635
2021-09-22,ZA,210,Omicron BA.1,Community,1.1010370564483392,2021-09-21,1,Changing diagnostics,Changing sequencing,150%,200%,fig_3b,2,1,1.0635
2021-09-22,ZA,210,Omicron BA.1,Community,1.101037056448339,2021-09-21,1,Changing diagnostics,Changing sequencing,200%,200%,fig_3b,2,1,1.0635
2021-09-22,ZA,211,Omicron BA.1,Community,1.045985203625922,2021-09-21,1,Changing diagnostics,Changing sequencing,10%,200%,fig_3b,2,1,1.0635
2021-09-22,ZA,211,Omicron BA.1,Community,1.0459852036259223,2021-09-21,1,Changing diagnostics,Changing sequencing,50%,200%,fig_3b,2,1,1.0635
2021-09-22,ZA,211,Omicron BA.1,Community,1.0459852036259223,2021-09-21,1,Changing diagnostics,Changing sequencing,100%,200%,fig_3b,2,1,1.0635
2021-09-22,ZA,211,Omicron BA.1,Community,1.045985203625922,2021-09-21,1,Changing diagnostics,Changing sequencing,150%,200%,fig_3b,2,1,1.0635
2021-09-22,ZA,211,Omicron BA.1,Community,1.0459852036259223,2021-09-21,1,Changing diagnostics,Changing sequencing,200%,200%,fig_3b,2,1,1.0635
2021-09-22,ZA,212,Omicron BA.1,Community,1.0635017022512367,2021-09-21,1,Changing diagnostics,Changing sequencing,10%,200%,fig_3b,2,1,1.0635
2021-09-22,ZA,212,Omicron BA.1,Community,1.0635017022512367,2021-09-21,1,Changing diagnostics,Changing sequencing,50%,200%,fig_3b,2,1,1.0635
2021-09-22,ZA,212,Omicron BA.1,Community,1.0635017022512367,2021-09-21,1,Changing diagnostics,Changing sequencing,100%,200%,fig_3b,2,1,1.0635
2021-09-22,ZA,212,Omicron BA.1,Community,1.0635017022512365,2021-09-21,1,Changing diagnostics,Changing sequencing,150%,200%,fig_3b,2,1,1.0635
2021-09-22,ZA,212,Omicron BA.1,Community,1.0635017022512367,2021-09-21,1,Changing diagnostics,Changing sequencing,200%,200%,fig_3b,2,1,1.0635
2021-09-24,ZA,213,Omicron BA.1,Community,1.1049219993409147,2021-09-21,3,Changing diagnostics,Changing sequencing,10%,200%,fig_3b,2,1,1.0635
2021-09-24,ZA,213,Omicron BA.1,Community,1.1049219993409147,2021-09-21,3,Changing diagnostics,Changing sequencing,50%,200%,fig_3b,2,1,1.0635
2021-09-24,ZA,213,Omicron BA.1,Community,1.1049219993409147,2021-09-21,3,Changing diagnostics,Changing sequencing,100%,200%,fig_3b,2,1,1.0635
2021-09-24,ZA,213,Omicron BA.1,Community,1.1049219993409147,2021-09-21,3,Changing diagnostics,Changing sequencing,150%,200%,fig_3b,2,1,1.0635
2021-09-24,ZA,213,Omicron BA.1,Community,1.1049219993409147,2021-09-21,3,Changing diagnostics,Changing sequencing,200%,200%,fig_3b,2,1,1.0635
2021-09-22,ZA,214,Omicron BA.1,Community,1.0409804897329753,2021-09-21,1,Changing diagnostics,Changing sequencing,10%,200%,fig_3b,2,1,1.0635
2021-09-22,ZA,214,Omicron BA.1,Community,1.0409804897329755,2021-09-21,1,Changing diagnostics,Changing sequencing,50%,200%,fig_3b,2,1,1.0635
2021-09-22,ZA,214,Omicron BA.1,Community,1.0409804897329755,2021-09-21,1,Changing diagnostics,Changing sequencing,100%,200%,fig_3b,2,1,1.0635
2021-09-22,ZA,214,Omicron BA.1,Community,1.0409804897329755,2021-09-21,1,Changing diagnostics,Changing sequencing,150%,200%,fig_3b,2,1,1.0635
2021-09-22,ZA,214,Omicron BA.1,Community,1.0409804897329755,2021-09-21,1,Changing diagnostics,Changing sequencing,200%,200%,fig_3b,2,1,1.0635
2021-09-22,ZA,215,Omicron BA.1,Community,1.0910276286624454,2021-09-21,1,Changing diagnostics,Changing sequencing,10%,200%,fig_3b,2,1,1.0635
2021-09-22,ZA,215,Omicron BA.1,Community,1.091027628662445,2021-09-21,1,Changing diagnostics,Changing sequencing,50%,200%,fig_3b,2,1,1.0635
2021-09-22,ZA,215,Omicron BA.1,Community,1.091027628662445,2021-09-21,1,Changing diagnostics,Changing sequencing,100%,200%,fig_3b,2,1,1.0635
2021-09-22,ZA,215,Omicron BA.1,Community,1.0910276286624452,2021-09-21,1,Changing diagnostics,Changing sequencing,150%,200%,fig_3b,2,1,1.0635
2021-09-22,ZA,215,Omicron BA.1,Community,1.091027628662445,2021-09-21,1,Changing diagnostics,Changing sequencing,200%,200%,fig_3b,2,1,1.0635
2021-09-22,ZA,216,Omicron BA.1,Community,1.1085441272877596,2021-09-21,1,Changing diagnostics,Changing sequencing,10%,200%,fig_3b,2,1,1.0635
2021-09-22,ZA,216,Omicron BA.1,Community,1.1085441272877596,2021-09-21,1,Changing diagnostics,Changing sequencing,50%,200%,fig_3b,2,1,1.0635
2021-09-22,ZA,216,Omicron BA.1,Community,1.1085441272877596,2021-09-21,1,Changing diagnostics,Changing sequencing,100%,200%,fig_3b,2,1,1.0635
2021-09-22,ZA,216,Omicron BA.1,Community,1.1085441272877596,2021-09-21,1,Changing diagnostics,Changing sequencing,150%,200%,fig_3b,2,1,1.0635
2021-09-22,ZA,216,Omicron BA.1,Community,1.1085441272877596,2021-09-21,1,Changing diagnostics,Changing sequencing,200%,200%,fig_3b,2,1,1.0635
2021-09-22,ZA,217,Omicron BA.1,Community,1.0735111300371312,2021-09-21,1,Changing diagnostics,Changing sequencing,10%,200%,fig_3b,2,1,1.0635
2021-09-22,ZA,217,Omicron BA.1,Community,1.073511130037131,2021-09-21,1,Changing diagnostics,Changing sequencing,50%,200%,fig_3b,2,1,1.0635
2021-09-22,ZA,217,Omicron BA.1,Community,1.073511130037131,2021-09-21,1,Changing diagnostics,Changing sequencing,100%,200%,fig_3b,2,1,1.0635
2021-09-22,ZA,217,Omicron BA.1,Community,1.073511130037131,2021-09-21,1,Changing diagnostics,Changing sequencing,150%,200%,fig_3b,2,1,1.0635
2021-09-22,ZA,217,Omicron BA.1,Community,1.073511130037131,2021-09-21,1,Changing diagnostics,Changing sequencing,200%,200%,fig_3b,2,1,1.0635
2021-09-22,ZA,218,Omicron BA.1,Community,1.0609993453047637,2021-09-21,1,Changing diagnostics,Changing sequencing,10%,200%,fig_3b,2,1,1.0635
2021-09-22,ZA,218,Omicron BA.1,Community,1.0609993453047633,2021-09-21,1,Changing diagnostics,Changing sequencing,50%,200%,fig_3b,2,1,1.0635
2021-09-22,ZA,218,Omicron BA.1,Community,1.0609993453047633,2021-09-21,1,Changing diagnostics,Changing sequencing,100%,200%,fig_3b,2,1,1.0635
2021-09-22,ZA,218,Omicron BA.1,Community,1.0609993453047635,2021-09-21,1,Changing diagnostics,Changing sequencing,150%,200%,fig_3b,2,1,1.0635
2021-09-22,ZA,218,Omicron BA.1,Community,1.0609993453047633,2021-09-21,1,Changing diagnostics,Changing sequencing,200%,200%,fig_3b,2,1,1.0635
2021-09-22,ZA,219,Omicron BA.1,Community,1.0910276286624454,2021-09-21,1,Changing diagnostics,Changing sequencing,10%,200%,fig_3b,2,1,1.0635
2021-09-22,ZA,219,Omicron BA.1,Community,1.0910276286624452,2021-09-21,1,Changing diagnostics,Changing sequencing,50%,200%,fig_3b,2,1,1.0635
2021-09-22,ZA,219,Omicron BA.1,Community,1.0910276286624452,2021-09-21,1,Changing diagnostics,Changing sequencing,100%,200%,fig_3b,2,1,1.0635
2021-09-22,ZA,219,Omicron BA.1,Community,1.0910276286624454,2021-09-21,1,Changing diagnostics,Changing sequencing,150%,200%,fig_3b,2,1,1.0635
2021-09-22,ZA,219,Omicron BA.1,Community,1.0910276286624452,2021-09-21,1,Changing diagnostics,Changing sequencing,200%,200%,fig_3b,2,1,1.0635
2021-09-22,ZA,22,Omicron BA.1,Community,1.0810182008765512,2021-09-21,1,Changing diagnostics,Changing sequencing,10%,200%,fig_3b,2,1,1.0635
2021-09-22,ZA,22,Omicron BA.1,Community,1.0810182008765512,2021-09-21,1,Changing diagnostics,Changing sequencing,50%,200%,fig_3b,2,1,1.0635
2021-09-22,ZA,22,Omicron BA.1,Community,1.0810182008765512,2021-09-21,1,Changing diagnostics,Changing sequencing,100%,200%,fig_3b,2,1,1.0635
2021-09-22,ZA,22,Omicron BA.1,Community,1.0810182008765514,2021-09-21,1,Changing diagnostics,Changing sequencing,150%,200%,fig_3b,2,1,1.0635
2021-09-22,ZA,22,Omicron BA.1,Community,1.0810182008765512,2021-09-21,1,Changing diagnostics,Changing sequencing,200%,200%,fig_3b,2,1,1.0635
2021-09-22,ZA,220,Omicron BA.1,Community,1.0584969883582895,2021-09-21,1,Changing diagnostics,Changing sequencing,10%,200%,fig_3b,2,1,1.0635
2021-09-22,ZA,220,Omicron BA.1,Community,1.0584969883582895,2021-09-21,1,Changing diagnostics,Changing sequencing,50%,200%,fig_3b,2,1,1.0635
2021-09-22,ZA,220,Omicron BA.1,Community,1.0584969883582895,2021-09-21,1,Changing diagnostics,Changing sequencing,100%,200%,fig_3b,2,1,1.0635
2021-09-22,ZA,220,Omicron BA.1,Community,1.0584969883582895,2021-09-21,1,Changing diagnostics,Changing sequencing,150%,200%,fig_3b,2,1,1.0635
2021-09-22,ZA,220,Omicron BA.1,Community,1.0584969883582895,2021-09-21,1,Changing diagnostics,Changing sequencing,200%,200%,fig_3b,2,1,1.0635
2021-09-22,ZA,221,Omicron BA.1,Community,1.1060417703412864,2021-09-21,1,Changing diagnostics,Changing sequencing,10%,200%,fig_3b,2,1,1.0635
2021-09-22,ZA,221,Omicron BA.1,Community,1.1060417703412861,2021-09-21,1,Changing diagnostics,Changing sequencing,50%,200%,fig_3b,2,1,1.0635
2021-09-22,ZA,221,Omicron BA.1,Community,1.1060417703412861,2021-09-21,1,Changing diagnostics,Changing sequencing,100%,200%,fig_3b,2,1,1.0635
2021-09-22,ZA,221,Omicron BA.1,Community,1.1060417703412861,2021-09-21,1,Changing diagnostics,Changing sequencing,150%,200%,fig_3b,2,1,1.0635
2021-09-22,ZA,221,Omicron BA.1,Community,1.1060417703412861,2021-09-21,1,Changing diagnostics,Changing sequencing,200%,200%,fig_3b,2,1,1.0635
2021-09-22,ZA,222,Omicron BA.1,Community,1.0459852036259223,2021-09-21,1,Changing diagnostics,Changing sequencing,10%,200%,fig_3b,2,1,1.0635
2021-09-22,ZA,222,Omicron BA.1,Community,1.0459852036259223,2021-09-21,1,Changing diagnostics,Changing sequencing,50%,200%,fig_3b,2,1,1.0635
2021-09-22,ZA,222,Omicron BA.1,Community,1.0459852036259223,2021-09-21,1,Changing diagnostics,Changing sequencing,100%,200%,fig_3b,2,1,1.0635
2021-09-22,ZA,222,Omicron BA.1,Community,1.0459852036259223,2021-09-21,1,Changing diagnostics,Changing sequencing,150%,200%,fig_3b,2,1,1.0635
2021-09-22,ZA,222,Omicron BA.1,Community,1.0459852036259223,2021-09-21,1,Changing diagnostics,Changing sequencing,200%,200%,fig_3b,2,1,1.0635
2021-09-22,ZA,223,Omicron BA.1,Community,1.0835205578230247,2021-09-21,1,Changing diagnostics,Changing sequencing,10%,200%,fig_3b,2,1,1.0635
2021-09-22,ZA,223,Omicron BA.1,Community,1.0835205578230247,2021-09-21,1,Changing diagnostics,Changing sequencing,50%,200%,fig_3b,2,1,1.0635
2021-09-22,ZA,223,Omicron BA.1,Community,1.0835205578230247,2021-09-21,1,Changing diagnostics,Changing sequencing,100%,200%,fig_3b,2,1,1.0635
2021-09-22,ZA,223,Omicron BA.1,Community,1.0835205578230245,2021-09-21,1,Changing diagnostics,Changing sequencing,150%,200%,fig_3b,2,1,1.0635
2021-09-22,ZA,223,Omicron BA.1,Community,1.0835205578230247,2021-09-21,1,Changing diagnostics,Changing sequencing,200%,200%,fig_3b,2,1,1.0635
2021-09-22,ZA,224,Omicron BA.1,Community,1.0559946314118165,2021-09-21,1,Changing diagnostics,Changing sequencing,10%,200%,fig_3b,2,1,1.0635
2021-09-22,ZA,224,Omicron BA.1,Community,1.055994631411816,2021-09-21,1,Changing diagnostics,Changing sequencing,50%,200%,fig_3b,2,1,1.0635
2021-09-22,ZA,224,Omicron BA.1,Community,1.055994631411816,2021-09-21,1,Changing diagnostics,Changing sequencing,100%,200%,fig_3b,2,1,1.0635
2021-09-22,ZA,224,Omicron BA.1,Community,1.0559946314118165,2021-09-21,1,Changing diagnostics,Changing sequencing,150%,200%,fig_3b,2,1,1.0635
2021-09-22,ZA,224,Omicron BA.1,Community,1.055994631411816,2021-09-21,1,Changing diagnostics,Changing sequencing,200%,200%,fig_3b,2,1,1.0635
2021-09-22,ZA,225,Omicron BA.1,Community,1.0985346995018659,2021-09-21,1,Changing diagnostics,Changing sequencing,10%,200%,fig_3b,2,1,1.0635
2021-09-22,ZA,225,Omicron BA.1,Community,1.0985346995018659,2021-09-21,1,Changing diagnostics,Changing sequencing,50%,200%,fig_3b,2,1,1.0635
2021-09-22,ZA,225,Omicron BA.1,Community,1.0985346995018659,2021-09-21,1,Changing diagnostics,Changing sequencing,100%,200%,fig_3b,2,1,1.0635
2021-09-22,ZA,225,Omicron BA.1,Community,1.0985346995018657,2021-09-21,1,Changing diagnostics,Changing sequencing,150%,200%,fig_3b,2,1,1.0635
2021-09-22,ZA,225,Omicron BA.1,Community,1.0985346995018659,2021-09-21,1,Changing diagnostics,Changing sequencing,200%,200%,fig_3b,2,1,1.0635
2021-09-22,ZA,226,Omicron BA.1,Community,1.1160511981271803,2021-09-21,1,Changing diagnostics,Changing sequencing,10%,200%,fig_3b,2,1,1.0635
2021-09-22,ZA,226,Omicron BA.1,Community,1.1160511981271803,2021-09-21,1,Changing diagnostics,Changing sequencing,50%,200%,fig_3b,2,1,1.0635
2021-09-22,ZA,226,Omicron BA.1,Community,1.1160511981271803,2021-09-21,1,Changing diagnostics,Changing sequencing,100%,200%,fig_3b,2,1,1.0635
2021-09-22,ZA,226,Omicron BA.1,Community,1.1160511981271801,2021-09-21,1,Changing diagnostics,Changing sequencing,150%,200%,fig_3b,2,1,1.0635
2021-09-22,ZA,226,Omicron BA.1,Community,1.1160511981271803,2021-09-21,1,Changing diagnostics,Changing sequencing,200%,200%,fig_3b,2,1,1.0635
2021-09-22,ZA,227,Omicron BA.1,Community,1.0760134869836044,2021-09-21,1,Changing diagnostics,Changing sequencing,10%,200%,fig_3b,2,1,1.0635
2021-09-22,ZA,227,Omicron BA.1,Community,1.076013486983604,2021-09-21,1,Changing diagnostics,Changing sequencing,50%,200%,fig_3b,2,1,1.0635
2021-09-22,ZA,227,Omicron BA.1,Community,1.076013486983604,2021-09-21,1,Changing diagnostics,Changing sequencing,100%,200%,fig_3b,2,1,1.0635
2021-09-22,ZA,227,Omicron BA.1,Community,1.0760134869836044,2021-09-21,1,Changing diagnostics,Changing sequencing,150%,200%,fig_3b,2,1,1.0635
2021-09-22,ZA,227,Omicron BA.1,Community,1.076013486983604,2021-09-21,1,Changing diagnostics,Changing sequencing,200%,200%,fig_3b,2,1,1.0635
2021-09-22,ZA,228,Omicron BA.1,Community,1.0234639911076608,2021-09-21,1,Changing diagnostics,Changing sequencing,10%,200%,fig_3b,2,1,1.0635
2021-09-22,ZA,228,Omicron BA.1,Community,1.0234639911076606,2021-09-21,1,Changing diagnostics,Changing sequencing,50%,200%,fig_3b,2,1,1.0635
2021-09-22,ZA,228,Omicron BA.1,Community,1.0234639911076606,2021-09-21,1,Changing diagnostics,Changing sequencing,100%,200%,fig_3b,2,1,1.0635
2021-09-22,ZA,228,Omicron BA.1,Community,1.0234639911076608,2021-09-21,1,Changing diagnostics,Changing sequencing,150%,200%,fig_3b,2,1,1.0635
2021-09-22,ZA,228,Omicron BA.1,Community,1.0234639911076606,2021-09-21,1,Changing diagnostics,Changing sequencing,200%,200%,fig_3b,2,1,1.0635
2021-09-22,ZA,229,Omicron BA.1,Community,1.0960323425553924,2021-09-21,1,Changing diagnostics,Changing sequencing,10%,200%,fig_3b,2,1,1.0635
2021-09-22,ZA,229,Omicron BA.1,Community,1.0960323425553924,2021-09-21,1,Changing diagnostics,Changing sequencing,50%,200%,fig_3b,2,1,1.0635
2021-09-22,ZA,229,Omicron BA.1,Community,1.0960323425553924,2021-09-21,1,Changing diagnostics,Changing sequencing,100%,200%,fig_3b,2,1,1.0635
2021-09-22,ZA,229,Omicron BA.1,Community,1.0960323425553924,2021-09-21,1,Changing diagnostics,Changing sequencing,150%,200%,fig_3b,2,1,1.0635
2021-09-22,ZA,229,Omicron BA.1,Community,1.0960323425553924,2021-09-21,1,Changing diagnostics,Changing sequencing,200%,200%,fig_3b,2,1,1.0635
2021-09-22,ZA,23,Omicron BA.1,Community,1.0609993453047633,2021-09-21,1,Changing diagnostics,Changing sequencing,10%,200%,fig_3b,2,1,1.0635
2021-09-22,ZA,23,Omicron BA.1,Community,1.0609993453047633,2021-09-21,1,Changing diagnostics,Changing sequencing,50%,200%,fig_3b,2,1,1.0635
2021-09-22,ZA,23,Omicron BA.1,Community,1.0609993453047633,2021-09-21,1,Changing diagnostics,Changing sequencing,100%,200%,fig_3b,2,1,1.0635
2021-09-22,ZA,23,Omicron BA.1,Community,1.0609993453047633,2021-09-21,1,Changing diagnostics,Changing sequencing,150%,200%,fig_3b,2,1,1.0635
2021-09-22,ZA,23,Omicron BA.1,Community,1.0609993453047633,2021-09-21,1,Changing diagnostics,Changing sequencing,200%,200%,fig_3b,2,1,1.0635
2021-09-22,ZA,230,Omicron BA.1,Community,1.136070053698968,2021-09-21,1,Changing diagnostics,Changing sequencing,10%,200%,fig_3b,2,1,1.0635
2021-09-22,ZA,230,Omicron BA.1,Community,1.136070053698968,2021-09-21,1,Changing diagnostics,Changing sequencing,50%,200%,fig_3b,2,1,1.0635
2021-09-22,ZA,230,Omicron BA.1,Community,1.136070053698968,2021-09-21,1,Changing diagnostics,Changing sequencing,100%,200%,fig_3b,2,1,1.0635
2021-09-22,ZA,230,Omicron BA.1,Community,1.136070053698968,2021-09-21,1,Changing diagnostics,Changing sequencing,150%,200%,fig_3b,2,1,1.0635
2021-09-22,ZA,230,Omicron BA.1,Community,1.136070053698968,2021-09-21,1,Changing diagnostics,Changing sequencing,200%,200%,fig_3b,2,1,1.0635
2021-09-22,ZA,231,Omicron BA.1,Community,1.0609993453047635,2021-09-21,1,Changing diagnostics,Changing sequencing,10%,200%,fig_3b,2,1,1.0635
2021-09-22,ZA,231,Omicron BA.1,Community,1.0609993453047635,2021-09-21,1,Changing diagnostics,Changing sequencing,50%,200%,fig_3b,2,1,1.0635
2021-09-22,ZA,231,Omicron BA.1,Community,1.0609993453047635,2021-09-21,1,Changing diagnostics,Changing sequencing,100%,200%,fig_3b,2,1,1.0635
2021-09-22,ZA,231,Omicron BA.1,Community,1.0609993453047633,2021-09-21,1,Changing diagnostics,Changing sequencing,150%,200%,fig_3b,2,1,1.0635
2021-09-22,ZA,231,Omicron BA.1,Community,1.0609993453047635,2021-09-21,1,Changing diagnostics,Changing sequencing,200%,200%,fig_3b,2,1,1.0635
2021-09-24,ZA,232,Omicron BA.1,Community,1.0467682099019189,2021-09-21,3,Changing diagnostics,Changing sequencing,10%,200%,fig_3b,2,1,1.0635
2021-09-24,ZA,232,Omicron BA.1,Community,1.0467682099019189,2021-09-21,3,Changing diagnostics,Changing sequencing,50%,200%,fig_3b,2,1,1.0635
2021-09-24,ZA,232,Omicron BA.1,Community,1.0467682099019189,2021-09-21,3,Changing diagnostics,Changing sequencing,100%,200%,fig_3b,2,1,1.0635
2021-09-24,ZA,232,Omicron BA.1,Community,1.0467682099019189,2021-09-21,3,Changing diagnostics,Changing sequencing,150%,200%,fig_3b,2,1,1.0635
2021-09-24,ZA,232,Omicron BA.1,Community,1.0467682099019189,2021-09-21,3,Changing diagnostics,Changing sequencing,200%,200%,fig_3b,2,1,1.0635
2021-09-22,ZA,233,Omicron BA.1,Community,1.0159569202682404,2021-09-21,1,Changing diagnostics,Changing sequencing,10%,200%,fig_3b,2,1,1.0635
2021-09-22,ZA,233,Omicron BA.1,Community,1.0159569202682404,2021-09-21,1,Changing diagnostics,Changing sequencing,50%,200%,fig_3b,2,1,1.0635
2021-09-22,ZA,233,Omicron BA.1,Community,1.0159569202682404,2021-09-21,1,Changing diagnostics,Changing sequencing,100%,200%,fig_3b,2,1,1.0635
2021-09-22,ZA,233,Omicron BA.1,Community,1.0159569202682404,2021-09-21,1,Changing diagnostics,Changing sequencing,150%,200%,fig_3b,2,1,1.0635
2021-09-22,ZA,233,Omicron BA.1,Community,1.0159569202682404,2021-09-21,1,Changing diagnostics,Changing sequencing,200%,200%,fig_3b,2,1,1.0635
2021-09-24,ZA,234,Omicron BA.1,Community,1.0214839536240952,2021-09-21,3,Changing diagnostics,Changing sequencing,10%,200%,fig_3b,2,1,1.0635
2021-09-24,ZA,234,Omicron BA.1,Community,1.021483953624095,2021-09-21,3,Changing diagnostics,Changing sequencing,50%,200%,fig_3b,2,1,1.0635
2021-09-24,ZA,234,Omicron BA.1,Community,1.021483953624095,2021-09-21,3,Changing diagnostics,Changing sequencing,100%,200%,fig_3b,2,1,1.0635
2021-09-24,ZA,234,Omicron BA.1,Community,1.0214839536240947,2021-09-21,3,Changing diagnostics,Changing sequencing,150%,200%,fig_3b,2,1,1.0635
2021-09-24,ZA,234,Omicron BA.1,Community,1.021483953624095,2021-09-21,3,Changing diagnostics,Changing sequencing,200%,200%,fig_3b,2,1,1.0635
2021-09-24,ZA,235,Omicron BA.1,Community,1.0897514455742199,2021-09-21,3,Changing diagnostics,Changing sequencing,10%,200%,fig_3b,2,1,1.0635
2021-09-24,ZA,235,Omicron BA.1,Community,1.08975144557422,2021-09-21,3,Changing diagnostics,Changing sequencing,50%,200%,fig_3b,2,1,1.0635
2021-09-24,ZA,235,Omicron BA.1,Community,1.08975144557422,2021-09-21,3,Changing diagnostics,Changing sequencing,100%,200%,fig_3b,2,1,1.0635
2021-09-24,ZA,235,Omicron BA.1,Community,1.08975144557422,2021-09-21,3,Changing diagnostics,Changing sequencing,150%,200%,fig_3b,2,1,1.0635
2021-09-24,ZA,235,Omicron BA.1,Community,1.08975144557422,2021-09-21,3,Changing diagnostics,Changing sequencing,200%,200%,fig_3b,2,1,1.0635
2021-09-22,ZA,236,Omicron BA.1,Community,1.081018200876551,2021-09-21,1,Changing diagnostics,Changing sequencing,10%,200%,fig_3b,2,1,1.0635
2021-09-22,ZA,236,Omicron BA.1,Community,1.0810182008765512,2021-09-21,1,Changing diagnostics,Changing sequencing,50%,200%,fig_3b,2,1,1.0635
2021-09-22,ZA,236,Omicron BA.1,Community,1.0810182008765512,2021-09-21,1,Changing diagnostics,Changing sequencing,100%,200%,fig_3b,2,1,1.0635
2021-09-22,ZA,236,Omicron BA.1,Community,1.0810182008765512,2021-09-21,1,Changing diagnostics,Changing sequencing,150%,200%,fig_3b,2,1,1.0635
2021-09-22,ZA,236,Omicron BA.1,Community,1.0810182008765512,2021-09-21,1,Changing diagnostics,Changing sequencing,200%,200%,fig_3b,2,1,1.0635
2021-09-22,ZA,237,Omicron BA.1,Community,1.073511130037131,2021-09-21,1,Changing diagnostics,Changing sequencing,10%,200%,fig_3b,2,1,1.0635
2021-09-22,ZA,237,Omicron BA.1,Community,1.0735111300371307,2021-09-21,1,Changing diagnostics,Changing sequencing,50%,200%,fig_3b,2,1,1.0635
2021-09-22,ZA,237,Omicron BA.1,Community,1.0735111300371307,2021-09-21,1,Changing diagnostics,Changing sequencing,100%,200%,fig_3b,2,1,1.0635
2021-09-22,ZA,237,Omicron BA.1,Community,1.073511130037131,2021-09-21,1,Changing diagnostics,Changing sequencing,150%,200%,fig_3b,2,1,1.0635
2021-09-22,ZA,237,Omicron BA.1,Community,1.0735111300371307,2021-09-21,1,Changing diagnostics,Changing sequencing,200%,200%,fig_3b,2,1,1.0635
2021-09-22,ZA,238,Omicron BA.1,Community,1.0209616341611873,2021-09-21,1,Changing diagnostics,Changing sequencing,10%,200%,fig_3b,2,1,1.0635
2021-09-22,ZA,238,Omicron BA.1,Community,1.0209616341611871,2021-09-21,1,Changing diagnostics,Changing sequencing,50%,200%,fig_3b,2,1,1.0635
2021-09-22,ZA,238,Omicron BA.1,Community,1.0209616341611871,2021-09-21,1,Changing diagnostics,Changing sequencing,100%,200%,fig_3b,2,1,1.0635
2021-09-22,ZA,238,Omicron BA.1,Community,1.0209616341611873,2021-09-21,1,Changing diagnostics,Changing sequencing,150%,200%,fig_3b,2,1,1.0635
2021-09-22,ZA,238,Omicron BA.1,Community,1.0209616341611871,2021-09-21,1,Changing diagnostics,Changing sequencing,200%,200%,fig_3b,2,1,1.0635
2021-09-22,ZA,239,Omicron BA.1,Community,1.078515843930078,2021-09-21,1,Changing diagnostics,Changing sequencing,10%,200%,fig_3b,2,1,1.0635
2021-09-22,ZA,239,Omicron BA.1,Community,1.0785158439300777,2021-09-21,1,Changing diagnostics,Changing sequencing,50%,200%,fig_3b,2,1,1.0635
2021-09-22,ZA,239,Omicron BA.1,Community,1.0785158439300777,2021-09-21,1,Changing diagnostics,Changing sequencing,100%,200%,fig_3b,2,1,1.0635
2021-09-22,ZA,239,Omicron BA.1,Community,1.0785158439300777,2021-09-21,1,Changing diagnostics,Changing sequencing,150%,200%,fig_3b,2,1,1.0635
2021-09-22,ZA,239,Omicron BA.1,Community,1.0785158439300777,2021-09-21,1,Changing diagnostics,Changing sequencing,200%,200%,fig_3b,2,1,1.0635
2021-09-22,ZA,24,Omicron BA.1,Community,1.018459277214714,2021-09-21,1,Changing diagnostics,Changing sequencing,10%,200%,fig_3b,2,1,1.0635
2021-09-22,ZA,24,Omicron BA.1,Community,1.0184592772147136,2021-09-21,1,Changing diagnostics,Changing sequencing,50%,200%,fig_3b,2,1,1.0635
2021-09-22,ZA,24,Omicron BA.1,Community,1.0184592772147136,2021-09-21,1,Changing diagnostics,Changing sequencing,100%,200%,fig_3b,2,1,1.0635
2021-09-22,ZA,24,Omicron BA.1,Community,1.0184592772147139,2021-09-21,1,Changing diagnostics,Changing sequencing,150%,200%,fig_3b,2,1,1.0635
2021-09-22,ZA,24,Omicron BA.1,Community,1.0184592772147136,2021-09-21,1,Changing diagnostics,Changing sequencing,200%,200%,fig_3b,2,1,1.0635
2021-09-22,ZA,240,Omicron BA.1,Community,1.0384781327865018,2021-09-21,1,Changing diagnostics,Changing sequencing,10%,200%,fig_3b,2,1,1.0635
2021-09-22,ZA,240,Omicron BA.1,Community,1.0384781327865018,2021-09-21,1,Changing diagnostics,Changing sequencing,50%,200%,fig_3b,2,1,1.0635
2021-09-22,ZA,240,Omicron BA.1,Community,1.0384781327865018,2021-09-21,1,Changing diagnostics,Changing sequencing,100%,200%,fig_3b,2,1,1.0635
2021-09-22,ZA,240,Omicron BA.1,Community,1.0384781327865018,2021-09-21,1,Changing diagnostics,Changing sequencing,150%,200%,fig_3b,2,1,1.0635
2021-09-22,ZA,240,Omicron BA.1,Community,1.0384781327865018,2021-09-21,1,Changing diagnostics,Changing sequencing,200%,200%,fig_3b,2,1,1.0635
2021-09-22,ZA,241,Omicron BA.1,Community,1.0534922744653423,2021-09-21,1,Changing diagnostics,Changing sequencing,10%,200%,fig_3b,2,1,1.0635
2021-09-22,ZA,241,Omicron BA.1,Community,1.0534922744653428,2021-09-21,1,Changing diagnostics,Changing sequencing,50%,200%,fig_3b,2,1,1.0635
2021-09-22,ZA,241,Omicron BA.1,Community,1.0534922744653428,2021-09-21,1,Changing diagnostics,Changing sequencing,100%,200%,fig_3b,2,1,1.0635
2021-09-22,ZA,241,Omicron BA.1,Community,1.0534922744653428,2021-09-21,1,Changing diagnostics,Changing sequencing,150%,200%,fig_3b,2,1,1.0635
2021-09-22,ZA,241,Omicron BA.1,Community,1.0534922744653428,2021-09-21,1,Changing diagnostics,Changing sequencing,200%,200%,fig_3b,2,1,1.0635
2021-09-22,ZA,242,Omicron BA.1,Community,1.0810182008765512,2021-09-21,1,Changing diagnostics,Changing sequencing,10%,200%,fig_3b,2,1,1.0635
2021-09-22,ZA,242,Omicron BA.1,Community,1.0810182008765514,2021-09-21,1,Changing diagnostics,Changing sequencing,50%,200%,fig_3b,2,1,1.0635
2021-09-22,ZA,242,Omicron BA.1,Community,1.0810182008765514,2021-09-21,1,Changing diagnostics,Changing sequencing,100%,200%,fig_3b,2,1,1.0635
2021-09-22,ZA,242,Omicron BA.1,Community,1.0810182008765514,2021-09-21,1,Changing diagnostics,Changing sequencing,150%,200%,fig_3b,2,1,1.0635
2021-09-22,ZA,242,Omicron BA.1,Community,1.0810182008765514,2021-09-21,1,Changing diagnostics,Changing sequencing,200%,200%,fig_3b,2,1,1.0635
2021-09-22,ZA,243,Omicron BA.1,Community,1.003445135535873,2021-09-21,1,Changing diagnostics,Changing sequencing,10%,200%,fig_3b,2,1,1.0635
2021-09-22,ZA,243,Omicron BA.1,Community,1.003445135535873,2021-09-21,1,Changing diagnostics,Changing sequencing,50%,200%,fig_3b,2,1,1.0635
2021-09-22,ZA,243,Omicron BA.1,Community,1.003445135535873,2021-09-21,1,Changing diagnostics,Changing sequencing,100%,200%,fig_3b,2,1,1.0635
2021-09-22,ZA,243,Omicron BA.1,Community,1.0034451355358727,2021-09-21,1,Changing diagnostics,Changing sequencing,150%,200%,fig_3b,2,1,1.0635
2021-09-22,ZA,243,Omicron BA.1,Community,1.003445135535873,2021-09-21,1,Changing diagnostics,Changing sequencing,200%,200%,fig_3b,2,1,1.0635
2021-09-22,ZA,244,Omicron BA.1,Community,1.0885252717159717,2021-09-21,1,Changing diagnostics,Changing sequencing,10%,200%,fig_3b,2,1,1.0635
2021-09-22,ZA,244,Omicron BA.1,Community,1.088525271715972,2021-09-21,1,Changing diagnostics,Changing sequencing,50%,200%,fig_3b,2,1,1.0635
2021-09-22,ZA,244,Omicron BA.1,Community,1.088525271715972,2021-09-21,1,Changing diagnostics,Changing sequencing,100%,200%,fig_3b,2,1,1.0635
2021-09-22,ZA,244,Omicron BA.1,Community,1.0885252717159717,2021-09-21,1,Changing diagnostics,Changing sequencing,150%,200%,fig_3b,2,1,1.0635
2021-09-22,ZA,244,Omicron BA.1,Community,1.088525271715972,2021-09-21,1,Changing diagnostics,Changing sequencing,200%,200%,fig_3b,2,1,1.0635
2021-09-22,ZA,245,Omicron BA.1,Community,1.0159569202682404,2021-09-21,1,Changing diagnostics,Changing sequencing,10%,200%,fig_3b,2,1,1.0635
2021-09-22,ZA,245,Omicron BA.1,Community,1.0159569202682406,2021-09-21,1,Changing diagnostics,Changing sequencing,50%,200%,fig_3b,2,1,1.0635
2021-09-22,ZA,245,Omicron BA.1,Community,1.0159569202682406,2021-09-21,1,Changing diagnostics,Changing sequencing,100%,200%,fig_3b,2,1,1.0635
2021-09-22,ZA,245,Omicron BA.1,Community,1.0159569202682401,2021-09-21,1,Changing diagnostics,Changing sequencing,150%,200%,fig_3b,2,1,1.0635
2021-09-22,ZA,245,Omicron BA.1,Community,1.0159569202682406,2021-09-21,1,Changing diagnostics,Changing sequencing,200%,200%,fig_3b,2,1,1.0635
2021-09-22,ZA,246,Omicron BA.1,Community,1.0534922744653425,2021-09-21,1,Changing diagnostics,Changing sequencing,10%,200%,fig_3b,2,1,1.0635
2021-09-22,ZA,246,Omicron BA.1,Community,1.0534922744653425,2021-09-21,1,Changing diagnostics,Changing sequencing,50%,200%,fig_3b,2,1,1.0635
2021-09-22,ZA,246,Omicron BA.1,Community,1.0534922744653425,2021-09-21,1,Changing diagnostics,Changing sequencing,100%,200%,fig_3b,2,1,1.0635
2021-09-22,ZA,246,Omicron BA.1,Community,1.0534922744653425,2021-09-21,1,Changing diagnostics,Changing sequencing,150%,200%,fig_3b,2,1,1.0635
2021-09-22,ZA,246,Omicron BA.1,Community,1.0534922744653425,2021-09-21,1,Changing diagnostics,Changing sequencing,200%,200%,fig_3b,2,1,1.0635
2021-09-22,ZA,247,Omicron BA.1,Community,1.0084498494288197,2021-09-21,1,Changing diagnostics,Changing sequencing,10%,200%,fig_3b,2,1,1.0635
2021-09-22,ZA,247,Omicron BA.1,Community,1.0084498494288199,2021-09-21,1,Changing diagnostics,Changing sequencing,50%,200%,fig_3b,2,1,1.0635
2021-09-22,ZA,247,Omicron BA.1,Community,1.0084498494288199,2021-09-21,1,Changing diagnostics,Changing sequencing,100%,200%,fig_3b,2,1,1.0635
2021-09-22,ZA,247,Omicron BA.1,Community,1.0084498494288197,2021-09-21,1,Changing diagnostics,Changing sequencing,150%,200%,fig_3b,2,1,1.0635
2021-09-22,ZA,247,Omicron BA.1,Community,1.0084498494288199,2021-09-21,1,Changing diagnostics,Changing sequencing,200%,200%,fig_3b,2,1,1.0635
2021-09-22,ZA,248,Omicron BA.1,Community,1.0534922744653425,2021-09-21,1,Changing diagnostics,Changing sequencing,10%,200%,fig_3b,2,1,1.0635
2021-09-22,ZA,248,Omicron BA.1,Community,1.0534922744653425,2021-09-21,1,Changing diagnostics,Changing sequencing,50%,200%,fig_3b,2,1,1.0635
2021-09-22,ZA,248,Omicron BA.1,Community,1.0534922744653425,2021-09-21,1,Changing diagnostics,Changing sequencing,100%,200%,fig_3b,2,1,1.0635
2021-09-22,ZA,248,Omicron BA.1,Community,1.0534922744653428,2021-09-21,1,Changing diagnostics,Changing sequencing,150%,200%,fig_3b,2,1,1.0635
2021-09-22,ZA,248,Omicron BA.1,Community,1.0534922744653425,2021-09-21,1,Changing diagnostics,Changing sequencing,200%,200%,fig_3b,2,1,1.0635
2021-09-22,ZA,249,Omicron BA.1,Community,1.003445135535873,2021-09-21,1,Changing diagnostics,Changing sequencing,10%,200%,fig_3b,2,1,1.0635
2021-09-22,ZA,249,Omicron BA.1,Community,1.003445135535873,2021-09-21,1,Changing diagnostics,Changing sequencing,50%,200%,fig_3b,2,1,1.0635
2021-09-22,ZA,249,Omicron BA.1,Community,1.003445135535873,2021-09-21,1,Changing diagnostics,Changing sequencing,100%,200%,fig_3b,2,1,1.0635
2021-09-22,ZA,249,Omicron BA.1,Community,1.003445135535873,2021-09-21,1,Changing diagnostics,Changing sequencing,150%,200%,fig_3b,2,1,1.0635
2021-09-22,ZA,249,Omicron BA.1,Community,1.003445135535873,2021-09-21,1,Changing diagnostics,Changing sequencing,200%,200%,fig_3b,2,1,1.0635
2021-09-22,ZA,25,Omicron BA.1,Community,1.045985203625922,2021-09-21,1,Changing diagnostics,Changing sequencing,10%,200%,fig_3b,2,1,1.0635
2021-09-22,ZA,25,Omicron BA.1,Community,1.045985203625922,2021-09-21,1,Changing diagnostics,Changing sequencing,50%,200%,fig_3b,2,1,1.0635
2021-09-22,ZA,25,Omicron BA.1,Community,1.045985203625922,2021-09-21,1,Changing diagnostics,Changing sequencing,100%,200%,fig_3b,2,1,1.0635
2021-09-22,ZA,25,Omicron BA.1,Community,1.045985203625922,2021-09-21,1,Changing diagnostics,Changing sequencing,150%,200%,fig_3b,2,1,1.0635
2021-09-22,ZA,25,Omicron BA.1,Community,1.045985203625922,2021-09-21,1,Changing diagnostics,Changing sequencing,200%,200%,fig_3b,2,1,1.0635
2021-09-22,ZA,250,Omicron BA.1,Community,1.0760134869836044,2021-09-21,1,Changing diagnostics,Changing sequencing,10%,200%,fig_3b,2,1,1.0635
2021-09-22,ZA,250,Omicron BA.1,Community,1.0760134869836042,2021-09-21,1,Changing diagnostics,Changing sequencing,50%,200%,fig_3b,2,1,1.0635
2021-09-22,ZA,250,Omicron BA.1,Community,1.0760134869836042,2021-09-21,1,Changing diagnostics,Changing sequencing,100%,200%,fig_3b,2,1,1.0635
2021-09-22,ZA,250,Omicron BA.1,Community,1.0760134869836044,2021-09-21,1,Changing diagnostics,Changing sequencing,150%,200%,fig_3b,2,1,1.0635
2021-09-22,ZA,250,Omicron BA.1,Community,1.0760134869836042,2021-09-21,1,Changing diagnostics,Changing sequencing,200%,200%,fig_3b,2,1,1.0635
2021-09-22,ZA,251,Omicron BA.1,Community,1.0159569202682404,2021-09-21,1,Changing diagnostics,Changing sequencing,10%,200%,fig_3b,2,1,1.0635
2021-09-22,ZA,251,Omicron BA.1,Community,1.0159569202682406,2021-09-21,1,Changing diagnostics,Changing sequencing,50%,200%,fig_3b,2,1,1.0635
2021-09-22,ZA,251,Omicron BA.1,Community,1.0159569202682406,2021-09-21,1,Changing diagnostics,Changing sequencing,100%,200%,fig_3b,2,1,1.0635
2021-09-22,ZA,251,Omicron BA.1,Community,1.0159569202682401,2021-09-21,1,Changing diagnostics,Changing sequencing,150%,200%,fig_3b,2,1,1.0635
2021-09-22,ZA,251,Omicron BA.1,Community,1.0159569202682406,2021-09-21,1,Changing diagnostics,Changing sequencing,200%,200%,fig_3b,2,1,1.0635
2021-09-22,ZA,252,Omicron BA.1,Community,1.1610936231637032,2021-09-21,1,Changing diagnostics,Changing sequencing,10%,200%,fig_3b,2,1,1.0635
2021-09-22,ZA,252,Omicron BA.1,Community,1.161093623163703,2021-09-21,1,Changing diagnostics,Changing sequencing,50%,200%,fig_3b,2,1,1.0635
2021-09-22,ZA,252,Omicron BA.1,Community,1.161093623163703,2021-09-21,1,Changing diagnostics,Changing sequencing,100%,200%,fig_3b,2,1,1.0635
2021-09-22,ZA,252,Omicron BA.1,Community,1.1610936231637032,2021-09-21,1,Changing diagnostics,Changing sequencing,150%,200%,fig_3b,2,1,1.0635
2021-09-22,ZA,252,Omicron BA.1,Community,1.161093623163703,2021-09-21,1,Changing diagnostics,Changing sequencing,200%,200%,fig_3b,2,1,1.0635
2021-09-22,ZA,253,Omicron BA.1,Community,1.0860229147694982,2021-09-21,1,Changing diagnostics,Changing sequencing,10%,200%,fig_3b,2,1,1.0635
2021-09-22,ZA,253,Omicron BA.1,Community,1.0860229147694982,2021-09-21,1,Changing diagnostics,Changing sequencing,50%,200%,fig_3b,2,1,1.0635
2021-09-22,ZA,253,Omicron BA.1,Community,1.0860229147694982,2021-09-21,1,Changing diagnostics,Changing sequencing,100%,200%,fig_3b,2,1,1.0635
2021-09-22,ZA,253,Omicron BA.1,Community,1.0860229147694982,2021-09-21,1,Changing diagnostics,Changing sequencing,150%,200%,fig_3b,2,1,1.0635
2021-09-22,ZA,253,Omicron BA.1,Community,1.0860229147694982,2021-09-21,1,Changing diagnostics,Changing sequencing,200%,200%,fig_3b,2,1,1.0635
2021-09-22,ZA,254,Omicron BA.1,Community,1.0359757758400283,2021-09-21,1,Changing diagnostics,Changing sequencing,10%,200%,fig_3b,2,1,1.0635
2021-09-22,ZA,254,Omicron BA.1,Community,1.0359757758400285,2021-09-21,1,Changing diagnostics,Changing sequencing,50%,200%,fig_3b,2,1,1.0635
2021-09-22,ZA,254,Omicron BA.1,Community,1.0359757758400285,2021-09-21,1,Changing diagnostics,Changing sequencing,100%,200%,fig_3b,2,1,1.0635
2021-09-22,ZA,254,Omicron BA.1,Community,1.0359757758400283,2021-09-21,1,Changing diagnostics,Changing sequencing,150%,200%,fig_3b,2,1,1.0635
2021-09-22,ZA,254,Omicron BA.1,Community,1.0359757758400285,2021-09-21,1,Changing diagnostics,Changing sequencing,200%,200%,fig_3b,2,1,1.0635
2021-09-22,ZA,255,Omicron BA.1,Community,1.0584969883582898,2021-09-21,1,Changing diagnostics,Changing sequencing,10%,200%,fig_3b,2,1,1.0635
2021-09-22,ZA,255,Omicron BA.1,Community,1.0584969883582898,2021-09-21,1,Changing diagnostics,Changing sequencing,50%,200%,fig_3b,2,1,1.0635
2021-09-22,ZA,255,Omicron BA.1,Community,1.0584969883582898,2021-09-21,1,Changing diagnostics,Changing sequencing,100%,200%,fig_3b,2,1,1.0635
2021-09-22,ZA,255,Omicron BA.1,Community,1.05849698835829,2021-09-21,1,Changing diagnostics,Changing sequencing,150%,200%,fig_3b,2,1,1.0635
2021-09-22,ZA,255,Omicron BA.1,Community,1.0584969883582898,2021-09-21,1,Changing diagnostics,Changing sequencing,200%,200%,fig_3b,2,1,1.0635
2021-09-24,ZA,256,Omicron BA.1,Community,1.0821661686908728,2021-09-21,3,Changing diagnostics,Changing sequencing,10%,200%,fig_3b,2,1,1.0635
2021-09-24,ZA,256,Omicron BA.1,Community,1.082166168690873,2021-09-21,3,Changing diagnostics,Changing sequencing,50%,200%,fig_3b,2,1,1.0635
2021-09-24,ZA,256,Omicron BA.1,Community,1.082166168690873,2021-09-21,3,Changing diagnostics,Changing sequencing,100%,200%,fig_3b,2,1,1.0635
2021-09-24,ZA,256,Omicron BA.1,Community,1.0821661686908728,2021-09-21,3,Changing diagnostics,Changing sequencing,150%,200%,fig_3b,2,1,1.0635
2021-09-24,ZA,256,Omicron BA.1,Community,1.082166168690873,2021-09-21,3,Changing diagnostics,Changing sequencing,200%,200%,fig_3b,2,1,1.0635
2021-09-22,ZA,257,Omicron BA.1,Community,1.073511130037131,2021-09-21,1,Changing diagnostics,Changing sequencing,10%,200%,fig_3b,2,1,1.0635
2021-09-22,ZA,257,Omicron BA.1,Community,1.0735111300371305,2021-09-21,1,Changing diagnostics,Changing sequencing,50%,200%,fig_3b,2,1,1.0635
2021-09-22,ZA,257,Omicron BA.1,Community,1.0735111300371305,2021-09-21,1,Changing diagnostics,Changing sequencing,100%,200%,fig_3b,2,1,1.0635
2021-09-22,ZA,257,Omicron BA.1,Community,1.0735111300371307,2021-09-21,1,Changing diagnostics,Changing sequencing,150%,200%,fig_3b,2,1,1.0635
2021-09-22,ZA,257,Omicron BA.1,Community,1.0735111300371305,2021-09-21,1,Changing diagnostics,Changing sequencing,200%,200%,fig_3b,2,1,1.0635
2021-09-22,ZA,258,Omicron BA.1,Community,1.0359757758400283,2021-09-21,1,Changing diagnostics,Changing sequencing,10%,200%,fig_3b,2,1,1.0635
2021-09-22,ZA,258,Omicron BA.1,Community,1.0359757758400285,2021-09-21,1,Changing diagnostics,Changing sequencing,50%,200%,fig_3b,2,1,1.0635
2021-09-22,ZA,258,Omicron BA.1,Community,1.0359757758400285,2021-09-21,1,Changing diagnostics,Changing sequencing,100%,200%,fig_3b,2,1,1.0635
2021-09-22,ZA,258,Omicron BA.1,Community,1.0359757758400283,2021-09-21,1,Changing diagnostics,Changing sequencing,150%,200%,fig_3b,2,1,1.0635
2021-09-22,ZA,258,Omicron BA.1,Community,1.0359757758400285,2021-09-21,1,Changing diagnostics,Changing sequencing,200%,200%,fig_3b,2,1,1.0635
2021-09-22,ZA,259,Omicron BA.1,Community,1.0960323425553924,2021-09-21,1,Changing diagnostics,Changing sequencing,10%,200%,fig_3b,2,1,1.0635
2021-09-22,ZA,259,Omicron BA.1,Community,1.0960323425553924,2021-09-21,1,Changing diagnostics,Changing sequencing,50%,200%,fig_3b,2,1,1.0635
2021-09-22,ZA,259,Omicron BA.1,Community,1.0960323425553924,2021-09-21,1,Changing diagnostics,Changing sequencing,100%,200%,fig_3b,2,1,1.0635
2021-09-22,ZA,259,Omicron BA.1,Community,1.0960323425553922,2021-09-21,1,Changing diagnostics,Changing sequencing,150%,200%,fig_3b,2,1,1.0635
2021-09-22,ZA,259,Omicron BA.1,Community,1.0960323425553924,2021-09-21,1,Changing diagnostics,Changing sequencing,200%,200%,fig_3b,2,1,1.0635
2021-09-22,ZA,26,Omicron BA.1,Community,1.0509899175188693,2021-09-21,1,Changing diagnostics,Changing sequencing,10%,200%,fig_3b,2,1,1.0635
2021-09-22,ZA,26,Omicron BA.1,Community,1.0509899175188693,2021-09-21,1,Changing diagnostics,Changing sequencing,50%,200%,fig_3b,2,1,1.0635
2021-09-22,ZA,26,Omicron BA.1,Community,1.0509899175188693,2021-09-21,1,Changing diagnostics,Changing sequencing,100%,200%,fig_3b,2,1,1.0635
2021-09-22,ZA,26,Omicron BA.1,Community,1.0509899175188693,2021-09-21,1,Changing diagnostics,Changing sequencing,150%,200%,fig_3b,2,1,1.0635
2021-09-22,ZA,26,Omicron BA.1,Community,1.0509899175188693,2021-09-21,1,Changing diagnostics,Changing sequencing,200%,200%,fig_3b,2,1,1.0635
2021-09-22,ZA,260,Omicron BA.1,Community,1.0635017022512365,2021-09-21,1,Changing diagnostics,Changing sequencing,10%,200%,fig_3b,2,1,1.0635
2021-09-22,ZA,260,Omicron BA.1,Community,1.0635017022512367,2021-09-21,1,Changing diagnostics,Changing sequencing,50%,200%,fig_3b,2,1,1.0635
2021-09-22,ZA,260,Omicron BA.1,Community,1.0635017022512367,2021-09-21,1,Changing diagnostics,Changing sequencing,100%,200%,fig_3b,2,1,1.0635
2021-09-22,ZA,260,Omicron BA.1,Community,1.063501702251237,2021-09-21,1,Changing diagnostics,Changing sequencing,150%,200%,fig_3b,2,1,1.0635
2021-09-22,ZA,260,Omicron BA.1,Community,1.0635017022512367,2021-09-21,1,Changing diagnostics,Changing sequencing,200%,200%,fig_3b,2,1,1.0635
2021-09-22,ZA,261,Omicron BA.1,Community,1.0484875605723958,2021-09-21,1,Changing diagnostics,Changing sequencing,10%,200%,fig_3b,2,1,1.0635
2021-09-22,ZA,261,Omicron BA.1,Community,1.0484875605723958,2021-09-21,1,Changing diagnostics,Changing sequencing,50%,200%,fig_3b,2,1,1.0635
2021-09-22,ZA,261,Omicron BA.1,Community,1.0484875605723958,2021-09-21,1,Changing diagnostics,Changing sequencing,100%,200%,fig_3b,2,1,1.0635
2021-09-22,ZA,261,Omicron BA.1,Community,1.0484875605723956,2021-09-21,1,Changing diagnostics,Changing sequencing,150%,200%,fig_3b,2,1,1.0635
2021-09-22,ZA,261,Omicron BA.1,Community,1.0484875605723958,2021-09-21,1,Changing diagnostics,Changing sequencing,200%,200%,fig_3b,2,1,1.0635
2021-09-22,ZA,262,Omicron BA.1,Community,1.003445135535873,2021-09-21,1,Changing diagnostics,Changing sequencing,10%,200%,fig_3b,2,1,1.0635
2021-09-22,ZA,262,Omicron BA.1,Community,1.0034451355358731,2021-09-21,1,Changing diagnostics,Changing sequencing,50%,200%,fig_3b,2,1,1.0635
2021-09-22,ZA,262,Omicron BA.1,Community,1.0034451355358731,2021-09-21,1,Changing diagnostics,Changing sequencing,100%,200%,fig_3b,2,1,1.0635
2021-09-22,ZA,262,Omicron BA.1,Community,1.0034451355358727,2021-09-21,1,Changing diagnostics,Changing sequencing,150%,200%,fig_3b,2,1,1.0635
2021-09-22,ZA,262,Omicron BA.1,Community,1.0034451355358731,2021-09-21,1,Changing diagnostics,Changing sequencing,200%,200%,fig_3b,2,1,1.0635
2021-09-22,ZA,263,Omicron BA.1,Community,1.0484875605723956,2021-09-21,1,Changing diagnostics,Changing sequencing,10%,200%,fig_3b,2,1,1.0635
2021-09-22,ZA,263,Omicron BA.1,Community,1.0484875605723958,2021-09-21,1,Changing diagnostics,Changing sequencing,50%,200%,fig_3b,2,1,1.0635
2021-09-22,ZA,263,Omicron BA.1,Community,1.0484875605723958,2021-09-21,1,Changing diagnostics,Changing sequencing,100%,200%,fig_3b,2,1,1.0635
2021-09-22,ZA,263,Omicron BA.1,Community,1.0484875605723956,2021-09-21,1,Changing diagnostics,Changing sequencing,150%,200%,fig_3b,2,1,1.0635
2021-09-22,ZA,263,Omicron BA.1,Community,1.0484875605723958,2021-09-21,1,Changing diagnostics,Changing sequencing,200%,200%,fig_3b,2,1,1.0635
2021-09-22,ZA,264,Omicron BA.1,Community,1.0760134869836047,2021-09-21,1,Changing diagnostics,Changing sequencing,10%,200%,fig_3b,2,1,1.0635
2021-09-22,ZA,264,Omicron BA.1,Community,1.0760134869836042,2021-09-21,1,Changing diagnostics,Changing sequencing,50%,200%,fig_3b,2,1,1.0635
2021-09-22,ZA,264,Omicron BA.1,Community,1.0760134869836042,2021-09-21,1,Changing diagnostics,Changing sequencing,100%,200%,fig_3b,2,1,1.0635
2021-09-22,ZA,264,Omicron BA.1,Community,1.0760134869836047,2021-09-21,1,Changing diagnostics,Changing sequencing,150%,200%,fig_3b,2,1,1.0635
2021-09-22,ZA,264,Omicron BA.1,Community,1.0760134869836042,2021-09-21,1,Changing diagnostics,Changing sequencing,200%,200%,fig_3b,2,1,1.0635
2021-09-22,ZA,265,Omicron BA.1,Community,1.068506416144184,2021-09-21,1,Changing diagnostics,Changing sequencing,10%,200%,fig_3b,2,1,1.0635
2021-09-22,ZA,265,Omicron BA.1,Community,1.068506416144184,2021-09-21,1,Changing diagnostics,Changing sequencing,50%,200%,fig_3b,2,1,1.0635
2021-09-22,ZA,265,Omicron BA.1,Community,1.068506416144184,2021-09-21,1,Changing diagnostics,Changing sequencing,100%,200%,fig_3b,2,1,1.0635
2021-09-22,ZA,265,Omicron BA.1,Community,1.0685064161441837,2021-09-21,1,Changing diagnostics,Changing sequencing,150%,200%,fig_3b,2,1,1.0635
2021-09-22,ZA,265,Omicron BA.1,Community,1.068506416144184,2021-09-21,1,Changing diagnostics,Changing sequencing,200%,200%,fig_3b,2,1,1.0635
2021-09-22,ZA,266,Omicron BA.1,Community,1.1060417703412861,2021-09-21,1,Changing diagnostics,Changing sequencing,10%,200%,fig_3b,2,1,1.0635
2021-09-22,ZA,266,Omicron BA.1,Community,1.1060417703412864,2021-09-21,1,Changing diagnostics,Changing sequencing,50%,200%,fig_3b,2,1,1.0635
2021-09-22,ZA,266,Omicron BA.1,Community,1.1060417703412864,2021-09-21,1,Changing diagnostics,Changing sequencing,100%,200%,fig_3b,2,1,1.0635
2021-09-22,ZA,266,Omicron BA.1,Community,1.1060417703412864,2021-09-21,1,Changing diagnostics,Changing sequencing,150%,200%,fig_3b,2,1,1.0635
2021-09-22,ZA,266,Omicron BA.1,Community,1.1060417703412864,2021-09-21,1,Changing diagnostics,Changing sequencing,200%,200%,fig_3b,2,1,1.0635
2021-09-22,ZA,267,Omicron BA.1,Community,1.0484875605723958,2021-09-21,1,Changing diagnostics,Changing sequencing,10%,200%,fig_3b,2,1,1.0635
2021-09-22,ZA,267,Omicron BA.1,Community,1.048487560572396,2021-09-21,1,Changing diagnostics,Changing sequencing,50%,200%,fig_3b,2,1,1.0635
2021-09-22,ZA,267,Omicron BA.1,Community,1.048487560572396,2021-09-21,1,Changing diagnostics,Changing sequencing,100%,200%,fig_3b,2,1,1.0635
2021-09-22,ZA,267,Omicron BA.1,Community,1.0484875605723958,2021-09-21,1,Changing diagnostics,Changing sequencing,150%,200%,fig_3b,2,1,1.0635
2021-09-22,ZA,267,Omicron BA.1,Community,1.048487560572396,2021-09-21,1,Changing diagnostics,Changing sequencing,200%,200%,fig_3b,2,1,1.0635
2021-09-22,ZA,268,Omicron BA.1,Community,1.0635017022512367,2021-09-21,1,Changing diagnostics,Changing sequencing,10%,200%,fig_3b,2,1,1.0635
2021-09-22,ZA,268,Omicron BA.1,Community,1.0635017022512367,2021-09-21,1,Changing diagnostics,Changing sequencing,50%,200%,fig_3b,2,1,1.0635
2021-09-22,ZA,268,Omicron BA.1,Community,1.0635017022512367,2021-09-21,1,Changing diagnostics,Changing sequencing,100%,200%,fig_3b,2,1,1.0635
2021-09-22,ZA,268,Omicron BA.1,Community,1.063501702251237,2021-09-21,1,Changing diagnostics,Changing sequencing,150%,200%,fig_3b,2,1,1.0635
2021-09-22,ZA,268,Omicron BA.1,Community,1.0635017022512367,2021-09-21,1,Changing diagnostics,Changing sequencing,200%,200%,fig_3b,2,1,1.0635
2021-09-24,ZA,269,Omicron BA.1,Community,1.1125072762242618,2021-09-21,3,Changing diagnostics,Changing sequencing,10%,200%,fig_3b,2,1,1.0635
2021-09-24,ZA,269,Omicron BA.1,Community,1.112507276224262,2021-09-21,3,Changing diagnostics,Changing sequencing,50%,200%,fig_3b,2,1,1.0635
2021-09-24,ZA,269,Omicron BA.1,Community,1.112507276224262,2021-09-21,3,Changing diagnostics,Changing sequencing,100%,200%,fig_3b,2,1,1.0635
2021-09-24,ZA,269,Omicron BA.1,Community,1.112507276224262,2021-09-21,3,Changing diagnostics,Changing sequencing,150%,200%,fig_3b,2,1,1.0635
2021-09-24,ZA,269,Omicron BA.1,Community,1.112507276224262,2021-09-21,3,Changing diagnostics,Changing sequencing,200%,200%,fig_3b,2,1,1.0635
2021-09-22,ZA,27,Omicron BA.1,Community,1.0009427785893992,2021-09-21,1,Changing diagnostics,Changing sequencing,10%,200%,fig_3b,2,1,1.0635
2021-09-22,ZA,27,Omicron BA.1,Community,1.0009427785893992,2021-09-21,1,Changing diagnostics,Changing sequencing,50%,200%,fig_3b,2,1,1.0635
2021-09-22,ZA,27,Omicron BA.1,Community,1.0009427785893992,2021-09-21,1,Changing diagnostics,Changing sequencing,100%,200%,fig_3b,2,1,1.0635
2021-09-22,ZA,27,Omicron BA.1,Community,1.0009427785893992,2021-09-21,1,Changing diagnostics,Changing sequencing,150%,200%,fig_3b,2,1,1.0635
2021-09-22,ZA,27,Omicron BA.1,Community,1.0009427785893992,2021-09-21,1,Changing diagnostics,Changing sequencing,200%,200%,fig_3b,2,1,1.0635
2021-09-24,ZA,270,Omicron BA.1,Community,1.1200925531076091,2021-09-21,3,Changing diagnostics,Changing sequencing,10%,200%,fig_3b,2,1,1.0635
2021-09-24,ZA,270,Omicron BA.1,Community,1.1200925531076091,2021-09-21,3,Changing diagnostics,Changing sequencing,50%,200%,fig_3b,2,1,1.0635
2021-09-24,ZA,270,Omicron BA.1,Community,1.1200925531076091,2021-09-21,3,Changing diagnostics,Changing sequencing,100%,200%,fig_3b,2,1,1.0635
2021-09-24,ZA,270,Omicron BA.1,Community,1.120092553107609,2021-09-21,3,Changing diagnostics,Changing sequencing,150%,200%,fig_3b,2,1,1.0635
2021-09-24,ZA,270,Omicron BA.1,Community,1.1200925531076091,2021-09-21,3,Changing diagnostics,Changing sequencing,200%,200%,fig_3b,2,1,1.0635
2021-09-22,ZA,271,Omicron BA.1,Community,1.0359757758400283,2021-09-21,1,Changing diagnostics,Changing sequencing,10%,200%,fig_3b,2,1,1.0635
2021-09-22,ZA,271,Omicron BA.1,Community,1.0359757758400285,2021-09-21,1,Changing diagnostics,Changing sequencing,50%,200%,fig_3b,2,1,1.0635
2021-09-22,ZA,271,Omicron BA.1,Community,1.0359757758400285,2021-09-21,1,Changing diagnostics,Changing sequencing,100%,200%,fig_3b,2,1,1.0635
2021-09-22,ZA,271,Omicron BA.1,Community,1.0359757758400283,2021-09-21,1,Changing diagnostics,Changing sequencing,150%,200%,fig_3b,2,1,1.0635
2021-09-22,ZA,271,Omicron BA.1,Community,1.0359757758400285,2021-09-21,1,Changing diagnostics,Changing sequencing,200%,200%,fig_3b,2,1,1.0635
2021-09-22,ZA,272,Omicron BA.1,Community,1.0234639911076608,2021-09-21,1,Changing diagnostics,Changing sequencing,10%,200%,fig_3b,2,1,1.0635
2021-09-22,ZA,272,Omicron BA.1,Community,1.0234639911076608,2021-09-21,1,Changing diagnostics,Changing sequencing,50%,200%,fig_3b,2,1,1.0635
2021-09-22,ZA,272,Omicron BA.1,Community,1.0234639911076608,2021-09-21,1,Changing diagnostics,Changing sequencing,100%,200%,fig_3b,2,1,1.0635
2021-09-22,ZA,272,Omicron BA.1,Community,1.0234639911076608,2021-09-21,1,Changing diagnostics,Changing sequencing,150%,200%,fig_3b,2,1,1.0635
2021-09-22,ZA,272,Omicron BA.1,Community,1.0234639911076608,2021-09-21,1,Changing diagnostics,Changing sequencing,200%,200%,fig_3b,2,1,1.0635
2021-09-22,ZA,273,Omicron BA.1,Community,1.033473418893555,2021-09-21,1,Changing diagnostics,Changing sequencing,10%,200%,fig_3b,2,1,1.0635
2021-09-22,ZA,273,Omicron BA.1,Community,1.0334734188935546,2021-09-21,1,Changing diagnostics,Changing sequencing,50%,200%,fig_3b,2,1,1.0635
2021-09-22,ZA,273,Omicron BA.1,Community,1.0334734188935546,2021-09-21,1,Changing diagnostics,Changing sequencing,100%,200%,fig_3b,2,1,1.0635
2021-09-22,ZA,273,Omicron BA.1,Community,1.0334734188935546,2021-09-21,1,Changing diagnostics,Changing sequencing,150%,200%,fig_3b,2,1,1.0635
2021-09-22,ZA,273,Omicron BA.1,Community,1.0334734188935546,2021-09-21,1,Changing diagnostics,Changing sequencing,200%,200%,fig_3b,2,1,1.0635
2021-09-22,ZA,274,Omicron BA.1,Community,1.0810182008765512,2021-09-21,1,Changing diagnostics,Changing sequencing,10%,200%,fig_3b,2,1,1.0635
2021-09-22,ZA,274,Omicron BA.1,Community,1.0810182008765512,2021-09-21,1,Changing diagnostics,Changing sequencing,50%,200%,fig_3b,2,1,1.0635
2021-09-22,ZA,274,Omicron BA.1,Community,1.0810182008765512,2021-09-21,1,Changing diagnostics,Changing sequencing,100%,200%,fig_3b,2,1,1.0635
2021-09-22,ZA,274,Omicron BA.1,Community,1.0810182008765514,2021-09-21,1,Changing diagnostics,Changing sequencing,150%,200%,fig_3b,2,1,1.0635
2021-09-22,ZA,274,Omicron BA.1,Community,1.0810182008765512,2021-09-21,1,Changing diagnostics,Changing sequencing,200%,200%,fig_3b,2,1,1.0635
2021-09-22,ZA,275,Omicron BA.1,Community,1.0985346995018657,2021-09-21,1,Changing diagnostics,Changing sequencing,10%,200%,fig_3b,2,1,1.0635
2021-09-22,ZA,275,Omicron BA.1,Community,1.0985346995018659,2021-09-21,1,Changing diagnostics,Changing sequencing,50%,200%,fig_3b,2,1,1.0635
2021-09-22,ZA,275,Omicron BA.1,Community,1.0985346995018659,2021-09-21,1,Changing diagnostics,Changing sequencing,100%,200%,fig_3b,2,1,1.0635
2021-09-22,ZA,275,Omicron BA.1,Community,1.0985346995018657,2021-09-21,1,Changing diagnostics,Changing sequencing,150%,200%,fig_3b,2,1,1.0635
2021-09-22,ZA,275,Omicron BA.1,Community,1.0985346995018659,2021-09-21,1,Changing diagnostics,Changing sequencing,200%,200%,fig_3b,2,1,1.0635
2021-09-22,ZA,276,Omicron BA.1,Community,1.1035394133948129,2021-09-21,1,Changing diagnostics,Changing sequencing,10%,200%,fig_3b,2,1,1.0635
2021-09-22,ZA,276,Omicron BA.1,Community,1.1035394133948124,2021-09-21,1,Changing diagnostics,Changing sequencing,50%,200%,fig_3b,2,1,1.0635
2021-09-22,ZA,276,Omicron BA.1,Community,1.1035394133948124,2021-09-21,1,Changing diagnostics,Changing sequencing,100%,200%,fig_3b,2,1,1.0635
2021-09-22,ZA,276,Omicron BA.1,Community,1.1035394133948127,2021-09-21,1,Changing diagnostics,Changing sequencing,150%,200%,fig_3b,2,1,1.0635
2021-09-22,ZA,276,Omicron BA.1,Community,1.1035394133948124,2021-09-21,1,Changing diagnostics,Changing sequencing,200%,200%,fig_3b,2,1,1.0635
2021-09-22,ZA,277,Omicron BA.1,Community,1.0985346995018657,2021-09-21,1,Changing diagnostics,Changing sequencing,10%,200%,fig_3b,2,1,1.0635
2021-09-22,ZA,277,Omicron BA.1,Community,1.0985346995018657,2021-09-21,1,Changing diagnostics,Changing sequencing,50%,200%,fig_3b,2,1,1.0635
2021-09-22,ZA,277,Omicron BA.1,Community,1.0985346995018657,2021-09-21,1,Changing diagnostics,Changing sequencing,100%,200%,fig_3b,2,1,1.0635
2021-09-22,ZA,277,Omicron BA.1,Community,1.0985346995018654,2021-09-21,1,Changing diagnostics,Changing sequencing,150%,200%,fig_3b,2,1,1.0635
2021-09-22,ZA,277,Omicron BA.1,Community,1.0985346995018657,2021-09-21,1,Changing diagnostics,Changing sequencing,200%,200%,fig_3b,2,1,1.0635
2021-09-22,ZA,278,Omicron BA.1,Community,1.0559946314118163,2021-09-21,1,Changing diagnostics,Changing sequencing,10%,200%,fig_3b,2,1,1.0635
2021-09-22,ZA,278,Omicron BA.1,Community,1.0559946314118163,2021-09-21,1,Changing diagnostics,Changing sequencing,50%,200%,fig_3b,2,1,1.0635
2021-09-22,ZA,278,Omicron BA.1,Community,1.0559946314118163,2021-09-21,1,Changing diagnostics,Changing sequencing,100%,200%,fig_3b,2,1,1.0635
2021-09-22,ZA,278,Omicron BA.1,Community,1.0559946314118165,2021-09-21,1,Changing diagnostics,Changing sequencing,150%,200%,fig_3b,2,1,1.0635
2021-09-22,ZA,278,Omicron BA.1,Community,1.0559946314118163,2021-09-21,1,Changing diagnostics,Changing sequencing,200%,200%,fig_3b,2,1,1.0635
2021-09-22,ZA,279,Omicron BA.1,Community,1.06600405919771,2021-09-21,1,Changing diagnostics,Changing sequencing,10%,200%,fig_3b,2,1,1.0635
2021-09-22,ZA,279,Omicron BA.1,Community,1.0660040591977102,2021-09-21,1,Changing diagnostics,Changing sequencing,50%,200%,fig_3b,2,1,1.0635
2021-09-22,ZA,279,Omicron BA.1,Community,1.0660040591977102,2021-09-21,1,Changing diagnostics,Changing sequencing,100%,200%,fig_3b,2,1,1.0635
2021-09-22,ZA,279,Omicron BA.1,Community,1.0660040591977102,2021-09-21,1,Changing diagnostics,Changing sequencing,150%,200%,fig_3b,2,1,1.0635
2021-09-22,ZA,279,Omicron BA.1,Community,1.0660040591977102,2021-09-21,1,Changing diagnostics,Changing sequencing,200%,200%,fig_3b,2,1,1.0635
2021-09-22,ZA,28,Omicron BA.1,Community,1.0484875605723956,2021-09-21,1,Changing diagnostics,Changing sequencing,10%,200%,fig_3b,2,1,1.0635
2021-09-22,ZA,28,Omicron BA.1,Community,1.0484875605723958,2021-09-21,1,Changing diagnostics,Changing sequencing,50%,200%,fig_3b,2,1,1.0635
2021-09-22,ZA,28,Omicron BA.1,Community,1.0484875605723958,2021-09-21,1,Changing diagnostics,Changing sequencing,100%,200%,fig_3b,2,1,1.0635
2021-09-22,ZA,28,Omicron BA.1,Community,1.0484875605723956,2021-09-21,1,Changing diagnostics,Changing sequencing,150%,200%,fig_3b,2,1,1.0635
2021-09-22,ZA,28,Omicron BA.1,Community,1.0484875605723958,2021-09-21,1,Changing diagnostics,Changing sequencing,200%,200%,fig_3b,2,1,1.0635
2021-09-22,ZA,280,Omicron BA.1,Community,1.045985203625922,2021-09-21,1,Changing diagnostics,Changing sequencing,10%,200%,fig_3b,2,1,1.0635
2021-09-22,ZA,280,Omicron BA.1,Community,1.0459852036259223,2021-09-21,1,Changing diagnostics,Changing sequencing,50%,200%,fig_3b,2,1,1.0635
2021-09-22,ZA,280,Omicron BA.1,Community,1.0459852036259223,2021-09-21,1,Changing diagnostics,Changing sequencing,100%,200%,fig_3b,2,1,1.0635
2021-09-22,ZA,280,Omicron BA.1,Community,1.0459852036259218,2021-09-21,1,Changing diagnostics,Changing sequencing,150%,200%,fig_3b,2,1,1.0635
2021-09-22,ZA,280,Omicron BA.1,Community,1.0459852036259223,2021-09-21,1,Changing diagnostics,Changing sequencing,200%,200%,fig_3b,2,1,1.0635
2021-09-22,ZA,281,Omicron BA.1,Community,1.0484875605723958,2021-09-21,1,Changing diagnostics,Changing sequencing,10%,200%,fig_3b,2,1,1.0635
2021-09-22,ZA,281,Omicron BA.1,Community,1.0484875605723956,2021-09-21,1,Changing diagnostics,Changing sequencing,50%,200%,fig_3b,2,1,1.0635
2021-09-22,ZA,281,Omicron BA.1,Community,1.0484875605723956,2021-09-21,1,Changing diagnostics,Changing sequencing,100%,200%,fig_3b,2,1,1.0635
2021-09-22,ZA,281,Omicron BA.1,Community,1.0484875605723956,2021-09-21,1,Changing diagnostics,Changing sequencing,150%,200%,fig_3b,2,1,1.0635
2021-09-22,ZA,281,Omicron BA.1,Community,1.0484875605723956,2021-09-21,1,Changing diagnostics,Changing sequencing,200%,200%,fig_3b,2,1,1.0635
2021-09-22,ZA,282,Omicron BA.1,Community,1.0760134869836044,2021-09-21,1,Changing diagnostics,Changing sequencing,10%,200%,fig_3b,2,1,1.0635
2021-09-22,ZA,282,Omicron BA.1,Community,1.0760134869836042,2021-09-21,1,Changing diagnostics,Changing sequencing,50%,200%,fig_3b,2,1,1.0635
2021-09-22,ZA,282,Omicron BA.1,Community,1.0760134869836042,2021-09-21,1,Changing diagnostics,Changing sequencing,100%,200%,fig_3b,2,1,1.0635
2021-09-22,ZA,282,Omicron BA.1,Community,1.0760134869836042,2021-09-21,1,Changing diagnostics,Changing sequencing,150%,200%,fig_3b,2,1,1.0635
2021-09-22,ZA,282,Omicron BA.1,Community,1.0760134869836042,2021-09-21,1,Changing diagnostics,Changing sequencing,200%,200%,fig_3b,2,1,1.0635
2021-09-22,ZA,283,Omicron BA.1,Community,1.040980489732975,2021-09-21,1,Changing diagnostics,Changing sequencing,10%,200%,fig_3b,2,1,1.0635
2021-09-22,ZA,283,Omicron BA.1,Community,1.0409804897329755,2021-09-21,1,Changing diagnostics,Changing sequencing,50%,200%,fig_3b,2,1,1.0635
2021-09-22,ZA,283,Omicron BA.1,Community,1.0409804897329755,2021-09-21,1,Changing diagnostics,Changing sequencing,100%,200%,fig_3b,2,1,1.0635
2021-09-22,ZA,283,Omicron BA.1,Community,1.0409804897329755,2021-09-21,1,Changing diagnostics,Changing sequencing,150%,200%,fig_3b,2,1,1.0635
2021-09-22,ZA,283,Omicron BA.1,Community,1.0409804897329755,2021-09-21,1,Changing diagnostics,Changing sequencing,200%,200%,fig_3b,2,1,1.0635
2021-09-24,ZA,284,Omicron BA.1,Community,1.1175641274798265,2021-09-21,3,Changing diagnostics,Changing sequencing,10%,200%,fig_3b,2,1,1.0635
2021-09-24,ZA,284,Omicron BA.1,Community,1.117564127479827,2021-09-21,3,Changing diagnostics,Changing sequencing,50%,200%,fig_3b,2,1,1.0635
2021-09-24,ZA,284,Omicron BA.1,Community,1.117564127479827,2021-09-21,3,Changing diagnostics,Changing sequencing,100%,200%,fig_3b,2,1,1.0635
2021-09-24,ZA,284,Omicron BA.1,Community,1.1175641274798267,2021-09-21,3,Changing diagnostics,Changing sequencing,150%,200%,fig_3b,2,1,1.0635
2021-09-24,ZA,284,Omicron BA.1,Community,1.117564127479827,2021-09-21,3,Changing diagnostics,Changing sequencing,200%,200%,fig_3b,2,1,1.0635
2021-09-22,ZA,285,Omicron BA.1,Community,1.0284687050006076,2021-09-21,1,Changing diagnostics,Changing sequencing,10%,200%,fig_3b,2,1,1.0635
2021-09-22,ZA,285,Omicron BA.1,Community,1.0284687050006078,2021-09-21,1,Changing diagnostics,Changing sequencing,50%,200%,fig_3b,2,1,1.0635
2021-09-22,ZA,285,Omicron BA.1,Community,1.0284687050006078,2021-09-21,1,Changing diagnostics,Changing sequencing,100%,200%,fig_3b,2,1,1.0635
2021-09-22,ZA,285,Omicron BA.1,Community,1.0284687050006078,2021-09-21,1,Changing diagnostics,Changing sequencing,150%,200%,fig_3b,2,1,1.0635
2021-09-22,ZA,285,Omicron BA.1,Community,1.0284687050006078,2021-09-21,1,Changing diagnostics,Changing sequencing,200%,200%,fig_3b,2,1,1.0635
2021-09-22,ZA,286,Omicron BA.1,Community,1.0960323425553924,2021-09-21,1,Changing diagnostics,Changing sequencing,10%,200%,fig_3b,2,1,1.0635
2021-09-22,ZA,286,Omicron BA.1,Community,1.0960323425553924,2021-09-21,1,Changing diagnostics,Changing sequencing,50%,200%,fig_3b,2,1,1.0635
2021-09-22,ZA,286,Omicron BA.1,Community,1.0960323425553924,2021-09-21,1,Changing diagnostics,Changing sequencing,100%,200%,fig_3b,2,1,1.0635
2021-09-22,ZA,286,Omicron BA.1,Community,1.0960323425553924,2021-09-21,1,Changing diagnostics,Changing sequencing,150%,200%,fig_3b,2,1,1.0635
2021-09-22,ZA,286,Omicron BA.1,Community,1.0960323425553924,2021-09-21,1,Changing diagnostics,Changing sequencing,200%,200%,fig_3b,2,1,1.0635
2021-09-22,ZA,287,Omicron BA.1,Community,1.0184592772147139,2021-09-21,1,Changing diagnostics,Changing sequencing,10%,200%,fig_3b,2,1,1.0635
2021-09-22,ZA,287,Omicron BA.1,Community,1.0184592772147136,2021-09-21,1,Changing diagnostics,Changing sequencing,50%,200%,fig_3b,2,1,1.0635
2021-09-22,ZA,287,Omicron BA.1,Community,1.0184592772147136,2021-09-21,1,Changing diagnostics,Changing sequencing,100%,200%,fig_3b,2,1,1.0635
2021-09-22,ZA,287,Omicron BA.1,Community,1.0184592772147136,2021-09-21,1,Changing diagnostics,Changing sequencing,150%,200%,fig_3b,2,1,1.0635
2021-09-22,ZA,287,Omicron BA.1,Community,1.0184592772147136,2021-09-21,1,Changing diagnostics,Changing sequencing,200%,200%,fig_3b,2,1,1.0635
2021-09-22,ZA,288,Omicron BA.1,Community,1.0084498494288199,2021-09-21,1,Changing diagnostics,Changing sequencing,10%,200%,fig_3b,2,1,1.0635
2021-09-22,ZA,288,Omicron BA.1,Community,1.0084498494288199,2021-09-21,1,Changing diagnostics,Changing sequencing,50%,200%,fig_3b,2,1,1.0635
2021-09-22,ZA,288,Omicron BA.1,Community,1.0084498494288199,2021-09-21,1,Changing diagnostics,Changing sequencing,100%,200%,fig_3b,2,1,1.0635
2021-09-22,ZA,288,Omicron BA.1,Community,1.0084498494288199,2021-09-21,1,Changing diagnostics,Changing sequencing,150%,200%,fig_3b,2,1,1.0635
2021-09-22,ZA,288,Omicron BA.1,Community,1.0084498494288199,2021-09-21,1,Changing diagnostics,Changing sequencing,200%,200%,fig_3b,2,1,1.0635
2021-09-22,ZA,289,Omicron BA.1,Community,1.1110464842342334,2021-09-21,1,Changing diagnostics,Changing sequencing,10%,200%,fig_3b,2,1,1.0635
2021-09-22,ZA,289,Omicron BA.1,Community,1.1110464842342336,2021-09-21,1,Changing diagnostics,Changing sequencing,50%,200%,fig_3b,2,1,1.0635
2021-09-22,ZA,289,Omicron BA.1,Community,1.1110464842342336,2021-09-21,1,Changing diagnostics,Changing sequencing,100%,200%,fig_3b,2,1,1.0635
2021-09-22,ZA,289,Omicron BA.1,Community,1.1110464842342336,2021-09-21,1,Changing diagnostics,Changing sequencing,150%,200%,fig_3b,2,1,1.0635
2021-09-22,ZA,289,Omicron BA.1,Community,1.1110464842342336,2021-09-21,1,Changing diagnostics,Changing sequencing,200%,200%,fig_3b,2,1,1.0635
2021-09-22,ZA,29,Omicron BA.1,Community,1.1010370564483392,2021-09-21,1,Changing diagnostics,Changing sequencing,10%,200%,fig_3b,2,1,1.0635
2021-09-22,ZA,29,Omicron BA.1,Community,1.101037056448339,2021-09-21,1,Changing diagnostics,Changing sequencing,50%,200%,fig_3b,2,1,1.0635
2021-09-22,ZA,29,Omicron BA.1,Community,1.101037056448339,2021-09-21,1,Changing diagnostics,Changing sequencing,100%,200%,fig_3b,2,1,1.0635
2021-09-22,ZA,29,Omicron BA.1,Community,1.1010370564483394,2021-09-21,1,Changing diagnostics,Changing sequencing,150%,200%,fig_3b,2,1,1.0635
2021-09-22,ZA,29,Omicron BA.1,Community,1.101037056448339,2021-09-21,1,Changing diagnostics,Changing sequencing,200%,200%,fig_3b,2,1,1.0635
2021-09-22,ZA,290,Omicron BA.1,Community,1.0860229147694984,2021-09-21,1,Changing diagnostics,Changing sequencing,10%,200%,fig_3b,2,1,1.0635
2021-09-22,ZA,290,Omicron BA.1,Community,1.0860229147694982,2021-09-21,1,Changing diagnostics,Changing sequencing,50%,200%,fig_3b,2,1,1.0635
2021-09-22,ZA,290,Omicron BA.1,Community,1.0860229147694982,2021-09-21,1,Changing diagnostics,Changing sequencing,100%,200%,fig_3b,2,1,1.0635
2021-09-22,ZA,290,Omicron BA.1,Community,1.0860229147694982,2021-09-21,1,Changing diagnostics,Changing sequencing,150%,200%,fig_3b,2,1,1.0635
2021-09-22,ZA,290,Omicron BA.1,Community,1.0860229147694982,2021-09-21,1,Changing diagnostics,Changing sequencing,200%,200%,fig_3b,2,1,1.0635
2021-09-22,ZA,291,Omicron BA.1,Community,1.040980489732975,2021-09-21,1,Changing diagnostics,Changing sequencing,10%,200%,fig_3b,2,1,1.0635
2021-09-22,ZA,291,Omicron BA.1,Community,1.0409804897329755,2021-09-21,1,Changing diagnostics,Changing sequencing,50%,200%,fig_3b,2,1,1.0635
2021-09-22,ZA,291,Omicron BA.1,Community,1.0409804897329755,2021-09-21,1,Changing diagnostics,Changing sequencing,100%,200%,fig_3b,2,1,1.0635
2021-09-22,ZA,291,Omicron BA.1,Community,1.0409804897329755,2021-09-21,1,Changing diagnostics,Changing sequencing,150%,200%,fig_3b,2,1,1.0635
2021-09-22,ZA,291,Omicron BA.1,Community,1.0409804897329755,2021-09-21,1,Changing diagnostics,Changing sequencing,200%,200%,fig_3b,2,1,1.0635
2021-09-22,ZA,292,Omicron BA.1,Community,1.0910276286624454,2021-09-21,1,Changing diagnostics,Changing sequencing,10%,200%,fig_3b,2,1,1.0635
2021-09-22,ZA,292,Omicron BA.1,Community,1.0910276286624452,2021-09-21,1,Changing diagnostics,Changing sequencing,50%,200%,fig_3b,2,1,1.0635
2021-09-22,ZA,292,Omicron BA.1,Community,1.0910276286624452,2021-09-21,1,Changing diagnostics,Changing sequencing,100%,200%,fig_3b,2,1,1.0635
2021-09-22,ZA,292,Omicron BA.1,Community,1.0910276286624454,2021-09-21,1,Changing diagnostics,Changing sequencing,150%,200%,fig_3b,2,1,1.0635
2021-09-22,ZA,292,Omicron BA.1,Community,1.0910276286624452,2021-09-21,1,Changing diagnostics,Changing sequencing,200%,200%,fig_3b,2,1,1.0635
2021-09-22,ZA,293,Omicron BA.1,Community,1.0534922744653428,2021-09-21,1,Changing diagnostics,Changing sequencing,10%,200%,fig_3b,2,1,1.0635
2021-09-22,ZA,293,Omicron BA.1,Community,1.0534922744653428,2021-09-21,1,Changing diagnostics,Changing sequencing,50%,200%,fig_3b,2,1,1.0635
2021-09-22,ZA,293,Omicron BA.1,Community,1.0534922744653428,2021-09-21,1,Changing diagnostics,Changing sequencing,100%,200%,fig_3b,2,1,1.0635
2021-09-22,ZA,293,Omicron BA.1,Community,1.0534922744653428,2021-09-21,1,Changing diagnostics,Changing sequencing,150%,200%,fig_3b,2,1,1.0635
2021-09-22,ZA,293,Omicron BA.1,Community,1.0534922744653428,2021-09-21,1,Changing diagnostics,Changing sequencing,200%,200%,fig_3b,2,1,1.0635
2021-09-24,ZA,294,Omicron BA.1,Community,1.0998651480853499,2021-09-21,3,Changing diagnostics,Changing sequencing,10%,200%,fig_3b,2,1,1.0635
2021-09-24,ZA,294,Omicron BA.1,Community,1.0998651480853496,2021-09-21,3,Changing diagnostics,Changing sequencing,50%,200%,fig_3b,2,1,1.0635
2021-09-24,ZA,294,Omicron BA.1,Community,1.0998651480853496,2021-09-21,3,Changing diagnostics,Changing sequencing,100%,200%,fig_3b,2,1,1.0635
2021-09-24,ZA,294,Omicron BA.1,Community,1.0998651480853499,2021-09-21,3,Changing diagnostics,Changing sequencing,150%,200%,fig_3b,2,1,1.0635
2021-09-24,ZA,294,Omicron BA.1,Community,1.0998651480853496,2021-09-21,3,Changing diagnostics,Changing sequencing,200%,200%,fig_3b,2,1,1.0635
2021-09-22,ZA,295,Omicron BA.1,Community,1.0034451355358727,2021-09-21,1,Changing diagnostics,Changing sequencing,10%,200%,fig_3b,2,1,1.0635
2021-09-22,ZA,295,Omicron BA.1,Community,1.003445135535873,2021-09-21,1,Changing diagnostics,Changing sequencing,50%,200%,fig_3b,2,1,1.0635
2021-09-22,ZA,295,Omicron BA.1,Community,1.003445135535873,2021-09-21,1,Changing diagnostics,Changing sequencing,100%,200%,fig_3b,2,1,1.0635
2021-09-22,ZA,295,Omicron BA.1,Community,1.0034451355358727,2021-09-21,1,Changing diagnostics,Changing sequencing,150%,200%,fig_3b,2,1,1.0635
2021-09-22,ZA,295,Omicron BA.1,Community,1.003445135535873,2021-09-21,1,Changing diagnostics,Changing sequencing,200%,200%,fig_3b,2,1,1.0635
2021-09-22,ZA,296,Omicron BA.1,Community,1.0184592772147139,2021-09-21,1,Changing diagnostics,Changing sequencing,10%,200%,fig_3b,2,1,1.0635
2021-09-22,ZA,296,Omicron BA.1,Community,1.0184592772147136,2021-09-21,1,Changing diagnostics,Changing sequencing,50%,200%,fig_3b,2,1,1.0635
2021-09-22,ZA,296,Omicron BA.1,Community,1.0184592772147136,2021-09-21,1,Changing diagnostics,Changing sequencing,100%,200%,fig_3b,2,1,1.0635
2021-09-22,ZA,296,Omicron BA.1,Community,1.0184592772147136,2021-09-21,1,Changing diagnostics,Changing sequencing,150%,200%,fig_3b,2,1,1.0635
2021-09-22,ZA,296,Omicron BA.1,Community,1.0184592772147136,2021-09-21,1,Changing diagnostics,Changing sequencing,200%,200%,fig_3b,2,1,1.0635
2021-09-24,ZA,297,Omicron BA.1,Community,1.1656042144076924,2021-09-21,3,Changing diagnostics,Changing sequencing,10%,200%,fig_3b,2,1,1.0635
2021-09-24,ZA,297,Omicron BA.1,Community,1.1656042144076924,2021-09-21,3,Changing diagnostics,Changing sequencing,50%,200%,fig_3b,2,1,1.0635
2021-09-24,ZA,297,Omicron BA.1,Community,1.1656042144076924,2021-09-21,3,Changing diagnostics,Changing sequencing,100%,200%,fig_3b,2,1,1.0635
2021-09-24,ZA,297,Omicron BA.1,Community,1.1656042144076921,2021-09-21,3,Changing diagnostics,Changing sequencing,150%,200%,fig_3b,2,1,1.0635
2021-09-24,ZA,297,Omicron BA.1,Community,1.1656042144076924,2021-09-21,3,Changing diagnostics,Changing sequencing,200%,200%,fig_3b,2,1,1.0635
2021-09-22,ZA,298,Omicron BA.1,Community,1.1085441272877596,2021-09-21,1,Changing diagnostics,Changing sequencing,10%,200%,fig_3b,2,1,1.0635
2021-09-22,ZA,298,Omicron BA.1,Community,1.1085441272877596,2021-09-21,1,Changing diagnostics,Changing sequencing,50%,200%,fig_3b,2,1,1.0635
2021-09-22,ZA,298,Omicron BA.1,Community,1.1085441272877596,2021-09-21,1,Changing diagnostics,Changing sequencing,100%,200%,fig_3b,2,1,1.0635
2021-09-22,ZA,298,Omicron BA.1,Community,1.1085441272877599,2021-09-21,1,Changing diagnostics,Changing sequencing,150%,200%,fig_3b,2,1,1.0635
2021-09-22,ZA,298,Omicron BA.1,Community,1.1085441272877596,2021-09-21,1,Changing diagnostics,Changing sequencing,200%,200%,fig_3b,2,1,1.0635
2021-09-22,ZA,299,Omicron BA.1,Community,1.0034451355358731,2021-09-21,1,Changing diagnostics,Changing sequencing,10%,200%,fig_3b,2,1,1.0635
2021-09-22,ZA,299,Omicron BA.1,Community,1.003445135535873,2021-09-21,1,Changing diagnostics,Changing sequencing,50%,200%,fig_3b,2,1,1.0635
2021-09-22,ZA,299,Omicron BA.1,Community,1.003445135535873,2021-09-21,1,Changing diagnostics,Changing sequencing,100%,200%,fig_3b,2,1,1.0635
2021-09-22,ZA,299,Omicron BA.1,Community,1.003445135535873,2021-09-21,1,Changing diagnostics,Changing sequencing,150%,200%,fig_3b,2,1,1.0635
2021-09-22,ZA,299,Omicron BA.1,Community,1.003445135535873,2021-09-21,1,Changing diagnostics,Changing sequencing,200%,200%,fig_3b,2,1,1.0635
2021-09-22,ZA,3,Omicron BA.1,Community,1.1135488411807068,2021-09-21,1,Changing diagnostics,Changing sequencing,10%,200%,fig_3b,2,1,1.0635
2021-09-22,ZA,3,Omicron BA.1,Community,1.1135488411807066,2021-09-21,1,Changing diagnostics,Changing sequencing,50%,200%,fig_3b,2,1,1.0635
2021-09-22,ZA,3,Omicron BA.1,Community,1.1135488411807066,2021-09-21,1,Changing diagnostics,Changing sequencing,100%,200%,fig_3b,2,1,1.0635
2021-09-22,ZA,3,Omicron BA.1,Community,1.1135488411807066,2021-09-21,1,Changing diagnostics,Changing sequencing,150%,200%,fig_3b,2,1,1.0635
2021-09-22,ZA,3,Omicron BA.1,Community,1.1135488411807066,2021-09-21,1,Changing diagnostics,Changing sequencing,200%,200%,fig_3b,2,1,1.0635
2021-09-22,ZA,30,Omicron BA.1,Community,1.0234639911076608,2021-09-21,1,Changing diagnostics,Changing sequencing,10%,200%,fig_3b,2,1,1.0635
2021-09-22,ZA,30,Omicron BA.1,Community,1.0234639911076606,2021-09-21,1,Changing diagnostics,Changing sequencing,50%,200%,fig_3b,2,1,1.0635
2021-09-22,ZA,30,Omicron BA.1,Community,1.0234639911076606,2021-09-21,1,Changing diagnostics,Changing sequencing,100%,200%,fig_3b,2,1,1.0635
2021-09-22,ZA,30,Omicron BA.1,Community,1.0234639911076608,2021-09-21,1,Changing diagnostics,Changing sequencing,150%,200%,fig_3b,2,1,1.0635
2021-09-22,ZA,30,Omicron BA.1,Community,1.0234639911076606,2021-09-21,1,Changing diagnostics,Changing sequencing,200%,200%,fig_3b,2,1,1.0635
2021-09-22,ZA,300,Omicron BA.1,Community,1.0184592772147139,2021-09-21,1,Changing diagnostics,Changing sequencing,10%,200%,fig_3b,2,1,1.0635
2021-09-22,ZA,300,Omicron BA.1,Community,1.0184592772147136,2021-09-21,1,Changing diagnostics,Changing sequencing,50%,200%,fig_3b,2,1,1.0635
2021-09-22,ZA,300,Omicron BA.1,Community,1.0184592772147136,2021-09-21,1,Changing diagnostics,Changing sequencing,100%,200%,fig_3b,2,1,1.0635
2021-09-22,ZA,300,Omicron BA.1,Community,1.0184592772147136,2021-09-21,1,Changing diagnostics,Changing sequencing,150%,200%,fig_3b,2,1,1.0635
2021-09-22,ZA,300,Omicron BA.1,Community,1.0184592772147136,2021-09-21,1,Changing diagnostics,Changing sequencing,200%,200%,fig_3b,2,1,1.0635
2021-09-24,ZA,301,Omicron BA.1,Community,1.1984737475688638,2021-09-21,3,Changing diagnostics,Changing sequencing,10%,200%,fig_3b,2,1,1.0635
2021-09-24,ZA,301,Omicron BA.1,Community,1.198473747568864,2021-09-21,3,Changing diagnostics,Changing sequencing,50%,200%,fig_3b,2,1,1.0635
2021-09-24,ZA,301,Omicron BA.1,Community,1.198473747568864,2021-09-21,3,Changing diagnostics,Changing sequencing,100%,200%,fig_3b,2,1,1.0635
2021-09-24,ZA,301,Omicron BA.1,Community,1.1984737475688643,2021-09-21,3,Changing diagnostics,Changing sequencing,150%,200%,fig_3b,2,1,1.0635
2021-09-24,ZA,301,Omicron BA.1,Community,1.198473747568864,2021-09-21,3,Changing diagnostics,Changing sequencing,200%,200%,fig_3b,2,1,1.0635
2021-09-22,ZA,302,Omicron BA.1,Community,1.1510841953778093,2021-09-21,1,Changing diagnostics,Changing sequencing,10%,200%,fig_3b,2,1,1.0635
2021-09-22,ZA,302,Omicron BA.1,Community,1.1510841953778093,2021-09-21,1,Changing diagnostics,Changing sequencing,50%,200%,fig_3b,2,1,1.0635
2021-09-22,ZA,302,Omicron BA.1,Community,1.1510841953778093,2021-09-21,1,Changing diagnostics,Changing sequencing,100%,200%,fig_3b,2,1,1.0635
2021-09-22,ZA,302,Omicron BA.1,Community,1.1510841953778093,2021-09-21,1,Changing diagnostics,Changing sequencing,150%,200%,fig_3b,2,1,1.0635
2021-09-22,ZA,302,Omicron BA.1,Community,1.1510841953778093,2021-09-21,1,Changing diagnostics,Changing sequencing,200%,200%,fig_3b,2,1,1.0635
2021-09-22,ZA,303,Omicron BA.1,Community,1.1285629828595474,2021-09-21,1,Changing diagnostics,Changing sequencing,10%,200%,fig_3b,2,1,1.0635
2021-09-22,ZA,303,Omicron BA.1,Community,1.1285629828595476,2021-09-21,1,Changing diagnostics,Changing sequencing,50%,200%,fig_3b,2,1,1.0635
2021-09-22,ZA,303,Omicron BA.1,Community,1.1285629828595476,2021-09-21,1,Changing diagnostics,Changing sequencing,100%,200%,fig_3b,2,1,1.0635
2021-09-22,ZA,303,Omicron BA.1,Community,1.1285629828595476,2021-09-21,1,Changing diagnostics,Changing sequencing,150%,200%,fig_3b,2,1,1.0635
2021-09-22,ZA,303,Omicron BA.1,Community,1.1285629828595476,2021-09-21,1,Changing diagnostics,Changing sequencing,200%,200%,fig_3b,2,1,1.0635
2021-09-22,ZA,304,Omicron BA.1,Community,1.0935299856089187,2021-09-21,1,Changing diagnostics,Changing sequencing,10%,200%,fig_3b,2,1,1.0635
2021-09-22,ZA,304,Omicron BA.1,Community,1.0935299856089187,2021-09-21,1,Changing diagnostics,Changing sequencing,50%,200%,fig_3b,2,1,1.0635
2021-09-22,ZA,304,Omicron BA.1,Community,1.0935299856089187,2021-09-21,1,Changing diagnostics,Changing sequencing,100%,200%,fig_3b,2,1,1.0635
2021-09-22,ZA,304,Omicron BA.1,Community,1.0935299856089187,2021-09-21,1,Changing diagnostics,Changing sequencing,150%,200%,fig_3b,2,1,1.0635
2021-09-22,ZA,304,Omicron BA.1,Community,1.0935299856089187,2021-09-21,1,Changing diagnostics,Changing sequencing,200%,200%,fig_3b,2,1,1.0635
2021-09-22,ZA,305,Omicron BA.1,Community,1.040980489732975,2021-09-21,1,Changing diagnostics,Changing sequencing,10%,200%,fig_3b,2,1,1.0635
2021-09-22,ZA,305,Omicron BA.1,Community,1.0409804897329755,2021-09-21,1,Changing diagnostics,Changing sequencing,50%,200%,fig_3b,2,1,1.0635
2021-09-22,ZA,305,Omicron BA.1,Community,1.0409804897329755,2021-09-21,1,Changing diagnostics,Changing sequencing,100%,200%,fig_3b,2,1,1.0635
2021-09-22,ZA,305,Omicron BA.1,Community,1.0409804897329753,2021-09-21,1,Changing diagnostics,Changing sequencing,150%,200%,fig_3b,2,1,1.0635
2021-09-22,ZA,305,Omicron BA.1,Community,1.0409804897329755,2021-09-21,1,Changing diagnostics,Changing sequencing,200%,200%,fig_3b,2,1,1.0635
2021-09-22,ZA,306,Omicron BA.1,Community,1.0785158439300777,2021-09-21,1,Changing diagnostics,Changing sequencing,10%,200%,fig_3b,2,1,1.0635
2021-09-22,ZA,306,Omicron BA.1,Community,1.0785158439300777,2021-09-21,1,Changing diagnostics,Changing sequencing,50%,200%,fig_3b,2,1,1.0635
2021-09-22,ZA,306,Omicron BA.1,Community,1.0785158439300777,2021-09-21,1,Changing diagnostics,Changing sequencing,100%,200%,fig_3b,2,1,1.0635
2021-09-22,ZA,306,Omicron BA.1,Community,1.078515843930078,2021-09-21,1,Changing diagnostics,Changing sequencing,150%,200%,fig_3b,2,1,1.0635
2021-09-22,ZA,306,Omicron BA.1,Community,1.0785158439300777,2021-09-21,1,Changing diagnostics,Changing sequencing,200%,200%,fig_3b,2,1,1.0635
2021-09-22,ZA,307,Omicron BA.1,Community,1.0259663480541343,2021-09-21,1,Changing diagnostics,Changing sequencing,10%,200%,fig_3b,2,1,1.0635
2021-09-22,ZA,307,Omicron BA.1,Community,1.0259663480541343,2021-09-21,1,Changing diagnostics,Changing sequencing,50%,200%,fig_3b,2,1,1.0635
2021-09-22,ZA,307,Omicron BA.1,Community,1.0259663480541343,2021-09-21,1,Changing diagnostics,Changing sequencing,100%,200%,fig_3b,2,1,1.0635
2021-09-22,ZA,307,Omicron BA.1,Community,1.0259663480541346,2021-09-21,1,Changing diagnostics,Changing sequencing,150%,200%,fig_3b,2,1,1.0635
2021-09-22,ZA,307,Omicron BA.1,Community,1.0259663480541343,2021-09-21,1,Changing diagnostics,Changing sequencing,200%,200%,fig_3b,2,1,1.0635
2021-09-22,ZA,308,Omicron BA.1,Community,1.0259663480541343,2021-09-21,1,Changing diagnostics,Changing sequencing,10%,200%,fig_3b,2,1,1.0635
2021-09-22,ZA,308,Omicron BA.1,Community,1.0259663480541346,2021-09-21,1,Changing diagnostics,Changing sequencing,50%,200%,fig_3b,2,1,1.0635
2021-09-22,ZA,308,Omicron BA.1,Community,1.0259663480541346,2021-09-21,1,Changing diagnostics,Changing sequencing,100%,200%,fig_3b,2,1,1.0635
2021-09-22,ZA,308,Omicron BA.1,Community,1.0259663480541346,2021-09-21,1,Changing diagnostics,Changing sequencing,150%,200%,fig_3b,2,1,1.0635
2021-09-22,ZA,308,Omicron BA.1,Community,1.0259663480541346,2021-09-21,1,Changing diagnostics,Changing sequencing,200%,200%,fig_3b,2,1,1.0635
2021-09-22,ZA,309,Omicron BA.1,Community,1.0009427785893992,2021-09-21,1,Changing diagnostics,Changing sequencing,10%,200%,fig_3b,2,1,1.0635
2021-09-22,ZA,309,Omicron BA.1,Community,1.0009427785893994,2021-09-21,1,Changing diagnostics,Changing sequencing,50%,200%,fig_3b,2,1,1.0635
2021-09-22,ZA,309,Omicron BA.1,Community,1.0009427785893994,2021-09-21,1,Changing diagnostics,Changing sequencing,100%,200%,fig_3b,2,1,1.0635
2021-09-22,ZA,309,Omicron BA.1,Community,1.0009427785893994,2021-09-21,1,Changing diagnostics,Changing sequencing,150%,200%,fig_3b,2,1,1.0635
2021-09-22,ZA,309,Omicron BA.1,Community,1.0009427785893994,2021-09-21,1,Changing diagnostics,Changing sequencing,200%,200%,fig_3b,2,1,1.0635
2021-09-22,ZA,31,Omicron BA.1,Community,1.0259663480541343,2021-09-21,1,Changing diagnostics,Changing sequencing,10%,200%,fig_3b,2,1,1.0635
2021-09-22,ZA,31,Omicron BA.1,Community,1.0259663480541343,2021-09-21,1,Changing diagnostics,Changing sequencing,50%,200%,fig_3b,2,1,1.0635
2021-09-22,ZA,31,Omicron BA.1,Community,1.0259663480541343,2021-09-21,1,Changing diagnostics,Changing sequencing,100%,200%,fig_3b,2,1,1.0635
2021-09-22,ZA,31,Omicron BA.1,Community,1.0259663480541343,2021-09-21,1,Changing diagnostics,Changing sequencing,150%,200%,fig_3b,2,1,1.0635
2021-09-22,ZA,31,Omicron BA.1,Community,1.0259663480541343,2021-09-21,1,Changing diagnostics,Changing sequencing,200%,200%,fig_3b,2,1,1.0635
2021-09-24,ZA,310,Omicron BA.1,Community,1.1731894912910397,2021-09-21,3,Changing diagnostics,Changing sequencing,10%,200%,fig_3b,2,1,1.0635
2021-09-24,ZA,310,Omicron BA.1,Community,1.1731894912910399,2021-09-21,3,Changing diagnostics,Changing sequencing,50%,200%,fig_3b,2,1,1.0635
2021-09-24,ZA,310,Omicron BA.1,Community,1.1731894912910399,2021-09-21,3,Changing diagnostics,Changing sequencing,100%,200%,fig_3b,2,1,1.0635
2021-09-24,ZA,310,Omicron BA.1,Community,1.1731894912910399,2021-09-21,3,Changing diagnostics,Changing sequencing,150%,200%,fig_3b,2,1,1.0635
2021-09-24,ZA,310,Omicron BA.1,Community,1.1731894912910399,2021-09-21,3,Changing diagnostics,Changing sequencing,200%,200%,fig_3b,2,1,1.0635
2021-09-22,ZA,311,Omicron BA.1,Community,1.0009427785893994,2021-09-21,1,Changing diagnostics,Changing sequencing,10%,200%,fig_3b,2,1,1.0635
2021-09-22,ZA,311,Omicron BA.1,Community,1.0009427785893994,2021-09-21,1,Changing diagnostics,Changing sequencing,50%,200%,fig_3b,2,1,1.0635
2021-09-22,ZA,311,Omicron BA.1,Community,1.0009427785893994,2021-09-21,1,Changing diagnostics,Changing sequencing,100%,200%,fig_3b,2,1,1.0635
2021-09-22,ZA,311,Omicron BA.1,Community,1.0009427785893994,2021-09-21,1,Changing diagnostics,Changing sequencing,150%,200%,fig_3b,2,1,1.0635
2021-09-22,ZA,311,Omicron BA.1,Community,1.0009427785893994,2021-09-21,1,Changing diagnostics,Changing sequencing,200%,200%,fig_3b,2,1,1.0635
2021-09-22,ZA,312,Omicron BA.1,Community,1.1460794814848625,2021-09-21,1,Changing diagnostics,Changing sequencing,10%,200%,fig_3b,2,1,1.0635
2021-09-22,ZA,312,Omicron BA.1,Community,1.146079481484862,2021-09-21,1,Changing diagnostics,Changing sequencing,50%,200%,fig_3b,2,1,1.0635
2021-09-22,ZA,312,Omicron BA.1,Community,1.146079481484862,2021-09-21,1,Changing diagnostics,Changing sequencing,100%,200%,fig_3b,2,1,1.0635
2021-09-22,ZA,312,Omicron BA.1,Community,1.1460794814848618,2021-09-21,1,Changing diagnostics,Changing sequencing,150%,200%,fig_3b,2,1,1.0635
2021-09-22,ZA,312,Omicron BA.1,Community,1.146079481484862,2021-09-21,1,Changing diagnostics,Changing sequencing,200%,200%,fig_3b,2,1,1.0635
2021-09-24,ZA,313,Omicron BA.1,Community,1.1984737475688636,2021-09-21,3,Changing diagnostics,Changing sequencing,10%,200%,fig_3b,2,1,1.0635
2021-09-24,ZA,313,Omicron BA.1,Community,1.1984737475688638,2021-09-21,3,Changing diagnostics,Changing sequencing,50%,200%,fig_3b,2,1,1.0635
2021-09-24,ZA,313,Omicron BA.1,Community,1.1984737475688638,2021-09-21,3,Changing diagnostics,Changing sequencing,100%,200%,fig_3b,2,1,1.0635
2021-09-24,ZA,313,Omicron BA.1,Community,1.198473747568864,2021-09-21,3,Changing diagnostics,Changing sequencing,150%,200%,fig_3b,2,1,1.0635
2021-09-24,ZA,313,Omicron BA.1,Community,1.1984737475688638,2021-09-21,3,Changing diagnostics,Changing sequencing,200%,200%,fig_3b,2,1,1.0635
2021-09-22,ZA,314,Omicron BA.1,Community,1.0459852036259223,2021-09-21,1,Changing diagnostics,Changing sequencing,10%,200%,fig_3b,2,1,1.0635
2021-09-22,ZA,314,Omicron BA.1,Community,1.045985203625922,2021-09-21,1,Changing diagnostics,Changing sequencing,50%,200%,fig_3b,2,1,1.0635
2021-09-22,ZA,314,Omicron BA.1,Community,1.045985203625922,2021-09-21,1,Changing diagnostics,Changing sequencing,100%,200%,fig_3b,2,1,1.0635
2021-09-22,ZA,314,Omicron BA.1,Community,1.0459852036259223,2021-09-21,1,Changing diagnostics,Changing sequencing,150%,200%,fig_3b,2,1,1.0635
2021-09-22,ZA,314,Omicron BA.1,Community,1.045985203625922,2021-09-21,1,Changing diagnostics,Changing sequencing,200%,200%,fig_3b,2,1,1.0635
2021-09-24,ZA,315,Omicron BA.1,Community,1.09986514808535,2021-09-21,3,Changing diagnostics,Changing sequencing,10%,200%,fig_3b,2,1,1.0635
2021-09-24,ZA,315,Omicron BA.1,Community,1.0998651480853496,2021-09-21,3,Changing diagnostics,Changing sequencing,50%,200%,fig_3b,2,1,1.0635
2021-09-24,ZA,315,Omicron BA.1,Community,1.0998651480853496,2021-09-21,3,Changing diagnostics,Changing sequencing,100%,200%,fig_3b,2,1,1.0635
2021-09-24,ZA,315,Omicron BA.1,Community,1.0998651480853496,2021-09-21,3,Changing diagnostics,Changing sequencing,150%,200%,fig_3b,2,1,1.0635
2021-09-24,ZA,315,Omicron BA.1,Community,1.0998651480853496,2021-09-21,3,Changing diagnostics,Changing sequencing,200%,200%,fig_3b,2,1,1.0635
2021-09-22,ZA,316,Omicron BA.1,Community,1.038478132786502,2021-09-21,1,Changing diagnostics,Changing sequencing,10%,200%,fig_3b,2,1,1.0635
2021-09-22,ZA,316,Omicron BA.1,Community,1.0384781327865018,2021-09-21,1,Changing diagnostics,Changing sequencing,50%,200%,fig_3b,2,1,1.0635
2021-09-22,ZA,316,Omicron BA.1,Community,1.0384781327865018,2021-09-21,1,Changing diagnostics,Changing sequencing,100%,200%,fig_3b,2,1,1.0635
2021-09-22,ZA,316,Omicron BA.1,Community,1.0384781327865018,2021-09-21,1,Changing diagnostics,Changing sequencing,150%,200%,fig_3b,2,1,1.0635
2021-09-22,ZA,316,Omicron BA.1,Community,1.0384781327865018,2021-09-21,1,Changing diagnostics,Changing sequencing,200%,200%,fig_3b,2,1,1.0635
2021-09-22,ZA,317,Omicron BA.1,Community,1.0685064161441837,2021-09-21,1,Changing diagnostics,Changing sequencing,10%,200%,fig_3b,2,1,1.0635
2021-09-22,ZA,317,Omicron BA.1,Community,1.068506416144184,2021-09-21,1,Changing diagnostics,Changing sequencing,50%,200%,fig_3b,2,1,1.0635
2021-09-22,ZA,317,Omicron BA.1,Community,1.068506416144184,2021-09-21,1,Changing diagnostics,Changing sequencing,100%,200%,fig_3b,2,1,1.0635
2021-09-22,ZA,317,Omicron BA.1,Community,1.0685064161441837,2021-09-21,1,Changing diagnostics,Changing sequencing,150%,200%,fig_3b,2,1,1.0635
2021-09-22,ZA,317,Omicron BA.1,Community,1.068506416144184,2021-09-21,1,Changing diagnostics,Changing sequencing,200%,200%,fig_3b,2,1,1.0635
2021-09-24,ZA,318,Omicron BA.1,Community,1.0872230199464377,2021-09-21,3,Changing diagnostics,Changing sequencing,10%,200%,fig_3b,2,1,1.0635
2021-09-24,ZA,318,Omicron BA.1,Community,1.0872230199464379,2021-09-21,3,Changing diagnostics,Changing sequencing,50%,200%,fig_3b,2,1,1.0635
2021-09-24,ZA,318,Omicron BA.1,Community,1.0872230199464379,2021-09-21,3,Changing diagnostics,Changing sequencing,100%,200%,fig_3b,2,1,1.0635
2021-09-24,ZA,318,Omicron BA.1,Community,1.0872230199464377,2021-09-21,3,Changing diagnostics,Changing sequencing,150%,200%,fig_3b,2,1,1.0635
2021-09-24,ZA,318,Omicron BA.1,Community,1.0872230199464379,2021-09-21,3,Changing diagnostics,Changing sequencing,200%,200%,fig_3b,2,1,1.0635
2021-09-24,ZA,319,Omicron BA.1,Community,1.0973367224575672,2021-09-21,3,Changing diagnostics,Changing sequencing,10%,200%,fig_3b,2,1,1.0635
2021-09-24,ZA,319,Omicron BA.1,Community,1.0973367224575672,2021-09-21,3,Changing diagnostics,Changing sequencing,50%,200%,fig_3b,2,1,1.0635
2021-09-24,ZA,319,Omicron BA.1,Community,1.0973367224575672,2021-09-21,3,Changing diagnostics,Changing sequencing,100%,200%,fig_3b,2,1,1.0635
2021-09-24,ZA,319,Omicron BA.1,Community,1.0973367224575674,2021-09-21,3,Changing diagnostics,Changing sequencing,150%,200%,fig_3b,2,1,1.0635
2021-09-24,ZA,319,Omicron BA.1,Community,1.0973367224575672,2021-09-21,3,Changing diagnostics,Changing sequencing,200%,200%,fig_3b,2,1,1.0635
2021-09-24,ZA,32,Omicron BA.1,Community,1.0568819124130486,2021-09-21,3,Changing diagnostics,Changing sequencing,10%,200%,fig_3b,2,1,1.0635
2021-09-24,ZA,32,Omicron BA.1,Community,1.0568819124130484,2021-09-21,3,Changing diagnostics,Changing sequencing,50%,200%,fig_3b,2,1,1.0635
2021-09-24,ZA,32,Omicron BA.1,Community,1.0568819124130484,2021-09-21,3,Changing diagnostics,Changing sequencing,100%,200%,fig_3b,2,1,1.0635
2021-09-24,ZA,32,Omicron BA.1,Community,1.0568819124130486,2021-09-21,3,Changing diagnostics,Changing sequencing,150%,200%,fig_3b,2,1,1.0635
2021-09-24,ZA,32,Omicron BA.1,Community,1.0568819124130484,2021-09-21,3,Changing diagnostics,Changing sequencing,200%,200%,fig_3b,2,1,1.0635
2021-09-22,ZA,320,Omicron BA.1,Community,1.1285629828595476,2021-09-21,1,Changing diagnostics,Changing sequencing,10%,200%,fig_3b,2,1,1.0635
2021-09-22,ZA,320,Omicron BA.1,Community,1.1285629828595476,2021-09-21,1,Changing diagnostics,Changing sequencing,50%,200%,fig_3b,2,1,1.0635
2021-09-22,ZA,320,Omicron BA.1,Community,1.1285629828595476,2021-09-21,1,Changing diagnostics,Changing sequencing,100%,200%,fig_3b,2,1,1.0635
2021-09-22,ZA,320,Omicron BA.1,Community,1.1285629828595476,2021-09-21,1,Changing diagnostics,Changing sequencing,150%,200%,fig_3b,2,1,1.0635
2021-09-22,ZA,320,Omicron BA.1,Community,1.1285629828595476,2021-09-21,1,Changing diagnostics,Changing sequencing,200%,200%,fig_3b,2,1,1.0635
2021-09-22,ZA,321,Omicron BA.1,Community,1.030971061947081,2021-09-21,1,Changing diagnostics,Changing sequencing,10%,200%,fig_3b,2,1,1.0635
2021-09-22,ZA,321,Omicron BA.1,Community,1.030971061947081,2021-09-21,1,Changing diagnostics,Changing sequencing,50%,200%,fig_3b,2,1,1.0635
2021-09-22,ZA,321,Omicron BA.1,Community,1.030971061947081,2021-09-21,1,Changing diagnostics,Changing sequencing,100%,200%,fig_3b,2,1,1.0635
2021-09-22,ZA,321,Omicron BA.1,Community,1.030971061947081,2021-09-21,1,Changing diagnostics,Changing sequencing,150%,200%,fig_3b,2,1,1.0635
2021-09-22,ZA,321,Omicron BA.1,Community,1.030971061947081,2021-09-21,1,Changing diagnostics,Changing sequencing,200%,200%,fig_3b,2,1,1.0635
2021-09-22,ZA,322,Omicron BA.1,Community,1.081018200876551,2021-09-21,1,Changing diagnostics,Changing sequencing,10%,200%,fig_3b,2,1,1.0635
2021-09-22,ZA,322,Omicron BA.1,Community,1.081018200876551,2021-09-21,1,Changing diagnostics,Changing sequencing,50%,200%,fig_3b,2,1,1.0635
2021-09-22,ZA,322,Omicron BA.1,Community,1.081018200876551,2021-09-21,1,Changing diagnostics,Changing sequencing,100%,200%,fig_3b,2,1,1.0635
2021-09-22,ZA,322,Omicron BA.1,Community,1.0810182008765512,2021-09-21,1,Changing diagnostics,Changing sequencing,150%,200%,fig_3b,2,1,1.0635
2021-09-22,ZA,322,Omicron BA.1,Community,1.081018200876551,2021-09-21,1,Changing diagnostics,Changing sequencing,200%,200%,fig_3b,2,1,1.0635
2021-09-22,ZA,323,Omicron BA.1,Community,1.0910276286624452,2021-09-21,1,Changing diagnostics,Changing sequencing,10%,200%,fig_3b,2,1,1.0635
2021-09-22,ZA,323,Omicron BA.1,Community,1.0910276286624452,2021-09-21,1,Changing diagnostics,Changing sequencing,50%,200%,fig_3b,2,1,1.0635
2021-09-22,ZA,323,Omicron BA.1,Community,1.0910276286624452,2021-09-21,1,Changing diagnostics,Changing sequencing,100%,200%,fig_3b,2,1,1.0635
2021-09-22,ZA,323,Omicron BA.1,Community,1.0910276286624452,2021-09-21,1,Changing diagnostics,Changing sequencing,150%,200%,fig_3b,2,1,1.0635
2021-09-22,ZA,323,Omicron BA.1,Community,1.0910276286624452,2021-09-21,1,Changing diagnostics,Changing sequencing,200%,200%,fig_3b,2,1,1.0635
2021-09-22,ZA,324,Omicron BA.1,Community,1.0359757758400283,2021-09-21,1,Changing diagnostics,Changing sequencing,10%,200%,fig_3b,2,1,1.0635
2021-09-22,ZA,324,Omicron BA.1,Community,1.0359757758400283,2021-09-21,1,Changing diagnostics,Changing sequencing,50%,200%,fig_3b,2,1,1.0635
2021-09-22,ZA,324,Omicron BA.1,Community,1.0359757758400283,2021-09-21,1,Changing diagnostics,Changing sequencing,100%,200%,fig_3b,2,1,1.0635
2021-09-22,ZA,324,Omicron BA.1,Community,1.0359757758400283,2021-09-21,1,Changing diagnostics,Changing sequencing,150%,200%,fig_3b,2,1,1.0635
2021-09-22,ZA,324,Omicron BA.1,Community,1.0359757758400283,2021-09-21,1,Changing diagnostics,Changing sequencing,200%,200%,fig_3b,2,1,1.0635
2021-09-22,ZA,325,Omicron BA.1,Community,1.1185535550736538,2021-09-21,1,Changing diagnostics,Changing sequencing,10%,200%,fig_3b,2,1,1.0635
2021-09-22,ZA,325,Omicron BA.1,Community,1.118553555073654,2021-09-21,1,Changing diagnostics,Changing sequencing,50%,200%,fig_3b,2,1,1.0635
2021-09-22,ZA,325,Omicron BA.1,Community,1.118553555073654,2021-09-21,1,Changing diagnostics,Changing sequencing,100%,200%,fig_3b,2,1,1.0635
2021-09-22,ZA,325,Omicron BA.1,Community,1.1185535550736538,2021-09-21,1,Changing diagnostics,Changing sequencing,150%,200%,fig_3b,2,1,1.0635
2021-09-22,ZA,325,Omicron BA.1,Community,1.118553555073654,2021-09-21,1,Changing diagnostics,Changing sequencing,200%,200%,fig_3b,2,1,1.0635
2021-09-22,ZA,326,Omicron BA.1,Community,1.0484875605723956,2021-09-21,1,Changing diagnostics,Changing sequencing,10%,200%,fig_3b,2,1,1.0635
2021-09-22,ZA,326,Omicron BA.1,Community,1.0484875605723956,2021-09-21,1,Changing diagnostics,Changing sequencing,50%,200%,fig_3b,2,1,1.0635
2021-09-22,ZA,326,Omicron BA.1,Community,1.0484875605723956,2021-09-21,1,Changing diagnostics,Changing sequencing,100%,200%,fig_3b,2,1,1.0635
2021-09-22,ZA,326,Omicron BA.1,Community,1.0484875605723956,2021-09-21,1,Changing diagnostics,Changing sequencing,150%,200%,fig_3b,2,1,1.0635
2021-09-22,ZA,326,Omicron BA.1,Community,1.0484875605723956,2021-09-21,1,Changing diagnostics,Changing sequencing,200%,200%,fig_3b,2,1,1.0635
2021-09-24,ZA,327,Omicron BA.1,Community,1.1302062556187387,2021-09-21,3,Changing diagnostics,Changing sequencing,10%,200%,fig_3b,2,1,1.0635
2021-09-24,ZA,327,Omicron BA.1,Community,1.1302062556187389,2021-09-21,3,Changing diagnostics,Changing sequencing,50%,200%,fig_3b,2,1,1.0635
2021-09-24,ZA,327,Omicron BA.1,Community,1.1302062556187389,2021-09-21,3,Changing diagnostics,Changing sequencing,100%,200%,fig_3b,2,1,1.0635
2021-09-24,ZA,327,Omicron BA.1,Community,1.1302062556187387,2021-09-21,3,Changing diagnostics,Changing sequencing,150%,200%,fig_3b,2,1,1.0635
2021-09-24,ZA,327,Omicron BA.1,Community,1.1302062556187389,2021-09-21,3,Changing diagnostics,Changing sequencing,200%,200%,fig_3b,2,1,1.0635
2021-09-22,ZA,328,Omicron BA.1,Community,1.0259663480541343,2021-09-21,1,Changing diagnostics,Changing sequencing,10%,200%,fig_3b,2,1,1.0635
2021-09-22,ZA,328,Omicron BA.1,Community,1.0259663480541343,2021-09-21,1,Changing diagnostics,Changing sequencing,50%,200%,fig_3b,2,1,1.0635
2021-09-22,ZA,328,Omicron BA.1,Community,1.0259663480541343,2021-09-21,1,Changing diagnostics,Changing sequencing,100%,200%,fig_3b,2,1,1.0635
2021-09-22,ZA,328,Omicron BA.1,Community,1.0259663480541346,2021-09-21,1,Changing diagnostics,Changing sequencing,150%,200%,fig_3b,2,1,1.0635
2021-09-22,ZA,328,Omicron BA.1,Community,1.0259663480541343,2021-09-21,1,Changing diagnostics,Changing sequencing,200%,200%,fig_3b,2,1,1.0635
2021-09-22,ZA,329,Omicron BA.1,Community,1.0309710619470813,2021-09-21,1,Changing diagnostics,Changing sequencing,10%,200%,fig_3b,2,1,1.0635
2021-09-22,ZA,329,Omicron BA.1,Community,1.0309710619470813,2021-09-21,1,Changing diagnostics,Changing sequencing,50%,200%,fig_3b,2,1,1.0635
2021-09-22,ZA,329,Omicron BA.1,Community,1.0309710619470813,2021-09-21,1,Changing diagnostics,Changing sequencing,100%,200%,fig_3b,2,1,1.0635
2021-09-22,ZA,329,Omicron BA.1,Community,1.0309710619470809,2021-09-21,1,Changing diagnostics,Changing sequencing,150%,200%,fig_3b,2,1,1.0635
2021-09-22,ZA,329,Omicron BA.1,Community,1.0309710619470813,2021-09-21,1,Changing diagnostics,Changing sequencing,200%,200%,fig_3b,2,1,1.0635
2021-09-22,ZA,33,Omicron BA.1,Community,1.0459852036259223,2021-09-21,1,Changing diagnostics,Changing sequencing,10%,200%,fig_3b,2,1,1.0635
2021-09-22,ZA,33,Omicron BA.1,Community,1.0459852036259223,2021-09-21,1,Changing diagnostics,Changing sequencing,50%,200%,fig_3b,2,1,1.0635
2021-09-22,ZA,33,Omicron BA.1,Community,1.0459852036259223,2021-09-21,1,Changing diagnostics,Changing sequencing,100%,200%,fig_3b,2,1,1.0635
2021-09-22,ZA,33,Omicron BA.1,Community,1.0459852036259223,2021-09-21,1,Changing diagnostics,Changing sequencing,150%,200%,fig_3b,2,1,1.0635
2021-09-22,ZA,33,Omicron BA.1,Community,1.0459852036259223,2021-09-21,1,Changing diagnostics,Changing sequencing,200%,200%,fig_3b,2,1,1.0635
2021-09-22,ZA,330,Omicron BA.1,Community,1.0685064161441835,2021-09-21,1,Changing diagnostics,Changing sequencing,10%,200%,fig_3b,2,1,1.0635
2021-09-22,ZA,330,Omicron BA.1,Community,1.0685064161441837,2021-09-21,1,Changing diagnostics,Changing sequencing,50%,200%,fig_3b,2,1,1.0635
2021-09-22,ZA,330,Omicron BA.1,Community,1.0685064161441837,2021-09-21,1,Changing diagnostics,Changing sequencing,100%,200%,fig_3b,2,1,1.0635
2021-09-22,ZA,330,Omicron BA.1,Community,1.0685064161441837,2021-09-21,1,Changing diagnostics,Changing sequencing,150%,200%,fig_3b,2,1,1.0635
2021-09-22,ZA,330,Omicron BA.1,Community,1.0685064161441837,2021-09-21,1,Changing diagnostics,Changing sequencing,200%,200%,fig_3b,2,1,1.0635
2021-09-22,ZA,331,Omicron BA.1,Community,1.0685064161441837,2021-09-21,1,Changing diagnostics,Changing sequencing,10%,200%,fig_3b,2,1,1.0635
2021-09-22,ZA,331,Omicron BA.1,Community,1.0685064161441835,2021-09-21,1,Changing diagnostics,Changing sequencing,50%,200%,fig_3b,2,1,1.0635
2021-09-22,ZA,331,Omicron BA.1,Community,1.0685064161441835,2021-09-21,1,Changing diagnostics,Changing sequencing,100%,200%,fig_3b,2,1,1.0635
2021-09-22,ZA,331,Omicron BA.1,Community,1.0685064161441837,2021-09-21,1,Changing diagnostics,Changing sequencing,150%,200%,fig_3b,2,1,1.0635
2021-09-22,ZA,331,Omicron BA.1,Community,1.0685064161441835,2021-09-21,1,Changing diagnostics,Changing sequencing,200%,200%,fig_3b,2,1,1.0635
2021-09-22,ZA,332,Omicron BA.1,Community,1.0910276286624454,2021-09-21,1,Changing diagnostics,Changing sequencing,10%,200%,fig_3b,2,1,1.0635
2021-09-22,ZA,332,Omicron BA.1,Community,1.0910276286624456,2021-09-21,1,Changing diagnostics,Changing sequencing,50%,200%,fig_3b,2,1,1.0635
2021-09-22,ZA,332,Omicron BA.1,Community,1.0910276286624456,2021-09-21,1,Changing diagnostics,Changing sequencing,100%,200%,fig_3b,2,1,1.0635
2021-09-22,ZA,332,Omicron BA.1,Community,1.0910276286624454,2021-09-21,1,Changing diagnostics,Changing sequencing,150%,200%,fig_3b,2,1,1.0635
2021-09-22,ZA,332,Omicron BA.1,Community,1.0910276286624456,2021-09-21,1,Changing diagnostics,Changing sequencing,200%,200%,fig_3b,2,1,1.0635
2021-09-22,ZA,333,Omicron BA.1,Community,1.1235582689666008,2021-09-21,1,Changing diagnostics,Changing sequencing,10%,200%,fig_3b,2,1,1.0635
2021-09-22,ZA,333,Omicron BA.1,Community,1.123558268966601,2021-09-21,1,Changing diagnostics,Changing sequencing,50%,200%,fig_3b,2,1,1.0635
2021-09-22,ZA,333,Omicron BA.1,Community,1.123558268966601,2021-09-21,1,Changing diagnostics,Changing sequencing,100%,200%,fig_3b,2,1,1.0635
2021-09-22,ZA,333,Omicron BA.1,Community,1.123558268966601,2021-09-21,1,Changing diagnostics,Changing sequencing,150%,200%,fig_3b,2,1,1.0635
2021-09-22,ZA,333,Omicron BA.1,Community,1.123558268966601,2021-09-21,1,Changing diagnostics,Changing sequencing,200%,200%,fig_3b,2,1,1.0635
2021-09-22,ZA,334,Omicron BA.1,Community,1.0735111300371307,2021-09-21,1,Changing diagnostics,Changing sequencing,10%,200%,fig_3b,2,1,1.0635
2021-09-22,ZA,334,Omicron BA.1,Community,1.0735111300371307,2021-09-21,1,Changing diagnostics,Changing sequencing,50%,200%,fig_3b,2,1,1.0635
2021-09-22,ZA,334,Omicron BA.1,Community,1.0735111300371307,2021-09-21,1,Changing diagnostics,Changing sequencing,100%,200%,fig_3b,2,1,1.0635
2021-09-22,ZA,334,Omicron BA.1,Community,1.0735111300371305,2021-09-21,1,Changing diagnostics,Changing sequencing,150%,200%,fig_3b,2,1,1.0635
2021-09-22,ZA,334,Omicron BA.1,Community,1.0735111300371307,2021-09-21,1,Changing diagnostics,Changing sequencing,200%,200%,fig_3b,2,1,1.0635
2021-09-22,ZA,335,Omicron BA.1,Community,1.0609993453047635,2021-09-21,1,Changing diagnostics,Changing sequencing,10%,200%,fig_3b,2,1,1.0635
2021-09-22,ZA,335,Omicron BA.1,Community,1.0609993453047633,2021-09-21,1,Changing diagnostics,Changing sequencing,50%,200%,fig_3b,2,1,1.0635
2021-09-22,ZA,335,Omicron BA.1,Community,1.0609993453047633,2021-09-21,1,Changing diagnostics,Changing sequencing,100%,200%,fig_3b,2,1,1.0635
2021-09-22,ZA,335,Omicron BA.1,Community,1.0609993453047635,2021-09-21,1,Changing diagnostics,Changing sequencing,150%,200%,fig_3b,2,1,1.0635
2021-09-22,ZA,335,Omicron BA.1,Community,1.0609993453047633,2021-09-21,1,Changing diagnostics,Changing sequencing,200%,200%,fig_3b,2,1,1.0635
2021-09-24,ZA,336,Omicron BA.1,Community,1.1150357018520443,2021-09-21,3,Changing diagnostics,Changing sequencing,10%,200%,fig_3b,2,1,1.0635
2021-09-24,ZA,336,Omicron BA.1,Community,1.1150357018520445,2021-09-21,3,Changing diagnostics,Changing sequencing,50%,200%,fig_3b,2,1,1.0635
2021-09-24,ZA,336,Omicron BA.1,Community,1.1150357018520445,2021-09-21,3,Changing diagnostics,Changing sequencing,100%,200%,fig_3b,2,1,1.0635
2021-09-24,ZA,336,Omicron BA.1,Community,1.115035701852044,2021-09-21,3,Changing diagnostics,Changing sequencing,150%,200%,fig_3b,2,1,1.0635
2021-09-24,ZA,336,Omicron BA.1,Community,1.1150357018520445,2021-09-21,3,Changing diagnostics,Changing sequencing,200%,200%,fig_3b,2,1,1.0635
2021-09-22,ZA,337,Omicron BA.1,Community,1.0609993453047635,2021-09-21,1,Changing diagnostics,Changing sequencing,10%,200%,fig_3b,2,1,1.0635
2021-09-22,ZA,337,Omicron BA.1,Community,1.0609993453047633,2021-09-21,1,Changing diagnostics,Changing sequencing,50%,200%,fig_3b,2,1,1.0635
2021-09-22,ZA,337,Omicron BA.1,Community,1.0609993453047633,2021-09-21,1,Changing diagnostics,Changing sequencing,100%,200%,fig_3b,2,1,1.0635
2021-09-22,ZA,337,Omicron BA.1,Community,1.0609993453047635,2021-09-21,1,Changing diagnostics,Changing sequencing,150%,200%,fig_3b,2,1,1.0635
2021-09-22,ZA,337,Omicron BA.1,Community,1.0609993453047633,2021-09-21,1,Changing diagnostics,Changing sequencing,200%,200%,fig_3b,2,1,1.0635
2021-09-22,ZA,338,Omicron BA.1,Community,1.0409804897329753,2021-09-21,1,Changing diagnostics,Changing sequencing,10%,200%,fig_3b,2,1,1.0635
2021-09-22,ZA,338,Omicron BA.1,Community,1.040980489732975,2021-09-21,1,Changing diagnostics,Changing sequencing,50%,200%,fig_3b,2,1,1.0635
2021-09-22,ZA,338,Omicron BA.1,Community,1.040980489732975,2021-09-21,1,Changing diagnostics,Changing sequencing,100%,200%,fig_3b,2,1,1.0635
2021-09-22,ZA,338,Omicron BA.1,Community,1.0409804897329755,2021-09-21,1,Changing diagnostics,Changing sequencing,150%,200%,fig_3b,2,1,1.0635
2021-09-22,ZA,338,Omicron BA.1,Community,1.040980489732975,2021-09-21,1,Changing diagnostics,Changing sequencing,200%,200%,fig_3b,2,1,1.0635
2021-09-22,ZA,339,Omicron BA.1,Community,1.078515843930078,2021-09-21,1,Changing diagnostics,Changing sequencing,10%,200%,fig_3b,2,1,1.0635
2021-09-22,ZA,339,Omicron BA.1,Community,1.078515843930078,2021-09-21,1,Changing diagnostics,Changing sequencing,50%,200%,fig_3b,2,1,1.0635
2021-09-22,ZA,339,Omicron BA.1,Community,1.078515843930078,2021-09-21,1,Changing diagnostics,Changing sequencing,100%,200%,fig_3b,2,1,1.0635
2021-09-22,ZA,339,Omicron BA.1,Community,1.0785158439300775,2021-09-21,1,Changing diagnostics,Changing sequencing,150%,200%,fig_3b,2,1,1.0635
2021-09-22,ZA,339,Omicron BA.1,Community,1.078515843930078,2021-09-21,1,Changing diagnostics,Changing sequencing,200%,200%,fig_3b,2,1,1.0635
2021-09-22,ZA,34,Omicron BA.1,Community,1.1060417703412864,2021-09-21,1,Changing diagnostics,Changing sequencing,10%,200%,fig_3b,2,1,1.0635
2021-09-22,ZA,34,Omicron BA.1,Community,1.1060417703412861,2021-09-21,1,Changing diagnostics,Changing sequencing,50%,200%,fig_3b,2,1,1.0635
2021-09-22,ZA,34,Omicron BA.1,Community,1.1060417703412861,2021-09-21,1,Changing diagnostics,Changing sequencing,100%,200%,fig_3b,2,1,1.0635
2021-09-22,ZA,34,Omicron BA.1,Community,1.1060417703412861,2021-09-21,1,Changing diagnostics,Changing sequencing,150%,200%,fig_3b,2,1,1.0635
2021-09-22,ZA,34,Omicron BA.1,Community,1.1060417703412861,2021-09-21,1,Changing diagnostics,Changing sequencing,200%,200%,fig_3b,2,1,1.0635
2021-09-22,ZA,340,Omicron BA.1,Community,1.0710087730906575,2021-09-21,1,Changing diagnostics,Changing sequencing,10%,200%,fig_3b,2,1,1.0635
2021-09-22,ZA,340,Omicron BA.1,Community,1.0710087730906577,2021-09-21,1,Changing diagnostics,Changing sequencing,50%,200%,fig_3b,2,1,1.0635
2021-09-22,ZA,340,Omicron BA.1,Community,1.0710087730906577,2021-09-21,1,Changing diagnostics,Changing sequencing,100%,200%,fig_3b,2,1,1.0635
2021-09-22,ZA,340,Omicron BA.1,Community,1.0710087730906575,2021-09-21,1,Changing diagnostics,Changing sequencing,150%,200%,fig_3b,2,1,1.0635
2021-09-22,ZA,340,Omicron BA.1,Community,1.0710087730906577,2021-09-21,1,Changing diagnostics,Changing sequencing,200%,200%,fig_3b,2,1,1.0635
2021-09-24,ZA,341,Omicron BA.1,Community,1.1099788505964794,2021-09-21,3,Changing diagnostics,Changing sequencing,10%,200%,fig_3b,2,1,1.0635
2021-09-24,ZA,341,Omicron BA.1,Community,1.1099788505964794,2021-09-21,3,Changing diagnostics,Changing sequencing,50%,200%,fig_3b,2,1,1.0635
2021-09-24,ZA,341,Omicron BA.1,Community,1.1099788505964794,2021-09-21,3,Changing diagnostics,Changing sequencing,100%,200%,fig_3b,2,1,1.0635
2021-09-24,ZA,341,Omicron BA.1,Community,1.1099788505964794,2021-09-21,3,Changing diagnostics,Changing sequencing,150%,200%,fig_3b,2,1,1.0635
2021-09-24,ZA,341,Omicron BA.1,Community,1.1099788505964794,2021-09-21,3,Changing diagnostics,Changing sequencing,200%,200%,fig_3b,2,1,1.0635
2021-09-22,ZA,342,Omicron BA.1,Community,1.0760134869836047,2021-09-21,1,Changing diagnostics,Changing sequencing,10%,200%,fig_3b,2,1,1.0635
2021-09-22,ZA,342,Omicron BA.1,Community,1.0760134869836042,2021-09-21,1,Changing diagnostics,Changing sequencing,50%,200%,fig_3b,2,1,1.0635
2021-09-22,ZA,342,Omicron BA.1,Community,1.0760134869836042,2021-09-21,1,Changing diagnostics,Changing sequencing,100%,200%,fig_3b,2,1,1.0635
2021-09-22,ZA,342,Omicron BA.1,Community,1.0760134869836044,2021-09-21,1,Changing diagnostics,Changing sequencing,150%,200%,fig_3b,2,1,1.0635
2021-09-22,ZA,342,Omicron BA.1,Community,1.0760134869836042,2021-09-21,1,Changing diagnostics,Changing sequencing,200%,200%,fig_3b,2,1,1.0635
2021-09-22,ZA,343,Omicron BA.1,Community,1.0484875605723956,2021-09-21,1,Changing diagnostics,Changing sequencing,10%,200%,fig_3b,2,1,1.0635
2021-09-22,ZA,343,Omicron BA.1,Community,1.0484875605723958,2021-09-21,1,Changing diagnostics,Changing sequencing,50%,200%,fig_3b,2,1,1.0635
2021-09-22,ZA,343,Omicron BA.1,Community,1.0484875605723958,2021-09-21,1,Changing diagnostics,Changing sequencing,100%,200%,fig_3b,2,1,1.0635
2021-09-22,ZA,343,Omicron BA.1,Community,1.0484875605723956,2021-09-21,1,Changing diagnostics,Changing sequencing,150%,200%,fig_3b,2,1,1.0635
2021-09-22,ZA,343,Omicron BA.1,Community,1.0484875605723958,2021-09-21,1,Changing diagnostics,Changing sequencing,200%,200%,fig_3b,2,1,1.0635
2021-09-22,ZA,344,Omicron BA.1,Community,1.0334734188935548,2021-09-21,1,Changing diagnostics,Changing sequencing,10%,200%,fig_3b,2,1,1.0635
2021-09-22,ZA,344,Omicron BA.1,Community,1.0334734188935548,2021-09-21,1,Changing diagnostics,Changing sequencing,50%,200%,fig_3b,2,1,1.0635
2021-09-22,ZA,344,Omicron BA.1,Community,1.0334734188935548,2021-09-21,1,Changing diagnostics,Changing sequencing,100%,200%,fig_3b,2,1,1.0635
2021-09-22,ZA,344,Omicron BA.1,Community,1.0334734188935546,2021-09-21,1,Changing diagnostics,Changing sequencing,150%,200%,fig_3b,2,1,1.0635
2021-09-22,ZA,344,Omicron BA.1,Community,1.0334734188935548,2021-09-21,1,Changing diagnostics,Changing sequencing,200%,200%,fig_3b,2,1,1.0635
2021-09-22,ZA,345,Omicron BA.1,Community,1.0209616341611871,2021-09-21,1,Changing diagnostics,Changing sequencing,10%,200%,fig_3b,2,1,1.0635
2021-09-22,ZA,345,Omicron BA.1,Community,1.0209616341611871,2021-09-21,1,Changing diagnostics,Changing sequencing,50%,200%,fig_3b,2,1,1.0635
2021-09-22,ZA,345,Omicron BA.1,Community,1.0209616341611871,2021-09-21,1,Changing diagnostics,Changing sequencing,100%,200%,fig_3b,2,1,1.0635
2021-09-22,ZA,345,Omicron BA.1,Community,1.0209616341611873,2021-09-21,1,Changing diagnostics,Changing sequencing,150%,200%,fig_3b,2,1,1.0635
2021-09-22,ZA,345,Omicron BA.1,Community,1.0209616341611871,2021-09-21,1,Changing diagnostics,Changing sequencing,200%,200%,fig_3b,2,1,1.0635
2021-09-22,ZA,346,Omicron BA.1,Community,1.088525271715972,2021-09-21,1,Changing diagnostics,Changing sequencing,10%,200%,fig_3b,2,1,1.0635
2021-09-22,ZA,346,Omicron BA.1,Community,1.0885252717159721,2021-09-21,1,Changing diagnostics,Changing sequencing,50%,200%,fig_3b,2,1,1.0635
2021-09-22,ZA,346,Omicron BA.1,Community,1.0885252717159721,2021-09-21,1,Changing diagnostics,Changing sequencing,100%,200%,fig_3b,2,1,1.0635
2021-09-22,ZA,346,Omicron BA.1,Community,1.088525271715972,2021-09-21,1,Changing diagnostics,Changing sequencing,150%,200%,fig_3b,2,1,1.0635
2021-09-22,ZA,346,Omicron BA.1,Community,1.0885252717159721,2021-09-21,1,Changing diagnostics,Changing sequencing,200%,200%,fig_3b,2,1,1.0635
2021-09-22,ZA,347,Omicron BA.1,Community,1.0760134869836044,2021-09-21,1,Changing diagnostics,Changing sequencing,10%,200%,fig_3b,2,1,1.0635
2021-09-22,ZA,347,Omicron BA.1,Community,1.0760134869836042,2021-09-21,1,Changing diagnostics,Changing sequencing,50%,200%,fig_3b,2,1,1.0635
2021-09-22,ZA,347,Omicron BA.1,Community,1.0760134869836042,2021-09-21,1,Changing diagnostics,Changing sequencing,100%,200%,fig_3b,2,1,1.0635
2021-09-22,ZA,347,Omicron BA.1,Community,1.0760134869836044,2021-09-21,1,Changing diagnostics,Changing sequencing,150%,200%,fig_3b,2,1,1.0635
2021-09-22,ZA,347,Omicron BA.1,Community,1.0760134869836042,2021-09-21,1,Changing diagnostics,Changing sequencing,200%,200%,fig_3b,2,1,1.0635
2021-09-24,ZA,348,Omicron BA.1,Community,1.1074504249686967,2021-09-21,3,Changing diagnostics,Changing sequencing,10%,200%,fig_3b,2,1,1.0635
2021-09-24,ZA,348,Omicron BA.1,Community,1.1074504249686972,2021-09-21,3,Changing diagnostics,Changing sequencing,50%,200%,fig_3b,2,1,1.0635
2021-09-24,ZA,348,Omicron BA.1,Community,1.1074504249686972,2021-09-21,3,Changing diagnostics,Changing sequencing,100%,200%,fig_3b,2,1,1.0635
2021-09-24,ZA,348,Omicron BA.1,Community,1.107450424968697,2021-09-21,3,Changing diagnostics,Changing sequencing,150%,200%,fig_3b,2,1,1.0635
2021-09-24,ZA,348,Omicron BA.1,Community,1.1074504249686972,2021-09-21,3,Changing diagnostics,Changing sequencing,200%,200%,fig_3b,2,1,1.0635
2021-09-22,ZA,349,Omicron BA.1,Community,1.083520557823025,2021-09-21,1,Changing diagnostics,Changing sequencing,10%,200%,fig_3b,2,1,1.0635
2021-09-22,ZA,349,Omicron BA.1,Community,1.0835205578230247,2021-09-21,1,Changing diagnostics,Changing sequencing,50%,200%,fig_3b,2,1,1.0635
2021-09-22,ZA,349,Omicron BA.1,Community,1.0835205578230247,2021-09-21,1,Changing diagnostics,Changing sequencing,100%,200%,fig_3b,2,1,1.0635
2021-09-22,ZA,349,Omicron BA.1,Community,1.0835205578230247,2021-09-21,1,Changing diagnostics,Changing sequencing,150%,200%,fig_3b,2,1,1.0635
2021-09-22,ZA,349,Omicron BA.1,Community,1.0835205578230247,2021-09-21,1,Changing diagnostics,Changing sequencing,200%,200%,fig_3b,2,1,1.0635
2021-09-22,ZA,35,Omicron BA.1,Community,1.1010370564483394,2021-09-21,1,Changing diagnostics,Changing sequencing,10%,200%,fig_3b,2,1,1.0635
2021-09-22,ZA,35,Omicron BA.1,Community,1.1010370564483394,2021-09-21,1,Changing diagnostics,Changing sequencing,50%,200%,fig_3b,2,1,1.0635
2021-09-22,ZA,35,Omicron BA.1,Community,1.1010370564483394,2021-09-21,1,Changing diagnostics,Changing sequencing,100%,200%,fig_3b,2,1,1.0635
2021-09-22,ZA,35,Omicron BA.1,Community,1.1010370564483392,2021-09-21,1,Changing diagnostics,Changing sequencing,150%,200%,fig_3b,2,1,1.0635
2021-09-22,ZA,35,Omicron BA.1,Community,1.1010370564483394,2021-09-21,1,Changing diagnostics,Changing sequencing,200%,200%,fig_3b,2,1,1.0635
2021-09-22,ZA,350,Omicron BA.1,Community,1.043482846679449,2021-09-21,1,Changing diagnostics,Changing sequencing,10%,200%,fig_3b,2,1,1.0635
2021-09-22,ZA,350,Omicron BA.1,Community,1.0434828466794488,2021-09-21,1,Changing diagnostics,Changing sequencing,50%,200%,fig_3b,2,1,1.0635
2021-09-22,ZA,350,Omicron BA.1,Community,1.0434828466794488,2021-09-21,1,Changing diagnostics,Changing sequencing,100%,200%,fig_3b,2,1,1.0635
2021-09-22,ZA,350,Omicron BA.1,Community,1.0434828466794488,2021-09-21,1,Changing diagnostics,Changing sequencing,150%,200%,fig_3b,2,1,1.0635
2021-09-22,ZA,350,Omicron BA.1,Community,1.0434828466794488,2021-09-21,1,Changing diagnostics,Changing sequencing,200%,200%,fig_3b,2,1,1.0635
2021-09-22,ZA,351,Omicron BA.1,Community,1.0134545633217669,2021-09-21,1,Changing diagnostics,Changing sequencing,10%,200%,fig_3b,2,1,1.0635
2021-09-22,ZA,351,Omicron BA.1,Community,1.0134545633217669,2021-09-21,1,Changing diagnostics,Changing sequencing,50%,200%,fig_3b,2,1,1.0635
2021-09-22,ZA,351,Omicron BA.1,Community,1.0134545633217669,2021-09-21,1,Changing diagnostics,Changing sequencing,100%,200%,fig_3b,2,1,1.0635
2021-09-22,ZA,351,Omicron BA.1,Community,1.0134545633217669,2021-09-21,1,Changing diagnostics,Changing sequencing,150%,200%,fig_3b,2,1,1.0635
2021-09-22,ZA,351,Omicron BA.1,Community,1.0134545633217669,2021-09-21,1,Changing diagnostics,Changing sequencing,200%,200%,fig_3b,2,1,1.0635
2021-09-24,ZA,352,Omicron BA.1,Community,1.1630757887799101,2021-09-21,3,Changing diagnostics,Changing sequencing,10%,200%,fig_3b,2,1,1.0635
2021-09-24,ZA,352,Omicron BA.1,Community,1.1630757887799104,2021-09-21,3,Changing diagnostics,Changing sequencing,50%,200%,fig_3b,2,1,1.0635
2021-09-24,ZA,352,Omicron BA.1,Community,1.1630757887799104,2021-09-21,3,Changing diagnostics,Changing sequencing,100%,200%,fig_3b,2,1,1.0635
2021-09-24,ZA,352,Omicron BA.1,Community,1.16307578877991,2021-09-21,3,Changing diagnostics,Changing sequencing,150%,200%,fig_3b,2,1,1.0635
2021-09-24,ZA,352,Omicron BA.1,Community,1.1630757887799104,2021-09-21,3,Changing diagnostics,Changing sequencing,200%,200%,fig_3b,2,1,1.0635
2021-09-22,ZA,353,Omicron BA.1,Community,1.0509899175188693,2021-09-21,1,Changing diagnostics,Changing sequencing,10%,200%,fig_3b,2,1,1.0635
2021-09-22,ZA,353,Omicron BA.1,Community,1.0509899175188693,2021-09-21,1,Changing diagnostics,Changing sequencing,50%,200%,fig_3b,2,1,1.0635
2021-09-22,ZA,353,Omicron BA.1,Community,1.0509899175188693,2021-09-21,1,Changing diagnostics,Changing sequencing,100%,200%,fig_3b,2,1,1.0635
2021-09-22,ZA,353,Omicron BA.1,Community,1.0509899175188693,2021-09-21,1,Changing diagnostics,Changing sequencing,150%,200%,fig_3b,2,1,1.0635
2021-09-22,ZA,353,Omicron BA.1,Community,1.0509899175188693,2021-09-21,1,Changing diagnostics,Changing sequencing,200%,200%,fig_3b,2,1,1.0635
2021-09-24,ZA,354,Omicron BA.1,Community,1.0922798712020025,2021-09-21,3,Changing diagnostics,Changing sequencing,10%,200%,fig_3b,2,1,1.0635
2021-09-24,ZA,354,Omicron BA.1,Community,1.0922798712020025,2021-09-21,3,Changing diagnostics,Changing sequencing,50%,200%,fig_3b,2,1,1.0635
2021-09-24,ZA,354,Omicron BA.1,Community,1.0922798712020025,2021-09-21,3,Changing diagnostics,Changing sequencing,100%,200%,fig_3b,2,1,1.0635
2021-09-24,ZA,354,Omicron BA.1,Community,1.0922798712020028,2021-09-21,3,Changing diagnostics,Changing sequencing,150%,200%,fig_3b,2,1,1.0635
2021-09-24,ZA,354,Omicron BA.1,Community,1.0922798712020025,2021-09-21,3,Changing diagnostics,Changing sequencing,200%,200%,fig_3b,2,1,1.0635
2021-09-22,ZA,355,Omicron BA.1,Community,1.0559946314118165,2021-09-21,1,Changing diagnostics,Changing sequencing,10%,200%,fig_3b,2,1,1.0635
2021-09-22,ZA,355,Omicron BA.1,Community,1.0559946314118165,2021-09-21,1,Changing diagnostics,Changing sequencing,50%,200%,fig_3b,2,1,1.0635
2021-09-22,ZA,355,Omicron BA.1,Community,1.0559946314118165,2021-09-21,1,Changing diagnostics,Changing sequencing,100%,200%,fig_3b,2,1,1.0635
2021-09-22,ZA,355,Omicron BA.1,Community,1.0559946314118165,2021-09-21,1,Changing diagnostics,Changing sequencing,150%,200%,fig_3b,2,1,1.0635
2021-09-22,ZA,355,Omicron BA.1,Community,1.0559946314118165,2021-09-21,1,Changing diagnostics,Changing sequencing,200%,200%,fig_3b,2,1,1.0635
2021-09-22,ZA,356,Omicron BA.1,Community,1.0259663480541341,2021-09-21,1,Changing diagnostics,Changing sequencing,10%,200%,fig_3b,2,1,1.0635
2021-09-22,ZA,356,Omicron BA.1,Community,1.0259663480541343,2021-09-21,1,Changing diagnostics,Changing sequencing,50%,200%,fig_3b,2,1,1.0635
2021-09-22,ZA,356,Omicron BA.1,Community,1.0259663480541343,2021-09-21,1,Changing diagnostics,Changing sequencing,100%,200%,fig_3b,2,1,1.0635
2021-09-22,ZA,356,Omicron BA.1,Community,1.0259663480541346,2021-09-21,1,Changing diagnostics,Changing sequencing,150%,200%,fig_3b,2,1,1.0635
2021-09-22,ZA,356,Omicron BA.1,Community,1.0259663480541343,2021-09-21,1,Changing diagnostics,Changing sequencing,200%,200%,fig_3b,2,1,1.0635
2021-09-22,ZA,357,Omicron BA.1,Community,1.0234639911076606,2021-09-21,1,Changing diagnostics,Changing sequencing,10%,200%,fig_3b,2,1,1.0635
2021-09-22,ZA,357,Omicron BA.1,Community,1.0234639911076608,2021-09-21,1,Changing diagnostics,Changing sequencing,50%,200%,fig_3b,2,1,1.0635
2021-09-22,ZA,357,Omicron BA.1,Community,1.0234639911076608,2021-09-21,1,Changing diagnostics,Changing sequencing,100%,200%,fig_3b,2,1,1.0635
2021-09-22,ZA,357,Omicron BA.1,Community,1.0234639911076608,2021-09-21,1,Changing diagnostics,Changing sequencing,150%,200%,fig_3b,2,1,1.0635
2021-09-22,ZA,357,Omicron BA.1,Community,1.0234639911076608,2021-09-21,1,Changing diagnostics,Changing sequencing,200%,200%,fig_3b,2,1,1.0635
2021-09-24,ZA,358,Omicron BA.1,Community,1.1302062556187387,2021-09-21,3,Changing diagnostics,Changing sequencing,10%,200%,fig_3b,2,1,1.0635
2021-09-24,ZA,358,Omicron BA.1,Community,1.1302062556187389,2021-09-21,3,Changing diagnostics,Changing sequencing,50%,200%,fig_3b,2,1,1.0635
2021-09-24,ZA,358,Omicron BA.1,Community,1.1302062556187389,2021-09-21,3,Changing diagnostics,Changing sequencing,100%,200%,fig_3b,2,1,1.0635
2021-09-24,ZA,358,Omicron BA.1,Community,1.1302062556187387,2021-09-21,3,Changing diagnostics,Changing sequencing,150%,200%,fig_3b,2,1,1.0635
2021-09-24,ZA,358,Omicron BA.1,Community,1.1302062556187389,2021-09-21,3,Changing diagnostics,Changing sequencing,200%,200%,fig_3b,2,1,1.0635
2021-09-22,ZA,359,Omicron BA.1,Community,1.0159569202682404,2021-09-21,1,Changing diagnostics,Changing sequencing,10%,200%,fig_3b,2,1,1.0635
2021-09-22,ZA,359,Omicron BA.1,Community,1.0159569202682404,2021-09-21,1,Changing diagnostics,Changing sequencing,50%,200%,fig_3b,2,1,1.0635
2021-09-22,ZA,359,Omicron BA.1,Community,1.0159569202682404,2021-09-21,1,Changing diagnostics,Changing sequencing,100%,200%,fig_3b,2,1,1.0635
2021-09-22,ZA,359,Omicron BA.1,Community,1.0159569202682401,2021-09-21,1,Changing diagnostics,Changing sequencing,150%,200%,fig_3b,2,1,1.0635
2021-09-22,ZA,359,Omicron BA.1,Community,1.0159569202682404,2021-09-21,1,Changing diagnostics,Changing sequencing,200%,200%,fig_3b,2,1,1.0635
2021-09-22,ZA,36,Omicron BA.1,Community,1.136070053698968,2021-09-21,1,Changing diagnostics,Changing sequencing,10%,200%,fig_3b,2,1,1.0635
2021-09-22,ZA,36,Omicron BA.1,Community,1.136070053698968,2021-09-21,1,Changing diagnostics,Changing sequencing,50%,200%,fig_3b,2,1,1.0635
2021-09-22,ZA,36,Omicron BA.1,Community,1.136070053698968,2021-09-21,1,Changing diagnostics,Changing sequencing,100%,200%,fig_3b,2,1,1.0635
2021-09-22,ZA,36,Omicron BA.1,Community,1.1360700536989683,2021-09-21,1,Changing diagnostics,Changing sequencing,150%,200%,fig_3b,2,1,1.0635
2021-09-22,ZA,36,Omicron BA.1,Community,1.136070053698968,2021-09-21,1,Changing diagnostics,Changing sequencing,200%,200%,fig_3b,2,1,1.0635
2021-09-22,ZA,360,Omicron BA.1,Community,1.038478132786502,2021-09-21,1,Changing diagnostics,Changing sequencing,10%,200%,fig_3b,2,1,1.0635
2021-09-22,ZA,360,Omicron BA.1,Community,1.038478132786502,2021-09-21,1,Changing diagnostics,Changing sequencing,50%,200%,fig_3b,2,1,1.0635
2021-09-22,ZA,360,Omicron BA.1,Community,1.038478132786502,2021-09-21,1,Changing diagnostics,Changing sequencing,100%,200%,fig_3b,2,1,1.0635
2021-09-22,ZA,360,Omicron BA.1,Community,1.0384781327865018,2021-09-21,1,Changing diagnostics,Changing sequencing,150%,200%,fig_3b,2,1,1.0635
2021-09-22,ZA,360,Omicron BA.1,Community,1.038478132786502,2021-09-21,1,Changing diagnostics,Changing sequencing,200%,200%,fig_3b,2,1,1.0635
2021-09-24,ZA,361,Omicron BA.1,Community,1.211115875707776,2021-09-21,3,Changing diagnostics,Changing sequencing,10%,200%,fig_3b,2,1,1.0635
2021-09-24,ZA,361,Omicron BA.1,Community,1.2111158757077762,2021-09-21,3,Changing diagnostics,Changing sequencing,50%,200%,fig_3b,2,1,1.0635
2021-09-24,ZA,361,Omicron BA.1,Community,1.2111158757077762,2021-09-21,3,Changing diagnostics,Changing sequencing,100%,200%,fig_3b,2,1,1.0635
2021-09-24,ZA,361,Omicron BA.1,Community,1.211115875707776,2021-09-21,3,Changing diagnostics,Changing sequencing,150%,200%,fig_3b,2,1,1.0635
2021-09-24,ZA,361,Omicron BA.1,Community,1.2111158757077762,2021-09-21,3,Changing diagnostics,Changing sequencing,200%,200%,fig_3b,2,1,1.0635
2021-09-22,ZA,362,Omicron BA.1,Community,1.0785158439300777,2021-09-21,1,Changing diagnostics,Changing sequencing,10%,200%,fig_3b,2,1,1.0635
2021-09-22,ZA,362,Omicron BA.1,Community,1.0785158439300775,2021-09-21,1,Changing diagnostics,Changing sequencing,50%,200%,fig_3b,2,1,1.0635
2021-09-22,ZA,362,Omicron BA.1,Community,1.0785158439300775,2021-09-21,1,Changing diagnostics,Changing sequencing,100%,200%,fig_3b,2,1,1.0635
2021-09-22,ZA,362,Omicron BA.1,Community,1.0785158439300777,2021-09-21,1,Changing diagnostics,Changing sequencing,150%,200%,fig_3b,2,1,1.0635
2021-09-22,ZA,362,Omicron BA.1,Community,1.0785158439300775,2021-09-21,1,Changing diagnostics,Changing sequencing,200%,200%,fig_3b,2,1,1.0635
2021-09-22,ZA,363,Omicron BA.1,Community,1.078515843930078,2021-09-21,1,Changing diagnostics,Changing sequencing,10%,200%,fig_3b,2,1,1.0635
2021-09-22,ZA,363,Omicron BA.1,Community,1.078515843930078,2021-09-21,1,Changing diagnostics,Changing sequencing,50%,200%,fig_3b,2,1,1.0635
2021-09-22,ZA,363,Omicron BA.1,Community,1.078515843930078,2021-09-21,1,Changing diagnostics,Changing sequencing,100%,200%,fig_3b,2,1,1.0635
2021-09-22,ZA,363,Omicron BA.1,Community,1.0785158439300777,2021-09-21,1,Changing diagnostics,Changing sequencing,150%,200%,fig_3b,2,1,1.0635
2021-09-22,ZA,363,Omicron BA.1,Community,1.078515843930078,2021-09-21,1,Changing diagnostics,Changing sequencing,200%,200%,fig_3b,2,1,1.0635
2021-09-22,ZA,364,Omicron BA.1,Community,1.1010370564483392,2021-09-21,1,Changing diagnostics,Changing sequencing,10%,200%,fig_3b,2,1,1.0635
2021-09-22,ZA,364,Omicron BA.1,Community,1.1010370564483392,2021-09-21,1,Changing diagnostics,Changing sequencing,50%,200%,fig_3b,2,1,1.0635
2021-09-22,ZA,364,Omicron BA.1,Community,1.1010370564483392,2021-09-21,1,Changing diagnostics,Changing sequencing,100%,200%,fig_3b,2,1,1.0635
2021-09-22,ZA,364,Omicron BA.1,Community,1.1010370564483392,2021-09-21,1,Changing diagnostics,Changing sequencing,150%,200%,fig_3b,2,1,1.0635
2021-09-22,ZA,364,Omicron BA.1,Community,1.1010370564483392,2021-09-21,1,Changing diagnostics,Changing sequencing,200%,200%,fig_3b,2,1,1.0635
2021-09-22,ZA,365,Omicron BA.1,Community,1.0109522063752931,2021-09-21,1,Changing diagnostics,Changing sequencing,10%,200%,fig_3b,2,1,1.0635
2021-09-22,ZA,365,Omicron BA.1,Community,1.0109522063752936,2021-09-21,1,Changing diagnostics,Changing sequencing,50%,200%,fig_3b,2,1,1.0635
2021-09-22,ZA,365,Omicron BA.1,Community,1.0109522063752936,2021-09-21,1,Changing diagnostics,Changing sequencing,100%,200%,fig_3b,2,1,1.0635
2021-09-22,ZA,365,Omicron BA.1,Community,1.0109522063752931,2021-09-21,1,Changing diagnostics,Changing sequencing,150%,200%,fig_3b,2,1,1.0635
2021-09-22,ZA,365,Omicron BA.1,Community,1.0109522063752936,2021-09-21,1,Changing diagnostics,Changing sequencing,200%,200%,fig_3b,2,1,1.0635
2021-09-22,ZA,366,Omicron BA.1,Community,1.0084498494288199,2021-09-21,1,Changing diagnostics,Changing sequencing,10%,200%,fig_3b,2,1,1.0635
2021-09-22,ZA,366,Omicron BA.1,Community,1.0084498494288199,2021-09-21,1,Changing diagnostics,Changing sequencing,50%,200%,fig_3b,2,1,1.0635
2021-09-22,ZA,366,Omicron BA.1,Community,1.0084498494288199,2021-09-21,1,Changing diagnostics,Changing sequencing,100%,200%,fig_3b,2,1,1.0635
2021-09-22,ZA,366,Omicron BA.1,Community,1.00844984942882,2021-09-21,1,Changing diagnostics,Changing sequencing,150%,200%,fig_3b,2,1,1.0635
2021-09-22,ZA,366,Omicron BA.1,Community,1.0084498494288199,2021-09-21,1,Changing diagnostics,Changing sequencing,200%,200%,fig_3b,2,1,1.0635
2021-09-22,ZA,367,Omicron BA.1,Community,1.0059474924823462,2021-09-21,1,Changing diagnostics,Changing sequencing,10%,200%,fig_3b,2,1,1.0635
2021-09-22,ZA,367,Omicron BA.1,Community,1.0059474924823464,2021-09-21,1,Changing diagnostics,Changing sequencing,50%,200%,fig_3b,2,1,1.0635
2021-09-22,ZA,367,Omicron BA.1,Community,1.0059474924823464,2021-09-21,1,Changing diagnostics,Changing sequencing,100%,200%,fig_3b,2,1,1.0635
2021-09-22,ZA,367,Omicron BA.1,Community,1.0059474924823464,2021-09-21,1,Changing diagnostics,Changing sequencing,150%,200%,fig_3b,2,1,1.0635
2021-09-22,ZA,367,Omicron BA.1,Community,1.0059474924823464,2021-09-21,1,Changing diagnostics,Changing sequencing,200%,200%,fig_3b,2,1,1.0635
2021-09-24,ZA,368,Omicron BA.1,Community,1.034126081763007,2021-09-21,3,Changing diagnostics,Changing sequencing,10%,200%,fig_3b,2,1,1.0635
2021-09-24,ZA,368,Omicron BA.1,Community,1.0341260817630067,2021-09-21,3,Changing diagnostics,Changing sequencing,50%,200%,fig_3b,2,1,1.0635
2021-09-24,ZA,368,Omicron BA.1,Community,1.0341260817630067,2021-09-21,3,Changing diagnostics,Changing sequencing,100%,200%,fig_3b,2,1,1.0635
2021-09-24,ZA,368,Omicron BA.1,Community,1.0341260817630071,2021-09-21,3,Changing diagnostics,Changing sequencing,150%,200%,fig_3b,2,1,1.0635
2021-09-24,ZA,368,Omicron BA.1,Community,1.0341260817630067,2021-09-21,3,Changing diagnostics,Changing sequencing,200%,200%,fig_3b,2,1,1.0635
2021-09-22,ZA,369,Omicron BA.1,Community,1.1335676967524948,2021-09-21,1,Changing diagnostics,Changing sequencing,10%,200%,fig_3b,2,1,1.0635
2021-09-22,ZA,369,Omicron BA.1,Community,1.1335676967524946,2021-09-21,1,Changing diagnostics,Changing sequencing,50%,200%,fig_3b,2,1,1.0635
2021-09-22,ZA,369,Omicron BA.1,Community,1.1335676967524946,2021-09-21,1,Changing diagnostics,Changing sequencing,100%,200%,fig_3b,2,1,1.0635
2021-09-22,ZA,369,Omicron BA.1,Community,1.1335676967524948,2021-09-21,1,Changing diagnostics,Changing sequencing,150%,200%,fig_3b,2,1,1.0635
2021-09-22,ZA,369,Omicron BA.1,Community,1.1335676967524946,2021-09-21,1,Changing diagnostics,Changing sequencing,200%,200%,fig_3b,2,1,1.0635
2021-09-22,ZA,37,Omicron BA.1,Community,1.0059474924823464,2021-09-21,1,Changing diagnostics,Changing sequencing,10%,200%,fig_3b,2,1,1.0635
2021-09-22,ZA,37,Omicron BA.1,Community,1.0059474924823464,2021-09-21,1,Changing diagnostics,Changing sequencing,50%,200%,fig_3b,2,1,1.0635
2021-09-22,ZA,37,Omicron BA.1,Community,1.0059474924823464,2021-09-21,1,Changing diagnostics,Changing sequencing,100%,200%,fig_3b,2,1,1.0635
2021-09-22,ZA,37,Omicron BA.1,Community,1.0059474924823464,2021-09-21,1,Changing diagnostics,Changing sequencing,150%,200%,fig_3b,2,1,1.0635
2021-09-22,ZA,37,Omicron BA.1,Community,1.0059474924823464,2021-09-21,1,Changing diagnostics,Changing sequencing,200%,200%,fig_3b,2,1,1.0635
2021-09-22,ZA,370,Omicron BA.1,Community,1.0284687050006076,2021-09-21,1,Changing diagnostics,Changing sequencing,10%,200%,fig_3b,2,1,1.0635
2021-09-22,ZA,370,Omicron BA.1,Community,1.0284687050006078,2021-09-21,1,Changing diagnostics,Changing sequencing,50%,200%,fig_3b,2,1,1.0635
2021-09-22,ZA,370,Omicron BA.1,Community,1.0284687050006078,2021-09-21,1,Changing diagnostics,Changing sequencing,100%,200%,fig_3b,2,1,1.0635
2021-09-22,ZA,370,Omicron BA.1,Community,1.0284687050006076,2021-09-21,1,Changing diagnostics,Changing sequencing,150%,200%,fig_3b,2,1,1.0635
2021-09-22,ZA,370,Omicron BA.1,Community,1.0284687050006078,2021-09-21,1,Changing diagnostics,Changing sequencing,200%,200%,fig_3b,2,1,1.0635
2021-09-22,ZA,371,Omicron BA.1,Community,1.0660040591977105,2021-09-21,1,Changing diagnostics,Changing sequencing,10%,200%,fig_3b,2,1,1.0635
2021-09-22,ZA,371,Omicron BA.1,Community,1.0660040591977102,2021-09-21,1,Changing diagnostics,Changing sequencing,50%,200%,fig_3b,2,1,1.0635
2021-09-22,ZA,371,Omicron BA.1,Community,1.0660040591977102,2021-09-21,1,Changing diagnostics,Changing sequencing,100%,200%,fig_3b,2,1,1.0635
2021-09-22,ZA,371,Omicron BA.1,Community,1.0660040591977102,2021-09-21,1,Changing diagnostics,Changing sequencing,150%,200%,fig_3b,2,1,1.0635
2021-09-22,ZA,371,Omicron BA.1,Community,1.0660040591977102,2021-09-21,1,Changing diagnostics,Changing sequencing,200%,200%,fig_3b,2,1,1.0635
2021-09-24,ZA,372,Omicron BA.1,Community,1.1782463425466045,2021-09-21,3,Changing diagnostics,Changing sequencing,10%,200%,fig_3b,2,1,1.0635
2021-09-24,ZA,372,Omicron BA.1,Community,1.1782463425466045,2021-09-21,3,Changing diagnostics,Changing sequencing,50%,200%,fig_3b,2,1,1.0635
2021-09-24,ZA,372,Omicron BA.1,Community,1.1782463425466045,2021-09-21,3,Changing diagnostics,Changing sequencing,100%,200%,fig_3b,2,1,1.0635
2021-09-24,ZA,372,Omicron BA.1,Community,1.1782463425466048,2021-09-21,3,Changing diagnostics,Changing sequencing,150%,200%,fig_3b,2,1,1.0635
2021-09-24,ZA,372,Omicron BA.1,Community,1.1782463425466045,2021-09-21,3,Changing diagnostics,Changing sequencing,200%,200%,fig_3b,2,1,1.0635
2021-09-22,ZA,373,Omicron BA.1,Community,1.093529985608919,2021-09-21,1,Changing diagnostics,Changing sequencing,10%,200%,fig_3b,2,1,1.0635
2021-09-22,ZA,373,Omicron BA.1,Community,1.093529985608919,2021-09-21,1,Changing diagnostics,Changing sequencing,50%,200%,fig_3b,2,1,1.0635
2021-09-22,ZA,373,Omicron BA.1,Community,1.093529985608919,2021-09-21,1,Changing diagnostics,Changing sequencing,100%,200%,fig_3b,2,1,1.0635
2021-09-22,ZA,373,Omicron BA.1,Community,1.0935299856089187,2021-09-21,1,Changing diagnostics,Changing sequencing,150%,200%,fig_3b,2,1,1.0635
2021-09-22,ZA,373,Omicron BA.1,Community,1.093529985608919,2021-09-21,1,Changing diagnostics,Changing sequencing,200%,200%,fig_3b,2,1,1.0635
2021-09-22,ZA,374,Omicron BA.1,Community,1.0860229147694984,2021-09-21,1,Changing diagnostics,Changing sequencing,10%,200%,fig_3b,2,1,1.0635
2021-09-22,ZA,374,Omicron BA.1,Community,1.0860229147694982,2021-09-21,1,Changing diagnostics,Changing sequencing,50%,200%,fig_3b,2,1,1.0635
2021-09-22,ZA,374,Omicron BA.1,Community,1.0860229147694982,2021-09-21,1,Changing diagnostics,Changing sequencing,100%,200%,fig_3b,2,1,1.0635
2021-09-22,ZA,374,Omicron BA.1,Community,1.0860229147694984,2021-09-21,1,Changing diagnostics,Changing sequencing,150%,200%,fig_3b,2,1,1.0635
2021-09-22,ZA,374,Omicron BA.1,Community,1.0860229147694982,2021-09-21,1,Changing diagnostics,Changing sequencing,200%,200%,fig_3b,2,1,1.0635
2021-09-22,ZA,375,Omicron BA.1,Community,1.035975775840028,2021-09-21,1,Changing diagnostics,Changing sequencing,10%,200%,fig_3b,2,1,1.0635
2021-09-22,ZA,375,Omicron BA.1,Community,1.0359757758400283,2021-09-21,1,Changing diagnostics,Changing sequencing,50%,200%,fig_3b,2,1,1.0635
2021-09-22,ZA,375,Omicron BA.1,Community,1.0359757758400283,2021-09-21,1,Changing diagnostics,Changing sequencing,100%,200%,fig_3b,2,1,1.0635
2021-09-22,ZA,375,Omicron BA.1,Community,1.0359757758400283,2021-09-21,1,Changing diagnostics,Changing sequencing,150%,200%,fig_3b,2,1,1.0635
2021-09-22,ZA,375,Omicron BA.1,Community,1.0359757758400283,2021-09-21,1,Changing diagnostics,Changing sequencing,200%,200%,fig_3b,2,1,1.0635
2021-09-24,ZA,376,Omicron BA.1,Community,1.1554905118965628,2021-09-21,3,Changing diagnostics,Changing sequencing,10%,200%,fig_3b,2,1,1.0635
2021-09-24,ZA,376,Omicron BA.1,Community,1.1554905118965628,2021-09-21,3,Changing diagnostics,Changing sequencing,50%,200%,fig_3b,2,1,1.0635
2021-09-24,ZA,376,Omicron BA.1,Community,1.1554905118965628,2021-09-21,3,Changing diagnostics,Changing sequencing,100%,200%,fig_3b,2,1,1.0635
2021-09-24,ZA,376,Omicron BA.1,Community,1.1554905118965626,2021-09-21,3,Changing diagnostics,Changing sequencing,150%,200%,fig_3b,2,1,1.0635
2021-09-24,ZA,376,Omicron BA.1,Community,1.1554905118965628,2021-09-21,3,Changing diagnostics,Changing sequencing,200%,200%,fig_3b,2,1,1.0635
2021-09-24,ZA,377,Omicron BA.1,Community,1.115035701852044,2021-09-21,3,Changing diagnostics,Changing sequencing,10%,200%,fig_3b,2,1,1.0635
2021-09-24,ZA,377,Omicron BA.1,Community,1.1150357018520443,2021-09-21,3,Changing diagnostics,Changing sequencing,50%,200%,fig_3b,2,1,1.0635
2021-09-24,ZA,377,Omicron BA.1,Community,1.1150357018520443,2021-09-21,3,Changing diagnostics,Changing sequencing,100%,200%,fig_3b,2,1,1.0635
2021-09-24,ZA,377,Omicron BA.1,Community,1.115035701852044,2021-09-21,3,Changing diagnostics,Changing sequencing,150%,200%,fig_3b,2,1,1.0635
2021-09-24,ZA,377,Omicron BA.1,Community,1.1150357018520443,2021-09-21,3,Changing diagnostics,Changing sequencing,200%,200%,fig_3b,2,1,1.0635
2021-09-22,ZA,378,Omicron BA.1,Community,1.0234639911076608,2021-09-21,1,Changing diagnostics,Changing sequencing,10%,200%,fig_3b,2,1,1.0635
2021-09-22,ZA,378,Omicron BA.1,Community,1.0234639911076608,2021-09-21,1,Changing diagnostics,Changing sequencing,50%,200%,fig_3b,2,1,1.0635
2021-09-22,ZA,378,Omicron BA.1,Community,1.0234639911076608,2021-09-21,1,Changing diagnostics,Changing sequencing,100%,200%,fig_3b,2,1,1.0635
2021-09-22,ZA,378,Omicron BA.1,Community,1.0234639911076608,2021-09-21,1,Changing diagnostics,Changing sequencing,150%,200%,fig_3b,2,1,1.0635
2021-09-22,ZA,378,Omicron BA.1,Community,1.0234639911076608,2021-09-21,1,Changing diagnostics,Changing sequencing,200%,200%,fig_3b,2,1,1.0635
2021-09-22,ZA,379,Omicron BA.1,Community,1.078515843930078,2021-09-21,1,Changing diagnostics,Changing sequencing,10%,200%,fig_3b,2,1,1.0635
2021-09-22,ZA,379,Omicron BA.1,Community,1.0785158439300777,2021-09-21,1,Changing diagnostics,Changing sequencing,50%,200%,fig_3b,2,1,1.0635
2021-09-22,ZA,379,Omicron BA.1,Community,1.0785158439300777,2021-09-21,1,Changing diagnostics,Changing sequencing,100%,200%,fig_3b,2,1,1.0635
2021-09-22,ZA,379,Omicron BA.1,Community,1.0785158439300777,2021-09-21,1,Changing diagnostics,Changing sequencing,150%,200%,fig_3b,2,1,1.0635
2021-09-22,ZA,379,Omicron BA.1,Community,1.0785158439300777,2021-09-21,1,Changing diagnostics,Changing sequencing,200%,200%,fig_3b,2,1,1.0635
2021-09-24,ZA,38,Omicron BA.1,Community,1.1453768093854333,2021-09-21,3,Changing diagnostics,Changing sequencing,10%,200%,fig_3b,2,1,1.0635
2021-09-24,ZA,38,Omicron BA.1,Community,1.1453768093854335,2021-09-21,3,Changing diagnostics,Changing sequencing,50%,200%,fig_3b,2,1,1.0635
2021-09-24,ZA,38,Omicron BA.1,Community,1.1453768093854335,2021-09-21,3,Changing diagnostics,Changing sequencing,100%,200%,fig_3b,2,1,1.0635
2021-09-24,ZA,38,Omicron BA.1,Community,1.145376809385433,2021-09-21,3,Changing diagnostics,Changing sequencing,150%,200%,fig_3b,2,1,1.0635
2021-09-24,ZA,38,Omicron BA.1,Community,1.1453768093854335,2021-09-21,3,Changing diagnostics,Changing sequencing,200%,200%,fig_3b,2,1,1.0635
2021-09-22,ZA,380,Omicron BA.1,Community,1.1035394133948129,2021-09-21,1,Changing diagnostics,Changing sequencing,10%,200%,fig_3b,2,1,1.0635
2021-09-22,ZA,380,Omicron BA.1,Community,1.1035394133948127,2021-09-21,1,Changing diagnostics,Changing sequencing,50%,200%,fig_3b,2,1,1.0635
2021-09-22,ZA,380,Omicron BA.1,Community,1.1035394133948127,2021-09-21,1,Changing diagnostics,Changing sequencing,100%,200%,fig_3b,2,1,1.0635
2021-09-22,ZA,380,Omicron BA.1,Community,1.1035394133948127,2021-09-21,1,Changing diagnostics,Changing sequencing,150%,200%,fig_3b,2,1,1.0635
2021-09-22,ZA,380,Omicron BA.1,Community,1.1035394133948127,2021-09-21,1,Changing diagnostics,Changing sequencing,200%,200%,fig_3b,2,1,1.0635
2021-09-22,ZA,381,Omicron BA.1,Community,1.0309710619470813,2021-09-21,1,Changing diagnostics,Changing sequencing,10%,200%,fig_3b,2,1,1.0635
2021-09-22,ZA,381,Omicron BA.1,Community,1.0309710619470813,2021-09-21,1,Changing diagnostics,Changing sequencing,50%,200%,fig_3b,2,1,1.0635
2021-09-22,ZA,381,Omicron BA.1,Community,1.0309710619470813,2021-09-21,1,Changing diagnostics,Changing sequencing,100%,200%,fig_3b,2,1,1.0635
2021-09-22,ZA,381,Omicron BA.1,Community,1.030971061947081,2021-09-21,1,Changing diagnostics,Changing sequencing,150%,200%,fig_3b,2,1,1.0635
2021-09-22,ZA,381,Omicron BA.1,Community,1.0309710619470813,2021-09-21,1,Changing diagnostics,Changing sequencing,200%,200%,fig_3b,2,1,1.0635
2021-09-24,ZA,382,Omicron BA.1,Community,1.0290692305074425,2021-09-21,3,Changing diagnostics,Changing sequencing,10%,200%,fig_3b,2,1,1.0635
2021-09-24,ZA,382,Omicron BA.1,Community,1.029069230507442,2021-09-21,3,Changing diagnostics,Changing sequencing,50%,200%,fig_3b,2,1,1.0635
2021-09-24,ZA,382,Omicron BA.1,Community,1.029069230507442,2021-09-21,3,Changing diagnostics,Changing sequencing,100%,200%,fig_3b,2,1,1.0635
2021-09-24,ZA,382,Omicron BA.1,Community,1.0290692305074423,2021-09-21,3,Changing diagnostics,Changing sequencing,150%,200%,fig_3b,2,1,1.0635
2021-09-24,ZA,382,Omicron BA.1,Community,1.029069230507442,2021-09-21,3,Changing diagnostics,Changing sequencing,200%,200%,fig_3b,2,1,1.0635
2021-09-24,ZA,383,Omicron BA.1,Community,1.0821661686908728,2021-09-21,3,Changing diagnostics,Changing sequencing,10%,200%,fig_3b,2,1,1.0635
2021-09-24,ZA,383,Omicron BA.1,Community,1.082166168690873,2021-09-21,3,Changing diagnostics,Changing sequencing,50%,200%,fig_3b,2,1,1.0635
2021-09-24,ZA,383,Omicron BA.1,Community,1.082166168690873,2021-09-21,3,Changing diagnostics,Changing sequencing,100%,200%,fig_3b,2,1,1.0635
2021-09-24,ZA,383,Omicron BA.1,Community,1.0821661686908728,2021-09-21,3,Changing diagnostics,Changing sequencing,150%,200%,fig_3b,2,1,1.0635
2021-09-24,ZA,383,Omicron BA.1,Community,1.082166168690873,2021-09-21,3,Changing diagnostics,Changing sequencing,200%,200%,fig_3b,2,1,1.0635
2021-09-22,ZA,384,Omicron BA.1,Community,1.088525271715972,2021-09-21,1,Changing diagnostics,Changing sequencing,10%,200%,fig_3b,2,1,1.0635
2021-09-22,ZA,384,Omicron BA.1,Community,1.088525271715972,2021-09-21,1,Changing diagnostics,Changing sequencing,50%,200%,fig_3b,2,1,1.0635
2021-09-22,ZA,384,Omicron BA.1,Community,1.088525271715972,2021-09-21,1,Changing diagnostics,Changing sequencing,100%,200%,fig_3b,2,1,1.0635
2021-09-22,ZA,384,Omicron BA.1,Community,1.088525271715972,2021-09-21,1,Changing diagnostics,Changing sequencing,150%,200%,fig_3b,2,1,1.0635
2021-09-22,ZA,384,Omicron BA.1,Community,1.088525271715972,2021-09-21,1,Changing diagnostics,Changing sequencing,200%,200%,fig_3b,2,1,1.0635
2021-09-22,ZA,385,Omicron BA.1,Community,1.0134545633217669,2021-09-21,1,Changing diagnostics,Changing sequencing,10%,200%,fig_3b,2,1,1.0635
2021-09-22,ZA,385,Omicron BA.1,Community,1.0134545633217669,2021-09-21,1,Changing diagnostics,Changing sequencing,50%,200%,fig_3b,2,1,1.0635
2021-09-22,ZA,385,Omicron BA.1,Community,1.0134545633217669,2021-09-21,1,Changing diagnostics,Changing sequencing,100%,200%,fig_3b,2,1,1.0635
2021-09-22,ZA,385,Omicron BA.1,Community,1.0134545633217666,2021-09-21,1,Changing diagnostics,Changing sequencing,150%,200%,fig_3b,2,1,1.0635
2021-09-22,ZA,385,Omicron BA.1,Community,1.0134545633217669,2021-09-21,1,Changing diagnostics,Changing sequencing,200%,200%,fig_3b,2,1,1.0635
2021-09-22,ZA,386,Omicron BA.1,Community,1.0609993453047635,2021-09-21,1,Changing diagnostics,Changing sequencing,10%,200%,fig_3b,2,1,1.0635
2021-09-22,ZA,386,Omicron BA.1,Community,1.0609993453047633,2021-09-21,1,Changing diagnostics,Changing sequencing,50%,200%,fig_3b,2,1,1.0635
2021-09-22,ZA,386,Omicron BA.1,Community,1.0609993453047633,2021-09-21,1,Changing diagnostics,Changing sequencing,100%,200%,fig_3b,2,1,1.0635
2021-09-22,ZA,386,Omicron BA.1,Community,1.0609993453047633,2021-09-21,1,Changing diagnostics,Changing sequencing,150%,200%,fig_3b,2,1,1.0635
2021-09-22,ZA,386,Omicron BA.1,Community,1.0609993453047633,2021-09-21,1,Changing diagnostics,Changing sequencing,200%,200%,fig_3b,2,1,1.0635
2021-09-22,ZA,387,Omicron BA.1,Community,1.0209616341611871,2021-09-21,1,Changing diagnostics,Changing sequencing,10%,200%,fig_3b,2,1,1.0635
2021-09-22,ZA,387,Omicron BA.1,Community,1.0209616341611871,2021-09-21,1,Changing diagnostics,Changing sequencing,50%,200%,fig_3b,2,1,1.0635
2021-09-22,ZA,387,Omicron BA.1,Community,1.0209616341611871,2021-09-21,1,Changing diagnostics,Changing sequencing,100%,200%,fig_3b,2,1,1.0635
2021-09-22,ZA,387,Omicron BA.1,Community,1.0209616341611873,2021-09-21,1,Changing diagnostics,Changing sequencing,150%,200%,fig_3b,2,1,1.0635
2021-09-22,ZA,387,Omicron BA.1,Community,1.0209616341611871,2021-09-21,1,Changing diagnostics,Changing sequencing,200%,200%,fig_3b,2,1,1.0635
2021-09-22,ZA,388,Omicron BA.1,Community,1.0384781327865016,2021-09-21,1,Changing diagnostics,Changing sequencing,10%,200%,fig_3b,2,1,1.0635
2021-09-22,ZA,388,Omicron BA.1,Community,1.0384781327865018,2021-09-21,1,Changing diagnostics,Changing sequencing,50%,200%,fig_3b,2,1,1.0635
2021-09-22,ZA,388,Omicron BA.1,Community,1.0384781327865018,2021-09-21,1,Changing diagnostics,Changing sequencing,100%,200%,fig_3b,2,1,1.0635
2021-09-22,ZA,388,Omicron BA.1,Community,1.0384781327865016,2021-09-21,1,Changing diagnostics,Changing sequencing,150%,200%,fig_3b,2,1,1.0635
2021-09-22,ZA,388,Omicron BA.1,Community,1.0384781327865018,2021-09-21,1,Changing diagnostics,Changing sequencing,200%,200%,fig_3b,2,1,1.0635
2021-09-22,ZA,389,Omicron BA.1,Community,1.0785158439300782,2021-09-21,1,Changing diagnostics,Changing sequencing,10%,200%,fig_3b,2,1,1.0635
2021-09-22,ZA,389,Omicron BA.1,Community,1.078515843930078,2021-09-21,1,Changing diagnostics,Changing sequencing,50%,200%,fig_3b,2,1,1.0635
2021-09-22,ZA,389,Omicron BA.1,Community,1.078515843930078,2021-09-21,1,Changing diagnostics,Changing sequencing,100%,200%,fig_3b,2,1,1.0635
2021-09-22,ZA,389,Omicron BA.1,Community,1.078515843930078,2021-09-21,1,Changing diagnostics,Changing sequencing,150%,200%,fig_3b,2,1,1.0635
2021-09-22,ZA,389,Omicron BA.1,Community,1.078515843930078,2021-09-21,1,Changing diagnostics,Changing sequencing,200%,200%,fig_3b,2,1,1.0635
2021-09-22,ZA,39,Omicron BA.1,Community,1.0584969883582898,2021-09-21,1,Changing diagnostics,Changing sequencing,10%,200%,fig_3b,2,1,1.0635
2021-09-22,ZA,39,Omicron BA.1,Community,1.0584969883582898,2021-09-21,1,Changing diagnostics,Changing sequencing,50%,200%,fig_3b,2,1,1.0635
2021-09-22,ZA,39,Omicron BA.1,Community,1.0584969883582898,2021-09-21,1,Changing diagnostics,Changing sequencing,100%,200%,fig_3b,2,1,1.0635
2021-09-22,ZA,39,Omicron BA.1,Community,1.05849698835829,2021-09-21,1,Changing diagnostics,Changing sequencing,150%,200%,fig_3b,2,1,1.0635
2021-09-22,ZA,39,Omicron BA.1,Community,1.0584969883582898,2021-09-21,1,Changing diagnostics,Changing sequencing,200%,200%,fig_3b,2,1,1.0635
2021-09-22,ZA,390,Omicron BA.1,Community,1.078515843930078,2021-09-21,1,Changing diagnostics,Changing sequencing,10%,200%,fig_3b,2,1,1.0635
2021-09-22,ZA,390,Omicron BA.1,Community,1.078515843930078,2021-09-21,1,Changing diagnostics,Changing sequencing,50%,200%,fig_3b,2,1,1.0635
2021-09-22,ZA,390,Omicron BA.1,Community,1.078515843930078,2021-09-21,1,Changing diagnostics,Changing sequencing,100%,200%,fig_3b,2,1,1.0635
2021-09-22,ZA,390,Omicron BA.1,Community,1.0785158439300777,2021-09-21,1,Changing diagnostics,Changing sequencing,150%,200%,fig_3b,2,1,1.0635
2021-09-22,ZA,390,Omicron BA.1,Community,1.078515843930078,2021-09-21,1,Changing diagnostics,Changing sequencing,200%,200%,fig_3b,2,1,1.0635
2021-09-22,ZA,391,Omicron BA.1,Community,1.0059474924823462,2021-09-21,1,Changing diagnostics,Changing sequencing,10%,200%,fig_3b,2,1,1.0635
2021-09-22,ZA,391,Omicron BA.1,Community,1.0059474924823462,2021-09-21,1,Changing diagnostics,Changing sequencing,50%,200%,fig_3b,2,1,1.0635
2021-09-22,ZA,391,Omicron BA.1,Community,1.0059474924823462,2021-09-21,1,Changing diagnostics,Changing sequencing,100%,200%,fig_3b,2,1,1.0635
2021-09-22,ZA,391,Omicron BA.1,Community,1.0059474924823464,2021-09-21,1,Changing diagnostics,Changing sequencing,150%,200%,fig_3b,2,1,1.0635
2021-09-22,ZA,391,Omicron BA.1,Community,1.0059474924823462,2021-09-21,1,Changing diagnostics,Changing sequencing,200%,200%,fig_3b,2,1,1.0635
2021-09-22,ZA,392,Omicron BA.1,Community,1.1410747675919153,2021-09-21,1,Changing diagnostics,Changing sequencing,10%,200%,fig_3b,2,1,1.0635
2021-09-22,ZA,392,Omicron BA.1,Community,1.1410747675919153,2021-09-21,1,Changing diagnostics,Changing sequencing,50%,200%,fig_3b,2,1,1.0635
2021-09-22,ZA,392,Omicron BA.1,Community,1.1410747675919153,2021-09-21,1,Changing diagnostics,Changing sequencing,100%,200%,fig_3b,2,1,1.0635
2021-09-22,ZA,392,Omicron BA.1,Community,1.1410747675919153,2021-09-21,1,Changing diagnostics,Changing sequencing,150%,200%,fig_3b,2,1,1.0635
2021-09-22,ZA,392,Omicron BA.1,Community,1.1410747675919153,2021-09-21,1,Changing diagnostics,Changing sequencing,200%,200%,fig_3b,2,1,1.0635
2021-09-22,ZA,393,Omicron BA.1,Community,1.1060417703412864,2021-09-21,1,Changing diagnostics,Changing sequencing,10%,200%,fig_3b,2,1,1.0635
2021-09-22,ZA,393,Omicron BA.1,Community,1.1060417703412861,2021-09-21,1,Changing diagnostics,Changing sequencing,50%,200%,fig_3b,2,1,1.0635
2021-09-22,ZA,393,Omicron BA.1,Community,1.1060417703412861,2021-09-21,1,Changing diagnostics,Changing sequencing,100%,200%,fig_3b,2,1,1.0635
2021-09-22,ZA,393,Omicron BA.1,Community,1.1060417703412861,2021-09-21,1,Changing diagnostics,Changing sequencing,150%,200%,fig_3b,2,1,1.0635
2021-09-22,ZA,393,Omicron BA.1,Community,1.1060417703412861,2021-09-21,1,Changing diagnostics,Changing sequencing,200%,200%,fig_3b,2,1,1.0635
2021-09-22,ZA,394,Omicron BA.1,Community,1.0559946314118163,2021-09-21,1,Changing diagnostics,Changing sequencing,10%,200%,fig_3b,2,1,1.0635
2021-09-22,ZA,394,Omicron BA.1,Community,1.055994631411816,2021-09-21,1,Changing diagnostics,Changing sequencing,50%,200%,fig_3b,2,1,1.0635
2021-09-22,ZA,394,Omicron BA.1,Community,1.055994631411816,2021-09-21,1,Changing diagnostics,Changing sequencing,100%,200%,fig_3b,2,1,1.0635
2021-09-22,ZA,394,Omicron BA.1,Community,1.0559946314118163,2021-09-21,1,Changing diagnostics,Changing sequencing,150%,200%,fig_3b,2,1,1.0635
2021-09-22,ZA,394,Omicron BA.1,Community,1.055994631411816,2021-09-21,1,Changing diagnostics,Changing sequencing,200%,200%,fig_3b,2,1,1.0635
2021-09-22,ZA,395,Omicron BA.1,Community,1.081018200876551,2021-09-21,1,Changing diagnostics,Changing sequencing,10%,200%,fig_3b,2,1,1.0635
2021-09-22,ZA,395,Omicron BA.1,Community,1.0810182008765512,2021-09-21,1,Changing diagnostics,Changing sequencing,50%,200%,fig_3b,2,1,1.0635
2021-09-22,ZA,395,Omicron BA.1,Community,1.0810182008765512,2021-09-21,1,Changing diagnostics,Changing sequencing,100%,200%,fig_3b,2,1,1.0635
2021-09-22,ZA,395,Omicron BA.1,Community,1.0810182008765512,2021-09-21,1,Changing diagnostics,Changing sequencing,150%,200%,fig_3b,2,1,1.0635
2021-09-22,ZA,395,Omicron BA.1,Community,1.0810182008765512,2021-09-21,1,Changing diagnostics,Changing sequencing,200%,200%,fig_3b,2,1,1.0635
2021-09-22,ZA,396,Omicron BA.1,Community,1.0760134869836044,2021-09-21,1,Changing diagnostics,Changing sequencing,10%,200%,fig_3b,2,1,1.0635
2021-09-22,ZA,396,Omicron BA.1,Community,1.0760134869836042,2021-09-21,1,Changing diagnostics,Changing sequencing,50%,200%,fig_3b,2,1,1.0635
2021-09-22,ZA,396,Omicron BA.1,Community,1.0760134869836042,2021-09-21,1,Changing diagnostics,Changing sequencing,100%,200%,fig_3b,2,1,1.0635
2021-09-22,ZA,396,Omicron BA.1,Community,1.0760134869836042,2021-09-21,1,Changing diagnostics,Changing sequencing,150%,200%,fig_3b,2,1,1.0635
2021-09-22,ZA,396,Omicron BA.1,Community,1.0760134869836042,2021-09-21,1,Changing diagnostics,Changing sequencing,200%,200%,fig_3b,2,1,1.0635
2021-09-22,ZA,397,Omicron BA.1,Community,1.0960323425553924,2021-09-21,1,Changing diagnostics,Changing sequencing,10%,200%,fig_3b,2,1,1.0635
2021-09-22,ZA,397,Omicron BA.1,Community,1.0960323425553922,2021-09-21,1,Changing diagnostics,Changing sequencing,50%,200%,fig_3b,2,1,1.0635
2021-09-22,ZA,397,Omicron BA.1,Community,1.0960323425553922,2021-09-21,1,Changing diagnostics,Changing sequencing,100%,200%,fig_3b,2,1,1.0635
2021-09-22,ZA,397,Omicron BA.1,Community,1.0960323425553922,2021-09-21,1,Changing diagnostics,Changing sequencing,150%,200%,fig_3b,2,1,1.0635
2021-09-22,ZA,397,Omicron BA.1,Community,1.0960323425553922,2021-09-21,1,Changing diagnostics,Changing sequencing,200%,200%,fig_3b,2,1,1.0635
2021-09-24,ZA,398,Omicron BA.1,Community,1.1453768093854333,2021-09-21,3,Changing diagnostics,Changing sequencing,10%,200%,fig_3b,2,1,1.0635
2021-09-24,ZA,398,Omicron BA.1,Community,1.145376809385433,2021-09-21,3,Changing diagnostics,Changing sequencing,50%,200%,fig_3b,2,1,1.0635
2021-09-24,ZA,398,Omicron BA.1,Community,1.145376809385433,2021-09-21,3,Changing diagnostics,Changing sequencing,100%,200%,fig_3b,2,1,1.0635
2021-09-24,ZA,398,Omicron BA.1,Community,1.1453768093854333,2021-09-21,3,Changing diagnostics,Changing sequencing,150%,200%,fig_3b,2,1,1.0635
2021-09-24,ZA,398,Omicron BA.1,Community,1.145376809385433,2021-09-21,3,Changing diagnostics,Changing sequencing,200%,200%,fig_3b,2,1,1.0635
2021-09-22,ZA,399,Omicron BA.1,Community,1.0609993453047635,2021-09-21,1,Changing diagnostics,Changing sequencing,10%,200%,fig_3b,2,1,1.0635
2021-09-22,ZA,399,Omicron BA.1,Community,1.0609993453047635,2021-09-21,1,Changing diagnostics,Changing sequencing,50%,200%,fig_3b,2,1,1.0635
2021-09-22,ZA,399,Omicron BA.1,Community,1.0609993453047635,2021-09-21,1,Changing diagnostics,Changing sequencing,100%,200%,fig_3b,2,1,1.0635
2021-09-22,ZA,399,Omicron BA.1,Community,1.0609993453047633,2021-09-21,1,Changing diagnostics,Changing sequencing,150%,200%,fig_3b,2,1,1.0635
2021-09-22,ZA,399,Omicron BA.1,Community,1.0609993453047635,2021-09-21,1,Changing diagnostics,Changing sequencing,200%,200%,fig_3b,2,1,1.0635
2021-09-24,ZA,4,Omicron BA.1,Community,1.1327346812465213,2021-09-21,3,Changing diagnostics,Changing sequencing,10%,200%,fig_3b,2,1,1.0635
2021-09-24,ZA,4,Omicron BA.1,Community,1.132734681246521,2021-09-21,3,Changing diagnostics,Changing sequencing,50%,200%,fig_3b,2,1,1.0635
2021-09-24,ZA,4,Omicron BA.1,Community,1.132734681246521,2021-09-21,3,Changing diagnostics,Changing sequencing,100%,200%,fig_3b,2,1,1.0635
2021-09-24,ZA,4,Omicron BA.1,Community,1.132734681246521,2021-09-21,3,Changing diagnostics,Changing sequencing,150%,200%,fig_3b,2,1,1.0635
2021-09-24,ZA,4,Omicron BA.1,Community,1.132734681246521,2021-09-21,3,Changing diagnostics,Changing sequencing,200%,200%,fig_3b,2,1,1.0635
2021-09-22,ZA,40,Omicron BA.1,Community,1.1210559120201273,2021-09-21,1,Changing diagnostics,Changing sequencing,10%,200%,fig_3b,2,1,1.0635
2021-09-22,ZA,40,Omicron BA.1,Community,1.121055912020127,2021-09-21,1,Changing diagnostics,Changing sequencing,50%,200%,fig_3b,2,1,1.0635
2021-09-22,ZA,40,Omicron BA.1,Community,1.121055912020127,2021-09-21,1,Changing diagnostics,Changing sequencing,100%,200%,fig_3b,2,1,1.0635
2021-09-22,ZA,40,Omicron BA.1,Community,1.121055912020127,2021-09-21,1,Changing diagnostics,Changing sequencing,150%,200%,fig_3b,2,1,1.0635
2021-09-22,ZA,40,Omicron BA.1,Community,1.121055912020127,2021-09-21,1,Changing diagnostics,Changing sequencing,200%,200%,fig_3b,2,1,1.0635
2021-09-22,ZA,400,Omicron BA.1,Community,1.0134545633217669,2021-09-21,1,Changing diagnostics,Changing sequencing,10%,200%,fig_3b,2,1,1.0635
2021-09-22,ZA,400,Omicron BA.1,Community,1.0134545633217669,2021-09-21,1,Changing diagnostics,Changing sequencing,50%,200%,fig_3b,2,1,1.0635
2021-09-22,ZA,400,Omicron BA.1,Community,1.0134545633217669,2021-09-21,1,Changing diagnostics,Changing sequencing,100%,200%,fig_3b,2,1,1.0635
2021-09-22,ZA,400,Omicron BA.1,Community,1.0134545633217669,2021-09-21,1,Changing diagnostics,Changing sequencing,150%,200%,fig_3b,2,1,1.0635
2021-09-22,ZA,400,Omicron BA.1,Community,1.0134545633217669,2021-09-21,1,Changing diagnostics,Changing sequencing,200%,200%,fig_3b,2,1,1.0635
2021-09-22,ZA,401,Omicron BA.1,Community,1.0559946314118163,2021-09-21,1,Changing diagnostics,Changing sequencing,10%,200%,fig_3b,2,1,1.0635
2021-09-22,ZA,401,Omicron BA.1,Community,1.0559946314118165,2021-09-21,1,Changing diagnostics,Changing sequencing,50%,200%,fig_3b,2,1,1.0635
2021-09-22,ZA,401,Omicron BA.1,Community,1.0559946314118165,2021-09-21,1,Changing diagnostics,Changing sequencing,100%,200%,fig_3b,2,1,1.0635
2021-09-22,ZA,401,Omicron BA.1,Community,1.0559946314118165,2021-09-21,1,Changing diagnostics,Changing sequencing,150%,200%,fig_3b,2,1,1.0635
2021-09-22,ZA,401,Omicron BA.1,Community,1.0559946314118165,2021-09-21,1,Changing diagnostics,Changing sequencing,200%,200%,fig_3b,2,1,1.0635
2021-09-22,ZA,402,Omicron BA.1,Community,1.0134545633217669,2021-09-21,1,Changing diagnostics,Changing sequencing,10%,200%,fig_3b,2,1,1.0635
2021-09-22,ZA,402,Omicron BA.1,Community,1.0134545633217669,2021-09-21,1,Changing diagnostics,Changing sequencing,50%,200%,fig_3b,2,1,1.0635
2021-09-22,ZA,402,Omicron BA.1,Community,1.0134545633217669,2021-09-21,1,Changing diagnostics,Changing sequencing,100%,200%,fig_3b,2,1,1.0635
2021-09-22,ZA,402,Omicron BA.1,Community,1.0134545633217666,2021-09-21,1,Changing diagnostics,Changing sequencing,150%,200%,fig_3b,2,1,1.0635
2021-09-22,ZA,402,Omicron BA.1,Community,1.0134545633217669,2021-09-21,1,Changing diagnostics,Changing sequencing,200%,200%,fig_3b,2,1,1.0635
2021-09-22,ZA,403,Omicron BA.1,Community,1.0084498494288199,2021-09-21,1,Changing diagnostics,Changing sequencing,10%,200%,fig_3b,2,1,1.0635
2021-09-22,ZA,403,Omicron BA.1,Community,1.0084498494288199,2021-09-21,1,Changing diagnostics,Changing sequencing,50%,200%,fig_3b,2,1,1.0635
2021-09-22,ZA,403,Omicron BA.1,Community,1.0084498494288199,2021-09-21,1,Changing diagnostics,Changing sequencing,100%,200%,fig_3b,2,1,1.0635
2021-09-22,ZA,403,Omicron BA.1,Community,1.0084498494288199,2021-09-21,1,Changing diagnostics,Changing sequencing,150%,200%,fig_3b,2,1,1.0635
2021-09-22,ZA,403,Omicron BA.1,Community,1.0084498494288199,2021-09-21,1,Changing diagnostics,Changing sequencing,200%,200%,fig_3b,2,1,1.0635
2021-09-22,ZA,404,Omicron BA.1,Community,1.0935299856089187,2021-09-21,1,Changing diagnostics,Changing sequencing,10%,200%,fig_3b,2,1,1.0635
2021-09-22,ZA,404,Omicron BA.1,Community,1.093529985608919,2021-09-21,1,Changing diagnostics,Changing sequencing,50%,200%,fig_3b,2,1,1.0635
2021-09-22,ZA,404,Omicron BA.1,Community,1.093529985608919,2021-09-21,1,Changing diagnostics,Changing sequencing,100%,200%,fig_3b,2,1,1.0635
2021-09-22,ZA,404,Omicron BA.1,Community,1.0935299856089191,2021-09-21,1,Changing diagnostics,Changing sequencing,150%,200%,fig_3b,2,1,1.0635
2021-09-22,ZA,404,Omicron BA.1,Community,1.093529985608919,2021-09-21,1,Changing diagnostics,Changing sequencing,200%,200%,fig_3b,2,1,1.0635
2021-09-22,ZA,405,Omicron BA.1,Community,1.121055912020127,2021-09-21,1,Changing diagnostics,Changing sequencing,10%,200%,fig_3b,2,1,1.0635
2021-09-22,ZA,405,Omicron BA.1,Community,1.121055912020127,2021-09-21,1,Changing diagnostics,Changing sequencing,50%,200%,fig_3b,2,1,1.0635
2021-09-22,ZA,405,Omicron BA.1,Community,1.121055912020127,2021-09-21,1,Changing diagnostics,Changing sequencing,100%,200%,fig_3b,2,1,1.0635
2021-09-22,ZA,405,Omicron BA.1,Community,1.1210559120201269,2021-09-21,1,Changing diagnostics,Changing sequencing,150%,200%,fig_3b,2,1,1.0635
2021-09-22,ZA,405,Omicron BA.1,Community,1.121055912020127,2021-09-21,1,Changing diagnostics,Changing sequencing,200%,200%,fig_3b,2,1,1.0635
2021-09-22,ZA,406,Omicron BA.1,Community,1.1060417703412864,2021-09-21,1,Changing diagnostics,Changing sequencing,10%,200%,fig_3b,2,1,1.0635
2021-09-22,ZA,406,Omicron BA.1,Community,1.1060417703412864,2021-09-21,1,Changing diagnostics,Changing sequencing,50%,200%,fig_3b,2,1,1.0635
2021-09-22,ZA,406,Omicron BA.1,Community,1.1060417703412864,2021-09-21,1,Changing diagnostics,Changing sequencing,100%,200%,fig_3b,2,1,1.0635
2021-09-22,ZA,406,Omicron BA.1,Community,1.1060417703412864,2021-09-21,1,Changing diagnostics,Changing sequencing,150%,200%,fig_3b,2,1,1.0635
2021-09-22,ZA,406,Omicron BA.1,Community,1.1060417703412864,2021-09-21,1,Changing diagnostics,Changing sequencing,200%,200%,fig_3b,2,1,1.0635
2021-09-22,ZA,407,Omicron BA.1,Community,1.0685064161441837,2021-09-21,1,Changing diagnostics,Changing sequencing,10%,200%,fig_3b,2,1,1.0635
2021-09-22,ZA,407,Omicron BA.1,Community,1.0685064161441837,2021-09-21,1,Changing diagnostics,Changing sequencing,50%,200%,fig_3b,2,1,1.0635
2021-09-22,ZA,407,Omicron BA.1,Community,1.0685064161441837,2021-09-21,1,Changing diagnostics,Changing sequencing,100%,200%,fig_3b,2,1,1.0635
2021-09-22,ZA,407,Omicron BA.1,Community,1.0685064161441835,2021-09-21,1,Changing diagnostics,Changing sequencing,150%,200%,fig_3b,2,1,1.0635
2021-09-22,ZA,407,Omicron BA.1,Community,1.0685064161441837,2021-09-21,1,Changing diagnostics,Changing sequencing,200%,200%,fig_3b,2,1,1.0635
2021-09-22,ZA,408,Omicron BA.1,Community,1.0209616341611873,2021-09-21,1,Changing diagnostics,Changing sequencing,10%,200%,fig_3b,2,1,1.0635
2021-09-22,ZA,408,Omicron BA.1,Community,1.0209616341611873,2021-09-21,1,Changing diagnostics,Changing sequencing,50%,200%,fig_3b,2,1,1.0635
2021-09-22,ZA,408,Omicron BA.1,Community,1.0209616341611873,2021-09-21,1,Changing diagnostics,Changing sequencing,100%,200%,fig_3b,2,1,1.0635
2021-09-22,ZA,408,Omicron BA.1,Community,1.0209616341611873,2021-09-21,1,Changing diagnostics,Changing sequencing,150%,200%,fig_3b,2,1,1.0635
2021-09-22,ZA,408,Omicron BA.1,Community,1.0209616341611873,2021-09-21,1,Changing diagnostics,Changing sequencing,200%,200%,fig_3b,2,1,1.0635
2021-09-22,ZA,409,Omicron BA.1,Community,1.1060417703412864,2021-09-21,1,Changing diagnostics,Changing sequencing,10%,200%,fig_3b,2,1,1.0635
2021-09-22,ZA,409,Omicron BA.1,Community,1.1060417703412864,2021-09-21,1,Changing diagnostics,Changing sequencing,50%,200%,fig_3b,2,1,1.0635
2021-09-22,ZA,409,Omicron BA.1,Community,1.1060417703412864,2021-09-21,1,Changing diagnostics,Changing sequencing,100%,200%,fig_3b,2,1,1.0635
2021-09-22,ZA,409,Omicron BA.1,Community,1.1060417703412864,2021-09-21,1,Changing diagnostics,Changing sequencing,150%,200%,fig_3b,2,1,1.0635
2021-09-22,ZA,409,Omicron BA.1,Community,1.1060417703412864,2021-09-21,1,Changing diagnostics,Changing sequencing,200%,200%,fig_3b,2,1,1.0635
2021-09-22,ZA,41,Omicron BA.1,Community,1.0234639911076606,2021-09-21,1,Changing diagnostics,Changing sequencing,10%,200%,fig_3b,2,1,1.0635
2021-09-22,ZA,41,Omicron BA.1,Community,1.0234639911076606,2021-09-21,1,Changing diagnostics,Changing sequencing,50%,200%,fig_3b,2,1,1.0635
2021-09-22,ZA,41,Omicron BA.1,Community,1.0234639911076606,2021-09-21,1,Changing diagnostics,Changing sequencing,100%,200%,fig_3b,2,1,1.0635
2021-09-22,ZA,41,Omicron BA.1,Community,1.0234639911076608,2021-09-21,1,Changing diagnostics,Changing sequencing,150%,200%,fig_3b,2,1,1.0635
2021-09-22,ZA,41,Omicron BA.1,Community,1.0234639911076606,2021-09-21,1,Changing diagnostics,Changing sequencing,200%,200%,fig_3b,2,1,1.0635
2021-09-22,ZA,410,Omicron BA.1,Community,1.0910276286624452,2021-09-21,1,Changing diagnostics,Changing sequencing,10%,200%,fig_3b,2,1,1.0635
2021-09-22,ZA,410,Omicron BA.1,Community,1.0910276286624452,2021-09-21,1,Changing diagnostics,Changing sequencing,50%,200%,fig_3b,2,1,1.0635
2021-09-22,ZA,410,Omicron BA.1,Community,1.0910276286624452,2021-09-21,1,Changing diagnostics,Changing sequencing,100%,200%,fig_3b,2,1,1.0635
2021-09-22,ZA,410,Omicron BA.1,Community,1.0910276286624452,2021-09-21,1,Changing diagnostics,Changing sequencing,150%,200%,fig_3b,2,1,1.0635
2021-09-22,ZA,410,Omicron BA.1,Community,1.0910276286624452,2021-09-21,1,Changing diagnostics,Changing sequencing,200%,200%,fig_3b,2,1,1.0635
2021-09-22,ZA,411,Omicron BA.1,Community,1.0835205578230247,2021-09-21,1,Changing diagnostics,Changing sequencing,10%,200%,fig_3b,2,1,1.0635
2021-09-22,ZA,411,Omicron BA.1,Community,1.083520557823025,2021-09-21,1,Changing diagnostics,Changing sequencing,50%,200%,fig_3b,2,1,1.0635
2021-09-22,ZA,411,Omicron BA.1,Community,1.083520557823025,2021-09-21,1,Changing diagnostics,Changing sequencing,100%,200%,fig_3b,2,1,1.0635
2021-09-22,ZA,411,Omicron BA.1,Community,1.0835205578230247,2021-09-21,1,Changing diagnostics,Changing sequencing,150%,200%,fig_3b,2,1,1.0635
2021-09-22,ZA,411,Omicron BA.1,Community,1.083520557823025,2021-09-21,1,Changing diagnostics,Changing sequencing,200%,200%,fig_3b,2,1,1.0635
2021-09-22,ZA,412,Omicron BA.1,Community,1.0359757758400283,2021-09-21,1,Changing diagnostics,Changing sequencing,10%,200%,fig_3b,2,1,1.0635
2021-09-22,ZA,412,Omicron BA.1,Community,1.0359757758400283,2021-09-21,1,Changing diagnostics,Changing sequencing,50%,200%,fig_3b,2,1,1.0635
2021-09-22,ZA,412,Omicron BA.1,Community,1.0359757758400283,2021-09-21,1,Changing diagnostics,Changing sequencing,100%,200%,fig_3b,2,1,1.0635
2021-09-22,ZA,412,Omicron BA.1,Community,1.0359757758400283,2021-09-21,1,Changing diagnostics,Changing sequencing,150%,200%,fig_3b,2,1,1.0635
2021-09-22,ZA,412,Omicron BA.1,Community,1.0359757758400283,2021-09-21,1,Changing diagnostics,Changing sequencing,200%,200%,fig_3b,2,1,1.0635
2021-09-22,ZA,413,Omicron BA.1,Community,1.0084498494288199,2021-09-21,1,Changing diagnostics,Changing sequencing,10%,200%,fig_3b,2,1,1.0635
2021-09-22,ZA,413,Omicron BA.1,Community,1.0084498494288197,2021-09-21,1,Changing diagnostics,Changing sequencing,50%,200%,fig_3b,2,1,1.0635
2021-09-22,ZA,413,Omicron BA.1,Community,1.0084498494288197,2021-09-21,1,Changing diagnostics,Changing sequencing,100%,200%,fig_3b,2,1,1.0635
2021-09-22,ZA,413,Omicron BA.1,Community,1.0084498494288199,2021-09-21,1,Changing diagnostics,Changing sequencing,150%,200%,fig_3b,2,1,1.0635
2021-09-22,ZA,413,Omicron BA.1,Community,1.0084498494288197,2021-09-21,1,Changing diagnostics,Changing sequencing,200%,200%,fig_3b,2,1,1.0635
2021-09-24,ZA,414,Omicron BA.1,Community,1.1656042144076926,2021-09-21,3,Changing diagnostics,Changing sequencing,10%,200%,fig_3b,2,1,1.0635
2021-09-24,ZA,414,Omicron BA.1,Community,1.1656042144076928,2021-09-21,3,Changing diagnostics,Changing sequencing,50%,200%,fig_3b,2,1,1.0635
2021-09-24,ZA,414,Omicron BA.1,Community,1.1656042144076928,2021-09-21,3,Changing diagnostics,Changing sequencing,100%,200%,fig_3b,2,1,1.0635
2021-09-24,ZA,414,Omicron BA.1,Community,1.1656042144076926,2021-09-21,3,Changing diagnostics,Changing sequencing,150%,200%,fig_3b,2,1,1.0635
2021-09-24,ZA,414,Omicron BA.1,Community,1.1656042144076928,2021-09-21,3,Changing diagnostics,Changing sequencing,200%,200%,fig_3b,2,1,1.0635
2021-09-22,ZA,415,Omicron BA.1,Community,1.035975775840028,2021-09-21,1,Changing diagnostics,Changing sequencing,10%,200%,fig_3b,2,1,1.0635
2021-09-22,ZA,415,Omicron BA.1,Community,1.035975775840028,2021-09-21,1,Changing diagnostics,Changing sequencing,50%,200%,fig_3b,2,1,1.0635
2021-09-22,ZA,415,Omicron BA.1,Community,1.035975775840028,2021-09-21,1,Changing diagnostics,Changing sequencing,100%,200%,fig_3b,2,1,1.0635
2021-09-22,ZA,415,Omicron BA.1,Community,1.0359757758400283,2021-09-21,1,Changing diagnostics,Changing sequencing,150%,200%,fig_3b,2,1,1.0635
2021-09-22,ZA,415,Omicron BA.1,Community,1.035975775840028,2021-09-21,1,Changing diagnostics,Changing sequencing,200%,200%,fig_3b,2,1,1.0635
2021-09-22,ZA,416,Omicron BA.1,Community,1.0059474924823464,2021-09-21,1,Changing diagnostics,Changing sequencing,10%,200%,fig_3b,2,1,1.0635
2021-09-22,ZA,416,Omicron BA.1,Community,1.0059474924823464,2021-09-21,1,Changing diagnostics,Changing sequencing,50%,200%,fig_3b,2,1,1.0635
2021-09-22,ZA,416,Omicron BA.1,Community,1.0059474924823464,2021-09-21,1,Changing diagnostics,Changing sequencing,100%,200%,fig_3b,2,1,1.0635
2021-09-22,ZA,416,Omicron BA.1,Community,1.0059474924823464,2021-09-21,1,Changing diagnostics,Changing sequencing,150%,200%,fig_3b,2,1,1.0635
2021-09-22,ZA,416,Omicron BA.1,Community,1.0059474924823464,2021-09-21,1,Changing diagnostics,Changing sequencing,200%,200%,fig_3b,2,1,1.0635
2021-09-22,ZA,417,Omicron BA.1,Community,1.0209616341611873,2021-09-21,1,Changing diagnostics,Changing sequencing,10%,200%,fig_3b,2,1,1.0635
2021-09-22,ZA,417,Omicron BA.1,Community,1.0209616341611871,2021-09-21,1,Changing diagnostics,Changing sequencing,50%,200%,fig_3b,2,1,1.0635
2021-09-22,ZA,417,Omicron BA.1,Community,1.0209616341611871,2021-09-21,1,Changing diagnostics,Changing sequencing,100%,200%,fig_3b,2,1,1.0635
2021-09-22,ZA,417,Omicron BA.1,Community,1.0209616341611873,2021-09-21,1,Changing diagnostics,Changing sequencing,150%,200%,fig_3b,2,1,1.0635
2021-09-22,ZA,417,Omicron BA.1,Community,1.0209616341611871,2021-09-21,1,Changing diagnostics,Changing sequencing,200%,200%,fig_3b,2,1,1.0635
2021-09-22,ZA,418,Omicron BA.1,Community,1.0184592772147136,2021-09-21,1,Changing diagnostics,Changing sequencing,10%,200%,fig_3b,2,1,1.0635
2021-09-22,ZA,418,Omicron BA.1,Community,1.0184592772147136,2021-09-21,1,Changing diagnostics,Changing sequencing,50%,200%,fig_3b,2,1,1.0635
2021-09-22,ZA,418,Omicron BA.1,Community,1.0184592772147136,2021-09-21,1,Changing diagnostics,Changing sequencing,100%,200%,fig_3b,2,1,1.0635
2021-09-22,ZA,418,Omicron BA.1,Community,1.0184592772147136,2021-09-21,1,Changing diagnostics,Changing sequencing,150%,200%,fig_3b,2,1,1.0635
2021-09-22,ZA,418,Omicron BA.1,Community,1.0184592772147136,2021-09-21,1,Changing diagnostics,Changing sequencing,200%,200%,fig_3b,2,1,1.0635
2021-09-24,ZA,419,Omicron BA.1,Community,1.0922798712020023,2021-09-21,3,Changing diagnostics,Changing sequencing,10%,200%,fig_3b,2,1,1.0635
2021-09-24,ZA,419,Omicron BA.1,Community,1.0922798712020025,2021-09-21,3,Changing diagnostics,Changing sequencing,50%,200%,fig_3b,2,1,1.0635
2021-09-24,ZA,419,Omicron BA.1,Community,1.0922798712020025,2021-09-21,3,Changing diagnostics,Changing sequencing,100%,200%,fig_3b,2,1,1.0635
2021-09-24,ZA,419,Omicron BA.1,Community,1.0922798712020028,2021-09-21,3,Changing diagnostics,Changing sequencing,150%,200%,fig_3b,2,1,1.0635
2021-09-24,ZA,419,Omicron BA.1,Community,1.0922798712020025,2021-09-21,3,Changing diagnostics,Changing sequencing,200%,200%,fig_3b,2,1,1.0635
2021-09-22,ZA,42,Omicron BA.1,Community,1.0910276286624452,2021-09-21,1,Changing diagnostics,Changing sequencing,10%,200%,fig_3b,2,1,1.0635
2021-09-22,ZA,42,Omicron BA.1,Community,1.091027628662445,2021-09-21,1,Changing diagnostics,Changing sequencing,50%,200%,fig_3b,2,1,1.0635
2021-09-22,ZA,42,Omicron BA.1,Community,1.091027628662445,2021-09-21,1,Changing diagnostics,Changing sequencing,100%,200%,fig_3b,2,1,1.0635
2021-09-22,ZA,42,Omicron BA.1,Community,1.0910276286624452,2021-09-21,1,Changing diagnostics,Changing sequencing,150%,200%,fig_3b,2,1,1.0635
2021-09-22,ZA,42,Omicron BA.1,Community,1.091027628662445,2021-09-21,1,Changing diagnostics,Changing sequencing,200%,200%,fig_3b,2,1,1.0635
2021-09-22,ZA,420,Omicron BA.1,Community,1.0134545633217666,2021-09-21,1,Changing diagnostics,Changing sequencing,10%,200%,fig_3b,2,1,1.0635
2021-09-22,ZA,420,Omicron BA.1,Community,1.0134545633217669,2021-09-21,1,Changing diagnostics,Changing sequencing,50%,200%,fig_3b,2,1,1.0635
2021-09-22,ZA,420,Omicron BA.1,Community,1.0134545633217669,2021-09-21,1,Changing diagnostics,Changing sequencing,100%,200%,fig_3b,2,1,1.0635
2021-09-22,ZA,420,Omicron BA.1,Community,1.0134545633217669,2021-09-21,1,Changing diagnostics,Changing sequencing,150%,200%,fig_3b,2,1,1.0635
2021-09-22,ZA,420,Omicron BA.1,Community,1.0134545633217669,2021-09-21,1,Changing diagnostics,Changing sequencing,200%,200%,fig_3b,2,1,1.0635
2021-09-22,ZA,421,Omicron BA.1,Community,1.0009427785893992,2021-09-21,1,Changing diagnostics,Changing sequencing,10%,200%,fig_3b,2,1,1.0635
2021-09-22,ZA,421,Omicron BA.1,Community,1.0009427785893994,2021-09-21,1,Changing diagnostics,Changing sequencing,50%,200%,fig_3b,2,1,1.0635
2021-09-22,ZA,421,Omicron BA.1,Community,1.0009427785893994,2021-09-21,1,Changing diagnostics,Changing sequencing,100%,200%,fig_3b,2,1,1.0635
2021-09-22,ZA,421,Omicron BA.1,Community,1.0009427785893994,2021-09-21,1,Changing diagnostics,Changing sequencing,150%,200%,fig_3b,2,1,1.0635
2021-09-22,ZA,421,Omicron BA.1,Community,1.0009427785893994,2021-09-21,1,Changing diagnostics,Changing sequencing,200%,200%,fig_3b,2,1,1.0635
2021-09-22,ZA,422,Omicron BA.1,Community,1.0259663480541343,2021-09-21,1,Changing diagnostics,Changing sequencing,10%,200%,fig_3b,2,1,1.0635
2021-09-22,ZA,422,Omicron BA.1,Community,1.0259663480541343,2021-09-21,1,Changing diagnostics,Changing sequencing,50%,200%,fig_3b,2,1,1.0635
2021-09-22,ZA,422,Omicron BA.1,Community,1.0259663480541343,2021-09-21,1,Changing diagnostics,Changing sequencing,100%,200%,fig_3b,2,1,1.0635
2021-09-22,ZA,422,Omicron BA.1,Community,1.0259663480541346,2021-09-21,1,Changing diagnostics,Changing sequencing,150%,200%,fig_3b,2,1,1.0635
2021-09-22,ZA,422,Omicron BA.1,Community,1.0259663480541343,2021-09-21,1,Changing diagnostics,Changing sequencing,200%,200%,fig_3b,2,1,1.0635
2021-09-22,ZA,423,Omicron BA.1,Community,1.1010370564483394,2021-09-21,1,Changing diagnostics,Changing sequencing,10%,200%,fig_3b,2,1,1.0635
2021-09-22,ZA,423,Omicron BA.1,Community,1.1010370564483392,2021-09-21,1,Changing diagnostics,Changing sequencing,50%,200%,fig_3b,2,1,1.0635
2021-09-22,ZA,423,Omicron BA.1,Community,1.1010370564483392,2021-09-21,1,Changing diagnostics,Changing sequencing,100%,200%,fig_3b,2,1,1.0635
2021-09-22,ZA,423,Omicron BA.1,Community,1.1010370564483392,2021-09-21,1,Changing diagnostics,Changing sequencing,150%,200%,fig_3b,2,1,1.0635
2021-09-22,ZA,423,Omicron BA.1,Community,1.1010370564483392,2021-09-21,1,Changing diagnostics,Changing sequencing,200%,200%,fig_3b,2,1,1.0635
2021-09-22,ZA,424,Omicron BA.1,Community,1.0760134869836044,2021-09-21,1,Changing diagnostics,Changing sequencing,10%,200%,fig_3b,2,1,1.0635
2021-09-22,ZA,424,Omicron BA.1,Community,1.0760134869836042,2021-09-21,1,Changing diagnostics,Changing sequencing,50%,200%,fig_3b,2,1,1.0635
2021-09-22,ZA,424,Omicron BA.1,Community,1.0760134869836042,2021-09-21,1,Changing diagnostics,Changing sequencing,100%,200%,fig_3b,2,1,1.0635
2021-09-22,ZA,424,Omicron BA.1,Community,1.0760134869836044,2021-09-21,1,Changing diagnostics,Changing sequencing,150%,200%,fig_3b,2,1,1.0635
2021-09-22,ZA,424,Omicron BA.1,Community,1.0760134869836042,2021-09-21,1,Changing diagnostics,Changing sequencing,200%,200%,fig_3b,2,1,1.0635
2021-09-24,ZA,425,Omicron BA.1,Community,1.0669956149241784,2021-09-21,3,Changing diagnostics,Changing sequencing,10%,200%,fig_3b,2,1,1.0635
2021-09-24,ZA,425,Omicron BA.1,Community,1.0669956149241784,2021-09-21,3,Changing diagnostics,Changing sequencing,50%,200%,fig_3b,2,1,1.0635
2021-09-24,ZA,425,Omicron BA.1,Community,1.0669956149241784,2021-09-21,3,Changing diagnostics,Changing sequencing,100%,200%,fig_3b,2,1,1.0635
2021-09-24,ZA,425,Omicron BA.1,Community,1.0669956149241782,2021-09-21,3,Changing diagnostics,Changing sequencing,150%,200%,fig_3b,2,1,1.0635
2021-09-24,ZA,425,Omicron BA.1,Community,1.0669956149241784,2021-09-21,3,Changing diagnostics,Changing sequencing,200%,200%,fig_3b,2,1,1.0635
2021-09-22,ZA,426,Omicron BA.1,Community,1.0059474924823464,2021-09-21,1,Changing diagnostics,Changing sequencing,10%,200%,fig_3b,2,1,1.0635
2021-09-22,ZA,426,Omicron BA.1,Community,1.0059474924823464,2021-09-21,1,Changing diagnostics,Changing sequencing,50%,200%,fig_3b,2,1,1.0635
2021-09-22,ZA,426,Omicron BA.1,Community,1.0059474924823464,2021-09-21,1,Changing diagnostics,Changing sequencing,100%,200%,fig_3b,2,1,1.0635
2021-09-22,ZA,426,Omicron BA.1,Community,1.0059474924823464,2021-09-21,1,Changing diagnostics,Changing sequencing,150%,200%,fig_3b,2,1,1.0635
2021-09-22,ZA,426,Omicron BA.1,Community,1.0059474924823464,2021-09-21,1,Changing diagnostics,Changing sequencing,200%,200%,fig_3b,2,1,1.0635
2021-09-22,ZA,427,Omicron BA.1,Community,1.0860229147694982,2021-09-21,1,Changing diagnostics,Changing sequencing,10%,200%,fig_3b,2,1,1.0635
2021-09-22,ZA,427,Omicron BA.1,Community,1.0860229147694982,2021-09-21,1,Changing diagnostics,Changing sequencing,50%,200%,fig_3b,2,1,1.0635
2021-09-22,ZA,427,Omicron BA.1,Community,1.0860229147694982,2021-09-21,1,Changing diagnostics,Changing sequencing,100%,200%,fig_3b,2,1,1.0635
2021-09-22,ZA,427,Omicron BA.1,Community,1.0860229147694982,2021-09-21,1,Changing diagnostics,Changing sequencing,150%,200%,fig_3b,2,1,1.0635
2021-09-22,ZA,427,Omicron BA.1,Community,1.0860229147694982,2021-09-21,1,Changing diagnostics,Changing sequencing,200%,200%,fig_3b,2,1,1.0635
2021-09-22,ZA,428,Omicron BA.1,Community,1.1235582689666008,2021-09-21,1,Changing diagnostics,Changing sequencing,10%,200%,fig_3b,2,1,1.0635
2021-09-22,ZA,428,Omicron BA.1,Community,1.123558268966601,2021-09-21,1,Changing diagnostics,Changing sequencing,50%,200%,fig_3b,2,1,1.0635
2021-09-22,ZA,428,Omicron BA.1,Community,1.123558268966601,2021-09-21,1,Changing diagnostics,Changing sequencing,100%,200%,fig_3b,2,1,1.0635
2021-09-22,ZA,428,Omicron BA.1,Community,1.1235582689666008,2021-09-21,1,Changing diagnostics,Changing sequencing,150%,200%,fig_3b,2,1,1.0635
2021-09-22,ZA,428,Omicron BA.1,Community,1.123558268966601,2021-09-21,1,Changing diagnostics,Changing sequencing,200%,200%,fig_3b,2,1,1.0635
2021-09-22,ZA,429,Omicron BA.1,Community,1.0284687050006078,2021-09-21,1,Changing diagnostics,Changing sequencing,10%,200%,fig_3b,2,1,1.0635
2021-09-22,ZA,429,Omicron BA.1,Community,1.0284687050006078,2021-09-21,1,Changing diagnostics,Changing sequencing,50%,200%,fig_3b,2,1,1.0635
2021-09-22,ZA,429,Omicron BA.1,Community,1.0284687050006078,2021-09-21,1,Changing diagnostics,Changing sequencing,100%,200%,fig_3b,2,1,1.0635
2021-09-22,ZA,429,Omicron BA.1,Community,1.0284687050006076,2021-09-21,1,Changing diagnostics,Changing sequencing,150%,200%,fig_3b,2,1,1.0635
2021-09-22,ZA,429,Omicron BA.1,Community,1.0284687050006078,2021-09-21,1,Changing diagnostics,Changing sequencing,200%,200%,fig_3b,2,1,1.0635
2021-09-22,ZA,43,Omicron BA.1,Community,1.0184592772147139,2021-09-21,1,Changing diagnostics,Changing sequencing,10%,200%,fig_3b,2,1,1.0635
2021-09-22,ZA,43,Omicron BA.1,Community,1.0184592772147136,2021-09-21,1,Changing diagnostics,Changing sequencing,50%,200%,fig_3b,2,1,1.0635
2021-09-22,ZA,43,Omicron BA.1,Community,1.0184592772147136,2021-09-21,1,Changing diagnostics,Changing sequencing,100%,200%,fig_3b,2,1,1.0635
2021-09-22,ZA,43,Omicron BA.1,Community,1.018459277214714,2021-09-21,1,Changing diagnostics,Changing sequencing,150%,200%,fig_3b,2,1,1.0635
2021-09-22,ZA,43,Omicron BA.1,Community,1.0184592772147136,2021-09-21,1,Changing diagnostics,Changing sequencing,200%,200%,fig_3b,2,1,1.0635
2021-09-24,ZA,430,Omicron BA.1,Community,1.2010021731966463,2021-09-21,3,Changing diagnostics,Changing sequencing,10%,200%,fig_3b,2,1,1.0635
2021-09-24,ZA,430,Omicron BA.1,Community,1.2010021731966465,2021-09-21,3,Changing diagnostics,Changing sequencing,50%,200%,fig_3b,2,1,1.0635
2021-09-24,ZA,430,Omicron BA.1,Community,1.2010021731966465,2021-09-21,3,Changing diagnostics,Changing sequencing,100%,200%,fig_3b,2,1,1.0635
2021-09-24,ZA,430,Omicron BA.1,Community,1.2010021731966463,2021-09-21,3,Changing diagnostics,Changing sequencing,150%,200%,fig_3b,2,1,1.0635
2021-09-24,ZA,430,Omicron BA.1,Community,1.2010021731966465,2021-09-21,3,Changing diagnostics,Changing sequencing,200%,200%,fig_3b,2,1,1.0635
2021-09-24,ZA,431,Omicron BA.1,Community,1.1125072762242618,2021-09-21,3,Changing diagnostics,Changing sequencing,10%,200%,fig_3b,2,1,1.0635
2021-09-24,ZA,431,Omicron BA.1,Community,1.1125072762242618,2021-09-21,3,Changing diagnostics,Changing sequencing,50%,200%,fig_3b,2,1,1.0635
2021-09-24,ZA,431,Omicron BA.1,Community,1.1125072762242618,2021-09-21,3,Changing diagnostics,Changing sequencing,100%,200%,fig_3b,2,1,1.0635
2021-09-24,ZA,431,Omicron BA.1,Community,1.1125072762242618,2021-09-21,3,Changing diagnostics,Changing sequencing,150%,200%,fig_3b,2,1,1.0635
2021-09-24,ZA,431,Omicron BA.1,Community,1.1125072762242618,2021-09-21,3,Changing diagnostics,Changing sequencing,200%,200%,fig_3b,2,1,1.0635
2021-09-22,ZA,432,Omicron BA.1,Community,1.003445135535873,2021-09-21,1,Changing diagnostics,Changing sequencing,10%,200%,fig_3b,2,1,1.0635
2021-09-22,ZA,432,Omicron BA.1,Community,1.0034451355358727,2021-09-21,1,Changing diagnostics,Changing sequencing,50%,200%,fig_3b,2,1,1.0635
2021-09-22,ZA,432,Omicron BA.1,Community,1.0034451355358727,2021-09-21,1,Changing diagnostics,Changing sequencing,100%,200%,fig_3b,2,1,1.0635
2021-09-22,ZA,432,Omicron BA.1,Community,1.003445135535873,2021-09-21,1,Changing diagnostics,Changing sequencing,150%,200%,fig_3b,2,1,1.0635
2021-09-22,ZA,432,Omicron BA.1,Community,1.0034451355358727,2021-09-21,1,Changing diagnostics,Changing sequencing,200%,200%,fig_3b,2,1,1.0635
2021-09-22,ZA,433,Omicron BA.1,Community,1.0509899175188693,2021-09-21,1,Changing diagnostics,Changing sequencing,10%,200%,fig_3b,2,1,1.0635
2021-09-22,ZA,433,Omicron BA.1,Community,1.050989917518869,2021-09-21,1,Changing diagnostics,Changing sequencing,50%,200%,fig_3b,2,1,1.0635
2021-09-22,ZA,433,Omicron BA.1,Community,1.050989917518869,2021-09-21,1,Changing diagnostics,Changing sequencing,100%,200%,fig_3b,2,1,1.0635
2021-09-22,ZA,433,Omicron BA.1,Community,1.0509899175188693,2021-09-21,1,Changing diagnostics,Changing sequencing,150%,200%,fig_3b,2,1,1.0635
2021-09-22,ZA,433,Omicron BA.1,Community,1.050989917518869,2021-09-21,1,Changing diagnostics,Changing sequencing,200%,200%,fig_3b,2,1,1.0635
2021-09-22,ZA,434,Omicron BA.1,Community,1.068506416144184,2021-09-21,1,Changing diagnostics,Changing sequencing,10%,200%,fig_3b,2,1,1.0635
2021-09-22,ZA,434,Omicron BA.1,Community,1.068506416144184,2021-09-21,1,Changing diagnostics,Changing sequencing,50%,200%,fig_3b,2,1,1.0635
2021-09-22,ZA,434,Omicron BA.1,Community,1.068506416144184,2021-09-21,1,Changing diagnostics,Changing sequencing,100%,200%,fig_3b,2,1,1.0635
2021-09-22,ZA,434,Omicron BA.1,Community,1.0685064161441835,2021-09-21,1,Changing diagnostics,Changing sequencing,150%,200%,fig_3b,2,1,1.0635
2021-09-22,ZA,434,Omicron BA.1,Community,1.068506416144184,2021-09-21,1,Changing diagnostics,Changing sequencing,200%,200%,fig_3b,2,1,1.0635
2021-09-22,ZA,435,Omicron BA.1,Community,1.0159569202682406,2021-09-21,1,Changing diagnostics,Changing sequencing,10%,200%,fig_3b,2,1,1.0635
2021-09-22,ZA,435,Omicron BA.1,Community,1.0159569202682404,2021-09-21,1,Changing diagnostics,Changing sequencing,50%,200%,fig_3b,2,1,1.0635
2021-09-22,ZA,435,Omicron BA.1,Community,1.0159569202682404,2021-09-21,1,Changing diagnostics,Changing sequencing,100%,200%,fig_3b,2,1,1.0635
2021-09-22,ZA,435,Omicron BA.1,Community,1.0159569202682404,2021-09-21,1,Changing diagnostics,Changing sequencing,150%,200%,fig_3b,2,1,1.0635
2021-09-22,ZA,435,Omicron BA.1,Community,1.0159569202682404,2021-09-21,1,Changing diagnostics,Changing sequencing,200%,200%,fig_3b,2,1,1.0635
2021-09-22,ZA,436,Omicron BA.1,Community,1.0910276286624454,2021-09-21,1,Changing diagnostics,Changing sequencing,10%,200%,fig_3b,2,1,1.0635
2021-09-22,ZA,436,Omicron BA.1,Community,1.0910276286624452,2021-09-21,1,Changing diagnostics,Changing sequencing,50%,200%,fig_3b,2,1,1.0635
2021-09-22,ZA,436,Omicron BA.1,Community,1.0910276286624452,2021-09-21,1,Changing diagnostics,Changing sequencing,100%,200%,fig_3b,2,1,1.0635
2021-09-22,ZA,436,Omicron BA.1,Community,1.0910276286624452,2021-09-21,1,Changing diagnostics,Changing sequencing,150%,200%,fig_3b,2,1,1.0635
2021-09-22,ZA,436,Omicron BA.1,Community,1.0910276286624452,2021-09-21,1,Changing diagnostics,Changing sequencing,200%,200%,fig_3b,2,1,1.0635
2021-09-22,ZA,437,Omicron BA.1,Community,1.0635017022512367,2021-09-21,1,Changing diagnostics,Changing sequencing,10%,200%,fig_3b,2,1,1.0635
2021-09-22,ZA,437,Omicron BA.1,Community,1.063501702251237,2021-09-21,1,Changing diagnostics,Changing sequencing,50%,200%,fig_3b,2,1,1.0635
2021-09-22,ZA,437,Omicron BA.1,Community,1.063501702251237,2021-09-21,1,Changing diagnostics,Changing sequencing,100%,200%,fig_3b,2,1,1.0635
2021-09-22,ZA,437,Omicron BA.1,Community,1.063501702251237,2021-09-21,1,Changing diagnostics,Changing sequencing,150%,200%,fig_3b,2,1,1.0635
2021-09-22,ZA,437,Omicron BA.1,Community,1.063501702251237,2021-09-21,1,Changing diagnostics,Changing sequencing,200%,200%,fig_3b,2,1,1.0635
2021-09-24,ZA,438,Omicron BA.1,Community,1.1605473631521275,2021-09-21,3,Changing diagnostics,Changing sequencing,10%,200%,fig_3b,2,1,1.0635
2021-09-24,ZA,438,Omicron BA.1,Community,1.1605473631521277,2021-09-21,3,Changing diagnostics,Changing sequencing,50%,200%,fig_3b,2,1,1.0635
2021-09-24,ZA,438,Omicron BA.1,Community,1.1605473631521277,2021-09-21,3,Changing diagnostics,Changing sequencing,100%,200%,fig_3b,2,1,1.0635
2021-09-24,ZA,438,Omicron BA.1,Community,1.1605473631521275,2021-09-21,3,Changing diagnostics,Changing sequencing,150%,200%,fig_3b,2,1,1.0635
2021-09-24,ZA,438,Omicron BA.1,Community,1.1605473631521277,2021-09-21,3,Changing diagnostics,Changing sequencing,200%,200%,fig_3b,2,1,1.0635
2021-09-24,ZA,439,Omicron BA.1,Community,1.127677829990956,2021-09-21,3,Changing diagnostics,Changing sequencing,10%,200%,fig_3b,2,1,1.0635
2021-09-24,ZA,439,Omicron BA.1,Community,1.1276778299909562,2021-09-21,3,Changing diagnostics,Changing sequencing,50%,200%,fig_3b,2,1,1.0635
2021-09-24,ZA,439,Omicron BA.1,Community,1.1276778299909562,2021-09-21,3,Changing diagnostics,Changing sequencing,100%,200%,fig_3b,2,1,1.0635
2021-09-24,ZA,439,Omicron BA.1,Community,1.1276778299909564,2021-09-21,3,Changing diagnostics,Changing sequencing,150%,200%,fig_3b,2,1,1.0635
2021-09-24,ZA,439,Omicron BA.1,Community,1.1276778299909562,2021-09-21,3,Changing diagnostics,Changing sequencing,200%,200%,fig_3b,2,1,1.0635
2021-09-22,ZA,44,Omicron BA.1,Community,1.0309710619470813,2021-09-21,1,Changing diagnostics,Changing sequencing,10%,200%,fig_3b,2,1,1.0635
2021-09-22,ZA,44,Omicron BA.1,Community,1.030971061947081,2021-09-21,1,Changing diagnostics,Changing sequencing,50%,200%,fig_3b,2,1,1.0635
2021-09-22,ZA,44,Omicron BA.1,Community,1.030971061947081,2021-09-21,1,Changing diagnostics,Changing sequencing,100%,200%,fig_3b,2,1,1.0635
2021-09-22,ZA,44,Omicron BA.1,Community,1.030971061947081,2021-09-21,1,Changing diagnostics,Changing sequencing,150%,200%,fig_3b,2,1,1.0635
2021-09-22,ZA,44,Omicron BA.1,Community,1.030971061947081,2021-09-21,1,Changing diagnostics,Changing sequencing,200%,200%,fig_3b,2,1,1.0635
2021-09-22,ZA,440,Omicron BA.1,Community,1.1060417703412861,2021-09-21,1,Changing diagnostics,Changing sequencing,10%,200%,fig_3b,2,1,1.0635
2021-09-22,ZA,440,Omicron BA.1,Community,1.1060417703412861,2021-09-21,1,Changing diagnostics,Changing sequencing,50%,200%,fig_3b,2,1,1.0635
2021-09-22,ZA,440,Omicron BA.1,Community,1.1060417703412861,2021-09-21,1,Changing diagnostics,Changing sequencing,100%,200%,fig_3b,2,1,1.0635
2021-09-22,ZA,440,Omicron BA.1,Community,1.1060417703412861,2021-09-21,1,Changing diagnostics,Changing sequencing,150%,200%,fig_3b,2,1,1.0635
2021-09-22,ZA,440,Omicron BA.1,Community,1.1060417703412861,2021-09-21,1,Changing diagnostics,Changing sequencing,200%,200%,fig_3b,2,1,1.0635
2021-09-22,ZA,441,Omicron BA.1,Community,1.0810182008765512,2021-09-21,1,Changing diagnostics,Changing sequencing,10%,200%,fig_3b,2,1,1.0635
2021-09-22,ZA,441,Omicron BA.1,Community,1.0810182008765512,2021-09-21,1,Changing diagnostics,Changing sequencing,50%,200%,fig_3b,2,1,1.0635
2021-09-22,ZA,441,Omicron BA.1,Community,1.0810182008765512,2021-09-21,1,Changing diagnostics,Changing sequencing,100%,200%,fig_3b,2,1,1.0635
2021-09-22,ZA,441,Omicron BA.1,Community,1.0810182008765514,2021-09-21,1,Changing diagnostics,Changing sequencing,150%,200%,fig_3b,2,1,1.0635
2021-09-22,ZA,441,Omicron BA.1,Community,1.0810182008765512,2021-09-21,1,Changing diagnostics,Changing sequencing,200%,200%,fig_3b,2,1,1.0635
2021-09-22,ZA,442,Omicron BA.1,Community,1.0209616341611871,2021-09-21,1,Changing diagnostics,Changing sequencing,10%,200%,fig_3b,2,1,1.0635
2021-09-22,ZA,442,Omicron BA.1,Community,1.0209616341611871,2021-09-21,1,Changing diagnostics,Changing sequencing,50%,200%,fig_3b,2,1,1.0635
2021-09-22,ZA,442,Omicron BA.1,Community,1.0209616341611871,2021-09-21,1,Changing diagnostics,Changing sequencing,100%,200%,fig_3b,2,1,1.0635
2021-09-22,ZA,442,Omicron BA.1,Community,1.0209616341611873,2021-09-21,1,Changing diagnostics,Changing sequencing,150%,200%,fig_3b,2,1,1.0635
2021-09-22,ZA,442,Omicron BA.1,Community,1.0209616341611871,2021-09-21,1,Changing diagnostics,Changing sequencing,200%,200%,fig_3b,2,1,1.0635
2021-09-22,ZA,443,Omicron BA.1,Community,1.0559946314118163,2021-09-21,1,Changing diagnostics,Changing sequencing,10%,200%,fig_3b,2,1,1.0635
2021-09-22,ZA,443,Omicron BA.1,Community,1.0559946314118163,2021-09-21,1,Changing diagnostics,Changing sequencing,50%,200%,fig_3b,2,1,1.0635
2021-09-22,ZA,443,Omicron BA.1,Community,1.0559946314118163,2021-09-21,1,Changing diagnostics,Changing sequencing,100%,200%,fig_3b,2,1,1.0635
2021-09-22,ZA,443,Omicron BA.1,Community,1.0559946314118165,2021-09-21,1,Changing diagnostics,Changing sequencing,150%,200%,fig_3b,2,1,1.0635
2021-09-22,ZA,443,Omicron BA.1,Community,1.0559946314118163,2021-09-21,1,Changing diagnostics,Changing sequencing,200%,200%,fig_3b,2,1,1.0635
2021-09-22,ZA,444,Omicron BA.1,Community,1.0134545633217666,2021-09-21,1,Changing diagnostics,Changing sequencing,10%,200%,fig_3b,2,1,1.0635
2021-09-22,ZA,444,Omicron BA.1,Community,1.0134545633217669,2021-09-21,1,Changing diagnostics,Changing sequencing,50%,200%,fig_3b,2,1,1.0635
2021-09-22,ZA,444,Omicron BA.1,Community,1.0134545633217669,2021-09-21,1,Changing diagnostics,Changing sequencing,100%,200%,fig_3b,2,1,1.0635
2021-09-22,ZA,444,Omicron BA.1,Community,1.0134545633217666,2021-09-21,1,Changing diagnostics,Changing sequencing,150%,200%,fig_3b,2,1,1.0635
2021-09-22,ZA,444,Omicron BA.1,Community,1.0134545633217669,2021-09-21,1,Changing diagnostics,Changing sequencing,200%,200%,fig_3b,2,1,1.0635
2021-09-22,ZA,445,Omicron BA.1,Community,1.0635017022512367,2021-09-21,1,Changing diagnostics,Changing sequencing,10%,200%,fig_3b,2,1,1.0635
2021-09-22,ZA,445,Omicron BA.1,Community,1.0635017022512367,2021-09-21,1,Changing diagnostics,Changing sequencing,50%,200%,fig_3b,2,1,1.0635
2021-09-22,ZA,445,Omicron BA.1,Community,1.0635017022512367,2021-09-21,1,Changing diagnostics,Changing sequencing,100%,200%,fig_3b,2,1,1.0635
2021-09-22,ZA,445,Omicron BA.1,Community,1.0635017022512367,2021-09-21,1,Changing diagnostics,Changing sequencing,150%,200%,fig_3b,2,1,1.0635
2021-09-22,ZA,445,Omicron BA.1,Community,1.0635017022512367,2021-09-21,1,Changing diagnostics,Changing sequencing,200%,200%,fig_3b,2,1,1.0635
2021-09-22,ZA,446,Omicron BA.1,Community,1.0134545633217669,2021-09-21,1,Changing diagnostics,Changing sequencing,10%,200%,fig_3b,2,1,1.0635
2021-09-22,ZA,446,Omicron BA.1,Community,1.0134545633217669,2021-09-21,1,Changing diagnostics,Changing sequencing,50%,200%,fig_3b,2,1,1.0635
2021-09-22,ZA,446,Omicron BA.1,Community,1.0134545633217669,2021-09-21,1,Changing diagnostics,Changing sequencing,100%,200%,fig_3b,2,1,1.0635
2021-09-22,ZA,446,Omicron BA.1,Community,1.0134545633217666,2021-09-21,1,Changing diagnostics,Changing sequencing,150%,200%,fig_3b,2,1,1.0635
2021-09-22,ZA,446,Omicron BA.1,Community,1.0134545633217669,2021-09-21,1,Changing diagnostics,Changing sequencing,200%,200%,fig_3b,2,1,1.0635
2021-09-22,ZA,447,Omicron BA.1,Community,1.0234639911076606,2021-09-21,1,Changing diagnostics,Changing sequencing,10%,200%,fig_3b,2,1,1.0635
2021-09-22,ZA,447,Omicron BA.1,Community,1.0234639911076604,2021-09-21,1,Changing diagnostics,Changing sequencing,50%,200%,fig_3b,2,1,1.0635
2021-09-22,ZA,447,Omicron BA.1,Community,1.0234639911076604,2021-09-21,1,Changing diagnostics,Changing sequencing,100%,200%,fig_3b,2,1,1.0635
2021-09-22,ZA,447,Omicron BA.1,Community,1.0234639911076608,2021-09-21,1,Changing diagnostics,Changing sequencing,150%,200%,fig_3b,2,1,1.0635
2021-09-22,ZA,447,Omicron BA.1,Community,1.0234639911076604,2021-09-21,1,Changing diagnostics,Changing sequencing,200%,200%,fig_3b,2,1,1.0635
2021-09-22,ZA,448,Omicron BA.1,Community,1.0434828466794488,2021-09-21,1,Changing diagnostics,Changing sequencing,10%,200%,fig_3b,2,1,1.0635
2021-09-22,ZA,448,Omicron BA.1,Community,1.0434828466794488,2021-09-21,1,Changing diagnostics,Changing sequencing,50%,200%,fig_3b,2,1,1.0635
2021-09-22,ZA,448,Omicron BA.1,Community,1.0434828466794488,2021-09-21,1,Changing diagnostics,Changing sequencing,100%,200%,fig_3b,2,1,1.0635
2021-09-22,ZA,448,Omicron BA.1,Community,1.0434828466794488,2021-09-21,1,Changing diagnostics,Changing sequencing,150%,200%,fig_3b,2,1,1.0635
2021-09-22,ZA,448,Omicron BA.1,Community,1.0434828466794488,2021-09-21,1,Changing diagnostics,Changing sequencing,200%,200%,fig_3b,2,1,1.0635
2021-09-22,ZA,449,Omicron BA.1,Community,1.0960323425553922,2021-09-21,1,Changing diagnostics,Changing sequencing,10%,200%,fig_3b,2,1,1.0635
2021-09-22,ZA,449,Omicron BA.1,Community,1.096032342555392,2021-09-21,1,Changing diagnostics,Changing sequencing,50%,200%,fig_3b,2,1,1.0635
2021-09-22,ZA,449,Omicron BA.1,Community,1.096032342555392,2021-09-21,1,Changing diagnostics,Changing sequencing,100%,200%,fig_3b,2,1,1.0635
2021-09-22,ZA,449,Omicron BA.1,Community,1.0960323425553922,2021-09-21,1,Changing diagnostics,Changing sequencing,150%,200%,fig_3b,2,1,1.0635
2021-09-22,ZA,449,Omicron BA.1,Community,1.096032342555392,2021-09-21,1,Changing diagnostics,Changing sequencing,200%,200%,fig_3b,2,1,1.0635
2021-09-22,ZA,45,Omicron BA.1,Community,1.1235582689666006,2021-09-21,1,Changing diagnostics,Changing sequencing,10%,200%,fig_3b,2,1,1.0635
2021-09-22,ZA,45,Omicron BA.1,Community,1.1235582689666006,2021-09-21,1,Changing diagnostics,Changing sequencing,50%,200%,fig_3b,2,1,1.0635
2021-09-22,ZA,45,Omicron BA.1,Community,1.1235582689666006,2021-09-21,1,Changing diagnostics,Changing sequencing,100%,200%,fig_3b,2,1,1.0635
2021-09-22,ZA,45,Omicron BA.1,Community,1.1235582689666004,2021-09-21,1,Changing diagnostics,Changing sequencing,150%,200%,fig_3b,2,1,1.0635
2021-09-22,ZA,45,Omicron BA.1,Community,1.1235582689666006,2021-09-21,1,Changing diagnostics,Changing sequencing,200%,200%,fig_3b,2,1,1.0635
2021-09-22,ZA,450,Omicron BA.1,Community,1.0835205578230247,2021-09-21,1,Changing diagnostics,Changing sequencing,10%,200%,fig_3b,2,1,1.0635
2021-09-22,ZA,450,Omicron BA.1,Community,1.083520557823025,2021-09-21,1,Changing diagnostics,Changing sequencing,50%,200%,fig_3b,2,1,1.0635
2021-09-22,ZA,450,Omicron BA.1,Community,1.083520557823025,2021-09-21,1,Changing diagnostics,Changing sequencing,100%,200%,fig_3b,2,1,1.0635
2021-09-22,ZA,450,Omicron BA.1,Community,1.0835205578230247,2021-09-21,1,Changing diagnostics,Changing sequencing,150%,200%,fig_3b,2,1,1.0635
2021-09-22,ZA,450,Omicron BA.1,Community,1.083520557823025,2021-09-21,1,Changing diagnostics,Changing sequencing,200%,200%,fig_3b,2,1,1.0635
2021-09-22,ZA,451,Omicron BA.1,Community,1.043482846679449,2021-09-21,1,Changing diagnostics,Changing sequencing,10%,200%,fig_3b,2,1,1.0635
2021-09-22,ZA,451,Omicron BA.1,Community,1.0434828466794488,2021-09-21,1,Changing diagnostics,Changing sequencing,50%,200%,fig_3b,2,1,1.0635
2021-09-22,ZA,451,Omicron BA.1,Community,1.0434828466794488,2021-09-21,1,Changing diagnostics,Changing sequencing,100%,200%,fig_3b,2,1,1.0635
2021-09-22,ZA,451,Omicron BA.1,Community,1.043482846679449,2021-09-21,1,Changing diagnostics,Changing sequencing,150%,200%,fig_3b,2,1,1.0635
2021-09-22,ZA,451,Omicron BA.1,Community,1.0434828466794488,2021-09-21,1,Changing diagnostics,Changing sequencing,200%,200%,fig_3b,2,1,1.0635
2021-09-24,ZA,452,Omicron BA.1,Community,1.0998651480853499,2021-09-21,3,Changing diagnostics,Changing sequencing,10%,200%,fig_3b,2,1,1.0635
2021-09-24,ZA,452,Omicron BA.1,Community,1.0998651480853496,2021-09-21,3,Changing diagnostics,Changing sequencing,50%,200%,fig_3b,2,1,1.0635
2021-09-24,ZA,452,Omicron BA.1,Community,1.0998651480853496,2021-09-21,3,Changing diagnostics,Changing sequencing,100%,200%,fig_3b,2,1,1.0635
2021-09-24,ZA,452,Omicron BA.1,Community,1.0998651480853496,2021-09-21,3,Changing diagnostics,Changing sequencing,150%,200%,fig_3b,2,1,1.0635
2021-09-24,ZA,452,Omicron BA.1,Community,1.0998651480853496,2021-09-21,3,Changing diagnostics,Changing sequencing,200%,200%,fig_3b,2,1,1.0635
2021-09-22,ZA,453,Omicron BA.1,Community,1.0635017022512367,2021-09-21,1,Changing diagnostics,Changing sequencing,10%,200%,fig_3b,2,1,1.0635
2021-09-22,ZA,453,Omicron BA.1,Community,1.0635017022512367,2021-09-21,1,Changing diagnostics,Changing sequencing,50%,200%,fig_3b,2,1,1.0635
2021-09-22,ZA,453,Omicron BA.1,Community,1.0635017022512367,2021-09-21,1,Changing diagnostics,Changing sequencing,100%,200%,fig_3b,2,1,1.0635
2021-09-22,ZA,453,Omicron BA.1,Community,1.0635017022512367,2021-09-21,1,Changing diagnostics,Changing sequencing,150%,200%,fig_3b,2,1,1.0635
2021-09-22,ZA,453,Omicron BA.1,Community,1.0635017022512367,2021-09-21,1,Changing diagnostics,Changing sequencing,200%,200%,fig_3b,2,1,1.0635
2021-09-22,ZA,454,Omicron BA.1,Community,1.1185535550736538,2021-09-21,1,Changing diagnostics,Changing sequencing,10%,200%,fig_3b,2,1,1.0635
2021-09-22,ZA,454,Omicron BA.1,Community,1.1185535550736538,2021-09-21,1,Changing diagnostics,Changing sequencing,50%,200%,fig_3b,2,1,1.0635
2021-09-22,ZA,454,Omicron BA.1,Community,1.1185535550736538,2021-09-21,1,Changing diagnostics,Changing sequencing,100%,200%,fig_3b,2,1,1.0635
2021-09-22,ZA,454,Omicron BA.1,Community,1.1185535550736538,2021-09-21,1,Changing diagnostics,Changing sequencing,150%,200%,fig_3b,2,1,1.0635
2021-09-22,ZA,454,Omicron BA.1,Community,1.1185535550736538,2021-09-21,1,Changing diagnostics,Changing sequencing,200%,200%,fig_3b,2,1,1.0635
2021-09-22,ZA,455,Omicron BA.1,Community,1.0509899175188693,2021-09-21,1,Changing diagnostics,Changing sequencing,10%,200%,fig_3b,2,1,1.0635
2021-09-22,ZA,455,Omicron BA.1,Community,1.0509899175188693,2021-09-21,1,Changing diagnostics,Changing sequencing,50%,200%,fig_3b,2,1,1.0635
2021-09-22,ZA,455,Omicron BA.1,Community,1.0509899175188693,2021-09-21,1,Changing diagnostics,Changing sequencing,100%,200%,fig_3b,2,1,1.0635
2021-09-22,ZA,455,Omicron BA.1,Community,1.0509899175188693,2021-09-21,1,Changing diagnostics,Changing sequencing,150%,200%,fig_3b,2,1,1.0635
2021-09-22,ZA,455,Omicron BA.1,Community,1.0509899175188693,2021-09-21,1,Changing diagnostics,Changing sequencing,200%,200%,fig_3b,2,1,1.0635
2021-09-22,ZA,456,Omicron BA.1,Community,1.0459852036259223,2021-09-21,1,Changing diagnostics,Changing sequencing,10%,200%,fig_3b,2,1,1.0635
2021-09-22,ZA,456,Omicron BA.1,Community,1.0459852036259223,2021-09-21,1,Changing diagnostics,Changing sequencing,50%,200%,fig_3b,2,1,1.0635
2021-09-22,ZA,456,Omicron BA.1,Community,1.0459852036259223,2021-09-21,1,Changing diagnostics,Changing sequencing,100%,200%,fig_3b,2,1,1.0635
2021-09-22,ZA,456,Omicron BA.1,Community,1.0459852036259223,2021-09-21,1,Changing diagnostics,Changing sequencing,150%,200%,fig_3b,2,1,1.0635
2021-09-22,ZA,456,Omicron BA.1,Community,1.0459852036259223,2021-09-21,1,Changing diagnostics,Changing sequencing,200%,200%,fig_3b,2,1,1.0635
2021-09-22,ZA,457,Omicron BA.1,Community,1.0459852036259223,2021-09-21,1,Changing diagnostics,Changing sequencing,10%,200%,fig_3b,2,1,1.0635
2021-09-22,ZA,457,Omicron BA.1,Community,1.0459852036259223,2021-09-21,1,Changing diagnostics,Changing sequencing,50%,200%,fig_3b,2,1,1.0635
2021-09-22,ZA,457,Omicron BA.1,Community,1.0459852036259223,2021-09-21,1,Changing diagnostics,Changing sequencing,100%,200%,fig_3b,2,1,1.0635
2021-09-22,ZA,457,Omicron BA.1,Community,1.045985203625922,2021-09-21,1,Changing diagnostics,Changing sequencing,150%,200%,fig_3b,2,1,1.0635
2021-09-22,ZA,457,Omicron BA.1,Community,1.0459852036259223,2021-09-21,1,Changing diagnostics,Changing sequencing,200%,200%,fig_3b,2,1,1.0635
2021-09-22,ZA,458,Omicron BA.1,Community,1.0009427785893994,2021-09-21,1,Changing diagnostics,Changing sequencing,10%,200%,fig_3b,2,1,1.0635
2021-09-22,ZA,458,Omicron BA.1,Community,1.0009427785893994,2021-09-21,1,Changing diagnostics,Changing sequencing,50%,200%,fig_3b,2,1,1.0635
2021-09-22,ZA,458,Omicron BA.1,Community,1.0009427785893994,2021-09-21,1,Changing diagnostics,Changing sequencing,100%,200%,fig_3b,2,1,1.0635
2021-09-22,ZA,458,Omicron BA.1,Community,1.0009427785893994,2021-09-21,1,Changing diagnostics,Changing sequencing,150%,200%,fig_3b,2,1,1.0635
2021-09-22,ZA,458,Omicron BA.1,Community,1.0009427785893994,2021-09-21,1,Changing diagnostics,Changing sequencing,200%,200%,fig_3b,2,1,1.0635
2021-09-24,ZA,459,Omicron BA.1,Community,1.046768209901919,2021-09-21,3,Changing diagnostics,Changing sequencing,10%,200%,fig_3b,2,1,1.0635
2021-09-24,ZA,459,Omicron BA.1,Community,1.0467682099019189,2021-09-21,3,Changing diagnostics,Changing sequencing,50%,200%,fig_3b,2,1,1.0635
2021-09-24,ZA,459,Omicron BA.1,Community,1.0467682099019189,2021-09-21,3,Changing diagnostics,Changing sequencing,100%,200%,fig_3b,2,1,1.0635
2021-09-24,ZA,459,Omicron BA.1,Community,1.0467682099019193,2021-09-21,3,Changing diagnostics,Changing sequencing,150%,200%,fig_3b,2,1,1.0635
2021-09-24,ZA,459,Omicron BA.1,Community,1.0467682099019189,2021-09-21,3,Changing diagnostics,Changing sequencing,200%,200%,fig_3b,2,1,1.0635
2021-09-22,ZA,46,Omicron BA.1,Community,1.093529985608919,2021-09-21,1,Changing diagnostics,Changing sequencing,10%,200%,fig_3b,2,1,1.0635
2021-09-22,ZA,46,Omicron BA.1,Community,1.0935299856089191,2021-09-21,1,Changing diagnostics,Changing sequencing,50%,200%,fig_3b,2,1,1.0635
2021-09-22,ZA,46,Omicron BA.1,Community,1.0935299856089191,2021-09-21,1,Changing diagnostics,Changing sequencing,100%,200%,fig_3b,2,1,1.0635
2021-09-22,ZA,46,Omicron BA.1,Community,1.093529985608919,2021-09-21,1,Changing diagnostics,Changing sequencing,150%,200%,fig_3b,2,1,1.0635
2021-09-22,ZA,46,Omicron BA.1,Community,1.0935299856089191,2021-09-21,1,Changing diagnostics,Changing sequencing,200%,200%,fig_3b,2,1,1.0635
2021-09-22,ZA,460,Omicron BA.1,Community,1.0860229147694982,2021-09-21,1,Changing diagnostics,Changing sequencing,10%,200%,fig_3b,2,1,1.0635
2021-09-22,ZA,460,Omicron BA.1,Community,1.0860229147694982,2021-09-21,1,Changing diagnostics,Changing sequencing,50%,200%,fig_3b,2,1,1.0635
2021-09-22,ZA,460,Omicron BA.1,Community,1.0860229147694982,2021-09-21,1,Changing diagnostics,Changing sequencing,100%,200%,fig_3b,2,1,1.0635
2021-09-22,ZA,460,Omicron BA.1,Community,1.0860229147694982,2021-09-21,1,Changing diagnostics,Changing sequencing,150%,200%,fig_3b,2,1,1.0635
2021-09-22,ZA,460,Omicron BA.1,Community,1.0860229147694982,2021-09-21,1,Changing diagnostics,Changing sequencing,200%,200%,fig_3b,2,1,1.0635
2021-09-22,ZA,461,Omicron BA.1,Community,1.0284687050006078,2021-09-21,1,Changing diagnostics,Changing sequencing,10%,200%,fig_3b,2,1,1.0635
2021-09-22,ZA,461,Omicron BA.1,Community,1.0284687050006078,2021-09-21,1,Changing diagnostics,Changing sequencing,50%,200%,fig_3b,2,1,1.0635
2021-09-22,ZA,461,Omicron BA.1,Community,1.0284687050006078,2021-09-21,1,Changing diagnostics,Changing sequencing,100%,200%,fig_3b,2,1,1.0635
2021-09-22,ZA,461,Omicron BA.1,Community,1.0284687050006076,2021-09-21,1,Changing diagnostics,Changing sequencing,150%,200%,fig_3b,2,1,1.0635
2021-09-22,ZA,461,Omicron BA.1,Community,1.0284687050006078,2021-09-21,1,Changing diagnostics,Changing sequencing,200%,200%,fig_3b,2,1,1.0635
2021-09-22,ZA,462,Omicron BA.1,Community,1.0509899175188693,2021-09-21,1,Changing diagnostics,Changing sequencing,10%,200%,fig_3b,2,1,1.0635
2021-09-22,ZA,462,Omicron BA.1,Community,1.0509899175188693,2021-09-21,1,Changing diagnostics,Changing sequencing,50%,200%,fig_3b,2,1,1.0635
2021-09-22,ZA,462,Omicron BA.1,Community,1.0509899175188693,2021-09-21,1,Changing diagnostics,Changing sequencing,100%,200%,fig_3b,2,1,1.0635
2021-09-22,ZA,462,Omicron BA.1,Community,1.0509899175188693,2021-09-21,1,Changing diagnostics,Changing sequencing,150%,200%,fig_3b,2,1,1.0635
2021-09-22,ZA,462,Omicron BA.1,Community,1.0509899175188693,2021-09-21,1,Changing diagnostics,Changing sequencing,200%,200%,fig_3b,2,1,1.0635
2021-09-22,ZA,463,Omicron BA.1,Community,1.073511130037131,2021-09-21,1,Changing diagnostics,Changing sequencing,10%,200%,fig_3b,2,1,1.0635
2021-09-22,ZA,463,Omicron BA.1,Community,1.0735111300371307,2021-09-21,1,Changing diagnostics,Changing sequencing,50%,200%,fig_3b,2,1,1.0635
2021-09-22,ZA,463,Omicron BA.1,Community,1.0735111300371307,2021-09-21,1,Changing diagnostics,Changing sequencing,100%,200%,fig_3b,2,1,1.0635
2021-09-22,ZA,463,Omicron BA.1,Community,1.073511130037131,2021-09-21,1,Changing diagnostics,Changing sequencing,150%,200%,fig_3b,2,1,1.0635
2021-09-22,ZA,463,Omicron BA.1,Community,1.0735111300371307,2021-09-21,1,Changing diagnostics,Changing sequencing,200%,200%,fig_3b,2,1,1.0635
2021-09-22,ZA,464,Omicron BA.1,Community,1.0309710619470813,2021-09-21,1,Changing diagnostics,Changing sequencing,10%,200%,fig_3b,2,1,1.0635
2021-09-22,ZA,464,Omicron BA.1,Community,1.0309710619470813,2021-09-21,1,Changing diagnostics,Changing sequencing,50%,200%,fig_3b,2,1,1.0635
2021-09-22,ZA,464,Omicron BA.1,Community,1.0309710619470813,2021-09-21,1,Changing diagnostics,Changing sequencing,100%,200%,fig_3b,2,1,1.0635
2021-09-22,ZA,464,Omicron BA.1,Community,1.030971061947081,2021-09-21,1,Changing diagnostics,Changing sequencing,150%,200%,fig_3b,2,1,1.0635
2021-09-22,ZA,464,Omicron BA.1,Community,1.0309710619470813,2021-09-21,1,Changing diagnostics,Changing sequencing,200%,200%,fig_3b,2,1,1.0635
2021-09-22,ZA,465,Omicron BA.1,Community,1.0334734188935548,2021-09-21,1,Changing diagnostics,Changing sequencing,10%,200%,fig_3b,2,1,1.0635
2021-09-22,ZA,465,Omicron BA.1,Community,1.0334734188935546,2021-09-21,1,Changing diagnostics,Changing sequencing,50%,200%,fig_3b,2,1,1.0635
2021-09-22,ZA,465,Omicron BA.1,Community,1.0334734188935546,2021-09-21,1,Changing diagnostics,Changing sequencing,100%,200%,fig_3b,2,1,1.0635
2021-09-22,ZA,465,Omicron BA.1,Community,1.0334734188935546,2021-09-21,1,Changing diagnostics,Changing sequencing,150%,200%,fig_3b,2,1,1.0635
2021-09-22,ZA,465,Omicron BA.1,Community,1.0334734188935546,2021-09-21,1,Changing diagnostics,Changing sequencing,200%,200%,fig_3b,2,1,1.0635
2021-09-22,ZA,466,Omicron BA.1,Community,1.0184592772147139,2021-09-21,1,Changing diagnostics,Changing sequencing,10%,200%,fig_3b,2,1,1.0635
2021-09-22,ZA,466,Omicron BA.1,Community,1.0184592772147136,2021-09-21,1,Changing diagnostics,Changing sequencing,50%,200%,fig_3b,2,1,1.0635
2021-09-22,ZA,466,Omicron BA.1,Community,1.0184592772147136,2021-09-21,1,Changing diagnostics,Changing sequencing,100%,200%,fig_3b,2,1,1.0635
2021-09-22,ZA,466,Omicron BA.1,Community,1.0184592772147139,2021-09-21,1,Changing diagnostics,Changing sequencing,150%,200%,fig_3b,2,1,1.0635
2021-09-22,ZA,466,Omicron BA.1,Community,1.0184592772147136,2021-09-21,1,Changing diagnostics,Changing sequencing,200%,200%,fig_3b,2,1,1.0635
2021-09-22,ZA,467,Omicron BA.1,Community,1.0635017022512365,2021-09-21,1,Changing diagnostics,Changing sequencing,10%,200%,fig_3b,2,1,1.0635
2021-09-22,ZA,467,Omicron BA.1,Community,1.0635017022512367,2021-09-21,1,Changing diagnostics,Changing sequencing,50%,200%,fig_3b,2,1,1.0635
2021-09-22,ZA,467,Omicron BA.1,Community,1.0635017022512367,2021-09-21,1,Changing diagnostics,Changing sequencing,100%,200%,fig_3b,2,1,1.0635
2021-09-22,ZA,467,Omicron BA.1,Community,1.0635017022512367,2021-09-21,1,Changing diagnostics,Changing sequencing,150%,200%,fig_3b,2,1,1.0635
2021-09-22,ZA,467,Omicron BA.1,Community,1.0635017022512367,2021-09-21,1,Changing diagnostics,Changing sequencing,200%,200%,fig_3b,2,1,1.0635
2021-09-24,ZA,468,Omicron BA.1,Community,1.1125072762242614,2021-09-21,3,Changing diagnostics,Changing sequencing,10%,200%,fig_3b,2,1,1.0635
2021-09-24,ZA,468,Omicron BA.1,Community,1.112507276224262,2021-09-21,3,Changing diagnostics,Changing sequencing,50%,200%,fig_3b,2,1,1.0635
2021-09-24,ZA,468,Omicron BA.1,Community,1.112507276224262,2021-09-21,3,Changing diagnostics,Changing sequencing,100%,200%,fig_3b,2,1,1.0635
2021-09-24,ZA,468,Omicron BA.1,Community,1.1125072762242616,2021-09-21,3,Changing diagnostics,Changing sequencing,150%,200%,fig_3b,2,1,1.0635
2021-09-24,ZA,468,Omicron BA.1,Community,1.112507276224262,2021-09-21,3,Changing diagnostics,Changing sequencing,200%,200%,fig_3b,2,1,1.0635
2021-09-24,ZA,469,Omicron BA.1,Community,1.0669956149241782,2021-09-21,3,Changing diagnostics,Changing sequencing,10%,200%,fig_3b,2,1,1.0635
2021-09-24,ZA,469,Omicron BA.1,Community,1.0669956149241782,2021-09-21,3,Changing diagnostics,Changing sequencing,50%,200%,fig_3b,2,1,1.0635
2021-09-24,ZA,469,Omicron BA.1,Community,1.0669956149241782,2021-09-21,3,Changing diagnostics,Changing sequencing,100%,200%,fig_3b,2,1,1.0635
2021-09-24,ZA,469,Omicron BA.1,Community,1.066995614924178,2021-09-21,3,Changing diagnostics,Changing sequencing,150%,200%,fig_3b,2,1,1.0635
2021-09-24,ZA,469,Omicron BA.1,Community,1.0669956149241782,2021-09-21,3,Changing diagnostics,Changing sequencing,200%,200%,fig_3b,2,1,1.0635
2021-09-22,ZA,47,Omicron BA.1,Community,1.0910276286624454,2021-09-21,1,Changing diagnostics,Changing sequencing,10%,200%,fig_3b,2,1,1.0635
2021-09-22,ZA,47,Omicron BA.1,Community,1.0910276286624454,2021-09-21,1,Changing diagnostics,Changing sequencing,50%,200%,fig_3b,2,1,1.0635
2021-09-22,ZA,47,Omicron BA.1,Community,1.0910276286624454,2021-09-21,1,Changing diagnostics,Changing sequencing,100%,200%,fig_3b,2,1,1.0635
2021-09-22,ZA,47,Omicron BA.1,Community,1.0910276286624454,2021-09-21,1,Changing diagnostics,Changing sequencing,150%,200%,fig_3b,2,1,1.0635
2021-09-22,ZA,47,Omicron BA.1,Community,1.0910276286624454,2021-09-21,1,Changing diagnostics,Changing sequencing,200%,200%,fig_3b,2,1,1.0635
2021-09-22,ZA,470,Omicron BA.1,Community,1.038478132786502,2021-09-21,1,Changing diagnostics,Changing sequencing,10%,200%,fig_3b,2,1,1.0635
2021-09-22,ZA,470,Omicron BA.1,Community,1.038478132786502,2021-09-21,1,Changing diagnostics,Changing sequencing,50%,200%,fig_3b,2,1,1.0635
2021-09-22,ZA,470,Omicron BA.1,Community,1.038478132786502,2021-09-21,1,Changing diagnostics,Changing sequencing,100%,200%,fig_3b,2,1,1.0635
2021-09-22,ZA,470,Omicron BA.1,Community,1.0384781327865018,2021-09-21,1,Changing diagnostics,Changing sequencing,150%,200%,fig_3b,2,1,1.0635
2021-09-22,ZA,470,Omicron BA.1,Community,1.038478132786502,2021-09-21,1,Changing diagnostics,Changing sequencing,200%,200%,fig_3b,2,1,1.0635
2021-09-22,ZA,471,Omicron BA.1,Community,1.0559946314118165,2021-09-21,1,Changing diagnostics,Changing sequencing,10%,200%,fig_3b,2,1,1.0635
2021-09-22,ZA,471,Omicron BA.1,Community,1.055994631411816,2021-09-21,1,Changing diagnostics,Changing sequencing,50%,200%,fig_3b,2,1,1.0635
2021-09-22,ZA,471,Omicron BA.1,Community,1.055994631411816,2021-09-21,1,Changing diagnostics,Changing sequencing,100%,200%,fig_3b,2,1,1.0635
2021-09-22,ZA,471,Omicron BA.1,Community,1.0559946314118163,2021-09-21,1,Changing diagnostics,Changing sequencing,150%,200%,fig_3b,2,1,1.0635
2021-09-22,ZA,471,Omicron BA.1,Community,1.055994631411816,2021-09-21,1,Changing diagnostics,Changing sequencing,200%,200%,fig_3b,2,1,1.0635
2021-09-22,ZA,472,Omicron BA.1,Community,1.073511130037131,2021-09-21,1,Changing diagnostics,Changing sequencing,10%,200%,fig_3b,2,1,1.0635
2021-09-22,ZA,472,Omicron BA.1,Community,1.0735111300371307,2021-09-21,1,Changing diagnostics,Changing sequencing,50%,200%,fig_3b,2,1,1.0635
2021-09-22,ZA,472,Omicron BA.1,Community,1.0735111300371307,2021-09-21,1,Changing diagnostics,Changing sequencing,100%,200%,fig_3b,2,1,1.0635
2021-09-22,ZA,472,Omicron BA.1,Community,1.0735111300371307,2021-09-21,1,Changing diagnostics,Changing sequencing,150%,200%,fig_3b,2,1,1.0635
2021-09-22,ZA,472,Omicron BA.1,Community,1.0735111300371307,2021-09-21,1,Changing diagnostics,Changing sequencing,200%,200%,fig_3b,2,1,1.0635
2021-09-22,ZA,473,Omicron BA.1,Community,1.0134545633217666,2021-09-21,1,Changing diagnostics,Changing sequencing,10%,200%,fig_3b,2,1,1.0635
2021-09-22,ZA,473,Omicron BA.1,Community,1.0134545633217669,2021-09-21,1,Changing diagnostics,Changing sequencing,50%,200%,fig_3b,2,1,1.0635
2021-09-22,ZA,473,Omicron BA.1,Community,1.0134545633217669,2021-09-21,1,Changing diagnostics,Changing sequencing,100%,200%,fig_3b,2,1,1.0635
2021-09-22,ZA,473,Omicron BA.1,Community,1.0134545633217666,2021-09-21,1,Changing diagnostics,Changing sequencing,150%,200%,fig_3b,2,1,1.0635
2021-09-22,ZA,473,Omicron BA.1,Community,1.0134545633217669,2021-09-21,1,Changing diagnostics,Changing sequencing,200%,200%,fig_3b,2,1,1.0635
2021-09-22,ZA,474,Omicron BA.1,Community,1.0760134869836042,2021-09-21,1,Changing diagnostics,Changing sequencing,10%,200%,fig_3b,2,1,1.0635
2021-09-22,ZA,474,Omicron BA.1,Community,1.0760134869836042,2021-09-21,1,Changing diagnostics,Changing sequencing,50%,200%,fig_3b,2,1,1.0635
2021-09-22,ZA,474,Omicron BA.1,Community,1.0760134869836042,2021-09-21,1,Changing diagnostics,Changing sequencing,100%,200%,fig_3b,2,1,1.0635
2021-09-22,ZA,474,Omicron BA.1,Community,1.0760134869836042,2021-09-21,1,Changing diagnostics,Changing sequencing,150%,200%,fig_3b,2,1,1.0635
2021-09-22,ZA,474,Omicron BA.1,Community,1.0760134869836042,2021-09-21,1,Changing diagnostics,Changing sequencing,200%,200%,fig_3b,2,1,1.0635
2021-09-22,ZA,475,Omicron BA.1,Community,1.0735111300371307,2021-09-21,1,Changing diagnostics,Changing sequencing,10%,200%,fig_3b,2,1,1.0635
2021-09-22,ZA,475,Omicron BA.1,Community,1.0735111300371307,2021-09-21,1,Changing diagnostics,Changing sequencing,50%,200%,fig_3b,2,1,1.0635
2021-09-22,ZA,475,Omicron BA.1,Community,1.0735111300371307,2021-09-21,1,Changing diagnostics,Changing sequencing,100%,200%,fig_3b,2,1,1.0635
2021-09-22,ZA,475,Omicron BA.1,Community,1.073511130037131,2021-09-21,1,Changing diagnostics,Changing sequencing,150%,200%,fig_3b,2,1,1.0635
2021-09-22,ZA,475,Omicron BA.1,Community,1.0735111300371307,2021-09-21,1,Changing diagnostics,Changing sequencing,200%,200%,fig_3b,2,1,1.0635
2021-09-22,ZA,476,Omicron BA.1,Community,1.1085441272877596,2021-09-21,1,Changing diagnostics,Changing sequencing,10%,200%,fig_3b,2,1,1.0635
2021-09-22,ZA,476,Omicron BA.1,Community,1.1085441272877596,2021-09-21,1,Changing diagnostics,Changing sequencing,50%,200%,fig_3b,2,1,1.0635
2021-09-22,ZA,476,Omicron BA.1,Community,1.1085441272877596,2021-09-21,1,Changing diagnostics,Changing sequencing,100%,200%,fig_3b,2,1,1.0635
2021-09-22,ZA,476,Omicron BA.1,Community,1.1085441272877596,2021-09-21,1,Changing diagnostics,Changing sequencing,150%,200%,fig_3b,2,1,1.0635
2021-09-22,ZA,476,Omicron BA.1,Community,1.1085441272877596,2021-09-21,1,Changing diagnostics,Changing sequencing,200%,200%,fig_3b,2,1,1.0635
2021-09-22,ZA,477,Omicron BA.1,Community,1.0009427785893992,2021-09-21,1,Changing diagnostics,Changing sequencing,10%,200%,fig_3b,2,1,1.0635
2021-09-22,ZA,477,Omicron BA.1,Community,1.0009427785893994,2021-09-21,1,Changing diagnostics,Changing sequencing,50%,200%,fig_3b,2,1,1.0635
2021-09-22,ZA,477,Omicron BA.1,Community,1.0009427785893994,2021-09-21,1,Changing diagnostics,Changing sequencing,100%,200%,fig_3b,2,1,1.0635
2021-09-22,ZA,477,Omicron BA.1,Community,1.0009427785893992,2021-09-21,1,Changing diagnostics,Changing sequencing,150%,200%,fig_3b,2,1,1.0635
2021-09-22,ZA,477,Omicron BA.1,Community,1.0009427785893994,2021-09-21,1,Changing diagnostics,Changing sequencing,200%,200%,fig_3b,2,1,1.0635
2021-09-22,ZA,478,Omicron BA.1,Community,1.0760134869836042,2021-09-21,1,Changing diagnostics,Changing sequencing,10%,200%,fig_3b,2,1,1.0635
2021-09-22,ZA,478,Omicron BA.1,Community,1.0760134869836042,2021-09-21,1,Changing diagnostics,Changing sequencing,50%,200%,fig_3b,2,1,1.0635
2021-09-22,ZA,478,Omicron BA.1,Community,1.0760134869836042,2021-09-21,1,Changing diagnostics,Changing sequencing,100%,200%,fig_3b,2,1,1.0635
2021-09-22,ZA,478,Omicron BA.1,Community,1.076013486983604,2021-09-21,1,Changing diagnostics,Changing sequencing,150%,200%,fig_3b,2,1,1.0635
2021-09-22,ZA,478,Omicron BA.1,Community,1.0760134869836042,2021-09-21,1,Changing diagnostics,Changing sequencing,200%,200%,fig_3b,2,1,1.0635
2021-09-22,ZA,479,Omicron BA.1,Community,1.0284687050006076,2021-09-21,1,Changing diagnostics,Changing sequencing,10%,200%,fig_3b,2,1,1.0635
2021-09-22,ZA,479,Omicron BA.1,Community,1.0284687050006078,2021-09-21,1,Changing diagnostics,Changing sequencing,50%,200%,fig_3b,2,1,1.0635
2021-09-22,ZA,479,Omicron BA.1,Community,1.0284687050006078,2021-09-21,1,Changing diagnostics,Changing sequencing,100%,200%,fig_3b,2,1,1.0635
2021-09-22,ZA,479,Omicron BA.1,Community,1.0284687050006076,2021-09-21,1,Changing diagnostics,Changing sequencing,150%,200%,fig_3b,2,1,1.0635
2021-09-22,ZA,479,Omicron BA.1,Community,1.0284687050006078,2021-09-21,1,Changing diagnostics,Changing sequencing,200%,200%,fig_3b,2,1,1.0635
2021-09-24,ZA,48,Omicron BA.1,Community,1.0872230199464377,2021-09-21,3,Changing diagnostics,Changing sequencing,10%,200%,fig_3b,2,1,1.0635
2021-09-24,ZA,48,Omicron BA.1,Community,1.087223019946438,2021-09-21,3,Changing diagnostics,Changing sequencing,50%,200%,fig_3b,2,1,1.0635
2021-09-24,ZA,48,Omicron BA.1,Community,1.087223019946438,2021-09-21,3,Changing diagnostics,Changing sequencing,100%,200%,fig_3b,2,1,1.0635
2021-09-24,ZA,48,Omicron BA.1,Community,1.0872230199464377,2021-09-21,3,Changing diagnostics,Changing sequencing,150%,200%,fig_3b,2,1,1.0635
2021-09-24,ZA,48,Omicron BA.1,Community,1.087223019946438,2021-09-21,3,Changing diagnostics,Changing sequencing,200%,200%,fig_3b,2,1,1.0635
2021-09-24,ZA,480,Omicron BA.1,Community,1.039182933018572,2021-09-21,3,Changing diagnostics,Changing sequencing,10%,200%,fig_3b,2,1,1.0635
2021-09-24,ZA,480,Omicron BA.1,Community,1.0391829330185718,2021-09-21,3,Changing diagnostics,Changing sequencing,50%,200%,fig_3b,2,1,1.0635
2021-09-24,ZA,480,Omicron BA.1,Community,1.0391829330185718,2021-09-21,3,Changing diagnostics,Changing sequencing,100%,200%,fig_3b,2,1,1.0635
2021-09-24,ZA,480,Omicron BA.1,Community,1.039182933018572,2021-09-21,3,Changing diagnostics,Changing sequencing,150%,200%,fig_3b,2,1,1.0635
2021-09-24,ZA,480,Omicron BA.1,Community,1.0391829330185718,2021-09-21,3,Changing diagnostics,Changing sequencing,200%,200%,fig_3b,2,1,1.0635
2021-09-22,ZA,481,Omicron BA.1,Community,1.1335676967524948,2021-09-21,1,Changing diagnostics,Changing sequencing,10%,200%,fig_3b,2,1,1.0635
2021-09-22,ZA,481,Omicron BA.1,Community,1.1335676967524948,2021-09-21,1,Changing diagnostics,Changing sequencing,50%,200%,fig_3b,2,1,1.0635
2021-09-22,ZA,481,Omicron BA.1,Community,1.1335676967524948,2021-09-21,1,Changing diagnostics,Changing sequencing,100%,200%,fig_3b,2,1,1.0635
2021-09-22,ZA,481,Omicron BA.1,Community,1.1335676967524946,2021-09-21,1,Changing diagnostics,Changing sequencing,150%,200%,fig_3b,2,1,1.0635
2021-09-22,ZA,481,Omicron BA.1,Community,1.1335676967524948,2021-09-21,1,Changing diagnostics,Changing sequencing,200%,200%,fig_3b,2,1,1.0635
2021-09-22,ZA,482,Omicron BA.1,Community,1.0635017022512367,2021-09-21,1,Changing diagnostics,Changing sequencing,10%,200%,fig_3b,2,1,1.0635
2021-09-22,ZA,482,Omicron BA.1,Community,1.0635017022512367,2021-09-21,1,Changing diagnostics,Changing sequencing,50%,200%,fig_3b,2,1,1.0635
2021-09-22,ZA,482,Omicron BA.1,Community,1.0635017022512367,2021-09-21,1,Changing diagnostics,Changing sequencing,100%,200%,fig_3b,2,1,1.0635
2021-09-22,ZA,482,Omicron BA.1,Community,1.0635017022512367,2021-09-21,1,Changing diagnostics,Changing sequencing,150%,200%,fig_3b,2,1,1.0635
2021-09-22,ZA,482,Omicron BA.1,Community,1.0635017022512367,2021-09-21,1,Changing diagnostics,Changing sequencing,200%,200%,fig_3b,2,1,1.0635
2021-09-22,ZA,483,Omicron BA.1,Community,1.0209616341611871,2021-09-21,1,Changing diagnostics,Changing sequencing,10%,200%,fig_3b,2,1,1.0635
2021-09-22,ZA,483,Omicron BA.1,Community,1.0209616341611873,2021-09-21,1,Changing diagnostics,Changing sequencing,50%,200%,fig_3b,2,1,1.0635
2021-09-22,ZA,483,Omicron BA.1,Community,1.0209616341611873,2021-09-21,1,Changing diagnostics,Changing sequencing,100%,200%,fig_3b,2,1,1.0635
2021-09-22,ZA,483,Omicron BA.1,Community,1.0209616341611873,2021-09-21,1,Changing diagnostics,Changing sequencing,150%,200%,fig_3b,2,1,1.0635
2021-09-22,ZA,483,Omicron BA.1,Community,1.0209616341611873,2021-09-21,1,Changing diagnostics,Changing sequencing,200%,200%,fig_3b,2,1,1.0635
2021-09-22,ZA,484,Omicron BA.1,Community,1.0860229147694984,2021-09-21,1,Changing diagnostics,Changing sequencing,10%,200%,fig_3b,2,1,1.0635
2021-09-22,ZA,484,Omicron BA.1,Community,1.0860229147694984,2021-09-21,1,Changing diagnostics,Changing sequencing,50%,200%,fig_3b,2,1,1.0635
2021-09-22,ZA,484,Omicron BA.1,Community,1.0860229147694984,2021-09-21,1,Changing diagnostics,Changing sequencing,100%,200%,fig_3b,2,1,1.0635
2021-09-22,ZA,484,Omicron BA.1,Community,1.0860229147694982,2021-09-21,1,Changing diagnostics,Changing sequencing,150%,200%,fig_3b,2,1,1.0635
2021-09-22,ZA,484,Omicron BA.1,Community,1.0860229147694984,2021-09-21,1,Changing diagnostics,Changing sequencing,200%,200%,fig_3b,2,1,1.0635
2021-09-22,ZA,485,Omicron BA.1,Community,1.0910276286624452,2021-09-21,1,Changing diagnostics,Changing sequencing,10%,200%,fig_3b,2,1,1.0635
2021-09-22,ZA,485,Omicron BA.1,Community,1.0910276286624452,2021-09-21,1,Changing diagnostics,Changing sequencing,50%,200%,fig_3b,2,1,1.0635
2021-09-22,ZA,485,Omicron BA.1,Community,1.0910276286624452,2021-09-21,1,Changing diagnostics,Changing sequencing,100%,200%,fig_3b,2,1,1.0635
2021-09-22,ZA,485,Omicron BA.1,Community,1.0910276286624454,2021-09-21,1,Changing diagnostics,Changing sequencing,150%,200%,fig_3b,2,1,1.0635
2021-09-22,ZA,485,Omicron BA.1,Community,1.0910276286624452,2021-09-21,1,Changing diagnostics,Changing sequencing,200%,200%,fig_3b,2,1,1.0635
2021-09-22,ZA,486,Omicron BA.1,Community,1.0584969883582898,2021-09-21,1,Changing diagnostics,Changing sequencing,10%,200%,fig_3b,2,1,1.0635
2021-09-22,ZA,486,Omicron BA.1,Community,1.0584969883582898,2021-09-21,1,Changing diagnostics,Changing sequencing,50%,200%,fig_3b,2,1,1.0635
2021-09-22,ZA,486,Omicron BA.1,Community,1.0584969883582898,2021-09-21,1,Changing diagnostics,Changing sequencing,100%,200%,fig_3b,2,1,1.0635
2021-09-22,ZA,486,Omicron BA.1,Community,1.05849698835829,2021-09-21,1,Changing diagnostics,Changing sequencing,150%,200%,fig_3b,2,1,1.0635
2021-09-22,ZA,486,Omicron BA.1,Community,1.0584969883582898,2021-09-21,1,Changing diagnostics,Changing sequencing,200%,200%,fig_3b,2,1,1.0635
2021-09-22,ZA,487,Omicron BA.1,Community,1.038478132786502,2021-09-21,1,Changing diagnostics,Changing sequencing,10%,200%,fig_3b,2,1,1.0635
2021-09-22,ZA,487,Omicron BA.1,Community,1.038478132786502,2021-09-21,1,Changing diagnostics,Changing sequencing,50%,200%,fig_3b,2,1,1.0635
2021-09-22,ZA,487,Omicron BA.1,Community,1.038478132786502,2021-09-21,1,Changing diagnostics,Changing sequencing,100%,200%,fig_3b,2,1,1.0635
2021-09-22,ZA,487,Omicron BA.1,Community,1.0384781327865018,2021-09-21,1,Changing diagnostics,Changing sequencing,150%,200%,fig_3b,2,1,1.0635
2021-09-22,ZA,487,Omicron BA.1,Community,1.038478132786502,2021-09-21,1,Changing diagnostics,Changing sequencing,200%,200%,fig_3b,2,1,1.0635
2021-09-22,ZA,488,Omicron BA.1,Community,1.0584969883582898,2021-09-21,1,Changing diagnostics,Changing sequencing,10%,200%,fig_3b,2,1,1.0635
2021-09-22,ZA,488,Omicron BA.1,Community,1.0584969883582898,2021-09-21,1,Changing diagnostics,Changing sequencing,50%,200%,fig_3b,2,1,1.0635
2021-09-22,ZA,488,Omicron BA.1,Community,1.0584969883582898,2021-09-21,1,Changing diagnostics,Changing sequencing,100%,200%,fig_3b,2,1,1.0635
2021-09-22,ZA,488,Omicron BA.1,Community,1.05849698835829,2021-09-21,1,Changing diagnostics,Changing sequencing,150%,200%,fig_3b,2,1,1.0635
2021-09-22,ZA,488,Omicron BA.1,Community,1.0584969883582898,2021-09-21,1,Changing diagnostics,Changing sequencing,200%,200%,fig_3b,2,1,1.0635
2021-09-22,ZA,489,Omicron BA.1,Community,1.0159569202682404,2021-09-21,1,Changing diagnostics,Changing sequencing,10%,200%,fig_3b,2,1,1.0635
2021-09-22,ZA,489,Omicron BA.1,Community,1.0159569202682401,2021-09-21,1,Changing diagnostics,Changing sequencing,50%,200%,fig_3b,2,1,1.0635
2021-09-22,ZA,489,Omicron BA.1,Community,1.0159569202682401,2021-09-21,1,Changing diagnostics,Changing sequencing,100%,200%,fig_3b,2,1,1.0635
2021-09-22,ZA,489,Omicron BA.1,Community,1.0159569202682401,2021-09-21,1,Changing diagnostics,Changing sequencing,150%,200%,fig_3b,2,1,1.0635
2021-09-22,ZA,489,Omicron BA.1,Community,1.0159569202682401,2021-09-21,1,Changing diagnostics,Changing sequencing,200%,200%,fig_3b,2,1,1.0635
2021-09-22,ZA,49,Omicron BA.1,Community,1.0985346995018657,2021-09-21,1,Changing diagnostics,Changing sequencing,10%,200%,fig_3b,2,1,1.0635
2021-09-22,ZA,49,Omicron BA.1,Community,1.0985346995018659,2021-09-21,1,Changing diagnostics,Changing sequencing,50%,200%,fig_3b,2,1,1.0635
2021-09-22,ZA,49,Omicron BA.1,Community,1.0985346995018659,2021-09-21,1,Changing diagnostics,Changing sequencing,100%,200%,fig_3b,2,1,1.0635
2021-09-22,ZA,49,Omicron BA.1,Community,1.0985346995018657,2021-09-21,1,Changing diagnostics,Changing sequencing,150%,200%,fig_3b,2,1,1.0635
2021-09-22,ZA,49,Omicron BA.1,Community,1.0985346995018659,2021-09-21,1,Changing diagnostics,Changing sequencing,200%,200%,fig_3b,2,1,1.0635
2021-09-22,ZA,490,Omicron BA.1,Community,1.040980489732975,2021-09-21,1,Changing diagnostics,Changing sequencing,10%,200%,fig_3b,2,1,1.0635
2021-09-22,ZA,490,Omicron BA.1,Community,1.0409804897329753,2021-09-21,1,Changing diagnostics,Changing sequencing,50%,200%,fig_3b,2,1,1.0635
2021-09-22,ZA,490,Omicron BA.1,Community,1.0409804897329753,2021-09-21,1,Changing diagnostics,Changing sequencing,100%,200%,fig_3b,2,1,1.0635
2021-09-22,ZA,490,Omicron BA.1,Community,1.0409804897329753,2021-09-21,1,Changing diagnostics,Changing sequencing,150%,200%,fig_3b,2,1,1.0635
2021-09-22,ZA,490,Omicron BA.1,Community,1.0409804897329753,2021-09-21,1,Changing diagnostics,Changing sequencing,200%,200%,fig_3b,2,1,1.0635
2021-09-22,ZA,491,Omicron BA.1,Community,1.0184592772147139,2021-09-21,1,Changing diagnostics,Changing sequencing,10%,200%,fig_3b,2,1,1.0635
2021-09-22,ZA,491,Omicron BA.1,Community,1.0184592772147136,2021-09-21,1,Changing diagnostics,Changing sequencing,50%,200%,fig_3b,2,1,1.0635
2021-09-22,ZA,491,Omicron BA.1,Community,1.0184592772147136,2021-09-21,1,Changing diagnostics,Changing sequencing,100%,200%,fig_3b,2,1,1.0635
2021-09-22,ZA,491,Omicron BA.1,Community,1.0184592772147139,2021-09-21,1,Changing diagnostics,Changing sequencing,150%,200%,fig_3b,2,1,1.0635
2021-09-22,ZA,491,Omicron BA.1,Community,1.0184592772147136,2021-09-21,1,Changing diagnostics,Changing sequencing,200%,200%,fig_3b,2,1,1.0635
2021-09-22,ZA,492,Omicron BA.1,Community,1.0960323425553922,2021-09-21,1,Changing diagnostics,Changing sequencing,10%,200%,fig_3b,2,1,1.0635
2021-09-22,ZA,492,Omicron BA.1,Community,1.0960323425553924,2021-09-21,1,Changing diagnostics,Changing sequencing,50%,200%,fig_3b,2,1,1.0635
2021-09-22,ZA,492,Omicron BA.1,Community,1.0960323425553924,2021-09-21,1,Changing diagnostics,Changing sequencing,100%,200%,fig_3b,2,1,1.0635
2021-09-22,ZA,492,Omicron BA.1,Community,1.0960323425553922,2021-09-21,1,Changing diagnostics,Changing sequencing,150%,200%,fig_3b,2,1,1.0635
2021-09-22,ZA,492,Omicron BA.1,Community,1.0960323425553924,2021-09-21,1,Changing diagnostics,Changing sequencing,200%,200%,fig_3b,2,1,1.0635
2021-09-22,ZA,493,Omicron BA.1,Community,1.038478132786502,2021-09-21,1,Changing diagnostics,Changing sequencing,10%,200%,fig_3b,2,1,1.0635
2021-09-22,ZA,493,Omicron BA.1,Community,1.0384781327865018,2021-09-21,1,Changing diagnostics,Changing sequencing,50%,200%,fig_3b,2,1,1.0635
2021-09-22,ZA,493,Omicron BA.1,Community,1.0384781327865018,2021-09-21,1,Changing diagnostics,Changing sequencing,100%,200%,fig_3b,2,1,1.0635
2021-09-22,ZA,493,Omicron BA.1,Community,1.0384781327865018,2021-09-21,1,Changing diagnostics,Changing sequencing,150%,200%,fig_3b,2,1,1.0635
2021-09-22,ZA,493,Omicron BA.1,Community,1.0384781327865018,2021-09-21,1,Changing diagnostics,Changing sequencing,200%,200%,fig_3b,2,1,1.0635
2021-09-22,ZA,494,Omicron BA.1,Community,1.0660040591977105,2021-09-21,1,Changing diagnostics,Changing sequencing,10%,200%,fig_3b,2,1,1.0635
2021-09-22,ZA,494,Omicron BA.1,Community,1.0660040591977102,2021-09-21,1,Changing diagnostics,Changing sequencing,50%,200%,fig_3b,2,1,1.0635
2021-09-22,ZA,494,Omicron BA.1,Community,1.0660040591977102,2021-09-21,1,Changing diagnostics,Changing sequencing,100%,200%,fig_3b,2,1,1.0635
2021-09-22,ZA,494,Omicron BA.1,Community,1.0660040591977102,2021-09-21,1,Changing diagnostics,Changing sequencing,150%,200%,fig_3b,2,1,1.0635
2021-09-22,ZA,494,Omicron BA.1,Community,1.0660040591977102,2021-09-21,1,Changing diagnostics,Changing sequencing,200%,200%,fig_3b,2,1,1.0635
2021-09-24,ZA,495,Omicron BA.1,Community,1.1276778299909564,2021-09-21,3,Changing diagnostics,Changing sequencing,10%,200%,fig_3b,2,1,1.0635
2021-09-24,ZA,495,Omicron BA.1,Community,1.1276778299909564,2021-09-21,3,Changing diagnostics,Changing sequencing,50%,200%,fig_3b,2,1,1.0635
2021-09-24,ZA,495,Omicron BA.1,Community,1.1276778299909564,2021-09-21,3,Changing diagnostics,Changing sequencing,100%,200%,fig_3b,2,1,1.0635
2021-09-24,ZA,495,Omicron BA.1,Community,1.127677829990956,2021-09-21,3,Changing diagnostics,Changing sequencing,150%,200%,fig_3b,2,1,1.0635
2021-09-24,ZA,495,Omicron BA.1,Community,1.1276778299909564,2021-09-21,3,Changing diagnostics,Changing sequencing,200%,200%,fig_3b,2,1,1.0635
2021-09-22,ZA,496,Omicron BA.1,Community,1.0084498494288199,2021-09-21,1,Changing diagnostics,Changing sequencing,10%,200%,fig_3b,2,1,1.0635
2021-09-22,ZA,496,Omicron BA.1,Community,1.0084498494288199,2021-09-21,1,Changing diagnostics,Changing sequencing,50%,200%,fig_3b,2,1,1.0635
2021-09-22,ZA,496,Omicron BA.1,Community,1.0084498494288199,2021-09-21,1,Changing diagnostics,Changing sequencing,100%,200%,fig_3b,2,1,1.0635
2021-09-22,ZA,496,Omicron BA.1,Community,1.0084498494288199,2021-09-21,1,Changing diagnostics,Changing sequencing,150%,200%,fig_3b,2,1,1.0635
2021-09-22,ZA,496,Omicron BA.1,Community,1.0084498494288199,2021-09-21,1,Changing diagnostics,Changing sequencing,200%,200%,fig_3b,2,1,1.0635
2021-09-22,ZA,497,Omicron BA.1,Community,1.093529985608919,2021-09-21,1,Changing diagnostics,Changing sequencing,10%,200%,fig_3b,2,1,1.0635
2021-09-22,ZA,497,Omicron BA.1,Community,1.0935299856089191,2021-09-21,1,Changing diagnostics,Changing sequencing,50%,200%,fig_3b,2,1,1.0635
2021-09-22,ZA,497,Omicron BA.1,Community,1.0935299856089191,2021-09-21,1,Changing diagnostics,Changing sequencing,100%,200%,fig_3b,2,1,1.0635
2021-09-22,ZA,497,Omicron BA.1,Community,1.093529985608919,2021-09-21,1,Changing diagnostics,Changing sequencing,150%,200%,fig_3b,2,1,1.0635
2021-09-22,ZA,497,Omicron BA.1,Community,1.0935299856089191,2021-09-21,1,Changing diagnostics,Changing sequencing,200%,200%,fig_3b,2,1,1.0635
2021-09-22,ZA,498,Omicron BA.1,Community,1.1285629828595476,2021-09-21,1,Changing diagnostics,Changing sequencing,10%,200%,fig_3b,2,1,1.0635
2021-09-22,ZA,498,Omicron BA.1,Community,1.1285629828595476,2021-09-21,1,Changing diagnostics,Changing sequencing,50%,200%,fig_3b,2,1,1.0635
2021-09-22,ZA,498,Omicron BA.1,Community,1.1285629828595476,2021-09-21,1,Changing diagnostics,Changing sequencing,100%,200%,fig_3b,2,1,1.0635
2021-09-22,ZA,498,Omicron BA.1,Community,1.1285629828595478,2021-09-21,1,Changing diagnostics,Changing sequencing,150%,200%,fig_3b,2,1,1.0635
2021-09-22,ZA,498,Omicron BA.1,Community,1.1285629828595476,2021-09-21,1,Changing diagnostics,Changing sequencing,200%,200%,fig_3b,2,1,1.0635
2021-09-22,ZA,499,Omicron BA.1,Community,1.088525271715972,2021-09-21,1,Changing diagnostics,Changing sequencing,10%,200%,fig_3b,2,1,1.0635
2021-09-22,ZA,499,Omicron BA.1,Community,1.088525271715972,2021-09-21,1,Changing diagnostics,Changing sequencing,50%,200%,fig_3b,2,1,1.0635
2021-09-22,ZA,499,Omicron BA.1,Community,1.088525271715972,2021-09-21,1,Changing diagnostics,Changing sequencing,100%,200%,fig_3b,2,1,1.0635
2021-09-22,ZA,499,Omicron BA.1,Community,1.0885252717159721,2021-09-21,1,Changing diagnostics,Changing sequencing,150%,200%,fig_3b,2,1,1.0635
2021-09-22,ZA,499,Omicron BA.1,Community,1.088525271715972,2021-09-21,1,Changing diagnostics,Changing sequencing,200%,200%,fig_3b,2,1,1.0635
2021-09-22,ZA,5,Omicron BA.1,Community,1.1060417703412864,2021-09-21,1,Changing diagnostics,Changing sequencing,10%,200%,fig_3b,2,1,1.0635
2021-09-22,ZA,5,Omicron BA.1,Community,1.1060417703412864,2021-09-21,1,Changing diagnostics,Changing sequencing,50%,200%,fig_3b,2,1,1.0635
2021-09-22,ZA,5,Omicron BA.1,Community,1.1060417703412864,2021-09-21,1,Changing diagnostics,Changing sequencing,100%,200%,fig_3b,2,1,1.0635
2021-09-22,ZA,5,Omicron BA.1,Community,1.1060417703412861,2021-09-21,1,Changing diagnostics,Changing sequencing,150%,200%,fig_3b,2,1,1.0635
2021-09-22,ZA,5,Omicron BA.1,Community,1.1060417703412864,2021-09-21,1,Changing diagnostics,Changing sequencing,200%,200%,fig_3b,2,1,1.0635
2021-09-22,ZA,50,Omicron BA.1,Community,1.0284687050006078,2021-09-21,1,Changing diagnostics,Changing sequencing,10%,200%,fig_3b,2,1,1.0635
2021-09-22,ZA,50,Omicron BA.1,Community,1.028468705000608,2021-09-21,1,Changing diagnostics,Changing sequencing,50%,200%,fig_3b,2,1,1.0635
2021-09-22,ZA,50,Omicron BA.1,Community,1.028468705000608,2021-09-21,1,Changing diagnostics,Changing sequencing,100%,200%,fig_3b,2,1,1.0635
2021-09-22,ZA,50,Omicron BA.1,Community,1.0284687050006076,2021-09-21,1,Changing diagnostics,Changing sequencing,150%,200%,fig_3b,2,1,1.0635
2021-09-22,ZA,50,Omicron BA.1,Community,1.028468705000608,2021-09-21,1,Changing diagnostics,Changing sequencing,200%,200%,fig_3b,2,1,1.0635
2021-09-22,ZA,500,Omicron BA.1,Community,1.0584969883582895,2021-09-21,1,Changing diagnostics,Changing sequencing,10%,200%,fig_3b,2,1,1.0635
2021-09-22,ZA,500,Omicron BA.1,Community,1.05849698835829,2021-09-21,1,Changing diagnostics,Changing sequencing,50%,200%,fig_3b,2,1,1.0635
2021-09-22,ZA,500,Omicron BA.1,Community,1.05849698835829,2021-09-21,1,Changing diagnostics,Changing sequencing,100%,200%,fig_3b,2,1,1.0635
2021-09-22,ZA,500,Omicron BA.1,Community,1.05849698835829,2021-09-21,1,Changing diagnostics,Changing sequencing,150%,200%,fig_3b,2,1,1.0635
2021-09-22,ZA,500,Omicron BA.1,Community,1.05849698835829,2021-09-21,1,Changing diagnostics,Changing sequencing,200%,200%,fig_3b,2,1,1.0635
2021-09-22,ZA,501,Omicron BA.1,Community,1.0960323425553922,2021-09-21,1,Changing diagnostics,Changing sequencing,10%,200%,fig_3b,2,1,1.0635
2021-09-22,ZA,501,Omicron BA.1,Community,1.0960323425553924,2021-09-21,1,Changing diagnostics,Changing sequencing,50%,200%,fig_3b,2,1,1.0635
2021-09-22,ZA,501,Omicron BA.1,Community,1.0960323425553924,2021-09-21,1,Changing diagnostics,Changing sequencing,100%,200%,fig_3b,2,1,1.0635
2021-09-22,ZA,501,Omicron BA.1,Community,1.0960323425553922,2021-09-21,1,Changing diagnostics,Changing sequencing,150%,200%,fig_3b,2,1,1.0635
2021-09-22,ZA,501,Omicron BA.1,Community,1.0960323425553924,2021-09-21,1,Changing diagnostics,Changing sequencing,200%,200%,fig_3b,2,1,1.0635
2021-09-22,ZA,502,Omicron BA.1,Community,1.0710087730906572,2021-09-21,1,Changing diagnostics,Changing sequencing,10%,200%,fig_3b,2,1,1.0635
2021-09-22,ZA,502,Omicron BA.1,Community,1.0710087730906575,2021-09-21,1,Changing diagnostics,Changing sequencing,50%,200%,fig_3b,2,1,1.0635
2021-09-22,ZA,502,Omicron BA.1,Community,1.0710087730906575,2021-09-21,1,Changing diagnostics,Changing sequencing,100%,200%,fig_3b,2,1,1.0635
2021-09-22,ZA,502,Omicron BA.1,Community,1.0710087730906572,2021-09-21,1,Changing diagnostics,Changing sequencing,150%,200%,fig_3b,2,1,1.0635
2021-09-22,ZA,502,Omicron BA.1,Community,1.0710087730906575,2021-09-21,1,Changing diagnostics,Changing sequencing,200%,200%,fig_3b,2,1,1.0635
2021-09-24,ZA,503,Omicron BA.1,Community,1.0669956149241784,2021-09-21,3,Changing diagnostics,Changing sequencing,10%,200%,fig_3b,2,1,1.0635
2021-09-24,ZA,503,Omicron BA.1,Community,1.0669956149241782,2021-09-21,3,Changing diagnostics,Changing sequencing,50%,200%,fig_3b,2,1,1.0635
2021-09-24,ZA,503,Omicron BA.1,Community,1.0669956149241782,2021-09-21,3,Changing diagnostics,Changing sequencing,100%,200%,fig_3b,2,1,1.0635
2021-09-24,ZA,503,Omicron BA.1,Community,1.0669956149241784,2021-09-21,3,Changing diagnostics,Changing sequencing,150%,200%,fig_3b,2,1,1.0635
2021-09-24,ZA,503,Omicron BA.1,Community,1.0669956149241782,2021-09-21,3,Changing diagnostics,Changing sequencing,200%,200%,fig_3b,2,1,1.0635
2021-09-22,ZA,504,Omicron BA.1,Community,1.1435771245383883,2021-09-21,1,Changing diagnostics,Changing sequencing,10%,200%,fig_3b,2,1,1.0635
2021-09-22,ZA,504,Omicron BA.1,Community,1.1435771245383888,2021-09-21,1,Changing diagnostics,Changing sequencing,50%,200%,fig_3b,2,1,1.0635
2021-09-22,ZA,504,Omicron BA.1,Community,1.1435771245383888,2021-09-21,1,Changing diagnostics,Changing sequencing,100%,200%,fig_3b,2,1,1.0635
2021-09-22,ZA,504,Omicron BA.1,Community,1.1435771245383886,2021-09-21,1,Changing diagnostics,Changing sequencing,150%,200%,fig_3b,2,1,1.0635
2021-09-22,ZA,504,Omicron BA.1,Community,1.1435771245383888,2021-09-21,1,Changing diagnostics,Changing sequencing,200%,200%,fig_3b,2,1,1.0635
2021-09-22,ZA,505,Omicron BA.1,Community,1.1185535550736538,2021-09-21,1,Changing diagnostics,Changing sequencing,10%,200%,fig_3b,2,1,1.0635
2021-09-22,ZA,505,Omicron BA.1,Community,1.1185535550736536,2021-09-21,1,Changing diagnostics,Changing sequencing,50%,200%,fig_3b,2,1,1.0635
2021-09-22,ZA,505,Omicron BA.1,Community,1.1185535550736536,2021-09-21,1,Changing diagnostics,Changing sequencing,100%,200%,fig_3b,2,1,1.0635
2021-09-22,ZA,505,Omicron BA.1,Community,1.1185535550736538,2021-09-21,1,Changing diagnostics,Changing sequencing,150%,200%,fig_3b,2,1,1.0635
2021-09-22,ZA,505,Omicron BA.1,Community,1.1185535550736536,2021-09-21,1,Changing diagnostics,Changing sequencing,200%,200%,fig_3b,2,1,1.0635
2021-09-22,ZA,506,Omicron BA.1,Community,1.0509899175188693,2021-09-21,1,Changing diagnostics,Changing sequencing,10%,200%,fig_3b,2,1,1.0635
2021-09-22,ZA,506,Omicron BA.1,Community,1.0509899175188693,2021-09-21,1,Changing diagnostics,Changing sequencing,50%,200%,fig_3b,2,1,1.0635
2021-09-22,ZA,506,Omicron BA.1,Community,1.0509899175188693,2021-09-21,1,Changing diagnostics,Changing sequencing,100%,200%,fig_3b,2,1,1.0635
2021-09-22,ZA,506,Omicron BA.1,Community,1.0509899175188693,2021-09-21,1,Changing diagnostics,Changing sequencing,150%,200%,fig_3b,2,1,1.0635
2021-09-22,ZA,506,Omicron BA.1,Community,1.0509899175188693,2021-09-21,1,Changing diagnostics,Changing sequencing,200%,200%,fig_3b,2,1,1.0635
2021-09-22,ZA,507,Omicron BA.1,Community,1.093529985608919,2021-09-21,1,Changing diagnostics,Changing sequencing,10%,200%,fig_3b,2,1,1.0635
2021-09-22,ZA,507,Omicron BA.1,Community,1.093529985608919,2021-09-21,1,Changing diagnostics,Changing sequencing,50%,200%,fig_3b,2,1,1.0635
2021-09-22,ZA,507,Omicron BA.1,Community,1.093529985608919,2021-09-21,1,Changing diagnostics,Changing sequencing,100%,200%,fig_3b,2,1,1.0635
2021-09-22,ZA,507,Omicron BA.1,Community,1.093529985608919,2021-09-21,1,Changing diagnostics,Changing sequencing,150%,200%,fig_3b,2,1,1.0635
2021-09-22,ZA,507,Omicron BA.1,Community,1.093529985608919,2021-09-21,1,Changing diagnostics,Changing sequencing,200%,200%,fig_3b,2,1,1.0635
2021-09-24,ZA,508,Omicron BA.1,Community,1.1554905118965626,2021-09-21,3,Changing diagnostics,Changing sequencing,10%,200%,fig_3b,2,1,1.0635
2021-09-24,ZA,508,Omicron BA.1,Community,1.1554905118965628,2021-09-21,3,Changing diagnostics,Changing sequencing,50%,200%,fig_3b,2,1,1.0635
2021-09-24,ZA,508,Omicron BA.1,Community,1.1554905118965628,2021-09-21,3,Changing diagnostics,Changing sequencing,100%,200%,fig_3b,2,1,1.0635
2021-09-24,ZA,508,Omicron BA.1,Community,1.1554905118965628,2021-09-21,3,Changing diagnostics,Changing sequencing,150%,200%,fig_3b,2,1,1.0635
2021-09-24,ZA,508,Omicron BA.1,Community,1.1554905118965628,2021-09-21,3,Changing diagnostics,Changing sequencing,200%,200%,fig_3b,2,1,1.0635
2021-09-22,ZA,509,Omicron BA.1,Community,1.0334734188935548,2021-09-21,1,Changing diagnostics,Changing sequencing,10%,200%,fig_3b,2,1,1.0635
2021-09-22,ZA,509,Omicron BA.1,Community,1.0334734188935546,2021-09-21,1,Changing diagnostics,Changing sequencing,50%,200%,fig_3b,2,1,1.0635
2021-09-22,ZA,509,Omicron BA.1,Community,1.0334734188935546,2021-09-21,1,Changing diagnostics,Changing sequencing,100%,200%,fig_3b,2,1,1.0635
2021-09-22,ZA,509,Omicron BA.1,Community,1.0334734188935546,2021-09-21,1,Changing diagnostics,Changing sequencing,150%,200%,fig_3b,2,1,1.0635
2021-09-22,ZA,509,Omicron BA.1,Community,1.0334734188935546,2021-09-21,1,Changing diagnostics,Changing sequencing,200%,200%,fig_3b,2,1,1.0635
2021-09-22,ZA,51,Omicron BA.1,Community,1.0660040591977105,2021-09-21,1,Changing diagnostics,Changing sequencing,10%,200%,fig_3b,2,1,1.0635
2021-09-22,ZA,51,Omicron BA.1,Community,1.0660040591977102,2021-09-21,1,Changing diagnostics,Changing sequencing,50%,200%,fig_3b,2,1,1.0635
2021-09-22,ZA,51,Omicron BA.1,Community,1.0660040591977102,2021-09-21,1,Changing diagnostics,Changing sequencing,100%,200%,fig_3b,2,1,1.0635
2021-09-22,ZA,51,Omicron BA.1,Community,1.0660040591977102,2021-09-21,1,Changing diagnostics,Changing sequencing,150%,200%,fig_3b,2,1,1.0635
2021-09-22,ZA,51,Omicron BA.1,Community,1.0660040591977102,2021-09-21,1,Changing diagnostics,Changing sequencing,200%,200%,fig_3b,2,1,1.0635
2021-09-22,ZA,510,Omicron BA.1,Community,1.1035394133948129,2021-09-21,1,Changing diagnostics,Changing sequencing,10%,200%,fig_3b,2,1,1.0635
2021-09-22,ZA,510,Omicron BA.1,Community,1.1035394133948129,2021-09-21,1,Changing diagnostics,Changing sequencing,50%,200%,fig_3b,2,1,1.0635
2021-09-22,ZA,510,Omicron BA.1,Community,1.1035394133948129,2021-09-21,1,Changing diagnostics,Changing sequencing,100%,200%,fig_3b,2,1,1.0635
2021-09-22,ZA,510,Omicron BA.1,Community,1.1035394133948129,2021-09-21,1,Changing diagnostics,Changing sequencing,150%,200%,fig_3b,2,1,1.0635
2021-09-22,ZA,510,Omicron BA.1,Community,1.1035394133948129,2021-09-21,1,Changing diagnostics,Changing sequencing,200%,200%,fig_3b,2,1,1.0635
2021-09-22,ZA,511,Omicron BA.1,Community,1.121055912020127,2021-09-21,1,Changing diagnostics,Changing sequencing,10%,200%,fig_3b,2,1,1.0635
2021-09-22,ZA,511,Omicron BA.1,Community,1.1210559120201273,2021-09-21,1,Changing diagnostics,Changing sequencing,50%,200%,fig_3b,2,1,1.0635
2021-09-22,ZA,511,Omicron BA.1,Community,1.1210559120201273,2021-09-21,1,Changing diagnostics,Changing sequencing,100%,200%,fig_3b,2,1,1.0635
2021-09-22,ZA,511,Omicron BA.1,Community,1.121055912020127,2021-09-21,1,Changing diagnostics,Changing sequencing,150%,200%,fig_3b,2,1,1.0635
2021-09-22,ZA,511,Omicron BA.1,Community,1.1210559120201273,2021-09-21,1,Changing diagnostics,Changing sequencing,200%,200%,fig_3b,2,1,1.0635
2021-09-22,ZA,512,Omicron BA.1,Community,1.003445135535873,2021-09-21,1,Changing diagnostics,Changing sequencing,10%,200%,fig_3b,2,1,1.0635
2021-09-22,ZA,512,Omicron BA.1,Community,1.003445135535873,2021-09-21,1,Changing diagnostics,Changing sequencing,50%,200%,fig_3b,2,1,1.0635
2021-09-22,ZA,512,Omicron BA.1,Community,1.003445135535873,2021-09-21,1,Changing diagnostics,Changing sequencing,100%,200%,fig_3b,2,1,1.0635
2021-09-22,ZA,512,Omicron BA.1,Community,1.0034451355358731,2021-09-21,1,Changing diagnostics,Changing sequencing,150%,200%,fig_3b,2,1,1.0635
2021-09-22,ZA,512,Omicron BA.1,Community,1.003445135535873,2021-09-21,1,Changing diagnostics,Changing sequencing,200%,200%,fig_3b,2,1,1.0635
2021-09-22,ZA,52,Omicron BA.1,Community,1.0084498494288197,2021-09-21,1,Changing diagnostics,Changing sequencing,10%,200%,fig_3b,2,1,1.0635
2021-09-22,ZA,52,Omicron BA.1,Community,1.0084498494288199,2021-09-21,1,Changing diagnostics,Changing sequencing,50%,200%,fig_3b,2,1,1.0635
2021-09-22,ZA,52,Omicron BA.1,Community,1.0084498494288199,2021-09-21,1,Changing diagnostics,Changing sequencing,100%,200%,fig_3b,2,1,1.0635
2021-09-22,ZA,52,Omicron BA.1,Community,1.0084498494288197,2021-09-21,1,Changing diagnostics,Changing sequencing,150%,200%,fig_3b,2,1,1.0635
2021-09-22,ZA,52,Omicron BA.1,Community,1.0084498494288199,2021-09-21,1,Changing diagnostics,Changing sequencing,200%,200%,fig_3b,2,1,1.0635
2021-09-22,ZA,53,Omicron BA.1,Community,1.0534922744653425,2021-09-21,1,Changing diagnostics,Changing sequencing,10%,200%,fig_3b,2,1,1.0635
2021-09-22,ZA,53,Omicron BA.1,Community,1.0534922744653428,2021-09-21,1,Changing diagnostics,Changing sequencing,50%,200%,fig_3b,2,1,1.0635
2021-09-22,ZA,53,Omicron BA.1,Community,1.0534922744653428,2021-09-21,1,Changing diagnostics,Changing sequencing,100%,200%,fig_3b,2,1,1.0635
2021-09-22,ZA,53,Omicron BA.1,Community,1.0534922744653428,2021-09-21,1,Changing diagnostics,Changing sequencing,150%,200%,fig_3b,2,1,1.0635
2021-09-22,ZA,53,Omicron BA.1,Community,1.0534922744653428,2021-09-21,1,Changing diagnostics,Changing sequencing,200%,200%,fig_3b,2,1,1.0635
2021-09-22,ZA,54,Omicron BA.1,Community,1.0234639911076606,2021-09-21,1,Changing diagnostics,Changing sequencing,10%,200%,fig_3b,2,1,1.0635
2021-09-22,ZA,54,Omicron BA.1,Community,1.0234639911076608,2021-09-21,1,Changing diagnostics,Changing sequencing,50%,200%,fig_3b,2,1,1.0635
2021-09-22,ZA,54,Omicron BA.1,Community,1.0234639911076608,2021-09-21,1,Changing diagnostics,Changing sequencing,100%,200%,fig_3b,2,1,1.0635
2021-09-22,ZA,54,Omicron BA.1,Community,1.0234639911076608,2021-09-21,1,Changing diagnostics,Changing sequencing,150%,200%,fig_3b,2,1,1.0635
2021-09-22,ZA,54,Omicron BA.1,Community,1.0234639911076608,2021-09-21,1,Changing diagnostics,Changing sequencing,200%,200%,fig_3b,2,1,1.0635
2021-09-22,ZA,55,Omicron BA.1,Community,1.0509899175188693,2021-09-21,1,Changing diagnostics,Changing sequencing,10%,200%,fig_3b,2,1,1.0635
2021-09-22,ZA,55,Omicron BA.1,Community,1.050989917518869,2021-09-21,1,Changing diagnostics,Changing sequencing,50%,200%,fig_3b,2,1,1.0635
2021-09-22,ZA,55,Omicron BA.1,Community,1.050989917518869,2021-09-21,1,Changing diagnostics,Changing sequencing,100%,200%,fig_3b,2,1,1.0635
2021-09-22,ZA,55,Omicron BA.1,Community,1.050989917518869,2021-09-21,1,Changing diagnostics,Changing sequencing,150%,200%,fig_3b,2,1,1.0635
2021-09-22,ZA,55,Omicron BA.1,Community,1.050989917518869,2021-09-21,1,Changing diagnostics,Changing sequencing,200%,200%,fig_3b,2,1,1.0635
2021-09-22,ZA,56,Omicron BA.1,Community,1.0459852036259223,2021-09-21,1,Changing diagnostics,Changing sequencing,10%,200%,fig_3b,2,1,1.0635
2021-09-22,ZA,56,Omicron BA.1,Community,1.0459852036259223,2021-09-21,1,Changing diagnostics,Changing sequencing,50%,200%,fig_3b,2,1,1.0635
2021-09-22,ZA,56,Omicron BA.1,Community,1.0459852036259223,2021-09-21,1,Changing diagnostics,Changing sequencing,100%,200%,fig_3b,2,1,1.0635
2021-09-22,ZA,56,Omicron BA.1,Community,1.045985203625922,2021-09-21,1,Changing diagnostics,Changing sequencing,150%,200%,fig_3b,2,1,1.0635
2021-09-22,ZA,56,Omicron BA.1,Community,1.0459852036259223,2021-09-21,1,Changing diagnostics,Changing sequencing,200%,200%,fig_3b,2,1,1.0635
2021-09-22,ZA,57,Omicron BA.1,Community,1.0534922744653425,2021-09-21,1,Changing diagnostics,Changing sequencing,10%,200%,fig_3b,2,1,1.0635
2021-09-22,ZA,57,Omicron BA.1,Community,1.0534922744653428,2021-09-21,1,Changing diagnostics,Changing sequencing,50%,200%,fig_3b,2,1,1.0635
2021-09-22,ZA,57,Omicron BA.1,Community,1.0534922744653428,2021-09-21,1,Changing diagnostics,Changing sequencing,100%,200%,fig_3b,2,1,1.0635
2021-09-22,ZA,57,Omicron BA.1,Community,1.0534922744653428,2021-09-21,1,Changing diagnostics,Changing sequencing,150%,200%,fig_3b,2,1,1.0635
2021-09-22,ZA,57,Omicron BA.1,Community,1.0534922744653428,2021-09-21,1,Changing diagnostics,Changing sequencing,200%,200%,fig_3b,2,1,1.0635
2021-09-22,ZA,58,Omicron BA.1,Community,1.1135488411807068,2021-09-21,1,Changing diagnostics,Changing sequencing,10%,200%,fig_3b,2,1,1.0635
2021-09-22,ZA,58,Omicron BA.1,Community,1.1135488411807066,2021-09-21,1,Changing diagnostics,Changing sequencing,50%,200%,fig_3b,2,1,1.0635
2021-09-22,ZA,58,Omicron BA.1,Community,1.1135488411807066,2021-09-21,1,Changing diagnostics,Changing sequencing,100%,200%,fig_3b,2,1,1.0635
2021-09-22,ZA,58,Omicron BA.1,Community,1.1135488411807066,2021-09-21,1,Changing diagnostics,Changing sequencing,150%,200%,fig_3b,2,1,1.0635
2021-09-22,ZA,58,Omicron BA.1,Community,1.1135488411807066,2021-09-21,1,Changing diagnostics,Changing sequencing,200%,200%,fig_3b,2,1,1.0635
2021-09-22,ZA,59,Omicron BA.1,Community,1.0710087730906575,2021-09-21,1,Changing diagnostics,Changing sequencing,10%,200%,fig_3b,2,1,1.0635
2021-09-22,ZA,59,Omicron BA.1,Community,1.0710087730906572,2021-09-21,1,Changing diagnostics,Changing sequencing,50%,200%,fig_3b,2,1,1.0635
2021-09-22,ZA,59,Omicron BA.1,Community,1.0710087730906572,2021-09-21,1,Changing diagnostics,Changing sequencing,100%,200%,fig_3b,2,1,1.0635
2021-09-22,ZA,59,Omicron BA.1,Community,1.0710087730906575,2021-09-21,1,Changing diagnostics,Changing sequencing,150%,200%,fig_3b,2,1,1.0635
2021-09-22,ZA,59,Omicron BA.1,Community,1.0710087730906572,2021-09-21,1,Changing diagnostics,Changing sequencing,200%,200%,fig_3b,2,1,1.0635
2021-09-22,ZA,6,Omicron BA.1,Community,1.096032342555392,2021-09-21,1,Changing diagnostics,Changing sequencing,10%,200%,fig_3b,2,1,1.0635
2021-09-22,ZA,6,Omicron BA.1,Community,1.0960323425553922,2021-09-21,1,Changing diagnostics,Changing sequencing,50%,200%,fig_3b,2,1,1.0635
2021-09-22,ZA,6,Omicron BA.1,Community,1.0960323425553922,2021-09-21,1,Changing diagnostics,Changing sequencing,100%,200%,fig_3b,2,1,1.0635
2021-09-22,ZA,6,Omicron BA.1,Community,1.0960323425553922,2021-09-21,1,Changing diagnostics,Changing sequencing,150%,200%,fig_3b,2,1,1.0635
2021-09-22,ZA,6,Omicron BA.1,Community,1.0960323425553922,2021-09-21,1,Changing diagnostics,Changing sequencing,200%,200%,fig_3b,2,1,1.0635
2021-09-22,ZA,60,Omicron BA.1,Community,1.0234639911076606,2021-09-21,1,Changing diagnostics,Changing sequencing,10%,200%,fig_3b,2,1,1.0635
2021-09-22,ZA,60,Omicron BA.1,Community,1.0234639911076604,2021-09-21,1,Changing diagnostics,Changing sequencing,50%,200%,fig_3b,2,1,1.0635
2021-09-22,ZA,60,Omicron BA.1,Community,1.0234639911076604,2021-09-21,1,Changing diagnostics,Changing sequencing,100%,200%,fig_3b,2,1,1.0635
2021-09-22,ZA,60,Omicron BA.1,Community,1.0234639911076608,2021-09-21,1,Changing diagnostics,Changing sequencing,150%,200%,fig_3b,2,1,1.0635
2021-09-22,ZA,60,Omicron BA.1,Community,1.0234639911076604,2021-09-21,1,Changing diagnostics,Changing sequencing,200%,200%,fig_3b,2,1,1.0635
2021-09-22,ZA,61,Omicron BA.1,Community,1.0960323425553922,2021-09-21,1,Changing diagnostics,Changing sequencing,10%,200%,fig_3b,2,1,1.0635
2021-09-22,ZA,61,Omicron BA.1,Community,1.0960323425553922,2021-09-21,1,Changing diagnostics,Changing sequencing,50%,200%,fig_3b,2,1,1.0635
2021-09-22,ZA,61,Omicron BA.1,Community,1.0960323425553922,2021-09-21,1,Changing diagnostics,Changing sequencing,100%,200%,fig_3b,2,1,1.0635
2021-09-22,ZA,61,Omicron BA.1,Community,1.0960323425553924,2021-09-21,1,Changing diagnostics,Changing sequencing,150%,200%,fig_3b,2,1,1.0635
2021-09-22,ZA,61,Omicron BA.1,Community,1.0960323425553922,2021-09-21,1,Changing diagnostics,Changing sequencing,200%,200%,fig_3b,2,1,1.0635
2021-09-22,ZA,62,Omicron BA.1,Community,1.0660040591977102,2021-09-21,1,Changing diagnostics,Changing sequencing,10%,200%,fig_3b,2,1,1.0635
2021-09-22,ZA,62,Omicron BA.1,Community,1.0660040591977102,2021-09-21,1,Changing diagnostics,Changing sequencing,50%,200%,fig_3b,2,1,1.0635
2021-09-22,ZA,62,Omicron BA.1,Community,1.0660040591977102,2021-09-21,1,Changing diagnostics,Changing sequencing,100%,200%,fig_3b,2,1,1.0635
2021-09-22,ZA,62,Omicron BA.1,Community,1.0660040591977102,2021-09-21,1,Changing diagnostics,Changing sequencing,150%,200%,fig_3b,2,1,1.0635
2021-09-22,ZA,62,Omicron BA.1,Community,1.0660040591977102,2021-09-21,1,Changing diagnostics,Changing sequencing,200%,200%,fig_3b,2,1,1.0635
2021-09-24,ZA,63,Omicron BA.1,Community,1.1023935737131323,2021-09-21,3,Changing diagnostics,Changing sequencing,10%,200%,fig_3b,2,1,1.0635
2021-09-24,ZA,63,Omicron BA.1,Community,1.1023935737131323,2021-09-21,3,Changing diagnostics,Changing sequencing,50%,200%,fig_3b,2,1,1.0635
2021-09-24,ZA,63,Omicron BA.1,Community,1.1023935737131323,2021-09-21,3,Changing diagnostics,Changing sequencing,100%,200%,fig_3b,2,1,1.0635
2021-09-24,ZA,63,Omicron BA.1,Community,1.102393573713132,2021-09-21,3,Changing diagnostics,Changing sequencing,150%,200%,fig_3b,2,1,1.0635
2021-09-24,ZA,63,Omicron BA.1,Community,1.1023935737131323,2021-09-21,3,Changing diagnostics,Changing sequencing,200%,200%,fig_3b,2,1,1.0635
2021-09-22,ZA,64,Omicron BA.1,Community,1.0685064161441837,2021-09-21,1,Changing diagnostics,Changing sequencing,10%,200%,fig_3b,2,1,1.0635
2021-09-22,ZA,64,Omicron BA.1,Community,1.0685064161441837,2021-09-21,1,Changing diagnostics,Changing sequencing,50%,200%,fig_3b,2,1,1.0635
2021-09-22,ZA,64,Omicron BA.1,Community,1.0685064161441837,2021-09-21,1,Changing diagnostics,Changing sequencing,100%,200%,fig_3b,2,1,1.0635
2021-09-22,ZA,64,Omicron BA.1,Community,1.0685064161441837,2021-09-21,1,Changing diagnostics,Changing sequencing,150%,200%,fig_3b,2,1,1.0635
2021-09-22,ZA,64,Omicron BA.1,Community,1.0685064161441837,2021-09-21,1,Changing diagnostics,Changing sequencing,200%,200%,fig_3b,2,1,1.0635
2021-09-22,ZA,65,Omicron BA.1,Community,1.0509899175188695,2021-09-21,1,Changing diagnostics,Changing sequencing,10%,200%,fig_3b,2,1,1.0635
2021-09-22,ZA,65,Omicron BA.1,Community,1.050989917518869,2021-09-21,1,Changing diagnostics,Changing sequencing,50%,200%,fig_3b,2,1,1.0635
2021-09-22,ZA,65,Omicron BA.1,Community,1.050989917518869,2021-09-21,1,Changing diagnostics,Changing sequencing,100%,200%,fig_3b,2,1,1.0635
2021-09-22,ZA,65,Omicron BA.1,Community,1.0509899175188693,2021-09-21,1,Changing diagnostics,Changing sequencing,150%,200%,fig_3b,2,1,1.0635
2021-09-22,ZA,65,Omicron BA.1,Community,1.050989917518869,2021-09-21,1,Changing diagnostics,Changing sequencing,200%,200%,fig_3b,2,1,1.0635
2021-09-22,ZA,66,Omicron BA.1,Community,1.0259663480541343,2021-09-21,1,Changing diagnostics,Changing sequencing,10%,200%,fig_3b,2,1,1.0635
2021-09-22,ZA,66,Omicron BA.1,Community,1.0259663480541343,2021-09-21,1,Changing diagnostics,Changing sequencing,50%,200%,fig_3b,2,1,1.0635
2021-09-22,ZA,66,Omicron BA.1,Community,1.0259663480541343,2021-09-21,1,Changing diagnostics,Changing sequencing,100%,200%,fig_3b,2,1,1.0635
2021-09-22,ZA,66,Omicron BA.1,Community,1.0259663480541346,2021-09-21,1,Changing diagnostics,Changing sequencing,150%,200%,fig_3b,2,1,1.0635
2021-09-22,ZA,66,Omicron BA.1,Community,1.0259663480541343,2021-09-21,1,Changing diagnostics,Changing sequencing,200%,200%,fig_3b,2,1,1.0635
2021-09-22,ZA,67,Omicron BA.1,Community,1.0484875605723958,2021-09-21,1,Changing diagnostics,Changing sequencing,10%,200%,fig_3b,2,1,1.0635
2021-09-22,ZA,67,Omicron BA.1,Community,1.0484875605723956,2021-09-21,1,Changing diagnostics,Changing sequencing,50%,200%,fig_3b,2,1,1.0635
2021-09-22,ZA,67,Omicron BA.1,Community,1.0484875605723956,2021-09-21,1,Changing diagnostics,Changing sequencing,100%,200%,fig_3b,2,1,1.0635
2021-09-22,ZA,67,Omicron BA.1,Community,1.0484875605723956,2021-09-21,1,Changing diagnostics,Changing sequencing,150%,200%,fig_3b,2,1,1.0635
2021-09-22,ZA,67,Omicron BA.1,Community,1.0484875605723956,2021-09-21,1,Changing diagnostics,Changing sequencing,200%,200%,fig_3b,2,1,1.0635
2021-09-22,ZA,68,Omicron BA.1,Community,1.0810182008765512,2021-09-21,1,Changing diagnostics,Changing sequencing,10%,200%,fig_3b,2,1,1.0635
2021-09-22,ZA,68,Omicron BA.1,Community,1.0810182008765514,2021-09-21,1,Changing diagnostics,Changing sequencing,50%,200%,fig_3b,2,1,1.0635
2021-09-22,ZA,68,Omicron BA.1,Community,1.0810182008765514,2021-09-21,1,Changing diagnostics,Changing sequencing,100%,200%,fig_3b,2,1,1.0635
2021-09-22,ZA,68,Omicron BA.1,Community,1.0810182008765514,2021-09-21,1,Changing diagnostics,Changing sequencing,150%,200%,fig_3b,2,1,1.0635
2021-09-22,ZA,68,Omicron BA.1,Community,1.0810182008765514,2021-09-21,1,Changing diagnostics,Changing sequencing,200%,200%,fig_3b,2,1,1.0635
2021-09-24,ZA,69,Omicron BA.1,Community,1.1605473631521275,2021-09-21,3,Changing diagnostics,Changing sequencing,10%,200%,fig_3b,2,1,1.0635
2021-09-24,ZA,69,Omicron BA.1,Community,1.1605473631521277,2021-09-21,3,Changing diagnostics,Changing sequencing,50%,200%,fig_3b,2,1,1.0635
2021-09-24,ZA,69,Omicron BA.1,Community,1.1605473631521277,2021-09-21,3,Changing diagnostics,Changing sequencing,100%,200%,fig_3b,2,1,1.0635
2021-09-24,ZA,69,Omicron BA.1,Community,1.1605473631521277,2021-09-21,3,Changing diagnostics,Changing sequencing,150%,200%,fig_3b,2,1,1.0635
2021-09-24,ZA,69,Omicron BA.1,Community,1.1605473631521277,2021-09-21,3,Changing diagnostics,Changing sequencing,200%,200%,fig_3b,2,1,1.0635
2021-09-22,ZA,7,Omicron BA.1,Community,1.093529985608919,2021-09-21,1,Changing diagnostics,Changing sequencing,10%,200%,fig_3b,2,1,1.0635
2021-09-22,ZA,7,Omicron BA.1,Community,1.0935299856089187,2021-09-21,1,Changing diagnostics,Changing sequencing,50%,200%,fig_3b,2,1,1.0635
2021-09-22,ZA,7,Omicron BA.1,Community,1.0935299856089187,2021-09-21,1,Changing diagnostics,Changing sequencing,100%,200%,fig_3b,2,1,1.0635
2021-09-22,ZA,7,Omicron BA.1,Community,1.093529985608919,2021-09-21,1,Changing diagnostics,Changing sequencing,150%,200%,fig_3b,2,1,1.0635
2021-09-22,ZA,7,Omicron BA.1,Community,1.0935299856089187,2021-09-21,1,Changing diagnostics,Changing sequencing,200%,200%,fig_3b,2,1,1.0635
2021-09-22,ZA,70,Omicron BA.1,Community,1.0609993453047635,2021-09-21,1,Changing diagnostics,Changing sequencing,10%,200%,fig_3b,2,1,1.0635
2021-09-22,ZA,70,Omicron BA.1,Community,1.0609993453047633,2021-09-21,1,Changing diagnostics,Changing sequencing,50%,200%,fig_3b,2,1,1.0635
2021-09-22,ZA,70,Omicron BA.1,Community,1.0609993453047633,2021-09-21,1,Changing diagnostics,Changing sequencing,100%,200%,fig_3b,2,1,1.0635
2021-09-22,ZA,70,Omicron BA.1,Community,1.0609993453047635,2021-09-21,1,Changing diagnostics,Changing sequencing,150%,200%,fig_3b,2,1,1.0635
2021-09-22,ZA,70,Omicron BA.1,Community,1.0609993453047633,2021-09-21,1,Changing diagnostics,Changing sequencing,200%,200%,fig_3b,2,1,1.0635
2021-09-22,ZA,71,Omicron BA.1,Community,1.0459852036259223,2021-09-21,1,Changing diagnostics,Changing sequencing,10%,200%,fig_3b,2,1,1.0635
2021-09-22,ZA,71,Omicron BA.1,Community,1.0459852036259223,2021-09-21,1,Changing diagnostics,Changing sequencing,50%,200%,fig_3b,2,1,1.0635
2021-09-22,ZA,71,Omicron BA.1,Community,1.0459852036259223,2021-09-21,1,Changing diagnostics,Changing sequencing,100%,200%,fig_3b,2,1,1.0635
2021-09-22,ZA,71,Omicron BA.1,Community,1.0459852036259218,2021-09-21,1,Changing diagnostics,Changing sequencing,150%,200%,fig_3b,2,1,1.0635
2021-09-22,ZA,71,Omicron BA.1,Community,1.0459852036259223,2021-09-21,1,Changing diagnostics,Changing sequencing,200%,200%,fig_3b,2,1,1.0635
2021-09-22,ZA,72,Omicron BA.1,Community,1.078515843930078,2021-09-21,1,Changing diagnostics,Changing sequencing,10%,200%,fig_3b,2,1,1.0635
2021-09-22,ZA,72,Omicron BA.1,Community,1.0785158439300777,2021-09-21,1,Changing diagnostics,Changing sequencing,50%,200%,fig_3b,2,1,1.0635
2021-09-22,ZA,72,Omicron BA.1,Community,1.0785158439300777,2021-09-21,1,Changing diagnostics,Changing sequencing,100%,200%,fig_3b,2,1,1.0635
2021-09-22,ZA,72,Omicron BA.1,Community,1.0785158439300777,2021-09-21,1,Changing diagnostics,Changing sequencing,150%,200%,fig_3b,2,1,1.0635
2021-09-22,ZA,72,Omicron BA.1,Community,1.0785158439300777,2021-09-21,1,Changing diagnostics,Changing sequencing,200%,200%,fig_3b,2,1,1.0635
2021-09-22,ZA,73,Omicron BA.1,Community,1.0660040591977105,2021-09-21,1,Changing diagnostics,Changing sequencing,10%,200%,fig_3b,2,1,1.0635
2021-09-22,ZA,73,Omicron BA.1,Community,1.0660040591977107,2021-09-21,1,Changing diagnostics,Changing sequencing,50%,200%,fig_3b,2,1,1.0635
2021-09-22,ZA,73,Omicron BA.1,Community,1.0660040591977107,2021-09-21,1,Changing diagnostics,Changing sequencing,100%,200%,fig_3b,2,1,1.0635
2021-09-22,ZA,73,Omicron BA.1,Community,1.0660040591977102,2021-09-21,1,Changing diagnostics,Changing sequencing,150%,200%,fig_3b,2,1,1.0635
2021-09-22,ZA,73,Omicron BA.1,Community,1.0660040591977107,2021-09-21,1,Changing diagnostics,Changing sequencing,200%,200%,fig_3b,2,1,1.0635
2021-09-22,ZA,74,Omicron BA.1,Community,1.0309710619470813,2021-09-21,1,Changing diagnostics,Changing sequencing,10%,200%,fig_3b,2,1,1.0635
2021-09-22,ZA,74,Omicron BA.1,Community,1.0309710619470813,2021-09-21,1,Changing diagnostics,Changing sequencing,50%,200%,fig_3b,2,1,1.0635
2021-09-22,ZA,74,Omicron BA.1,Community,1.0309710619470813,2021-09-21,1,Changing diagnostics,Changing sequencing,100%,200%,fig_3b,2,1,1.0635
2021-09-22,ZA,74,Omicron BA.1,Community,1.030971061947081,2021-09-21,1,Changing diagnostics,Changing sequencing,150%,200%,fig_3b,2,1,1.0635
2021-09-22,ZA,74,Omicron BA.1,Community,1.0309710619470813,2021-09-21,1,Changing diagnostics,Changing sequencing,200%,200%,fig_3b,2,1,1.0635
2021-09-22,ZA,75,Omicron BA.1,Community,1.0334734188935548,2021-09-21,1,Changing diagnostics,Changing sequencing,10%,200%,fig_3b,2,1,1.0635
2021-09-22,ZA,75,Omicron BA.1,Community,1.0334734188935546,2021-09-21,1,Changing diagnostics,Changing sequencing,50%,200%,fig_3b,2,1,1.0635
2021-09-22,ZA,75,Omicron BA.1,Community,1.0334734188935546,2021-09-21,1,Changing diagnostics,Changing sequencing,100%,200%,fig_3b,2,1,1.0635
2021-09-22,ZA,75,Omicron BA.1,Community,1.0334734188935546,2021-09-21,1,Changing diagnostics,Changing sequencing,150%,200%,fig_3b,2,1,1.0635
2021-09-22,ZA,75,Omicron BA.1,Community,1.0334734188935546,2021-09-21,1,Changing diagnostics,Changing sequencing,200%,200%,fig_3b,2,1,1.0635
2021-09-24,ZA,76,Omicron BA.1,Community,1.0619387636686135,2021-09-21,3,Changing diagnostics,Changing sequencing,10%,200%,fig_3b,2,1,1.0635
2021-09-24,ZA,76,Omicron BA.1,Community,1.0619387636686135,2021-09-21,3,Changing diagnostics,Changing sequencing,50%,200%,fig_3b,2,1,1.0635
2021-09-24,ZA,76,Omicron BA.1,Community,1.0619387636686135,2021-09-21,3,Changing diagnostics,Changing sequencing,100%,200%,fig_3b,2,1,1.0635
2021-09-24,ZA,76,Omicron BA.1,Community,1.0619387636686135,2021-09-21,3,Changing diagnostics,Changing sequencing,150%,200%,fig_3b,2,1,1.0635
2021-09-24,ZA,76,Omicron BA.1,Community,1.0619387636686135,2021-09-21,3,Changing diagnostics,Changing sequencing,200%,200%,fig_3b,2,1,1.0635
2021-09-24,ZA,77,Omicron BA.1,Community,1.1453768093854333,2021-09-21,3,Changing diagnostics,Changing sequencing,10%,200%,fig_3b,2,1,1.0635
2021-09-24,ZA,77,Omicron BA.1,Community,1.1453768093854333,2021-09-21,3,Changing diagnostics,Changing sequencing,50%,200%,fig_3b,2,1,1.0635
2021-09-24,ZA,77,Omicron BA.1,Community,1.1453768093854333,2021-09-21,3,Changing diagnostics,Changing sequencing,100%,200%,fig_3b,2,1,1.0635
2021-09-24,ZA,77,Omicron BA.1,Community,1.1453768093854335,2021-09-21,3,Changing diagnostics,Changing sequencing,150%,200%,fig_3b,2,1,1.0635
2021-09-24,ZA,77,Omicron BA.1,Community,1.1453768093854333,2021-09-21,3,Changing diagnostics,Changing sequencing,200%,200%,fig_3b,2,1,1.0635
2021-09-22,ZA,78,Omicron BA.1,Community,1.0509899175188693,2021-09-21,1,Changing diagnostics,Changing sequencing,10%,200%,fig_3b,2,1,1.0635
2021-09-22,ZA,78,Omicron BA.1,Community,1.0509899175188693,2021-09-21,1,Changing diagnostics,Changing sequencing,50%,200%,fig_3b,2,1,1.0635
2021-09-22,ZA,78,Omicron BA.1,Community,1.0509899175188693,2021-09-21,1,Changing diagnostics,Changing sequencing,100%,200%,fig_3b,2,1,1.0635
2021-09-22,ZA,78,Omicron BA.1,Community,1.0509899175188693,2021-09-21,1,Changing diagnostics,Changing sequencing,150%,200%,fig_3b,2,1,1.0635
2021-09-22,ZA,78,Omicron BA.1,Community,1.0509899175188693,2021-09-21,1,Changing diagnostics,Changing sequencing,200%,200%,fig_3b,2,1,1.0635
2021-09-24,ZA,79,Omicron BA.1,Community,1.1403199581298682,2021-09-21,3,Changing diagnostics,Changing sequencing,10%,200%,fig_3b,2,1,1.0635
2021-09-24,ZA,79,Omicron BA.1,Community,1.1403199581298684,2021-09-21,3,Changing diagnostics,Changing sequencing,50%,200%,fig_3b,2,1,1.0635
2021-09-24,ZA,79,Omicron BA.1,Community,1.1403199581298684,2021-09-21,3,Changing diagnostics,Changing sequencing,100%,200%,fig_3b,2,1,1.0635
2021-09-24,ZA,79,Omicron BA.1,Community,1.1403199581298684,2021-09-21,3,Changing diagnostics,Changing sequencing,150%,200%,fig_3b,2,1,1.0635
2021-09-24,ZA,79,Omicron BA.1,Community,1.1403199581298684,2021-09-21,3,Changing diagnostics,Changing sequencing,200%,200%,fig_3b,2,1,1.0635
2021-09-22,ZA,8,Omicron BA.1,Community,1.0209616341611871,2021-09-21,1,Changing diagnostics,Changing sequencing,10%,200%,fig_3b,2,1,1.0635
2021-09-22,ZA,8,Omicron BA.1,Community,1.0209616341611871,2021-09-21,1,Changing diagnostics,Changing sequencing,50%,200%,fig_3b,2,1,1.0635
2021-09-22,ZA,8,Omicron BA.1,Community,1.0209616341611871,2021-09-21,1,Changing diagnostics,Changing sequencing,100%,200%,fig_3b,2,1,1.0635
2021-09-22,ZA,8,Omicron BA.1,Community,1.0209616341611873,2021-09-21,1,Changing diagnostics,Changing sequencing,150%,200%,fig_3b,2,1,1.0635
2021-09-22,ZA,8,Omicron BA.1,Community,1.0209616341611871,2021-09-21,1,Changing diagnostics,Changing sequencing,200%,200%,fig_3b,2,1,1.0635
2021-09-22,ZA,80,Omicron BA.1,Community,1.0459852036259223,2021-09-21,1,Changing diagnostics,Changing sequencing,10%,200%,fig_3b,2,1,1.0635
2021-09-22,ZA,80,Omicron BA.1,Community,1.0459852036259223,2021-09-21,1,Changing diagnostics,Changing sequencing,50%,200%,fig_3b,2,1,1.0635
2021-09-22,ZA,80,Omicron BA.1,Community,1.0459852036259223,2021-09-21,1,Changing diagnostics,Changing sequencing,100%,200%,fig_3b,2,1,1.0635
2021-09-22,ZA,80,Omicron BA.1,Community,1.045985203625922,2021-09-21,1,Changing diagnostics,Changing sequencing,150%,200%,fig_3b,2,1,1.0635
2021-09-22,ZA,80,Omicron BA.1,Community,1.0459852036259223,2021-09-21,1,Changing diagnostics,Changing sequencing,200%,200%,fig_3b,2,1,1.0635
2021-09-22,ZA,81,Omicron BA.1,Community,1.0359757758400283,2021-09-21,1,Changing diagnostics,Changing sequencing,10%,200%,fig_3b,2,1,1.0635
2021-09-22,ZA,81,Omicron BA.1,Community,1.0359757758400283,2021-09-21,1,Changing diagnostics,Changing sequencing,50%,200%,fig_3b,2,1,1.0635
2021-09-22,ZA,81,Omicron BA.1,Community,1.0359757758400283,2021-09-21,1,Changing diagnostics,Changing sequencing,100%,200%,fig_3b,2,1,1.0635
2021-09-22,ZA,81,Omicron BA.1,Community,1.0359757758400283,2021-09-21,1,Changing diagnostics,Changing sequencing,150%,200%,fig_3b,2,1,1.0635
2021-09-22,ZA,81,Omicron BA.1,Community,1.0359757758400283,2021-09-21,1,Changing diagnostics,Changing sequencing,200%,200%,fig_3b,2,1,1.0635
2021-09-22,ZA,82,Omicron BA.1,Community,1.1110464842342331,2021-09-21,1,Changing diagnostics,Changing sequencing,10%,200%,fig_3b,2,1,1.0635
2021-09-22,ZA,82,Omicron BA.1,Community,1.1110464842342331,2021-09-21,1,Changing diagnostics,Changing sequencing,50%,200%,fig_3b,2,1,1.0635
2021-09-22,ZA,82,Omicron BA.1,Community,1.1110464842342331,2021-09-21,1,Changing diagnostics,Changing sequencing,100%,200%,fig_3b,2,1,1.0635
2021-09-22,ZA,82,Omicron BA.1,Community,1.1110464842342334,2021-09-21,1,Changing diagnostics,Changing sequencing,150%,200%,fig_3b,2,1,1.0635
2021-09-22,ZA,82,Omicron BA.1,Community,1.1110464842342331,2021-09-21,1,Changing diagnostics,Changing sequencing,200%,200%,fig_3b,2,1,1.0635
2021-09-22,ZA,83,Omicron BA.1,Community,1.0534922744653425,2021-09-21,1,Changing diagnostics,Changing sequencing,10%,200%,fig_3b,2,1,1.0635
2021-09-22,ZA,83,Omicron BA.1,Community,1.0534922744653428,2021-09-21,1,Changing diagnostics,Changing sequencing,50%,200%,fig_3b,2,1,1.0635
2021-09-22,ZA,83,Omicron BA.1,Community,1.0534922744653428,2021-09-21,1,Changing diagnostics,Changing sequencing,100%,200%,fig_3b,2,1,1.0635
2021-09-22,ZA,83,Omicron BA.1,Community,1.0534922744653428,2021-09-21,1,Changing diagnostics,Changing sequencing,150%,200%,fig_3b,2,1,1.0635
2021-09-22,ZA,83,Omicron BA.1,Community,1.0534922744653428,2021-09-21,1,Changing diagnostics,Changing sequencing,200%,200%,fig_3b,2,1,1.0635
2021-09-22,ZA,84,Omicron BA.1,Community,1.0910276286624452,2021-09-21,1,Changing diagnostics,Changing sequencing,10%,200%,fig_3b,2,1,1.0635
2021-09-22,ZA,84,Omicron BA.1,Community,1.0910276286624452,2021-09-21,1,Changing diagnostics,Changing sequencing,50%,200%,fig_3b,2,1,1.0635
2021-09-22,ZA,84,Omicron BA.1,Community,1.0910276286624452,2021-09-21,1,Changing diagnostics,Changing sequencing,100%,200%,fig_3b,2,1,1.0635
2021-09-22,ZA,84,Omicron BA.1,Community,1.0910276286624454,2021-09-21,1,Changing diagnostics,Changing sequencing,150%,200%,fig_3b,2,1,1.0635
2021-09-22,ZA,84,Omicron BA.1,Community,1.0910276286624452,2021-09-21,1,Changing diagnostics,Changing sequencing,200%,200%,fig_3b,2,1,1.0635
2021-09-22,ZA,85,Omicron BA.1,Community,1.0109522063752934,2021-09-21,1,Changing diagnostics,Changing sequencing,10%,200%,fig_3b,2,1,1.0635
2021-09-22,ZA,85,Omicron BA.1,Community,1.0109522063752936,2021-09-21,1,Changing diagnostics,Changing sequencing,50%,200%,fig_3b,2,1,1.0635
2021-09-22,ZA,85,Omicron BA.1,Community,1.0109522063752936,2021-09-21,1,Changing diagnostics,Changing sequencing,100%,200%,fig_3b,2,1,1.0635
2021-09-22,ZA,85,Omicron BA.1,Community,1.0109522063752931,2021-09-21,1,Changing diagnostics,Changing sequencing,150%,200%,fig_3b,2,1,1.0635
2021-09-22,ZA,85,Omicron BA.1,Community,1.0109522063752936,2021-09-21,1,Changing diagnostics,Changing sequencing,200%,200%,fig_3b,2,1,1.0635
2021-09-22,ZA,86,Omicron BA.1,Community,1.040980489732975,2021-09-21,1,Changing diagnostics,Changing sequencing,10%,200%,fig_3b,2,1,1.0635
2021-09-22,ZA,86,Omicron BA.1,Community,1.0409804897329755,2021-09-21,1,Changing diagnostics,Changing sequencing,50%,200%,fig_3b,2,1,1.0635
2021-09-22,ZA,86,Omicron BA.1,Community,1.0409804897329755,2021-09-21,1,Changing diagnostics,Changing sequencing,100%,200%,fig_3b,2,1,1.0635
2021-09-22,ZA,86,Omicron BA.1,Community,1.0409804897329753,2021-09-21,1,Changing diagnostics,Changing sequencing,150%,200%,fig_3b,2,1,1.0635
2021-09-22,ZA,86,Omicron BA.1,Community,1.0409804897329755,2021-09-21,1,Changing diagnostics,Changing sequencing,200%,200%,fig_3b,2,1,1.0635
2021-09-22,ZA,87,Omicron BA.1,Community,1.093529985608919,2021-09-21,1,Changing diagnostics,Changing sequencing,10%,200%,fig_3b,2,1,1.0635
2021-09-22,ZA,87,Omicron BA.1,Community,1.093529985608919,2021-09-21,1,Changing diagnostics,Changing sequencing,50%,200%,fig_3b,2,1,1.0635
2021-09-22,ZA,87,Omicron BA.1,Community,1.093529985608919,2021-09-21,1,Changing diagnostics,Changing sequencing,100%,200%,fig_3b,2,1,1.0635
2021-09-22,ZA,87,Omicron BA.1,Community,1.093529985608919,2021-09-21,1,Changing diagnostics,Changing sequencing,150%,200%,fig_3b,2,1,1.0635
2021-09-22,ZA,87,Omicron BA.1,Community,1.093529985608919,2021-09-21,1,Changing diagnostics,Changing sequencing,200%,200%,fig_3b,2,1,1.0635
2021-09-22,ZA,88,Omicron BA.1,Community,1.1060417703412864,2021-09-21,1,Changing diagnostics,Changing sequencing,10%,200%,fig_3b,2,1,1.0635
2021-09-22,ZA,88,Omicron BA.1,Community,1.1060417703412861,2021-09-21,1,Changing diagnostics,Changing sequencing,50%,200%,fig_3b,2,1,1.0635
2021-09-22,ZA,88,Omicron BA.1,Community,1.1060417703412861,2021-09-21,1,Changing diagnostics,Changing sequencing,100%,200%,fig_3b,2,1,1.0635
2021-09-22,ZA,88,Omicron BA.1,Community,1.1060417703412864,2021-09-21,1,Changing diagnostics,Changing sequencing,150%,200%,fig_3b,2,1,1.0635
2021-09-22,ZA,88,Omicron BA.1,Community,1.1060417703412861,2021-09-21,1,Changing diagnostics,Changing sequencing,200%,200%,fig_3b,2,1,1.0635
2021-09-22,ZA,89,Omicron BA.1,Community,1.0134545633217666,2021-09-21,1,Changing diagnostics,Changing sequencing,10%,200%,fig_3b,2,1,1.0635
2021-09-22,ZA,89,Omicron BA.1,Community,1.0134545633217669,2021-09-21,1,Changing diagnostics,Changing sequencing,50%,200%,fig_3b,2,1,1.0635
2021-09-22,ZA,89,Omicron BA.1,Community,1.0134545633217669,2021-09-21,1,Changing diagnostics,Changing sequencing,100%,200%,fig_3b,2,1,1.0635
2021-09-22,ZA,89,Omicron BA.1,Community,1.0134545633217666,2021-09-21,1,Changing diagnostics,Changing sequencing,150%,200%,fig_3b,2,1,1.0635
2021-09-22,ZA,89,Omicron BA.1,Community,1.0134545633217669,2021-09-21,1,Changing diagnostics,Changing sequencing,200%,200%,fig_3b,2,1,1.0635
2021-09-22,ZA,9,Omicron BA.1,Community,1.0885252717159717,2021-09-21,1,Changing diagnostics,Changing sequencing,10%,200%,fig_3b,2,1,1.0635
2021-09-22,ZA,9,Omicron BA.1,Community,1.0885252717159715,2021-09-21,1,Changing diagnostics,Changing sequencing,50%,200%,fig_3b,2,1,1.0635
2021-09-22,ZA,9,Omicron BA.1,Community,1.0885252717159715,2021-09-21,1,Changing diagnostics,Changing sequencing,100%,200%,fig_3b,2,1,1.0635
2021-09-22,ZA,9,Omicron BA.1,Community,1.088525271715972,2021-09-21,1,Changing diagnostics,Changing sequencing,150%,200%,fig_3b,2,1,1.0635
2021-09-22,ZA,9,Omicron BA.1,Community,1.0885252717159715,2021-09-21,1,Changing diagnostics,Changing sequencing,200%,200%,fig_3b,2,1,1.0635
2021-09-22,ZA,90,Omicron BA.1,Community,1.1235582689666008,2021-09-21,1,Changing diagnostics,Changing sequencing,10%,200%,fig_3b,2,1,1.0635
2021-09-22,ZA,90,Omicron BA.1,Community,1.1235582689666006,2021-09-21,1,Changing diagnostics,Changing sequencing,50%,200%,fig_3b,2,1,1.0635
2021-09-22,ZA,90,Omicron BA.1,Community,1.1235582689666006,2021-09-21,1,Changing diagnostics,Changing sequencing,100%,200%,fig_3b,2,1,1.0635
2021-09-22,ZA,90,Omicron BA.1,Community,1.1235582689666006,2021-09-21,1,Changing diagnostics,Changing sequencing,150%,200%,fig_3b,2,1,1.0635
2021-09-22,ZA,90,Omicron BA.1,Community,1.1235582689666006,2021-09-21,1,Changing diagnostics,Changing sequencing,200%,200%,fig_3b,2,1,1.0635
2021-09-24,ZA,91,Omicron BA.1,Community,1.0492966355297018,2021-09-21,3,Changing diagnostics,Changing sequencing,10%,200%,fig_3b,2,1,1.0635
2021-09-24,ZA,91,Omicron BA.1,Community,1.0492966355297013,2021-09-21,3,Changing diagnostics,Changing sequencing,50%,200%,fig_3b,2,1,1.0635
2021-09-24,ZA,91,Omicron BA.1,Community,1.0492966355297013,2021-09-21,3,Changing diagnostics,Changing sequencing,100%,200%,fig_3b,2,1,1.0635
2021-09-24,ZA,91,Omicron BA.1,Community,1.0492966355297018,2021-09-21,3,Changing diagnostics,Changing sequencing,150%,200%,fig_3b,2,1,1.0635
2021-09-24,ZA,91,Omicron BA.1,Community,1.0492966355297013,2021-09-21,3,Changing diagnostics,Changing sequencing,200%,200%,fig_3b,2,1,1.0635
2021-09-22,ZA,92,Omicron BA.1,Community,1.0660040591977107,2021-09-21,1,Changing diagnostics,Changing sequencing,10%,200%,fig_3b,2,1,1.0635
2021-09-22,ZA,92,Omicron BA.1,Community,1.0660040591977102,2021-09-21,1,Changing diagnostics,Changing sequencing,50%,200%,fig_3b,2,1,1.0635
2021-09-22,ZA,92,Omicron BA.1,Community,1.0660040591977102,2021-09-21,1,Changing diagnostics,Changing sequencing,100%,200%,fig_3b,2,1,1.0635
2021-09-22,ZA,92,Omicron BA.1,Community,1.0660040591977102,2021-09-21,1,Changing diagnostics,Changing sequencing,150%,200%,fig_3b,2,1,1.0635
2021-09-22,ZA,92,Omicron BA.1,Community,1.0660040591977102,2021-09-21,1,Changing diagnostics,Changing sequencing,200%,200%,fig_3b,2,1,1.0635
2021-09-22,ZA,93,Omicron BA.1,Community,1.0284687050006076,2021-09-21,1,Changing diagnostics,Changing sequencing,10%,200%,fig_3b,2,1,1.0635
2021-09-22,ZA,93,Omicron BA.1,Community,1.0284687050006078,2021-09-21,1,Changing diagnostics,Changing sequencing,50%,200%,fig_3b,2,1,1.0635
2021-09-22,ZA,93,Omicron BA.1,Community,1.0284687050006078,2021-09-21,1,Changing diagnostics,Changing sequencing,100%,200%,fig_3b,2,1,1.0635
2021-09-22,ZA,93,Omicron BA.1,Community,1.0284687050006076,2021-09-21,1,Changing diagnostics,Changing sequencing,150%,200%,fig_3b,2,1,1.0635
2021-09-22,ZA,93,Omicron BA.1,Community,1.0284687050006078,2021-09-21,1,Changing diagnostics,Changing sequencing,200%,200%,fig_3b,2,1,1.0635
2021-09-22,ZA,94,Omicron BA.1,Community,1.081018200876551,2021-09-21,1,Changing diagnostics,Changing sequencing,10%,200%,fig_3b,2,1,1.0635
2021-09-22,ZA,94,Omicron BA.1,Community,1.0810182008765512,2021-09-21,1,Changing diagnostics,Changing sequencing,50%,200%,fig_3b,2,1,1.0635
2021-09-22,ZA,94,Omicron BA.1,Community,1.0810182008765512,2021-09-21,1,Changing diagnostics,Changing sequencing,100%,200%,fig_3b,2,1,1.0635
2021-09-22,ZA,94,Omicron BA.1,Community,1.0810182008765512,2021-09-21,1,Changing diagnostics,Changing sequencing,150%,200%,fig_3b,2,1,1.0635
2021-09-22,ZA,94,Omicron BA.1,Community,1.0810182008765512,2021-09-21,1,Changing diagnostics,Changing sequencing,200%,200%,fig_3b,2,1,1.0635
2021-09-22,ZA,95,Omicron BA.1,Community,1.0309710619470813,2021-09-21,1,Changing diagnostics,Changing sequencing,10%,200%,fig_3b,2,1,1.0635
2021-09-22,ZA,95,Omicron BA.1,Community,1.0309710619470813,2021-09-21,1,Changing diagnostics,Changing sequencing,50%,200%,fig_3b,2,1,1.0635
2021-09-22,ZA,95,Omicron BA.1,Community,1.0309710619470813,2021-09-21,1,Changing diagnostics,Changing sequencing,100%,200%,fig_3b,2,1,1.0635
2021-09-22,ZA,95,Omicron BA.1,Community,1.0309710619470813,2021-09-21,1,Changing diagnostics,Changing sequencing,150%,200%,fig_3b,2,1,1.0635
2021-09-22,ZA,95,Omicron BA.1,Community,1.0309710619470813,2021-09-21,1,Changing diagnostics,Changing sequencing,200%,200%,fig_3b,2,1,1.0635
2021-09-22,ZA,96,Omicron BA.1,Community,1.1385724106454416,2021-09-21,1,Changing diagnostics,Changing sequencing,10%,200%,fig_3b,2,1,1.0635
2021-09-22,ZA,96,Omicron BA.1,Community,1.1385724106454418,2021-09-21,1,Changing diagnostics,Changing sequencing,50%,200%,fig_3b,2,1,1.0635
2021-09-22,ZA,96,Omicron BA.1,Community,1.1385724106454418,2021-09-21,1,Changing diagnostics,Changing sequencing,100%,200%,fig_3b,2,1,1.0635
2021-09-22,ZA,96,Omicron BA.1,Community,1.1385724106454418,2021-09-21,1,Changing diagnostics,Changing sequencing,150%,200%,fig_3b,2,1,1.0635
2021-09-22,ZA,96,Omicron BA.1,Community,1.1385724106454418,2021-09-21,1,Changing diagnostics,Changing sequencing,200%,200%,fig_3b,2,1,1.0635
2021-09-22,ZA,97,Omicron BA.1,Community,1.0284687050006078,2021-09-21,1,Changing diagnostics,Changing sequencing,10%,200%,fig_3b,2,1,1.0635
2021-09-22,ZA,97,Omicron BA.1,Community,1.0284687050006078,2021-09-21,1,Changing diagnostics,Changing sequencing,50%,200%,fig_3b,2,1,1.0635
2021-09-22,ZA,97,Omicron BA.1,Community,1.0284687050006078,2021-09-21,1,Changing diagnostics,Changing sequencing,100%,200%,fig_3b,2,1,1.0635
2021-09-22,ZA,97,Omicron BA.1,Community,1.0284687050006076,2021-09-21,1,Changing diagnostics,Changing sequencing,150%,200%,fig_3b,2,1,1.0635
2021-09-22,ZA,97,Omicron BA.1,Community,1.0284687050006078,2021-09-21,1,Changing diagnostics,Changing sequencing,200%,200%,fig_3b,2,1,1.0635
2021-09-22,ZA,98,Omicron BA.1,Community,1.0159569202682404,2021-09-21,1,Changing diagnostics,Changing sequencing,10%,200%,fig_3b,2,1,1.0635
2021-09-22,ZA,98,Omicron BA.1,Community,1.0159569202682404,2021-09-21,1,Changing diagnostics,Changing sequencing,50%,200%,fig_3b,2,1,1.0635
2021-09-22,ZA,98,Omicron BA.1,Community,1.0159569202682404,2021-09-21,1,Changing diagnostics,Changing sequencing,100%,200%,fig_3b,2,1,1.0635
2021-09-22,ZA,98,Omicron BA.1,Community,1.0159569202682401,2021-09-21,1,Changing diagnostics,Changing sequencing,150%,200%,fig_3b,2,1,1.0635
2021-09-22,ZA,98,Omicron BA.1,Community,1.0159569202682404,2021-09-21,1,Changing diagnostics,Changing sequencing,200%,200%,fig_3b,2,1,1.0635
2021-09-22,ZA,99,Omicron BA.1,Community,1.0059474924823464,2021-09-21,1,Changing diagnostics,Changing sequencing,10%,200%,fig_3b,2,1,1.0635
2021-09-22,ZA,99,Omicron BA.1,Community,1.0059474924823464,2021-09-21,1,Changing diagnostics,Changing sequencing,50%,200%,fig_3b,2,1,1.0635
2021-09-22,ZA,99,Omicron BA.1,Community,1.0059474924823464,2021-09-21,1,Changing diagnostics,Changing sequencing,100%,200%,fig_3b,2,1,1.0635
2021-09-22,ZA,99,Omicron BA.1,Community,1.0059474924823464,2021-09-21,1,Changing diagnostics,Changing sequencing,150%,200%,fig_3b,2,1,1.0635
2021-09-22,ZA,99,Omicron BA.1,Community,1.0059474924823464,2021-09-21,1,Changing diagnostics,Changing sequencing,200%,200%,fig_3b,2,1,1.0635
