date,unitname,id_sim,variant,case_type,value,date_intro,lag,params_1,params_2,parval_1,parval_2,fig,parval_2_new,lag_median,value_median
2021-11-26,ZA,1,Omicron BA.2,Community,1.086262617741858,2021-11-08,18,Changing diagnostics,Changing sequencing,50%,200%,fig_3b,2,15,1.1848
2021-11-26,ZA,1,Omicron BA.2,Community,1.086262617741858,2021-11-08,18,Changing diagnostics,Changing sequencing,100%,200%,fig_3b,2,15,1.1848
2021-11-26,ZA,1,Omicron BA.2,Community,1.0862626177418577,2021-11-08,18,Changing diagnostics,Changing sequencing,150%,200%,fig_3b,2,15,1.1848
2021-11-26,ZA,1,Omicron BA.2,Community,1.086262617741858,2021-11-08,18,Changing diagnostics,Changing sequencing,200%,200%,fig_3b,2,15,1.1848
2021-11-28,ZA,10,Omicron BA.2,Community,1.1844369126444092,2021-11-08,20,Changing diagnostics,Changing sequencing,50%,200%,fig_3b,2,15,1.1848
2021-11-28,ZA,10,Omicron BA.2,Community,1.1844369126444092,2021-11-08,20,Changing diagnostics,Changing sequencing,100%,200%,fig_3b,2,15,1.1848
2021-11-28,ZA,10,Omicron BA.2,Community,1.1844369126444092,2021-11-08,20,Changing diagnostics,Changing sequencing,150%,200%,fig_3b,2,15,1.1848
2021-11-28,ZA,10,Omicron BA.2,Community,1.1844369126444092,2021-11-08,20,Changing diagnostics,Changing sequencing,200%,200%,fig_3b,2,15,1.1848
2021-11-25,ZA,100,Omicron BA.2,Community,1.3040866644804556,2021-11-08,17,Changing diagnostics,Changing sequencing,50%,200%,fig_3b,2,15,1.1848
2021-11-25,ZA,100,Omicron BA.2,Community,1.3040866644804556,2021-11-08,17,Changing diagnostics,Changing sequencing,100%,200%,fig_3b,2,15,1.1848
2021-11-25,ZA,100,Omicron BA.2,Community,1.3040866644804556,2021-11-08,17,Changing diagnostics,Changing sequencing,150%,200%,fig_3b,2,15,1.1848
2021-11-25,ZA,100,Omicron BA.2,Community,1.3040866644804556,2021-11-08,17,Changing diagnostics,Changing sequencing,200%,200%,fig_3b,2,15,1.1848
2021-11-21,ZA,101,Omicron BA.2,Community,1.2872695768166569,2021-11-08,13,Changing diagnostics,Changing sequencing,50%,200%,fig_3b,2,15,1.1848
2021-11-21,ZA,101,Omicron BA.2,Community,1.2872695768166569,2021-11-08,13,Changing diagnostics,Changing sequencing,100%,200%,fig_3b,2,15,1.1848
2021-11-21,ZA,101,Omicron BA.2,Community,1.287269576816657,2021-11-08,13,Changing diagnostics,Changing sequencing,150%,200%,fig_3b,2,15,1.1848
2021-11-21,ZA,101,Omicron BA.2,Community,1.2872695768166569,2021-11-08,13,Changing diagnostics,Changing sequencing,200%,200%,fig_3b,2,15,1.1848
2021-11-21,ZA,102,Omicron BA.2,Community,1.0536950666796252,2021-11-08,13,Changing diagnostics,Changing sequencing,50%,200%,fig_3b,2,15,1.1848
2021-11-21,ZA,102,Omicron BA.2,Community,1.0536950666796252,2021-11-08,13,Changing diagnostics,Changing sequencing,100%,200%,fig_3b,2,15,1.1848
2021-11-21,ZA,102,Omicron BA.2,Community,1.0536950666796254,2021-11-08,13,Changing diagnostics,Changing sequencing,150%,200%,fig_3b,2,15,1.1848
2021-11-21,ZA,102,Omicron BA.2,Community,1.0536950666796252,2021-11-08,13,Changing diagnostics,Changing sequencing,200%,200%,fig_3b,2,15,1.1848
2021-11-25,ZA,103,Omicron BA.2,Community,1.6727813235482285,2021-11-08,17,Changing diagnostics,Changing sequencing,50%,200%,fig_3b,2,15,1.1848
2021-11-25,ZA,103,Omicron BA.2,Community,1.6727813235482285,2021-11-08,17,Changing diagnostics,Changing sequencing,100%,200%,fig_3b,2,15,1.1848
2021-11-25,ZA,103,Omicron BA.2,Community,1.6727813235482285,2021-11-08,17,Changing diagnostics,Changing sequencing,150%,200%,fig_3b,2,15,1.1848
2021-11-25,ZA,103,Omicron BA.2,Community,1.6727813235482285,2021-11-08,17,Changing diagnostics,Changing sequencing,200%,200%,fig_3b,2,15,1.1848
2021-11-22,ZA,104,Omicron BA.2,Community,1.3211783917786253,2021-11-08,14,Changing diagnostics,Changing sequencing,50%,200%,fig_3b,2,15,1.1848
2021-11-22,ZA,104,Omicron BA.2,Community,1.3211783917786253,2021-11-08,14,Changing diagnostics,Changing sequencing,100%,200%,fig_3b,2,15,1.1848
2021-11-22,ZA,104,Omicron BA.2,Community,1.3211783917786255,2021-11-08,14,Changing diagnostics,Changing sequencing,150%,200%,fig_3b,2,15,1.1848
2021-11-22,ZA,104,Omicron BA.2,Community,1.3211783917786253,2021-11-08,14,Changing diagnostics,Changing sequencing,200%,200%,fig_3b,2,15,1.1848
2021-11-27,ZA,105,Omicron BA.2,Community,1.1539648815285868,2021-11-08,19,Changing diagnostics,Changing sequencing,50%,200%,fig_3b,2,15,1.1848
2021-11-27,ZA,105,Omicron BA.2,Community,1.1539648815285868,2021-11-08,19,Changing diagnostics,Changing sequencing,100%,200%,fig_3b,2,15,1.1848
2021-11-27,ZA,105,Omicron BA.2,Community,1.153964881528587,2021-11-08,19,Changing diagnostics,Changing sequencing,150%,200%,fig_3b,2,15,1.1848
2021-11-27,ZA,105,Omicron BA.2,Community,1.1539648815285868,2021-11-08,19,Changing diagnostics,Changing sequencing,200%,200%,fig_3b,2,15,1.1848
2021-11-25,ZA,106,Omicron BA.2,Community,1.1797041667756274,2021-11-08,17,Changing diagnostics,Changing sequencing,50%,200%,fig_3b,2,15,1.1848
2021-11-25,ZA,106,Omicron BA.2,Community,1.1797041667756274,2021-11-08,17,Changing diagnostics,Changing sequencing,100%,200%,fig_3b,2,15,1.1848
2021-11-25,ZA,106,Omicron BA.2,Community,1.1797041667756274,2021-11-08,17,Changing diagnostics,Changing sequencing,150%,200%,fig_3b,2,15,1.1848
2021-11-25,ZA,106,Omicron BA.2,Community,1.1797041667756274,2021-11-08,17,Changing diagnostics,Changing sequencing,200%,200%,fig_3b,2,15,1.1848
2021-11-23,ZA,107,Omicron BA.2,Community,1.060934711692823,2021-11-08,15,Changing diagnostics,Changing sequencing,50%,200%,fig_3b,2,15,1.1848
2021-11-23,ZA,107,Omicron BA.2,Community,1.060934711692823,2021-11-08,15,Changing diagnostics,Changing sequencing,100%,200%,fig_3b,2,15,1.1848
2021-11-23,ZA,107,Omicron BA.2,Community,1.0609347116928232,2021-11-08,15,Changing diagnostics,Changing sequencing,150%,200%,fig_3b,2,15,1.1848
2021-11-23,ZA,107,Omicron BA.2,Community,1.060934711692823,2021-11-08,15,Changing diagnostics,Changing sequencing,200%,200%,fig_3b,2,15,1.1848
2021-11-20,ZA,108,Omicron BA.2,Community,1.0859912340709428,2021-11-08,12,Changing diagnostics,Changing sequencing,50%,200%,fig_3b,2,15,1.1848
2021-11-20,ZA,108,Omicron BA.2,Community,1.0859912340709428,2021-11-08,12,Changing diagnostics,Changing sequencing,100%,200%,fig_3b,2,15,1.1848
2021-11-20,ZA,108,Omicron BA.2,Community,1.0859912340709432,2021-11-08,12,Changing diagnostics,Changing sequencing,150%,200%,fig_3b,2,15,1.1848
2021-11-20,ZA,108,Omicron BA.2,Community,1.0859912340709428,2021-11-08,12,Changing diagnostics,Changing sequencing,200%,200%,fig_3b,2,15,1.1848
2021-11-25,ZA,109,Omicron BA.2,Community,1.3352565028074415,2021-11-08,17,Changing diagnostics,Changing sequencing,50%,200%,fig_3b,2,15,1.1848
2021-11-25,ZA,109,Omicron BA.2,Community,1.3352565028074415,2021-11-08,17,Changing diagnostics,Changing sequencing,100%,200%,fig_3b,2,15,1.1848
2021-11-25,ZA,109,Omicron BA.2,Community,1.3352565028074415,2021-11-08,17,Changing diagnostics,Changing sequencing,150%,200%,fig_3b,2,15,1.1848
2021-11-25,ZA,109,Omicron BA.2,Community,1.3352565028074415,2021-11-08,17,Changing diagnostics,Changing sequencing,200%,200%,fig_3b,2,15,1.1848
2021-11-25,ZA,11,Omicron BA.2,Community,1.0289015203936398,2021-11-08,17,Changing diagnostics,Changing sequencing,50%,200%,fig_3b,2,15,1.1848
2021-11-25,ZA,11,Omicron BA.2,Community,1.0289015203936398,2021-11-08,17,Changing diagnostics,Changing sequencing,100%,200%,fig_3b,2,15,1.1848
2021-11-25,ZA,11,Omicron BA.2,Community,1.0289015203936396,2021-11-08,17,Changing diagnostics,Changing sequencing,150%,200%,fig_3b,2,15,1.1848
2021-11-25,ZA,11,Omicron BA.2,Community,1.0289015203936398,2021-11-08,17,Changing diagnostics,Changing sequencing,200%,200%,fig_3b,2,15,1.1848
2021-11-22,ZA,110,Omicron BA.2,Community,1.506371156005526,2021-11-08,14,Changing diagnostics,Changing sequencing,50%,200%,fig_3b,2,15,1.1848
2021-11-22,ZA,110,Omicron BA.2,Community,1.506371156005526,2021-11-08,14,Changing diagnostics,Changing sequencing,100%,200%,fig_3b,2,15,1.1848
2021-11-22,ZA,110,Omicron BA.2,Community,1.506371156005526,2021-11-08,14,Changing diagnostics,Changing sequencing,150%,200%,fig_3b,2,15,1.1848
2021-11-22,ZA,110,Omicron BA.2,Community,1.506371156005526,2021-11-08,14,Changing diagnostics,Changing sequencing,200%,200%,fig_3b,2,15,1.1848
2021-11-29,ZA,111,Omicron BA.2,Community,1.0510379666733818,2021-11-08,21,Changing diagnostics,Changing sequencing,50%,200%,fig_3b,2,15,1.1848
2021-11-29,ZA,111,Omicron BA.2,Community,1.0510379666733818,2021-11-08,21,Changing diagnostics,Changing sequencing,100%,200%,fig_3b,2,15,1.1848
2021-11-29,ZA,111,Omicron BA.2,Community,1.0510379666733818,2021-11-08,21,Changing diagnostics,Changing sequencing,150%,200%,fig_3b,2,15,1.1848
2021-11-29,ZA,111,Omicron BA.2,Community,1.0510379666733818,2021-11-08,21,Changing diagnostics,Changing sequencing,200%,200%,fig_3b,2,15,1.1848
2021-11-25,ZA,112,Omicron BA.2,Community,1.9212494633547712,2021-11-08,17,Changing diagnostics,Changing sequencing,50%,200%,fig_3b,2,15,1.1848
2021-11-25,ZA,112,Omicron BA.2,Community,1.9212494633547712,2021-11-08,17,Changing diagnostics,Changing sequencing,100%,200%,fig_3b,2,15,1.1848
2021-11-25,ZA,112,Omicron BA.2,Community,1.9212494633547716,2021-11-08,17,Changing diagnostics,Changing sequencing,150%,200%,fig_3b,2,15,1.1848
2021-11-25,ZA,112,Omicron BA.2,Community,1.9212494633547712,2021-11-08,17,Changing diagnostics,Changing sequencing,200%,200%,fig_3b,2,15,1.1848
2021-11-26,ZA,113,Omicron BA.2,Community,1.1446344124819745,2021-11-08,18,Changing diagnostics,Changing sequencing,50%,200%,fig_3b,2,15,1.1848
2021-11-26,ZA,113,Omicron BA.2,Community,1.1446344124819745,2021-11-08,18,Changing diagnostics,Changing sequencing,100%,200%,fig_3b,2,15,1.1848
2021-11-26,ZA,113,Omicron BA.2,Community,1.1446344124819747,2021-11-08,18,Changing diagnostics,Changing sequencing,150%,200%,fig_3b,2,15,1.1848
2021-11-26,ZA,113,Omicron BA.2,Community,1.1446344124819745,2021-11-08,18,Changing diagnostics,Changing sequencing,200%,200%,fig_3b,2,15,1.1848
2021-11-22,ZA,114,Omicron BA.2,Community,1.2678756773516948,2021-11-08,14,Changing diagnostics,Changing sequencing,50%,200%,fig_3b,2,15,1.1848
2021-11-22,ZA,114,Omicron BA.2,Community,1.2678756773516948,2021-11-08,14,Changing diagnostics,Changing sequencing,100%,200%,fig_3b,2,15,1.1848
2021-11-22,ZA,114,Omicron BA.2,Community,1.2678756773516944,2021-11-08,14,Changing diagnostics,Changing sequencing,150%,200%,fig_3b,2,15,1.1848
2021-11-22,ZA,114,Omicron BA.2,Community,1.2678756773516948,2021-11-08,14,Changing diagnostics,Changing sequencing,200%,200%,fig_3b,2,15,1.1848
2021-11-23,ZA,115,Omicron BA.2,Community,1.1123551271603518,2021-11-08,15,Changing diagnostics,Changing sequencing,50%,200%,fig_3b,2,15,1.1848
2021-11-23,ZA,115,Omicron BA.2,Community,1.1123551271603518,2021-11-08,15,Changing diagnostics,Changing sequencing,100%,200%,fig_3b,2,15,1.1848
2021-11-23,ZA,115,Omicron BA.2,Community,1.1123551271603516,2021-11-08,15,Changing diagnostics,Changing sequencing,150%,200%,fig_3b,2,15,1.1848
2021-11-23,ZA,115,Omicron BA.2,Community,1.1123551271603518,2021-11-08,15,Changing diagnostics,Changing sequencing,200%,200%,fig_3b,2,15,1.1848
2021-11-23,ZA,116,Omicron BA.2,Community,1.1525348006419551,2021-11-08,15,Changing diagnostics,Changing sequencing,50%,200%,fig_3b,2,15,1.1848
2021-11-23,ZA,116,Omicron BA.2,Community,1.1525348006419551,2021-11-08,15,Changing diagnostics,Changing sequencing,100%,200%,fig_3b,2,15,1.1848
2021-11-23,ZA,116,Omicron BA.2,Community,1.1525348006419551,2021-11-08,15,Changing diagnostics,Changing sequencing,150%,200%,fig_3b,2,15,1.1848
2021-11-23,ZA,116,Omicron BA.2,Community,1.1525348006419551,2021-11-08,15,Changing diagnostics,Changing sequencing,200%,200%,fig_3b,2,15,1.1848
2021-11-27,ZA,117,Omicron BA.2,Community,1.1764521103496914,2021-11-08,19,Changing diagnostics,Changing sequencing,50%,200%,fig_3b,2,15,1.1848
2021-11-27,ZA,117,Omicron BA.2,Community,1.1764521103496914,2021-11-08,19,Changing diagnostics,Changing sequencing,100%,200%,fig_3b,2,15,1.1848
2021-11-27,ZA,117,Omicron BA.2,Community,1.1764521103496914,2021-11-08,19,Changing diagnostics,Changing sequencing,150%,200%,fig_3b,2,15,1.1848
2021-11-27,ZA,117,Omicron BA.2,Community,1.1764521103496914,2021-11-08,19,Changing diagnostics,Changing sequencing,200%,200%,fig_3b,2,15,1.1848
2021-11-22,ZA,118,Omicron BA.2,Community,1.7813129351222157,2021-11-08,14,Changing diagnostics,Changing sequencing,50%,200%,fig_3b,2,15,1.1848
2021-11-22,ZA,118,Omicron BA.2,Community,1.7813129351222157,2021-11-08,14,Changing diagnostics,Changing sequencing,100%,200%,fig_3b,2,15,1.1848
2021-11-22,ZA,118,Omicron BA.2,Community,1.7813129351222157,2021-11-08,14,Changing diagnostics,Changing sequencing,150%,200%,fig_3b,2,15,1.1848
2021-11-22,ZA,118,Omicron BA.2,Community,1.7813129351222157,2021-11-08,14,Changing diagnostics,Changing sequencing,200%,200%,fig_3b,2,15,1.1848
2021-11-23,ZA,119,Omicron BA.2,Community,1.1269441752697433,2021-11-08,15,Changing diagnostics,Changing sequencing,50%,200%,fig_3b,2,15,1.1848
2021-11-23,ZA,119,Omicron BA.2,Community,1.1269441752697433,2021-11-08,15,Changing diagnostics,Changing sequencing,100%,200%,fig_3b,2,15,1.1848
2021-11-23,ZA,119,Omicron BA.2,Community,1.1269441752697433,2021-11-08,15,Changing diagnostics,Changing sequencing,150%,200%,fig_3b,2,15,1.1848
2021-11-23,ZA,119,Omicron BA.2,Community,1.1269441752697433,2021-11-08,15,Changing diagnostics,Changing sequencing,200%,200%,fig_3b,2,15,1.1848
2021-11-25,ZA,12,Omicron BA.2,Community,1.1972186473593622,2021-11-08,17,Changing diagnostics,Changing sequencing,50%,200%,fig_3b,2,15,1.1848
2021-11-25,ZA,12,Omicron BA.2,Community,1.1972186473593622,2021-11-08,17,Changing diagnostics,Changing sequencing,100%,200%,fig_3b,2,15,1.1848
2021-11-25,ZA,12,Omicron BA.2,Community,1.1972186473593622,2021-11-08,17,Changing diagnostics,Changing sequencing,150%,200%,fig_3b,2,15,1.1848
2021-11-25,ZA,12,Omicron BA.2,Community,1.1972186473593622,2021-11-08,17,Changing diagnostics,Changing sequencing,200%,200%,fig_3b,2,15,1.1848
2021-11-22,ZA,120,Omicron BA.2,Community,1.018674097936899,2021-11-08,14,Changing diagnostics,Changing sequencing,50%,200%,fig_3b,2,15,1.1848
2021-11-22,ZA,120,Omicron BA.2,Community,1.018674097936899,2021-11-08,14,Changing diagnostics,Changing sequencing,100%,200%,fig_3b,2,15,1.1848
2021-11-22,ZA,120,Omicron BA.2,Community,1.018674097936899,2021-11-08,14,Changing diagnostics,Changing sequencing,150%,200%,fig_3b,2,15,1.1848
2021-11-22,ZA,120,Omicron BA.2,Community,1.018674097936899,2021-11-08,14,Changing diagnostics,Changing sequencing,200%,200%,fig_3b,2,15,1.1848
2021-11-23,ZA,121,Omicron BA.2,Community,1.1676021781975567,2021-11-08,15,Changing diagnostics,Changing sequencing,50%,200%,fig_3b,2,15,1.1848
2021-11-23,ZA,121,Omicron BA.2,Community,1.1676021781975567,2021-11-08,15,Changing diagnostics,Changing sequencing,100%,200%,fig_3b,2,15,1.1848
2021-11-23,ZA,121,Omicron BA.2,Community,1.1676021781975565,2021-11-08,15,Changing diagnostics,Changing sequencing,150%,200%,fig_3b,2,15,1.1848
2021-11-23,ZA,121,Omicron BA.2,Community,1.1676021781975567,2021-11-08,15,Changing diagnostics,Changing sequencing,200%,200%,fig_3b,2,15,1.1848
2021-11-21,ZA,122,Omicron BA.2,Community,1.1008884267352455,2021-11-08,13,Changing diagnostics,Changing sequencing,50%,200%,fig_3b,2,15,1.1848
2021-11-21,ZA,122,Omicron BA.2,Community,1.1008884267352455,2021-11-08,13,Changing diagnostics,Changing sequencing,100%,200%,fig_3b,2,15,1.1848
2021-11-21,ZA,122,Omicron BA.2,Community,1.1008884267352455,2021-11-08,13,Changing diagnostics,Changing sequencing,150%,200%,fig_3b,2,15,1.1848
2021-11-21,ZA,122,Omicron BA.2,Community,1.1008884267352455,2021-11-08,13,Changing diagnostics,Changing sequencing,200%,200%,fig_3b,2,15,1.1848
2021-11-23,ZA,123,Omicron BA.2,Community,1.1082893268675704,2021-11-08,15,Changing diagnostics,Changing sequencing,50%,200%,fig_3b,2,15,1.1848
2021-11-23,ZA,123,Omicron BA.2,Community,1.1082893268675704,2021-11-08,15,Changing diagnostics,Changing sequencing,100%,200%,fig_3b,2,15,1.1848
2021-11-23,ZA,123,Omicron BA.2,Community,1.1082893268675702,2021-11-08,15,Changing diagnostics,Changing sequencing,150%,200%,fig_3b,2,15,1.1848
2021-11-23,ZA,123,Omicron BA.2,Community,1.1082893268675704,2021-11-08,15,Changing diagnostics,Changing sequencing,200%,200%,fig_3b,2,15,1.1848
2021-11-22,ZA,124,Omicron BA.2,Community,1.0359860906567568,2021-11-08,14,Changing diagnostics,Changing sequencing,50%,200%,fig_3b,2,15,1.1848
2021-11-22,ZA,124,Omicron BA.2,Community,1.0359860906567568,2021-11-08,14,Changing diagnostics,Changing sequencing,100%,200%,fig_3b,2,15,1.1848
2021-11-22,ZA,124,Omicron BA.2,Community,1.0359860906567568,2021-11-08,14,Changing diagnostics,Changing sequencing,150%,200%,fig_3b,2,15,1.1848
2021-11-22,ZA,124,Omicron BA.2,Community,1.0359860906567568,2021-11-08,14,Changing diagnostics,Changing sequencing,200%,200%,fig_3b,2,15,1.1848
2021-11-26,ZA,125,Omicron BA.2,Community,1.316101559531067,2021-11-08,18,Changing diagnostics,Changing sequencing,50%,200%,fig_3b,2,15,1.1848
2021-11-26,ZA,125,Omicron BA.2,Community,1.316101559531067,2021-11-08,18,Changing diagnostics,Changing sequencing,100%,200%,fig_3b,2,15,1.1848
2021-11-26,ZA,125,Omicron BA.2,Community,1.3161015595310672,2021-11-08,18,Changing diagnostics,Changing sequencing,150%,200%,fig_3b,2,15,1.1848
2021-11-26,ZA,125,Omicron BA.2,Community,1.316101559531067,2021-11-08,18,Changing diagnostics,Changing sequencing,200%,200%,fig_3b,2,15,1.1848
2021-11-26,ZA,126,Omicron BA.2,Community,1.3541040300649971,2021-11-08,18,Changing diagnostics,Changing sequencing,50%,200%,fig_3b,2,15,1.1848
2021-11-26,ZA,126,Omicron BA.2,Community,1.3541040300649971,2021-11-08,18,Changing diagnostics,Changing sequencing,100%,200%,fig_3b,2,15,1.1848
2021-11-26,ZA,126,Omicron BA.2,Community,1.3541040300649974,2021-11-08,18,Changing diagnostics,Changing sequencing,150%,200%,fig_3b,2,15,1.1848
2021-11-26,ZA,126,Omicron BA.2,Community,1.3541040300649971,2021-11-08,18,Changing diagnostics,Changing sequencing,200%,200%,fig_3b,2,15,1.1848
2021-11-22,ZA,127,Omicron BA.2,Community,1.3043219778145532,2021-11-08,14,Changing diagnostics,Changing sequencing,50%,200%,fig_3b,2,15,1.1848
2021-11-22,ZA,127,Omicron BA.2,Community,1.3043219778145532,2021-11-08,14,Changing diagnostics,Changing sequencing,100%,200%,fig_3b,2,15,1.1848
2021-11-22,ZA,127,Omicron BA.2,Community,1.3043219778145534,2021-11-08,14,Changing diagnostics,Changing sequencing,150%,200%,fig_3b,2,15,1.1848
2021-11-22,ZA,127,Omicron BA.2,Community,1.3043219778145532,2021-11-08,14,Changing diagnostics,Changing sequencing,200%,200%,fig_3b,2,15,1.1848
2021-11-26,ZA,128,Omicron BA.2,Community,1.0370114159298847,2021-11-08,18,Changing diagnostics,Changing sequencing,50%,200%,fig_3b,2,15,1.1848
2021-11-26,ZA,128,Omicron BA.2,Community,1.0370114159298847,2021-11-08,18,Changing diagnostics,Changing sequencing,100%,200%,fig_3b,2,15,1.1848
2021-11-26,ZA,128,Omicron BA.2,Community,1.0370114159298847,2021-11-08,18,Changing diagnostics,Changing sequencing,150%,200%,fig_3b,2,15,1.1848
2021-11-26,ZA,128,Omicron BA.2,Community,1.0370114159298847,2021-11-08,18,Changing diagnostics,Changing sequencing,200%,200%,fig_3b,2,15,1.1848
2021-11-20,ZA,129,Omicron BA.2,Community,1.047102064544632,2021-11-08,12,Changing diagnostics,Changing sequencing,50%,200%,fig_3b,2,15,1.1848
2021-11-20,ZA,129,Omicron BA.2,Community,1.047102064544632,2021-11-08,12,Changing diagnostics,Changing sequencing,100%,200%,fig_3b,2,15,1.1848
2021-11-20,ZA,129,Omicron BA.2,Community,1.047102064544632,2021-11-08,12,Changing diagnostics,Changing sequencing,150%,200%,fig_3b,2,15,1.1848
2021-11-20,ZA,129,Omicron BA.2,Community,1.047102064544632,2021-11-08,12,Changing diagnostics,Changing sequencing,200%,200%,fig_3b,2,15,1.1848
2021-11-26,ZA,13,Omicron BA.2,Community,1.2853955633396517,2021-11-08,18,Changing diagnostics,Changing sequencing,50%,200%,fig_3b,2,15,1.1848
2021-11-26,ZA,13,Omicron BA.2,Community,1.2853955633396517,2021-11-08,18,Changing diagnostics,Changing sequencing,100%,200%,fig_3b,2,15,1.1848
2021-11-26,ZA,13,Omicron BA.2,Community,1.2853955633396517,2021-11-08,18,Changing diagnostics,Changing sequencing,150%,200%,fig_3b,2,15,1.1848
2021-11-26,ZA,13,Omicron BA.2,Community,1.2853955633396517,2021-11-08,18,Changing diagnostics,Changing sequencing,200%,200%,fig_3b,2,15,1.1848
2021-11-23,ZA,130,Omicron BA.2,Community,1.028408309350572,2021-11-08,15,Changing diagnostics,Changing sequencing,50%,200%,fig_3b,2,15,1.1848
2021-11-23,ZA,130,Omicron BA.2,Community,1.028408309350572,2021-11-08,15,Changing diagnostics,Changing sequencing,100%,200%,fig_3b,2,15,1.1848
2021-11-23,ZA,130,Omicron BA.2,Community,1.0284083093505723,2021-11-08,15,Changing diagnostics,Changing sequencing,150%,200%,fig_3b,2,15,1.1848
2021-11-23,ZA,130,Omicron BA.2,Community,1.028408309350572,2021-11-08,15,Changing diagnostics,Changing sequencing,200%,200%,fig_3b,2,15,1.1848
2021-11-22,ZA,131,Omicron BA.2,Community,1.5093324179181333,2021-11-08,14,Changing diagnostics,Changing sequencing,50%,200%,fig_3b,2,15,1.1848
2021-11-22,ZA,131,Omicron BA.2,Community,1.5093324179181333,2021-11-08,14,Changing diagnostics,Changing sequencing,100%,200%,fig_3b,2,15,1.1848
2021-11-22,ZA,131,Omicron BA.2,Community,1.5093324179181333,2021-11-08,14,Changing diagnostics,Changing sequencing,150%,200%,fig_3b,2,15,1.1848
2021-11-22,ZA,131,Omicron BA.2,Community,1.5093324179181333,2021-11-08,14,Changing diagnostics,Changing sequencing,200%,200%,fig_3b,2,15,1.1848
2021-12-03,ZA,132,Omicron BA.2,Community,1.2722799209397915,2021-11-08,25,Changing diagnostics,Changing sequencing,50%,200%,fig_3b,2,15,1.1848
2021-12-03,ZA,132,Omicron BA.2,Community,1.2722799209397915,2021-11-08,25,Changing diagnostics,Changing sequencing,100%,200%,fig_3b,2,15,1.1848
2021-12-03,ZA,132,Omicron BA.2,Community,1.2722799209397915,2021-11-08,25,Changing diagnostics,Changing sequencing,150%,200%,fig_3b,2,15,1.1848
2021-12-03,ZA,132,Omicron BA.2,Community,1.2722799209397915,2021-11-08,25,Changing diagnostics,Changing sequencing,200%,200%,fig_3b,2,15,1.1848
2021-11-23,ZA,133,Omicron BA.2,Community,1.0712187947863288,2021-11-08,15,Changing diagnostics,Changing sequencing,50%,200%,fig_3b,2,15,1.1848
2021-11-23,ZA,133,Omicron BA.2,Community,1.0712187947863288,2021-11-08,15,Changing diagnostics,Changing sequencing,100%,200%,fig_3b,2,15,1.1848
2021-11-23,ZA,133,Omicron BA.2,Community,1.0712187947863288,2021-11-08,15,Changing diagnostics,Changing sequencing,150%,200%,fig_3b,2,15,1.1848
2021-11-23,ZA,133,Omicron BA.2,Community,1.0712187947863288,2021-11-08,15,Changing diagnostics,Changing sequencing,200%,200%,fig_3b,2,15,1.1848
2021-11-25,ZA,134,Omicron BA.2,Community,1.6917800821475342,2021-11-08,17,Changing diagnostics,Changing sequencing,50%,200%,fig_3b,2,15,1.1848
2021-11-25,ZA,134,Omicron BA.2,Community,1.6917800821475342,2021-11-08,17,Changing diagnostics,Changing sequencing,100%,200%,fig_3b,2,15,1.1848
2021-11-25,ZA,134,Omicron BA.2,Community,1.6917800821475337,2021-11-08,17,Changing diagnostics,Changing sequencing,150%,200%,fig_3b,2,15,1.1848
2021-11-25,ZA,134,Omicron BA.2,Community,1.6917800821475342,2021-11-08,17,Changing diagnostics,Changing sequencing,200%,200%,fig_3b,2,15,1.1848
2021-11-21,ZA,135,Omicron BA.2,Community,1.152648886151087,2021-11-08,13,Changing diagnostics,Changing sequencing,50%,200%,fig_3b,2,15,1.1848
2021-11-21,ZA,135,Omicron BA.2,Community,1.152648886151087,2021-11-08,13,Changing diagnostics,Changing sequencing,100%,200%,fig_3b,2,15,1.1848
2021-11-21,ZA,135,Omicron BA.2,Community,1.1526488861510868,2021-11-08,13,Changing diagnostics,Changing sequencing,150%,200%,fig_3b,2,15,1.1848
2021-11-21,ZA,135,Omicron BA.2,Community,1.152648886151087,2021-11-08,13,Changing diagnostics,Changing sequencing,200%,200%,fig_3b,2,15,1.1848
2021-11-28,ZA,136,Omicron BA.2,Community,1.092466847584212,2021-11-08,20,Changing diagnostics,Changing sequencing,50%,200%,fig_3b,2,15,1.1848
2021-11-28,ZA,136,Omicron BA.2,Community,1.092466847584212,2021-11-08,20,Changing diagnostics,Changing sequencing,100%,200%,fig_3b,2,15,1.1848
2021-11-28,ZA,136,Omicron BA.2,Community,1.0924668475842123,2021-11-08,20,Changing diagnostics,Changing sequencing,150%,200%,fig_3b,2,15,1.1848
2021-11-28,ZA,136,Omicron BA.2,Community,1.092466847584212,2021-11-08,20,Changing diagnostics,Changing sequencing,200%,200%,fig_3b,2,15,1.1848
2021-11-29,ZA,137,Omicron BA.2,Community,1.211221990008815,2021-11-08,21,Changing diagnostics,Changing sequencing,50%,200%,fig_3b,2,15,1.1848
2021-11-29,ZA,137,Omicron BA.2,Community,1.211221990008815,2021-11-08,21,Changing diagnostics,Changing sequencing,100%,200%,fig_3b,2,15,1.1848
2021-11-29,ZA,137,Omicron BA.2,Community,1.211221990008815,2021-11-08,21,Changing diagnostics,Changing sequencing,150%,200%,fig_3b,2,15,1.1848
2021-11-29,ZA,137,Omicron BA.2,Community,1.211221990008815,2021-11-08,21,Changing diagnostics,Changing sequencing,200%,200%,fig_3b,2,15,1.1848
2021-11-23,ZA,138,Omicron BA.2,Community,1.385481240946015,2021-11-08,15,Changing diagnostics,Changing sequencing,50%,200%,fig_3b,2,15,1.1848
2021-11-23,ZA,138,Omicron BA.2,Community,1.385481240946015,2021-11-08,15,Changing diagnostics,Changing sequencing,100%,200%,fig_3b,2,15,1.1848
2021-11-23,ZA,138,Omicron BA.2,Community,1.385481240946015,2021-11-08,15,Changing diagnostics,Changing sequencing,150%,200%,fig_3b,2,15,1.1848
2021-11-23,ZA,138,Omicron BA.2,Community,1.385481240946015,2021-11-08,15,Changing diagnostics,Changing sequencing,200%,200%,fig_3b,2,15,1.1848
2021-11-21,ZA,139,Omicron BA.2,Community,1.632411799896237,2021-11-08,13,Changing diagnostics,Changing sequencing,50%,200%,fig_3b,2,15,1.1848
2021-11-21,ZA,139,Omicron BA.2,Community,1.632411799896237,2021-11-08,13,Changing diagnostics,Changing sequencing,100%,200%,fig_3b,2,15,1.1848
2021-11-21,ZA,139,Omicron BA.2,Community,1.6324117998962369,2021-11-08,13,Changing diagnostics,Changing sequencing,150%,200%,fig_3b,2,15,1.1848
2021-11-21,ZA,139,Omicron BA.2,Community,1.632411799896237,2021-11-08,13,Changing diagnostics,Changing sequencing,200%,200%,fig_3b,2,15,1.1848
2021-11-27,ZA,14,Omicron BA.2,Community,1.8100795958658815,2021-11-08,19,Changing diagnostics,Changing sequencing,50%,200%,fig_3b,2,15,1.1848
2021-11-27,ZA,14,Omicron BA.2,Community,1.8100795958658815,2021-11-08,19,Changing diagnostics,Changing sequencing,100%,200%,fig_3b,2,15,1.1848
2021-11-27,ZA,14,Omicron BA.2,Community,1.8100795958658817,2021-11-08,19,Changing diagnostics,Changing sequencing,150%,200%,fig_3b,2,15,1.1848
2021-11-27,ZA,14,Omicron BA.2,Community,1.8100795958658815,2021-11-08,19,Changing diagnostics,Changing sequencing,200%,200%,fig_3b,2,15,1.1848
2021-11-25,ZA,140,Omicron BA.2,Community,1.0882726410164696,2021-11-08,17,Changing diagnostics,Changing sequencing,50%,200%,fig_3b,2,15,1.1848
2021-11-25,ZA,140,Omicron BA.2,Community,1.0882726410164696,2021-11-08,17,Changing diagnostics,Changing sequencing,100%,200%,fig_3b,2,15,1.1848
2021-11-25,ZA,140,Omicron BA.2,Community,1.0882726410164698,2021-11-08,17,Changing diagnostics,Changing sequencing,150%,200%,fig_3b,2,15,1.1848
2021-11-25,ZA,140,Omicron BA.2,Community,1.0882726410164696,2021-11-08,17,Changing diagnostics,Changing sequencing,200%,200%,fig_3b,2,15,1.1848
2021-11-17,ZA,141,Omicron BA.2,Community,1.0711968344416498,2021-11-08,9,Changing diagnostics,Changing sequencing,50%,200%,fig_3b,2,15,1.1848
2021-11-17,ZA,141,Omicron BA.2,Community,1.0711968344416498,2021-11-08,9,Changing diagnostics,Changing sequencing,100%,200%,fig_3b,2,15,1.1848
2021-11-17,ZA,141,Omicron BA.2,Community,1.0711968344416498,2021-11-08,9,Changing diagnostics,Changing sequencing,150%,200%,fig_3b,2,15,1.1848
2021-11-17,ZA,141,Omicron BA.2,Community,1.0711968344416498,2021-11-08,9,Changing diagnostics,Changing sequencing,200%,200%,fig_3b,2,15,1.1848
2021-11-22,ZA,142,Omicron BA.2,Community,1.3236840749354468,2021-11-08,14,Changing diagnostics,Changing sequencing,50%,200%,fig_3b,2,15,1.1848
2021-11-22,ZA,142,Omicron BA.2,Community,1.3236840749354468,2021-11-08,14,Changing diagnostics,Changing sequencing,100%,200%,fig_3b,2,15,1.1848
2021-11-22,ZA,142,Omicron BA.2,Community,1.323684074935447,2021-11-08,14,Changing diagnostics,Changing sequencing,150%,200%,fig_3b,2,15,1.1848
2021-11-22,ZA,142,Omicron BA.2,Community,1.3236840749354468,2021-11-08,14,Changing diagnostics,Changing sequencing,200%,200%,fig_3b,2,15,1.1848
2021-11-22,ZA,143,Omicron BA.2,Community,1.4214057180514865,2021-11-08,14,Changing diagnostics,Changing sequencing,50%,200%,fig_3b,2,15,1.1848
2021-11-22,ZA,143,Omicron BA.2,Community,1.4214057180514865,2021-11-08,14,Changing diagnostics,Changing sequencing,100%,200%,fig_3b,2,15,1.1848
2021-11-22,ZA,143,Omicron BA.2,Community,1.4214057180514865,2021-11-08,14,Changing diagnostics,Changing sequencing,150%,200%,fig_3b,2,15,1.1848
2021-11-22,ZA,143,Omicron BA.2,Community,1.4214057180514865,2021-11-08,14,Changing diagnostics,Changing sequencing,200%,200%,fig_3b,2,15,1.1848
2021-11-25,ZA,144,Omicron BA.2,Community,1.3489118605506922,2021-11-08,17,Changing diagnostics,Changing sequencing,50%,200%,fig_3b,2,15,1.1848
2021-11-25,ZA,144,Omicron BA.2,Community,1.3489118605506922,2021-11-08,17,Changing diagnostics,Changing sequencing,100%,200%,fig_3b,2,15,1.1848
2021-11-25,ZA,144,Omicron BA.2,Community,1.3489118605506925,2021-11-08,17,Changing diagnostics,Changing sequencing,150%,200%,fig_3b,2,15,1.1848
2021-11-25,ZA,144,Omicron BA.2,Community,1.3489118605506922,2021-11-08,17,Changing diagnostics,Changing sequencing,200%,200%,fig_3b,2,15,1.1848
2021-11-20,ZA,145,Omicron BA.2,Community,1.070122664896414,2021-11-08,12,Changing diagnostics,Changing sequencing,50%,200%,fig_3b,2,15,1.1848
2021-11-20,ZA,145,Omicron BA.2,Community,1.070122664896414,2021-11-08,12,Changing diagnostics,Changing sequencing,100%,200%,fig_3b,2,15,1.1848
2021-11-20,ZA,145,Omicron BA.2,Community,1.070122664896414,2021-11-08,12,Changing diagnostics,Changing sequencing,150%,200%,fig_3b,2,15,1.1848
2021-11-20,ZA,145,Omicron BA.2,Community,1.070122664896414,2021-11-08,12,Changing diagnostics,Changing sequencing,200%,200%,fig_3b,2,15,1.1848
2021-11-22,ZA,146,Omicron BA.2,Community,1.2501081058760508,2021-11-08,14,Changing diagnostics,Changing sequencing,50%,200%,fig_3b,2,15,1.1848
2021-11-22,ZA,146,Omicron BA.2,Community,1.2501081058760508,2021-11-08,14,Changing diagnostics,Changing sequencing,100%,200%,fig_3b,2,15,1.1848
2021-11-22,ZA,146,Omicron BA.2,Community,1.250108105876051,2021-11-08,14,Changing diagnostics,Changing sequencing,150%,200%,fig_3b,2,15,1.1848
2021-11-22,ZA,146,Omicron BA.2,Community,1.2501081058760508,2021-11-08,14,Changing diagnostics,Changing sequencing,200%,200%,fig_3b,2,15,1.1848
2021-11-22,ZA,147,Omicron BA.2,Community,1.2546638934339083,2021-11-08,14,Changing diagnostics,Changing sequencing,50%,200%,fig_3b,2,15,1.1848
2021-11-22,ZA,147,Omicron BA.2,Community,1.2546638934339083,2021-11-08,14,Changing diagnostics,Changing sequencing,100%,200%,fig_3b,2,15,1.1848
2021-11-22,ZA,147,Omicron BA.2,Community,1.2546638934339085,2021-11-08,14,Changing diagnostics,Changing sequencing,150%,200%,fig_3b,2,15,1.1848
2021-11-22,ZA,147,Omicron BA.2,Community,1.2546638934339083,2021-11-08,14,Changing diagnostics,Changing sequencing,200%,200%,fig_3b,2,15,1.1848
2021-11-23,ZA,148,Omicron BA.2,Community,1.1441640353332876,2021-11-08,15,Changing diagnostics,Changing sequencing,50%,200%,fig_3b,2,15,1.1848
2021-11-23,ZA,148,Omicron BA.2,Community,1.1441640353332876,2021-11-08,15,Changing diagnostics,Changing sequencing,100%,200%,fig_3b,2,15,1.1848
2021-11-23,ZA,148,Omicron BA.2,Community,1.144164035333288,2021-11-08,15,Changing diagnostics,Changing sequencing,150%,200%,fig_3b,2,15,1.1848
2021-11-23,ZA,148,Omicron BA.2,Community,1.1441640353332876,2021-11-08,15,Changing diagnostics,Changing sequencing,200%,200%,fig_3b,2,15,1.1848
2021-11-22,ZA,149,Omicron BA.2,Community,1.3558023772183414,2021-11-08,14,Changing diagnostics,Changing sequencing,50%,200%,fig_3b,2,15,1.1848
2021-11-22,ZA,149,Omicron BA.2,Community,1.3558023772183414,2021-11-08,14,Changing diagnostics,Changing sequencing,100%,200%,fig_3b,2,15,1.1848
2021-11-22,ZA,149,Omicron BA.2,Community,1.355802377218341,2021-11-08,14,Changing diagnostics,Changing sequencing,150%,200%,fig_3b,2,15,1.1848
2021-11-22,ZA,149,Omicron BA.2,Community,1.3558023772183414,2021-11-08,14,Changing diagnostics,Changing sequencing,200%,200%,fig_3b,2,15,1.1848
2021-11-23,ZA,15,Omicron BA.2,Community,1.3036869056441789,2021-11-08,15,Changing diagnostics,Changing sequencing,50%,200%,fig_3b,2,15,1.1848
2021-11-23,ZA,15,Omicron BA.2,Community,1.3036869056441789,2021-11-08,15,Changing diagnostics,Changing sequencing,100%,200%,fig_3b,2,15,1.1848
2021-11-23,ZA,15,Omicron BA.2,Community,1.303686905644179,2021-11-08,15,Changing diagnostics,Changing sequencing,150%,200%,fig_3b,2,15,1.1848
2021-11-23,ZA,15,Omicron BA.2,Community,1.3036869056441789,2021-11-08,15,Changing diagnostics,Changing sequencing,200%,200%,fig_3b,2,15,1.1848
2021-11-23,ZA,150,Omicron BA.2,Community,1.16377554262788,2021-11-08,15,Changing diagnostics,Changing sequencing,50%,200%,fig_3b,2,15,1.1848
2021-11-23,ZA,150,Omicron BA.2,Community,1.16377554262788,2021-11-08,15,Changing diagnostics,Changing sequencing,100%,200%,fig_3b,2,15,1.1848
2021-11-23,ZA,150,Omicron BA.2,Community,1.1637755426278802,2021-11-08,15,Changing diagnostics,Changing sequencing,150%,200%,fig_3b,2,15,1.1848
2021-11-23,ZA,150,Omicron BA.2,Community,1.16377554262788,2021-11-08,15,Changing diagnostics,Changing sequencing,200%,200%,fig_3b,2,15,1.1848
2021-11-23,ZA,151,Omicron BA.2,Community,1.1998894158167024,2021-11-08,15,Changing diagnostics,Changing sequencing,50%,200%,fig_3b,2,15,1.1848
2021-11-23,ZA,151,Omicron BA.2,Community,1.1998894158167024,2021-11-08,15,Changing diagnostics,Changing sequencing,100%,200%,fig_3b,2,15,1.1848
2021-11-23,ZA,151,Omicron BA.2,Community,1.1998894158167024,2021-11-08,15,Changing diagnostics,Changing sequencing,150%,200%,fig_3b,2,15,1.1848
2021-11-23,ZA,151,Omicron BA.2,Community,1.1998894158167024,2021-11-08,15,Changing diagnostics,Changing sequencing,200%,200%,fig_3b,2,15,1.1848
2021-11-25,ZA,152,Omicron BA.2,Community,1.0309795096154386,2021-11-08,17,Changing diagnostics,Changing sequencing,50%,200%,fig_3b,2,15,1.1848
2021-11-25,ZA,152,Omicron BA.2,Community,1.0309795096154386,2021-11-08,17,Changing diagnostics,Changing sequencing,100%,200%,fig_3b,2,15,1.1848
2021-11-25,ZA,152,Omicron BA.2,Community,1.030979509615439,2021-11-08,17,Changing diagnostics,Changing sequencing,150%,200%,fig_3b,2,15,1.1848
2021-11-25,ZA,152,Omicron BA.2,Community,1.0309795096154386,2021-11-08,17,Changing diagnostics,Changing sequencing,200%,200%,fig_3b,2,15,1.1848
2021-11-25,ZA,153,Omicron BA.2,Community,1.4715132246368356,2021-11-08,17,Changing diagnostics,Changing sequencing,50%,200%,fig_3b,2,15,1.1848
2021-11-25,ZA,153,Omicron BA.2,Community,1.4715132246368356,2021-11-08,17,Changing diagnostics,Changing sequencing,100%,200%,fig_3b,2,15,1.1848
2021-11-25,ZA,153,Omicron BA.2,Community,1.4715132246368356,2021-11-08,17,Changing diagnostics,Changing sequencing,150%,200%,fig_3b,2,15,1.1848
2021-11-25,ZA,153,Omicron BA.2,Community,1.4715132246368356,2021-11-08,17,Changing diagnostics,Changing sequencing,200%,200%,fig_3b,2,15,1.1848
2021-11-23,ZA,154,Omicron BA.2,Community,1.0032960134245699,2021-11-08,15,Changing diagnostics,Changing sequencing,50%,200%,fig_3b,2,15,1.1848
2021-11-23,ZA,154,Omicron BA.2,Community,1.0032960134245699,2021-11-08,15,Changing diagnostics,Changing sequencing,100%,200%,fig_3b,2,15,1.1848
2021-11-23,ZA,154,Omicron BA.2,Community,1.0032960134245699,2021-11-08,15,Changing diagnostics,Changing sequencing,150%,200%,fig_3b,2,15,1.1848
2021-11-23,ZA,154,Omicron BA.2,Community,1.0032960134245699,2021-11-08,15,Changing diagnostics,Changing sequencing,200%,200%,fig_3b,2,15,1.1848
2021-11-25,ZA,155,Omicron BA.2,Community,1.435593696660024,2021-11-08,17,Changing diagnostics,Changing sequencing,50%,200%,fig_3b,2,15,1.1848
2021-11-25,ZA,155,Omicron BA.2,Community,1.435593696660024,2021-11-08,17,Changing diagnostics,Changing sequencing,100%,200%,fig_3b,2,15,1.1848
2021-11-25,ZA,155,Omicron BA.2,Community,1.4355936966600238,2021-11-08,17,Changing diagnostics,Changing sequencing,150%,200%,fig_3b,2,15,1.1848
2021-11-25,ZA,155,Omicron BA.2,Community,1.435593696660024,2021-11-08,17,Changing diagnostics,Changing sequencing,200%,200%,fig_3b,2,15,1.1848
2021-11-25,ZA,156,Omicron BA.2,Community,1.1280512918337655,2021-11-08,17,Changing diagnostics,Changing sequencing,50%,200%,fig_3b,2,15,1.1848
2021-11-25,ZA,156,Omicron BA.2,Community,1.1280512918337655,2021-11-08,17,Changing diagnostics,Changing sequencing,100%,200%,fig_3b,2,15,1.1848
2021-11-25,ZA,156,Omicron BA.2,Community,1.1280512918337655,2021-11-08,17,Changing diagnostics,Changing sequencing,150%,200%,fig_3b,2,15,1.1848
2021-11-25,ZA,156,Omicron BA.2,Community,1.1280512918337655,2021-11-08,17,Changing diagnostics,Changing sequencing,200%,200%,fig_3b,2,15,1.1848
2021-11-22,ZA,157,Omicron BA.2,Community,1.0391751419472568,2021-11-08,14,Changing diagnostics,Changing sequencing,50%,200%,fig_3b,2,15,1.1848
2021-11-22,ZA,157,Omicron BA.2,Community,1.0391751419472568,2021-11-08,14,Changing diagnostics,Changing sequencing,100%,200%,fig_3b,2,15,1.1848
2021-11-22,ZA,157,Omicron BA.2,Community,1.0391751419472568,2021-11-08,14,Changing diagnostics,Changing sequencing,150%,200%,fig_3b,2,15,1.1848
2021-11-22,ZA,157,Omicron BA.2,Community,1.0391751419472568,2021-11-08,14,Changing diagnostics,Changing sequencing,200%,200%,fig_3b,2,15,1.1848
2021-11-25,ZA,158,Omicron BA.2,Community,1.1743607659195727,2021-11-08,17,Changing diagnostics,Changing sequencing,50%,200%,fig_3b,2,15,1.1848
2021-11-25,ZA,158,Omicron BA.2,Community,1.1743607659195727,2021-11-08,17,Changing diagnostics,Changing sequencing,100%,200%,fig_3b,2,15,1.1848
2021-11-25,ZA,158,Omicron BA.2,Community,1.1743607659195725,2021-11-08,17,Changing diagnostics,Changing sequencing,150%,200%,fig_3b,2,15,1.1848
2021-11-25,ZA,158,Omicron BA.2,Community,1.1743607659195727,2021-11-08,17,Changing diagnostics,Changing sequencing,200%,200%,fig_3b,2,15,1.1848
2021-11-22,ZA,159,Omicron BA.2,Community,1.2209510655057643,2021-11-08,14,Changing diagnostics,Changing sequencing,50%,200%,fig_3b,2,15,1.1848
2021-11-22,ZA,159,Omicron BA.2,Community,1.2209510655057643,2021-11-08,14,Changing diagnostics,Changing sequencing,100%,200%,fig_3b,2,15,1.1848
2021-11-22,ZA,159,Omicron BA.2,Community,1.2209510655057643,2021-11-08,14,Changing diagnostics,Changing sequencing,150%,200%,fig_3b,2,15,1.1848
2021-11-22,ZA,159,Omicron BA.2,Community,1.2209510655057643,2021-11-08,14,Changing diagnostics,Changing sequencing,200%,200%,fig_3b,2,15,1.1848
2021-11-23,ZA,16,Omicron BA.2,Community,1.165210530966509,2021-11-08,15,Changing diagnostics,Changing sequencing,50%,200%,fig_3b,2,15,1.1848
2021-11-23,ZA,16,Omicron BA.2,Community,1.165210530966509,2021-11-08,15,Changing diagnostics,Changing sequencing,100%,200%,fig_3b,2,15,1.1848
2021-11-23,ZA,16,Omicron BA.2,Community,1.1652105309665088,2021-11-08,15,Changing diagnostics,Changing sequencing,150%,200%,fig_3b,2,15,1.1848
2021-11-23,ZA,16,Omicron BA.2,Community,1.165210530966509,2021-11-08,15,Changing diagnostics,Changing sequencing,200%,200%,fig_3b,2,15,1.1848
2021-11-22,ZA,160,Omicron BA.2,Community,1.2022723365185488,2021-11-08,14,Changing diagnostics,Changing sequencing,50%,200%,fig_3b,2,15,1.1848
2021-11-22,ZA,160,Omicron BA.2,Community,1.2022723365185488,2021-11-08,14,Changing diagnostics,Changing sequencing,100%,200%,fig_3b,2,15,1.1848
2021-11-22,ZA,160,Omicron BA.2,Community,1.2022723365185493,2021-11-08,14,Changing diagnostics,Changing sequencing,150%,200%,fig_3b,2,15,1.1848
2021-11-22,ZA,160,Omicron BA.2,Community,1.2022723365185488,2021-11-08,14,Changing diagnostics,Changing sequencing,200%,200%,fig_3b,2,15,1.1848
2021-11-20,ZA,161,Omicron BA.2,Community,1.0307864934215247,2021-11-08,12,Changing diagnostics,Changing sequencing,50%,200%,fig_3b,2,15,1.1848
2021-11-20,ZA,161,Omicron BA.2,Community,1.0307864934215247,2021-11-08,12,Changing diagnostics,Changing sequencing,100%,200%,fig_3b,2,15,1.1848
2021-11-20,ZA,161,Omicron BA.2,Community,1.030786493421525,2021-11-08,12,Changing diagnostics,Changing sequencing,150%,200%,fig_3b,2,15,1.1848
2021-11-20,ZA,161,Omicron BA.2,Community,1.0307864934215247,2021-11-08,12,Changing diagnostics,Changing sequencing,200%,200%,fig_3b,2,15,1.1848
2021-11-21,ZA,162,Omicron BA.2,Community,1.0215078902361612,2021-11-08,13,Changing diagnostics,Changing sequencing,50%,200%,fig_3b,2,15,1.1848
2021-11-21,ZA,162,Omicron BA.2,Community,1.0215078902361612,2021-11-08,13,Changing diagnostics,Changing sequencing,100%,200%,fig_3b,2,15,1.1848
2021-11-21,ZA,162,Omicron BA.2,Community,1.0215078902361614,2021-11-08,13,Changing diagnostics,Changing sequencing,150%,200%,fig_3b,2,15,1.1848
2021-11-21,ZA,162,Omicron BA.2,Community,1.0215078902361612,2021-11-08,13,Changing diagnostics,Changing sequencing,200%,200%,fig_3b,2,15,1.1848
2021-11-25,ZA,163,Omicron BA.2,Community,1.5656164508240207,2021-11-08,17,Changing diagnostics,Changing sequencing,50%,200%,fig_3b,2,15,1.1848
2021-11-25,ZA,163,Omicron BA.2,Community,1.5656164508240207,2021-11-08,17,Changing diagnostics,Changing sequencing,100%,200%,fig_3b,2,15,1.1848
2021-11-25,ZA,163,Omicron BA.2,Community,1.565616450824021,2021-11-08,17,Changing diagnostics,Changing sequencing,150%,200%,fig_3b,2,15,1.1848
2021-11-25,ZA,163,Omicron BA.2,Community,1.5656164508240207,2021-11-08,17,Changing diagnostics,Changing sequencing,200%,200%,fig_3b,2,15,1.1848
2021-11-27,ZA,164,Omicron BA.2,Community,1.3950621323067596,2021-11-08,19,Changing diagnostics,Changing sequencing,50%,200%,fig_3b,2,15,1.1848
2021-11-27,ZA,164,Omicron BA.2,Community,1.3950621323067596,2021-11-08,19,Changing diagnostics,Changing sequencing,100%,200%,fig_3b,2,15,1.1848
2021-11-27,ZA,164,Omicron BA.2,Community,1.3950621323067598,2021-11-08,19,Changing diagnostics,Changing sequencing,150%,200%,fig_3b,2,15,1.1848
2021-11-27,ZA,164,Omicron BA.2,Community,1.3950621323067596,2021-11-08,19,Changing diagnostics,Changing sequencing,200%,200%,fig_3b,2,15,1.1848
2021-11-25,ZA,165,Omicron BA.2,Community,1.0576965138957122,2021-11-08,17,Changing diagnostics,Changing sequencing,50%,200%,fig_3b,2,15,1.1848
2021-11-25,ZA,165,Omicron BA.2,Community,1.0576965138957122,2021-11-08,17,Changing diagnostics,Changing sequencing,100%,200%,fig_3b,2,15,1.1848
2021-11-25,ZA,165,Omicron BA.2,Community,1.0576965138957122,2021-11-08,17,Changing diagnostics,Changing sequencing,150%,200%,fig_3b,2,15,1.1848
2021-11-25,ZA,165,Omicron BA.2,Community,1.0576965138957122,2021-11-08,17,Changing diagnostics,Changing sequencing,200%,200%,fig_3b,2,15,1.1848
2021-11-23,ZA,166,Omicron BA.2,Community,1.2063468633405319,2021-11-08,15,Changing diagnostics,Changing sequencing,50%,200%,fig_3b,2,15,1.1848
2021-11-23,ZA,166,Omicron BA.2,Community,1.2063468633405319,2021-11-08,15,Changing diagnostics,Changing sequencing,100%,200%,fig_3b,2,15,1.1848
2021-11-23,ZA,166,Omicron BA.2,Community,1.2063468633405316,2021-11-08,15,Changing diagnostics,Changing sequencing,150%,200%,fig_3b,2,15,1.1848
2021-11-23,ZA,166,Omicron BA.2,Community,1.2063468633405319,2021-11-08,15,Changing diagnostics,Changing sequencing,200%,200%,fig_3b,2,15,1.1848
2021-11-22,ZA,167,Omicron BA.2,Community,1.379720261897092,2021-11-08,14,Changing diagnostics,Changing sequencing,50%,200%,fig_3b,2,15,1.1848
2021-11-22,ZA,167,Omicron BA.2,Community,1.379720261897092,2021-11-08,14,Changing diagnostics,Changing sequencing,100%,200%,fig_3b,2,15,1.1848
2021-11-22,ZA,167,Omicron BA.2,Community,1.379720261897092,2021-11-08,14,Changing diagnostics,Changing sequencing,150%,200%,fig_3b,2,15,1.1848
2021-11-22,ZA,167,Omicron BA.2,Community,1.379720261897092,2021-11-08,14,Changing diagnostics,Changing sequencing,200%,200%,fig_3b,2,15,1.1848
2021-11-25,ZA,168,Omicron BA.2,Community,1.3791911320683357,2021-11-08,17,Changing diagnostics,Changing sequencing,50%,200%,fig_3b,2,15,1.1848
2021-11-25,ZA,168,Omicron BA.2,Community,1.3791911320683357,2021-11-08,17,Changing diagnostics,Changing sequencing,100%,200%,fig_3b,2,15,1.1848
2021-11-25,ZA,168,Omicron BA.2,Community,1.3791911320683357,2021-11-08,17,Changing diagnostics,Changing sequencing,150%,200%,fig_3b,2,15,1.1848
2021-11-25,ZA,168,Omicron BA.2,Community,1.3791911320683357,2021-11-08,17,Changing diagnostics,Changing sequencing,200%,200%,fig_3b,2,15,1.1848
2021-11-22,ZA,169,Omicron BA.2,Community,1.6407668889623173,2021-11-08,14,Changing diagnostics,Changing sequencing,50%,200%,fig_3b,2,15,1.1848
2021-11-22,ZA,169,Omicron BA.2,Community,1.6407668889623173,2021-11-08,14,Changing diagnostics,Changing sequencing,100%,200%,fig_3b,2,15,1.1848
2021-11-22,ZA,169,Omicron BA.2,Community,1.6407668889623175,2021-11-08,14,Changing diagnostics,Changing sequencing,150%,200%,fig_3b,2,15,1.1848
2021-11-22,ZA,169,Omicron BA.2,Community,1.6407668889623173,2021-11-08,14,Changing diagnostics,Changing sequencing,200%,200%,fig_3b,2,15,1.1848
2021-11-20,ZA,17,Omicron BA.2,Community,1.238418898536138,2021-11-08,12,Changing diagnostics,Changing sequencing,50%,200%,fig_3b,2,15,1.1848
2021-11-20,ZA,17,Omicron BA.2,Community,1.238418898536138,2021-11-08,12,Changing diagnostics,Changing sequencing,100%,200%,fig_3b,2,15,1.1848
2021-11-20,ZA,17,Omicron BA.2,Community,1.2384188985361377,2021-11-08,12,Changing diagnostics,Changing sequencing,150%,200%,fig_3b,2,15,1.1848
2021-11-20,ZA,17,Omicron BA.2,Community,1.238418898536138,2021-11-08,12,Changing diagnostics,Changing sequencing,200%,200%,fig_3b,2,15,1.1848
2021-11-25,ZA,170,Omicron BA.2,Community,1.0562122358801413,2021-11-08,17,Changing diagnostics,Changing sequencing,50%,200%,fig_3b,2,15,1.1848
2021-11-25,ZA,170,Omicron BA.2,Community,1.0562122358801413,2021-11-08,17,Changing diagnostics,Changing sequencing,100%,200%,fig_3b,2,15,1.1848
2021-11-25,ZA,170,Omicron BA.2,Community,1.0562122358801416,2021-11-08,17,Changing diagnostics,Changing sequencing,150%,200%,fig_3b,2,15,1.1848
2021-11-25,ZA,170,Omicron BA.2,Community,1.0562122358801413,2021-11-08,17,Changing diagnostics,Changing sequencing,200%,200%,fig_3b,2,15,1.1848
2021-11-22,ZA,171,Omicron BA.2,Community,1.1865548694439414,2021-11-08,14,Changing diagnostics,Changing sequencing,50%,200%,fig_3b,2,15,1.1848
2021-11-22,ZA,171,Omicron BA.2,Community,1.1865548694439414,2021-11-08,14,Changing diagnostics,Changing sequencing,100%,200%,fig_3b,2,15,1.1848
2021-11-22,ZA,171,Omicron BA.2,Community,1.1865548694439416,2021-11-08,14,Changing diagnostics,Changing sequencing,150%,200%,fig_3b,2,15,1.1848
2021-11-22,ZA,171,Omicron BA.2,Community,1.1865548694439414,2021-11-08,14,Changing diagnostics,Changing sequencing,200%,200%,fig_3b,2,15,1.1848
2021-11-21,ZA,172,Omicron BA.2,Community,1.0734858305739174,2021-11-08,13,Changing diagnostics,Changing sequencing,50%,200%,fig_3b,2,15,1.1848
2021-11-21,ZA,172,Omicron BA.2,Community,1.0734858305739174,2021-11-08,13,Changing diagnostics,Changing sequencing,100%,200%,fig_3b,2,15,1.1848
2021-11-21,ZA,172,Omicron BA.2,Community,1.0734858305739179,2021-11-08,13,Changing diagnostics,Changing sequencing,150%,200%,fig_3b,2,15,1.1848
2021-11-21,ZA,172,Omicron BA.2,Community,1.0734858305739174,2021-11-08,13,Changing diagnostics,Changing sequencing,200%,200%,fig_3b,2,15,1.1848
2021-11-23,ZA,173,Omicron BA.2,Community,1.1015927146206363,2021-11-08,15,Changing diagnostics,Changing sequencing,50%,200%,fig_3b,2,15,1.1848
2021-11-23,ZA,173,Omicron BA.2,Community,1.1015927146206363,2021-11-08,15,Changing diagnostics,Changing sequencing,100%,200%,fig_3b,2,15,1.1848
2021-11-23,ZA,173,Omicron BA.2,Community,1.1015927146206361,2021-11-08,15,Changing diagnostics,Changing sequencing,150%,200%,fig_3b,2,15,1.1848
2021-11-23,ZA,173,Omicron BA.2,Community,1.1015927146206363,2021-11-08,15,Changing diagnostics,Changing sequencing,200%,200%,fig_3b,2,15,1.1848
2021-11-25,ZA,174,Omicron BA.2,Community,1.0208864191095577,2021-11-08,17,Changing diagnostics,Changing sequencing,50%,200%,fig_3b,2,15,1.1848
2021-11-25,ZA,174,Omicron BA.2,Community,1.0208864191095577,2021-11-08,17,Changing diagnostics,Changing sequencing,100%,200%,fig_3b,2,15,1.1848
2021-11-25,ZA,174,Omicron BA.2,Community,1.020886419109558,2021-11-08,17,Changing diagnostics,Changing sequencing,150%,200%,fig_3b,2,15,1.1848
2021-11-25,ZA,174,Omicron BA.2,Community,1.0208864191095577,2021-11-08,17,Changing diagnostics,Changing sequencing,200%,200%,fig_3b,2,15,1.1848
2021-11-23,ZA,175,Omicron BA.2,Community,1.3065568823214364,2021-11-08,15,Changing diagnostics,Changing sequencing,50%,200%,fig_3b,2,15,1.1848
2021-11-23,ZA,175,Omicron BA.2,Community,1.3065568823214364,2021-11-08,15,Changing diagnostics,Changing sequencing,100%,200%,fig_3b,2,15,1.1848
2021-11-23,ZA,175,Omicron BA.2,Community,1.3065568823214362,2021-11-08,15,Changing diagnostics,Changing sequencing,150%,200%,fig_3b,2,15,1.1848
2021-11-23,ZA,175,Omicron BA.2,Community,1.3065568823214364,2021-11-08,15,Changing diagnostics,Changing sequencing,200%,200%,fig_3b,2,15,1.1848
2021-11-22,ZA,176,Omicron BA.2,Community,1.0059178927748982,2021-11-08,14,Changing diagnostics,Changing sequencing,50%,200%,fig_3b,2,15,1.1848
2021-11-22,ZA,176,Omicron BA.2,Community,1.0059178927748982,2021-11-08,14,Changing diagnostics,Changing sequencing,100%,200%,fig_3b,2,15,1.1848
2021-11-22,ZA,176,Omicron BA.2,Community,1.0059178927748982,2021-11-08,14,Changing diagnostics,Changing sequencing,150%,200%,fig_3b,2,15,1.1848
2021-11-22,ZA,176,Omicron BA.2,Community,1.0059178927748982,2021-11-08,14,Changing diagnostics,Changing sequencing,200%,200%,fig_3b,2,15,1.1848
2021-11-22,ZA,177,Omicron BA.2,Community,1.1478306752021543,2021-11-08,14,Changing diagnostics,Changing sequencing,50%,200%,fig_3b,2,15,1.1848
2021-11-22,ZA,177,Omicron BA.2,Community,1.1478306752021543,2021-11-08,14,Changing diagnostics,Changing sequencing,100%,200%,fig_3b,2,15,1.1848
2021-11-22,ZA,177,Omicron BA.2,Community,1.1478306752021539,2021-11-08,14,Changing diagnostics,Changing sequencing,150%,200%,fig_3b,2,15,1.1848
2021-11-22,ZA,177,Omicron BA.2,Community,1.1478306752021543,2021-11-08,14,Changing diagnostics,Changing sequencing,200%,200%,fig_3b,2,15,1.1848
2021-11-22,ZA,178,Omicron BA.2,Community,1.3359847013416617,2021-11-08,14,Changing diagnostics,Changing sequencing,50%,200%,fig_3b,2,15,1.1848
2021-11-22,ZA,178,Omicron BA.2,Community,1.3359847013416617,2021-11-08,14,Changing diagnostics,Changing sequencing,100%,200%,fig_3b,2,15,1.1848
2021-11-22,ZA,178,Omicron BA.2,Community,1.3359847013416617,2021-11-08,14,Changing diagnostics,Changing sequencing,150%,200%,fig_3b,2,15,1.1848
2021-11-22,ZA,178,Omicron BA.2,Community,1.3359847013416617,2021-11-08,14,Changing diagnostics,Changing sequencing,200%,200%,fig_3b,2,15,1.1848
2021-11-26,ZA,179,Omicron BA.2,Community,1.0531244634362709,2021-11-08,18,Changing diagnostics,Changing sequencing,50%,200%,fig_3b,2,15,1.1848
2021-11-26,ZA,179,Omicron BA.2,Community,1.0531244634362709,2021-11-08,18,Changing diagnostics,Changing sequencing,100%,200%,fig_3b,2,15,1.1848
2021-11-26,ZA,179,Omicron BA.2,Community,1.0531244634362706,2021-11-08,18,Changing diagnostics,Changing sequencing,150%,200%,fig_3b,2,15,1.1848
2021-11-26,ZA,179,Omicron BA.2,Community,1.0531244634362709,2021-11-08,18,Changing diagnostics,Changing sequencing,200%,200%,fig_3b,2,15,1.1848
2021-11-22,ZA,18,Omicron BA.2,Community,1.1637759316546548,2021-11-08,14,Changing diagnostics,Changing sequencing,50%,200%,fig_3b,2,15,1.1848
2021-11-22,ZA,18,Omicron BA.2,Community,1.1637759316546548,2021-11-08,14,Changing diagnostics,Changing sequencing,100%,200%,fig_3b,2,15,1.1848
2021-11-22,ZA,18,Omicron BA.2,Community,1.1637759316546548,2021-11-08,14,Changing diagnostics,Changing sequencing,150%,200%,fig_3b,2,15,1.1848
2021-11-22,ZA,18,Omicron BA.2,Community,1.1637759316546548,2021-11-08,14,Changing diagnostics,Changing sequencing,200%,200%,fig_3b,2,15,1.1848
2021-11-23,ZA,180,Omicron BA.2,Community,1.0884386548498732,2021-11-08,15,Changing diagnostics,Changing sequencing,50%,200%,fig_3b,2,15,1.1848
2021-11-23,ZA,180,Omicron BA.2,Community,1.0884386548498732,2021-11-08,15,Changing diagnostics,Changing sequencing,100%,200%,fig_3b,2,15,1.1848
2021-11-23,ZA,180,Omicron BA.2,Community,1.0884386548498732,2021-11-08,15,Changing diagnostics,Changing sequencing,150%,200%,fig_3b,2,15,1.1848
2021-11-23,ZA,180,Omicron BA.2,Community,1.0884386548498732,2021-11-08,15,Changing diagnostics,Changing sequencing,200%,200%,fig_3b,2,15,1.1848
2021-11-17,ZA,181,Omicron BA.2,Community,1.216463372703563,2021-11-08,9,Changing diagnostics,Changing sequencing,50%,200%,fig_3b,2,15,1.1848
2021-11-17,ZA,181,Omicron BA.2,Community,1.216463372703563,2021-11-08,9,Changing diagnostics,Changing sequencing,100%,200%,fig_3b,2,15,1.1848
2021-11-17,ZA,181,Omicron BA.2,Community,1.216463372703563,2021-11-08,9,Changing diagnostics,Changing sequencing,150%,200%,fig_3b,2,15,1.1848
2021-11-17,ZA,181,Omicron BA.2,Community,1.216463372703563,2021-11-08,9,Changing diagnostics,Changing sequencing,200%,200%,fig_3b,2,15,1.1848
2021-11-22,ZA,182,Omicron BA.2,Community,1.7917912465052876,2021-11-08,14,Changing diagnostics,Changing sequencing,50%,200%,fig_3b,2,15,1.1848
2021-11-22,ZA,182,Omicron BA.2,Community,1.7917912465052876,2021-11-08,14,Changing diagnostics,Changing sequencing,100%,200%,fig_3b,2,15,1.1848
2021-11-22,ZA,182,Omicron BA.2,Community,1.7917912465052874,2021-11-08,14,Changing diagnostics,Changing sequencing,150%,200%,fig_3b,2,15,1.1848
2021-11-22,ZA,182,Omicron BA.2,Community,1.7917912465052876,2021-11-08,14,Changing diagnostics,Changing sequencing,200%,200%,fig_3b,2,15,1.1848
2021-11-25,ZA,183,Omicron BA.2,Community,1.0476034233898313,2021-11-08,17,Changing diagnostics,Changing sequencing,50%,200%,fig_3b,2,15,1.1848
2021-11-25,ZA,183,Omicron BA.2,Community,1.0476034233898313,2021-11-08,17,Changing diagnostics,Changing sequencing,100%,200%,fig_3b,2,15,1.1848
2021-11-25,ZA,183,Omicron BA.2,Community,1.0476034233898315,2021-11-08,17,Changing diagnostics,Changing sequencing,150%,200%,fig_3b,2,15,1.1848
2021-11-25,ZA,183,Omicron BA.2,Community,1.0476034233898313,2021-11-08,17,Changing diagnostics,Changing sequencing,200%,200%,fig_3b,2,15,1.1848
2021-12-03,ZA,184,Omicron BA.2,Community,1.576373109435463,2021-11-08,25,Changing diagnostics,Changing sequencing,50%,200%,fig_3b,2,15,1.1848
2021-12-03,ZA,184,Omicron BA.2,Community,1.576373109435463,2021-11-08,25,Changing diagnostics,Changing sequencing,100%,200%,fig_3b,2,15,1.1848
2021-12-03,ZA,184,Omicron BA.2,Community,1.5763731094354627,2021-11-08,25,Changing diagnostics,Changing sequencing,150%,200%,fig_3b,2,15,1.1848
2021-12-03,ZA,184,Omicron BA.2,Community,1.576373109435463,2021-11-08,25,Changing diagnostics,Changing sequencing,200%,200%,fig_3b,2,15,1.1848
2021-11-25,ZA,185,Omicron BA.2,Community,1.1651582422230342,2021-11-08,17,Changing diagnostics,Changing sequencing,50%,200%,fig_3b,2,15,1.1848
2021-11-25,ZA,185,Omicron BA.2,Community,1.1651582422230342,2021-11-08,17,Changing diagnostics,Changing sequencing,100%,200%,fig_3b,2,15,1.1848
2021-11-25,ZA,185,Omicron BA.2,Community,1.165158242223034,2021-11-08,17,Changing diagnostics,Changing sequencing,150%,200%,fig_3b,2,15,1.1848
2021-11-25,ZA,185,Omicron BA.2,Community,1.1651582422230342,2021-11-08,17,Changing diagnostics,Changing sequencing,200%,200%,fig_3b,2,15,1.1848
2021-11-27,ZA,186,Omicron BA.2,Community,1.025873071788117,2021-11-08,19,Changing diagnostics,Changing sequencing,50%,200%,fig_3b,2,15,1.1848
2021-11-27,ZA,186,Omicron BA.2,Community,1.025873071788117,2021-11-08,19,Changing diagnostics,Changing sequencing,100%,200%,fig_3b,2,15,1.1848
2021-11-27,ZA,186,Omicron BA.2,Community,1.0258730717881168,2021-11-08,19,Changing diagnostics,Changing sequencing,150%,200%,fig_3b,2,15,1.1848
2021-11-27,ZA,186,Omicron BA.2,Community,1.025873071788117,2021-11-08,19,Changing diagnostics,Changing sequencing,200%,200%,fig_3b,2,15,1.1848
2021-11-26,ZA,187,Omicron BA.2,Community,1.0969033094913583,2021-11-08,18,Changing diagnostics,Changing sequencing,50%,200%,fig_3b,2,15,1.1848
2021-11-26,ZA,187,Omicron BA.2,Community,1.0969033094913583,2021-11-08,18,Changing diagnostics,Changing sequencing,100%,200%,fig_3b,2,15,1.1848
2021-11-26,ZA,187,Omicron BA.2,Community,1.0969033094913583,2021-11-08,18,Changing diagnostics,Changing sequencing,150%,200%,fig_3b,2,15,1.1848
2021-11-26,ZA,187,Omicron BA.2,Community,1.0969033094913583,2021-11-08,18,Changing diagnostics,Changing sequencing,200%,200%,fig_3b,2,15,1.1848
2021-11-23,ZA,188,Omicron BA.2,Community,1.2510706665611264,2021-11-08,15,Changing diagnostics,Changing sequencing,50%,200%,fig_3b,2,15,1.1848
2021-11-23,ZA,188,Omicron BA.2,Community,1.2510706665611264,2021-11-08,15,Changing diagnostics,Changing sequencing,100%,200%,fig_3b,2,15,1.1848
2021-11-23,ZA,188,Omicron BA.2,Community,1.2510706665611264,2021-11-08,15,Changing diagnostics,Changing sequencing,150%,200%,fig_3b,2,15,1.1848
2021-11-23,ZA,188,Omicron BA.2,Community,1.2510706665611264,2021-11-08,15,Changing diagnostics,Changing sequencing,200%,200%,fig_3b,2,15,1.1848
2021-11-22,ZA,189,Omicron BA.2,Community,1.0990837483330806,2021-11-08,14,Changing diagnostics,Changing sequencing,50%,200%,fig_3b,2,15,1.1848
2021-11-22,ZA,189,Omicron BA.2,Community,1.0990837483330806,2021-11-08,14,Changing diagnostics,Changing sequencing,100%,200%,fig_3b,2,15,1.1848
2021-11-22,ZA,189,Omicron BA.2,Community,1.0990837483330806,2021-11-08,14,Changing diagnostics,Changing sequencing,150%,200%,fig_3b,2,15,1.1848
2021-11-22,ZA,189,Omicron BA.2,Community,1.0990837483330806,2021-11-08,14,Changing diagnostics,Changing sequencing,200%,200%,fig_3b,2,15,1.1848
2021-11-22,ZA,19,Omicron BA.2,Community,1.1788100305955838,2021-11-08,14,Changing diagnostics,Changing sequencing,50%,200%,fig_3b,2,15,1.1848
2021-11-22,ZA,19,Omicron BA.2,Community,1.1788100305955838,2021-11-08,14,Changing diagnostics,Changing sequencing,100%,200%,fig_3b,2,15,1.1848
2021-11-22,ZA,19,Omicron BA.2,Community,1.1788100305955838,2021-11-08,14,Changing diagnostics,Changing sequencing,150%,200%,fig_3b,2,15,1.1848
2021-11-22,ZA,19,Omicron BA.2,Community,1.1788100305955838,2021-11-08,14,Changing diagnostics,Changing sequencing,200%,200%,fig_3b,2,15,1.1848
2021-11-25,ZA,190,Omicron BA.2,Community,1.194843802534449,2021-11-08,17,Changing diagnostics,Changing sequencing,50%,200%,fig_3b,2,15,1.1848
2021-11-25,ZA,190,Omicron BA.2,Community,1.194843802534449,2021-11-08,17,Changing diagnostics,Changing sequencing,100%,200%,fig_3b,2,15,1.1848
2021-11-25,ZA,190,Omicron BA.2,Community,1.1948438025344488,2021-11-08,17,Changing diagnostics,Changing sequencing,150%,200%,fig_3b,2,15,1.1848
2021-11-25,ZA,190,Omicron BA.2,Community,1.194843802534449,2021-11-08,17,Changing diagnostics,Changing sequencing,200%,200%,fig_3b,2,15,1.1848
2021-11-22,ZA,191,Omicron BA.2,Community,1.071293444230151,2021-11-08,14,Changing diagnostics,Changing sequencing,50%,200%,fig_3b,2,15,1.1848
2021-11-22,ZA,191,Omicron BA.2,Community,1.071293444230151,2021-11-08,14,Changing diagnostics,Changing sequencing,100%,200%,fig_3b,2,15,1.1848
2021-11-22,ZA,191,Omicron BA.2,Community,1.071293444230151,2021-11-08,14,Changing diagnostics,Changing sequencing,150%,200%,fig_3b,2,15,1.1848
2021-11-22,ZA,191,Omicron BA.2,Community,1.071293444230151,2021-11-08,14,Changing diagnostics,Changing sequencing,200%,200%,fig_3b,2,15,1.1848
2021-11-23,ZA,192,Omicron BA.2,Community,1.1886486738307778,2021-11-08,15,Changing diagnostics,Changing sequencing,50%,200%,fig_3b,2,15,1.1848
2021-11-23,ZA,192,Omicron BA.2,Community,1.1886486738307778,2021-11-08,15,Changing diagnostics,Changing sequencing,100%,200%,fig_3b,2,15,1.1848
2021-11-23,ZA,192,Omicron BA.2,Community,1.1886486738307778,2021-11-08,15,Changing diagnostics,Changing sequencing,150%,200%,fig_3b,2,15,1.1848
2021-11-23,ZA,192,Omicron BA.2,Community,1.1886486738307778,2021-11-08,15,Changing diagnostics,Changing sequencing,200%,200%,fig_3b,2,15,1.1848
2021-11-22,ZA,193,Omicron BA.2,Community,1.0022732627286124,2021-11-08,14,Changing diagnostics,Changing sequencing,50%,200%,fig_3b,2,15,1.1848
2021-11-22,ZA,193,Omicron BA.2,Community,1.0022732627286124,2021-11-08,14,Changing diagnostics,Changing sequencing,100%,200%,fig_3b,2,15,1.1848
2021-11-22,ZA,193,Omicron BA.2,Community,1.0022732627286124,2021-11-08,14,Changing diagnostics,Changing sequencing,150%,200%,fig_3b,2,15,1.1848
2021-11-22,ZA,193,Omicron BA.2,Community,1.0022732627286124,2021-11-08,14,Changing diagnostics,Changing sequencing,200%,200%,fig_3b,2,15,1.1848
2021-11-23,ZA,194,Omicron BA.2,Community,1.0769587481408436,2021-11-08,15,Changing diagnostics,Changing sequencing,50%,200%,fig_3b,2,15,1.1848
2021-11-23,ZA,194,Omicron BA.2,Community,1.0769587481408436,2021-11-08,15,Changing diagnostics,Changing sequencing,100%,200%,fig_3b,2,15,1.1848
2021-11-23,ZA,194,Omicron BA.2,Community,1.0769587481408438,2021-11-08,15,Changing diagnostics,Changing sequencing,150%,200%,fig_3b,2,15,1.1848
2021-11-23,ZA,194,Omicron BA.2,Community,1.0769587481408436,2021-11-08,15,Changing diagnostics,Changing sequencing,200%,200%,fig_3b,2,15,1.1848
2021-11-23,ZA,195,Omicron BA.2,Community,1.0056876606556178,2021-11-08,15,Changing diagnostics,Changing sequencing,50%,200%,fig_3b,2,15,1.1848
2021-11-23,ZA,195,Omicron BA.2,Community,1.0056876606556178,2021-11-08,15,Changing diagnostics,Changing sequencing,100%,200%,fig_3b,2,15,1.1848
2021-11-23,ZA,195,Omicron BA.2,Community,1.0056876606556178,2021-11-08,15,Changing diagnostics,Changing sequencing,150%,200%,fig_3b,2,15,1.1848
2021-11-23,ZA,195,Omicron BA.2,Community,1.0056876606556178,2021-11-08,15,Changing diagnostics,Changing sequencing,200%,200%,fig_3b,2,15,1.1848
2021-11-22,ZA,196,Omicron BA.2,Community,1.0642319735154722,2021-11-08,14,Changing diagnostics,Changing sequencing,50%,200%,fig_3b,2,15,1.1848
2021-11-22,ZA,196,Omicron BA.2,Community,1.0642319735154722,2021-11-08,14,Changing diagnostics,Changing sequencing,100%,200%,fig_3b,2,15,1.1848
2021-11-22,ZA,196,Omicron BA.2,Community,1.0642319735154722,2021-11-08,14,Changing diagnostics,Changing sequencing,150%,200%,fig_3b,2,15,1.1848
2021-11-22,ZA,196,Omicron BA.2,Community,1.0642319735154722,2021-11-08,14,Changing diagnostics,Changing sequencing,200%,200%,fig_3b,2,15,1.1848
2021-11-26,ZA,197,Omicron BA.2,Community,1.0984234083127156,2021-11-08,18,Changing diagnostics,Changing sequencing,50%,200%,fig_3b,2,15,1.1848
2021-11-26,ZA,197,Omicron BA.2,Community,1.0984234083127156,2021-11-08,18,Changing diagnostics,Changing sequencing,100%,200%,fig_3b,2,15,1.1848
2021-11-26,ZA,197,Omicron BA.2,Community,1.0984234083127158,2021-11-08,18,Changing diagnostics,Changing sequencing,150%,200%,fig_3b,2,15,1.1848
2021-11-26,ZA,197,Omicron BA.2,Community,1.0984234083127156,2021-11-08,18,Changing diagnostics,Changing sequencing,200%,200%,fig_3b,2,15,1.1848
2021-11-23,ZA,198,Omicron BA.2,Community,1.0755237598022147,2021-11-08,15,Changing diagnostics,Changing sequencing,50%,200%,fig_3b,2,15,1.1848
2021-11-23,ZA,198,Omicron BA.2,Community,1.0755237598022147,2021-11-08,15,Changing diagnostics,Changing sequencing,100%,200%,fig_3b,2,15,1.1848
2021-11-23,ZA,198,Omicron BA.2,Community,1.075523759802215,2021-11-08,15,Changing diagnostics,Changing sequencing,150%,200%,fig_3b,2,15,1.1848
2021-11-23,ZA,198,Omicron BA.2,Community,1.0755237598022147,2021-11-08,15,Changing diagnostics,Changing sequencing,200%,200%,fig_3b,2,15,1.1848
2021-11-21,ZA,199,Omicron BA.2,Community,1.005414302014429,2021-11-08,13,Changing diagnostics,Changing sequencing,50%,200%,fig_3b,2,15,1.1848
2021-11-21,ZA,199,Omicron BA.2,Community,1.005414302014429,2021-11-08,13,Changing diagnostics,Changing sequencing,100%,200%,fig_3b,2,15,1.1848
2021-11-21,ZA,199,Omicron BA.2,Community,1.005414302014429,2021-11-08,13,Changing diagnostics,Changing sequencing,150%,200%,fig_3b,2,15,1.1848
2021-11-21,ZA,199,Omicron BA.2,Community,1.005414302014429,2021-11-08,13,Changing diagnostics,Changing sequencing,200%,200%,fig_3b,2,15,1.1848
2021-11-27,GB,2,Omicron BA.2,Community,1.0561402623290792,2021-11-08,19,Changing diagnostics,Changing sequencing,50%,200%,fig_3b,2,15,1.1848
2021-11-27,GB,2,Omicron BA.2,Community,1.0561402623290792,2021-11-08,19,Changing diagnostics,Changing sequencing,100%,200%,fig_3b,2,15,1.1848
2021-11-27,GB,2,Omicron BA.2,Community,1.0561402623290792,2021-11-08,19,Changing diagnostics,Changing sequencing,150%,200%,fig_3b,2,15,1.1848
2021-11-27,GB,2,Omicron BA.2,Community,1.0561402623290792,2021-11-08,19,Changing diagnostics,Changing sequencing,200%,200%,fig_3b,2,15,1.1848
2021-11-25,ZA,20,Omicron BA.2,Community,1.2830099166593514,2021-11-08,17,Changing diagnostics,Changing sequencing,50%,200%,fig_3b,2,15,1.1848
2021-11-25,ZA,20,Omicron BA.2,Community,1.2830099166593514,2021-11-08,17,Changing diagnostics,Changing sequencing,100%,200%,fig_3b,2,15,1.1848
2021-11-25,ZA,20,Omicron BA.2,Community,1.2830099166593512,2021-11-08,17,Changing diagnostics,Changing sequencing,150%,200%,fig_3b,2,15,1.1848
2021-11-25,ZA,20,Omicron BA.2,Community,1.2830099166593514,2021-11-08,17,Changing diagnostics,Changing sequencing,200%,200%,fig_3b,2,15,1.1848
2021-11-20,ZA,200,Omicron BA.2,Community,1.0515720840304148,2021-11-08,12,Changing diagnostics,Changing sequencing,50%,200%,fig_3b,2,15,1.1848
2021-11-20,ZA,200,Omicron BA.2,Community,1.0515720840304148,2021-11-08,12,Changing diagnostics,Changing sequencing,100%,200%,fig_3b,2,15,1.1848
2021-11-20,ZA,200,Omicron BA.2,Community,1.051572084030415,2021-11-08,12,Changing diagnostics,Changing sequencing,150%,200%,fig_3b,2,15,1.1848
2021-11-20,ZA,200,Omicron BA.2,Community,1.0515720840304148,2021-11-08,12,Changing diagnostics,Changing sequencing,200%,200%,fig_3b,2,15,1.1848
2021-11-23,ZA,201,Omicron BA.2,Community,1.327603377954657,2021-11-08,15,Changing diagnostics,Changing sequencing,50%,200%,fig_3b,2,15,1.1848
2021-11-23,ZA,201,Omicron BA.2,Community,1.327603377954657,2021-11-08,15,Changing diagnostics,Changing sequencing,100%,200%,fig_3b,2,15,1.1848
2021-11-23,ZA,201,Omicron BA.2,Community,1.3276033779546574,2021-11-08,15,Changing diagnostics,Changing sequencing,150%,200%,fig_3b,2,15,1.1848
2021-11-23,ZA,201,Omicron BA.2,Community,1.327603377954657,2021-11-08,15,Changing diagnostics,Changing sequencing,200%,200%,fig_3b,2,15,1.1848
2021-11-27,ZA,202,Omicron BA.2,Community,1.94016394486898,2021-11-08,19,Changing diagnostics,Changing sequencing,50%,200%,fig_3b,2,15,1.1848
2021-11-27,ZA,202,Omicron BA.2,Community,1.94016394486898,2021-11-08,19,Changing diagnostics,Changing sequencing,100%,200%,fig_3b,2,15,1.1848
2021-11-27,ZA,202,Omicron BA.2,Community,1.9401639448689803,2021-11-08,19,Changing diagnostics,Changing sequencing,150%,200%,fig_3b,2,15,1.1848
2021-11-27,ZA,202,Omicron BA.2,Community,1.94016394486898,2021-11-08,19,Changing diagnostics,Changing sequencing,200%,200%,fig_3b,2,15,1.1848
2021-11-25,ZA,203,Omicron BA.2,Community,1.090647485841383,2021-11-08,17,Changing diagnostics,Changing sequencing,50%,200%,fig_3b,2,15,1.1848
2021-11-25,ZA,203,Omicron BA.2,Community,1.090647485841383,2021-11-08,17,Changing diagnostics,Changing sequencing,100%,200%,fig_3b,2,15,1.1848
2021-11-25,ZA,203,Omicron BA.2,Community,1.0906474858413828,2021-11-08,17,Changing diagnostics,Changing sequencing,150%,200%,fig_3b,2,15,1.1848
2021-11-25,ZA,203,Omicron BA.2,Community,1.090647485841383,2021-11-08,17,Changing diagnostics,Changing sequencing,200%,200%,fig_3b,2,15,1.1848
2021-11-27,ZA,204,Omicron BA.2,Community,1.473340460481491,2021-11-08,19,Changing diagnostics,Changing sequencing,50%,200%,fig_3b,2,15,1.1848
2021-11-27,ZA,204,Omicron BA.2,Community,1.473340460481491,2021-11-08,19,Changing diagnostics,Changing sequencing,100%,200%,fig_3b,2,15,1.1848
2021-11-27,ZA,204,Omicron BA.2,Community,1.4733404604814915,2021-11-08,19,Changing diagnostics,Changing sequencing,150%,200%,fig_3b,2,15,1.1848
2021-11-27,ZA,204,Omicron BA.2,Community,1.473340460481491,2021-11-08,19,Changing diagnostics,Changing sequencing,200%,200%,fig_3b,2,15,1.1848
2021-11-22,ZA,205,Omicron BA.2,Community,1.1854159225544771,2021-11-08,14,Changing diagnostics,Changing sequencing,50%,200%,fig_3b,2,15,1.1848
2021-11-22,ZA,205,Omicron BA.2,Community,1.1854159225544771,2021-11-08,14,Changing diagnostics,Changing sequencing,100%,200%,fig_3b,2,15,1.1848
2021-11-22,ZA,205,Omicron BA.2,Community,1.185415922554477,2021-11-08,14,Changing diagnostics,Changing sequencing,150%,200%,fig_3b,2,15,1.1848
2021-11-22,ZA,205,Omicron BA.2,Community,1.1854159225544771,2021-11-08,14,Changing diagnostics,Changing sequencing,200%,200%,fig_3b,2,15,1.1848
2021-11-22,ZA,206,Omicron BA.2,Community,1.3448684870794831,2021-11-08,14,Changing diagnostics,Changing sequencing,50%,200%,fig_3b,2,15,1.1848
2021-11-22,ZA,206,Omicron BA.2,Community,1.3448684870794831,2021-11-08,14,Changing diagnostics,Changing sequencing,100%,200%,fig_3b,2,15,1.1848
2021-11-22,ZA,206,Omicron BA.2,Community,1.3448684870794834,2021-11-08,14,Changing diagnostics,Changing sequencing,150%,200%,fig_3b,2,15,1.1848
2021-11-22,ZA,206,Omicron BA.2,Community,1.3448684870794831,2021-11-08,14,Changing diagnostics,Changing sequencing,200%,200%,fig_3b,2,15,1.1848
2021-11-23,ZA,207,Omicron BA.2,Community,1.1001577262820077,2021-11-08,15,Changing diagnostics,Changing sequencing,50%,200%,fig_3b,2,15,1.1848
2021-11-23,ZA,207,Omicron BA.2,Community,1.1001577262820077,2021-11-08,15,Changing diagnostics,Changing sequencing,100%,200%,fig_3b,2,15,1.1848
2021-11-23,ZA,207,Omicron BA.2,Community,1.1001577262820075,2021-11-08,15,Changing diagnostics,Changing sequencing,150%,200%,fig_3b,2,15,1.1848
2021-11-23,ZA,207,Omicron BA.2,Community,1.1001577262820077,2021-11-08,15,Changing diagnostics,Changing sequencing,200%,200%,fig_3b,2,15,1.1848
2021-11-23,ZA,208,Omicron BA.2,Community,1.1259875163773243,2021-11-08,15,Changing diagnostics,Changing sequencing,50%,200%,fig_3b,2,15,1.1848
2021-11-23,ZA,208,Omicron BA.2,Community,1.1259875163773243,2021-11-08,15,Changing diagnostics,Changing sequencing,100%,200%,fig_3b,2,15,1.1848
2021-11-23,ZA,208,Omicron BA.2,Community,1.1259875163773243,2021-11-08,15,Changing diagnostics,Changing sequencing,150%,200%,fig_3b,2,15,1.1848
2021-11-23,ZA,208,Omicron BA.2,Community,1.1259875163773243,2021-11-08,15,Changing diagnostics,Changing sequencing,200%,200%,fig_3b,2,15,1.1848
2021-11-23,ZA,209,Omicron BA.2,Community,1.0783937364794722,2021-11-08,15,Changing diagnostics,Changing sequencing,50%,200%,fig_3b,2,15,1.1848
2021-11-23,ZA,209,Omicron BA.2,Community,1.0783937364794722,2021-11-08,15,Changing diagnostics,Changing sequencing,100%,200%,fig_3b,2,15,1.1848
2021-11-23,ZA,209,Omicron BA.2,Community,1.078393736479472,2021-11-08,15,Changing diagnostics,Changing sequencing,150%,200%,fig_3b,2,15,1.1848
2021-11-23,ZA,209,Omicron BA.2,Community,1.0783937364794722,2021-11-08,15,Changing diagnostics,Changing sequencing,200%,200%,fig_3b,2,15,1.1848
2021-11-25,ZA,21,Omicron BA.2,Community,1.3566301062316601,2021-11-08,17,Changing diagnostics,Changing sequencing,50%,200%,fig_3b,2,15,1.1848
2021-11-25,ZA,21,Omicron BA.2,Community,1.3566301062316601,2021-11-08,17,Changing diagnostics,Changing sequencing,100%,200%,fig_3b,2,15,1.1848
2021-11-25,ZA,21,Omicron BA.2,Community,1.3566301062316601,2021-11-08,17,Changing diagnostics,Changing sequencing,150%,200%,fig_3b,2,15,1.1848
2021-11-25,ZA,21,Omicron BA.2,Community,1.3566301062316601,2021-11-08,17,Changing diagnostics,Changing sequencing,200%,200%,fig_3b,2,15,1.1848
2021-11-25,ZA,210,Omicron BA.2,Community,1.2598551796164474,2021-11-08,17,Changing diagnostics,Changing sequencing,50%,200%,fig_3b,2,15,1.1848
2021-11-25,ZA,210,Omicron BA.2,Community,1.2598551796164474,2021-11-08,17,Changing diagnostics,Changing sequencing,100%,200%,fig_3b,2,15,1.1848
2021-11-25,ZA,210,Omicron BA.2,Community,1.2598551796164477,2021-11-08,17,Changing diagnostics,Changing sequencing,150%,200%,fig_3b,2,15,1.1848
2021-11-25,ZA,210,Omicron BA.2,Community,1.2598551796164474,2021-11-08,17,Changing diagnostics,Changing sequencing,200%,200%,fig_3b,2,15,1.1848
2021-11-22,ZA,211,Omicron BA.2,Community,1.224367906174157,2021-11-08,14,Changing diagnostics,Changing sequencing,50%,200%,fig_3b,2,15,1.1848
2021-11-22,ZA,211,Omicron BA.2,Community,1.224367906174157,2021-11-08,14,Changing diagnostics,Changing sequencing,100%,200%,fig_3b,2,15,1.1848
2021-11-22,ZA,211,Omicron BA.2,Community,1.2243679061741573,2021-11-08,14,Changing diagnostics,Changing sequencing,150%,200%,fig_3b,2,15,1.1848
2021-11-22,ZA,211,Omicron BA.2,Community,1.224367906174157,2021-11-08,14,Changing diagnostics,Changing sequencing,200%,200%,fig_3b,2,15,1.1848
2021-11-25,ZA,212,Omicron BA.2,Community,1.502089351757593,2021-11-08,17,Changing diagnostics,Changing sequencing,50%,200%,fig_3b,2,15,1.1848
2021-11-25,ZA,212,Omicron BA.2,Community,1.502089351757593,2021-11-08,17,Changing diagnostics,Changing sequencing,100%,200%,fig_3b,2,15,1.1848
2021-11-25,ZA,212,Omicron BA.2,Community,1.502089351757593,2021-11-08,17,Changing diagnostics,Changing sequencing,150%,200%,fig_3b,2,15,1.1848
2021-11-25,ZA,212,Omicron BA.2,Community,1.502089351757593,2021-11-08,17,Changing diagnostics,Changing sequencing,200%,200%,fig_3b,2,15,1.1848
2021-11-25,ZA,213,Omicron BA.2,Community,1.520197543547556,2021-11-08,17,Changing diagnostics,Changing sequencing,50%,200%,fig_3b,2,15,1.1848
2021-11-25,ZA,213,Omicron BA.2,Community,1.520197543547556,2021-11-08,17,Changing diagnostics,Changing sequencing,100%,200%,fig_3b,2,15,1.1848
2021-11-25,ZA,213,Omicron BA.2,Community,1.520197543547556,2021-11-08,17,Changing diagnostics,Changing sequencing,150%,200%,fig_3b,2,15,1.1848
2021-11-25,ZA,213,Omicron BA.2,Community,1.520197543547556,2021-11-08,17,Changing diagnostics,Changing sequencing,200%,200%,fig_3b,2,15,1.1848
2021-11-17,ZA,214,Omicron BA.2,Community,1.2305065721234942,2021-11-08,9,Changing diagnostics,Changing sequencing,50%,200%,fig_3b,2,15,1.1848
2021-11-17,ZA,214,Omicron BA.2,Community,1.2305065721234942,2021-11-08,9,Changing diagnostics,Changing sequencing,100%,200%,fig_3b,2,15,1.1848
2021-11-17,ZA,214,Omicron BA.2,Community,1.2305065721234942,2021-11-08,9,Changing diagnostics,Changing sequencing,150%,200%,fig_3b,2,15,1.1848
2021-11-17,ZA,214,Omicron BA.2,Community,1.2305065721234942,2021-11-08,9,Changing diagnostics,Changing sequencing,200%,200%,fig_3b,2,15,1.1848
2021-11-20,ZA,215,Omicron BA.2,Community,1.1948362085497548,2021-11-08,12,Changing diagnostics,Changing sequencing,50%,200%,fig_3b,2,15,1.1848
2021-11-20,ZA,215,Omicron BA.2,Community,1.1948362085497548,2021-11-08,12,Changing diagnostics,Changing sequencing,100%,200%,fig_3b,2,15,1.1848
2021-11-20,ZA,215,Omicron BA.2,Community,1.1948362085497555,2021-11-08,12,Changing diagnostics,Changing sequencing,150%,200%,fig_3b,2,15,1.1848
2021-11-20,ZA,215,Omicron BA.2,Community,1.1948362085497548,2021-11-08,12,Changing diagnostics,Changing sequencing,200%,200%,fig_3b,2,15,1.1848
2021-11-25,ZA,216,Omicron BA.2,Community,1.0170272962690738,2021-11-08,17,Changing diagnostics,Changing sequencing,50%,200%,fig_3b,2,15,1.1848
2021-11-25,ZA,216,Omicron BA.2,Community,1.0170272962690738,2021-11-08,17,Changing diagnostics,Changing sequencing,100%,200%,fig_3b,2,15,1.1848
2021-11-25,ZA,216,Omicron BA.2,Community,1.0170272962690738,2021-11-08,17,Changing diagnostics,Changing sequencing,150%,200%,fig_3b,2,15,1.1848
2021-11-25,ZA,216,Omicron BA.2,Community,1.0170272962690738,2021-11-08,17,Changing diagnostics,Changing sequencing,200%,200%,fig_3b,2,15,1.1848
2021-11-20,ZA,217,Omicron BA.2,Community,1.1246569026229645,2021-11-08,12,Changing diagnostics,Changing sequencing,50%,200%,fig_3b,2,15,1.1848
2021-11-20,ZA,217,Omicron BA.2,Community,1.1246569026229645,2021-11-08,12,Changing diagnostics,Changing sequencing,100%,200%,fig_3b,2,15,1.1848
2021-11-20,ZA,217,Omicron BA.2,Community,1.1246569026229645,2021-11-08,12,Changing diagnostics,Changing sequencing,150%,200%,fig_3b,2,15,1.1848
2021-11-20,ZA,217,Omicron BA.2,Community,1.1246569026229645,2021-11-08,12,Changing diagnostics,Changing sequencing,200%,200%,fig_3b,2,15,1.1848
2021-11-25,ZA,218,Omicron BA.2,Community,1.25718347918842,2021-11-08,17,Changing diagnostics,Changing sequencing,50%,200%,fig_3b,2,15,1.1848
2021-11-25,ZA,218,Omicron BA.2,Community,1.25718347918842,2021-11-08,17,Changing diagnostics,Changing sequencing,100%,200%,fig_3b,2,15,1.1848
2021-11-25,ZA,218,Omicron BA.2,Community,1.2571834791884202,2021-11-08,17,Changing diagnostics,Changing sequencing,150%,200%,fig_3b,2,15,1.1848
2021-11-25,ZA,218,Omicron BA.2,Community,1.25718347918842,2021-11-08,17,Changing diagnostics,Changing sequencing,200%,200%,fig_3b,2,15,1.1848
2021-11-22,ZA,219,Omicron BA.2,Community,1.3605859541540912,2021-11-08,14,Changing diagnostics,Changing sequencing,50%,200%,fig_3b,2,15,1.1848
2021-11-22,ZA,219,Omicron BA.2,Community,1.3605859541540912,2021-11-08,14,Changing diagnostics,Changing sequencing,100%,200%,fig_3b,2,15,1.1848
2021-11-22,ZA,219,Omicron BA.2,Community,1.3605859541540914,2021-11-08,14,Changing diagnostics,Changing sequencing,150%,200%,fig_3b,2,15,1.1848
2021-11-22,ZA,219,Omicron BA.2,Community,1.3605859541540912,2021-11-08,14,Changing diagnostics,Changing sequencing,200%,200%,fig_3b,2,15,1.1848
2021-11-25,ZA,22,Omicron BA.2,Community,1.1779230331569428,2021-11-08,17,Changing diagnostics,Changing sequencing,50%,200%,fig_3b,2,15,1.1848
2021-11-25,ZA,22,Omicron BA.2,Community,1.1779230331569428,2021-11-08,17,Changing diagnostics,Changing sequencing,100%,200%,fig_3b,2,15,1.1848
2021-11-25,ZA,22,Omicron BA.2,Community,1.1779230331569426,2021-11-08,17,Changing diagnostics,Changing sequencing,150%,200%,fig_3b,2,15,1.1848
2021-11-25,ZA,22,Omicron BA.2,Community,1.1779230331569428,2021-11-08,17,Changing diagnostics,Changing sequencing,200%,200%,fig_3b,2,15,1.1848
2021-11-23,ZA,220,Omicron BA.2,Community,1.1551656125961078,2021-11-08,15,Changing diagnostics,Changing sequencing,50%,200%,fig_3b,2,15,1.1848
2021-11-23,ZA,220,Omicron BA.2,Community,1.1551656125961078,2021-11-08,15,Changing diagnostics,Changing sequencing,100%,200%,fig_3b,2,15,1.1848
2021-11-23,ZA,220,Omicron BA.2,Community,1.1551656125961078,2021-11-08,15,Changing diagnostics,Changing sequencing,150%,200%,fig_3b,2,15,1.1848
2021-11-23,ZA,220,Omicron BA.2,Community,1.1551656125961078,2021-11-08,15,Changing diagnostics,Changing sequencing,200%,200%,fig_3b,2,15,1.1848
2021-11-25,ZA,221,Omicron BA.2,Community,1.0223706971251285,2021-11-08,17,Changing diagnostics,Changing sequencing,50%,200%,fig_3b,2,15,1.1848
2021-11-25,ZA,221,Omicron BA.2,Community,1.0223706971251285,2021-11-08,17,Changing diagnostics,Changing sequencing,100%,200%,fig_3b,2,15,1.1848
2021-11-25,ZA,221,Omicron BA.2,Community,1.0223706971251283,2021-11-08,17,Changing diagnostics,Changing sequencing,150%,200%,fig_3b,2,15,1.1848
2021-11-25,ZA,221,Omicron BA.2,Community,1.0223706971251285,2021-11-08,17,Changing diagnostics,Changing sequencing,200%,200%,fig_3b,2,15,1.1848
2021-11-22,ZA,222,Omicron BA.2,Community,1.0214075704716132,2021-11-08,14,Changing diagnostics,Changing sequencing,50%,200%,fig_3b,2,15,1.1848
2021-11-22,ZA,222,Omicron BA.2,Community,1.0214075704716132,2021-11-08,14,Changing diagnostics,Changing sequencing,100%,200%,fig_3b,2,15,1.1848
2021-11-22,ZA,222,Omicron BA.2,Community,1.021407570471613,2021-11-08,14,Changing diagnostics,Changing sequencing,150%,200%,fig_3b,2,15,1.1848
2021-11-22,ZA,222,Omicron BA.2,Community,1.0214075704716132,2021-11-08,14,Changing diagnostics,Changing sequencing,200%,200%,fig_3b,2,15,1.1848
2021-11-25,ZA,223,Omicron BA.2,Community,1.1345821151022768,2021-11-08,17,Changing diagnostics,Changing sequencing,50%,200%,fig_3b,2,15,1.1848
2021-11-25,ZA,223,Omicron BA.2,Community,1.1345821151022768,2021-11-08,17,Changing diagnostics,Changing sequencing,100%,200%,fig_3b,2,15,1.1848
2021-11-25,ZA,223,Omicron BA.2,Community,1.1345821151022768,2021-11-08,17,Changing diagnostics,Changing sequencing,150%,200%,fig_3b,2,15,1.1848
2021-11-25,ZA,223,Omicron BA.2,Community,1.1345821151022768,2021-11-08,17,Changing diagnostics,Changing sequencing,200%,200%,fig_3b,2,15,1.1848
2021-11-23,ZA,224,Omicron BA.2,Community,1.0159717437491236,2021-11-08,15,Changing diagnostics,Changing sequencing,50%,200%,fig_3b,2,15,1.1848
2021-11-23,ZA,224,Omicron BA.2,Community,1.0159717437491236,2021-11-08,15,Changing diagnostics,Changing sequencing,100%,200%,fig_3b,2,15,1.1848
2021-11-23,ZA,224,Omicron BA.2,Community,1.0159717437491236,2021-11-08,15,Changing diagnostics,Changing sequencing,150%,200%,fig_3b,2,15,1.1848
2021-11-23,ZA,224,Omicron BA.2,Community,1.0159717437491236,2021-11-08,15,Changing diagnostics,Changing sequencing,200%,200%,fig_3b,2,15,1.1848
2021-11-25,ZA,225,Omicron BA.2,Community,1.2803382162313242,2021-11-08,17,Changing diagnostics,Changing sequencing,50%,200%,fig_3b,2,15,1.1848
2021-11-25,ZA,225,Omicron BA.2,Community,1.2803382162313242,2021-11-08,17,Changing diagnostics,Changing sequencing,100%,200%,fig_3b,2,15,1.1848
2021-11-25,ZA,225,Omicron BA.2,Community,1.280338216231324,2021-11-08,17,Changing diagnostics,Changing sequencing,150%,200%,fig_3b,2,15,1.1848
2021-11-25,ZA,225,Omicron BA.2,Community,1.2803382162313242,2021-11-08,17,Changing diagnostics,Changing sequencing,200%,200%,fig_3b,2,15,1.1848
2021-11-22,ZA,226,Omicron BA.2,Community,1.3833648919433783,2021-11-08,14,Changing diagnostics,Changing sequencing,50%,200%,fig_3b,2,15,1.1848
2021-11-22,ZA,226,Omicron BA.2,Community,1.3833648919433783,2021-11-08,14,Changing diagnostics,Changing sequencing,100%,200%,fig_3b,2,15,1.1848
2021-11-22,ZA,226,Omicron BA.2,Community,1.3833648919433779,2021-11-08,14,Changing diagnostics,Changing sequencing,150%,200%,fig_3b,2,15,1.1848
2021-11-22,ZA,226,Omicron BA.2,Community,1.3833648919433783,2021-11-08,14,Changing diagnostics,Changing sequencing,200%,200%,fig_3b,2,15,1.1848
2021-11-27,ZA,227,Omicron BA.2,Community,1.2174414894666417,2021-11-08,19,Changing diagnostics,Changing sequencing,50%,200%,fig_3b,2,15,1.1848
2021-11-27,ZA,227,Omicron BA.2,Community,1.2174414894666417,2021-11-08,19,Changing diagnostics,Changing sequencing,100%,200%,fig_3b,2,15,1.1848
2021-11-27,ZA,227,Omicron BA.2,Community,1.2174414894666417,2021-11-08,19,Changing diagnostics,Changing sequencing,150%,200%,fig_3b,2,15,1.1848
2021-11-27,ZA,227,Omicron BA.2,Community,1.2174414894666417,2021-11-08,19,Changing diagnostics,Changing sequencing,200%,200%,fig_3b,2,15,1.1848
2021-11-22,ZA,228,Omicron BA.2,Community,1.7202653818469278,2021-11-08,14,Changing diagnostics,Changing sequencing,50%,200%,fig_3b,2,15,1.1848
2021-11-22,ZA,228,Omicron BA.2,Community,1.7202653818469278,2021-11-08,14,Changing diagnostics,Changing sequencing,100%,200%,fig_3b,2,15,1.1848
2021-11-22,ZA,228,Omicron BA.2,Community,1.720265381846928,2021-11-08,14,Changing diagnostics,Changing sequencing,150%,200%,fig_3b,2,15,1.1848
2021-11-22,ZA,228,Omicron BA.2,Community,1.7202653818469278,2021-11-08,14,Changing diagnostics,Changing sequencing,200%,200%,fig_3b,2,15,1.1848
2021-11-18,ZA,229,Omicron BA.2,Community,1.0610903826090692,2021-11-08,10,Changing diagnostics,Changing sequencing,50%,200%,fig_3b,2,15,1.1848
2021-11-18,ZA,229,Omicron BA.2,Community,1.0610903826090692,2021-11-08,10,Changing diagnostics,Changing sequencing,100%,200%,fig_3b,2,15,1.1848
2021-11-18,ZA,229,Omicron BA.2,Community,1.0610903826090694,2021-11-08,10,Changing diagnostics,Changing sequencing,150%,200%,fig_3b,2,15,1.1848
2021-11-18,ZA,229,Omicron BA.2,Community,1.0610903826090692,2021-11-08,10,Changing diagnostics,Changing sequencing,200%,200%,fig_3b,2,15,1.1848
2021-11-22,ZA,23,Omicron BA.2,Community,1.5236831487253837,2021-11-08,14,Changing diagnostics,Changing sequencing,50%,200%,fig_3b,2,15,1.1848
2021-11-22,ZA,23,Omicron BA.2,Community,1.5236831487253837,2021-11-08,14,Changing diagnostics,Changing sequencing,100%,200%,fig_3b,2,15,1.1848
2021-11-22,ZA,23,Omicron BA.2,Community,1.523683148725384,2021-11-08,14,Changing diagnostics,Changing sequencing,150%,200%,fig_3b,2,15,1.1848
2021-11-22,ZA,23,Omicron BA.2,Community,1.5236831487253837,2021-11-08,14,Changing diagnostics,Changing sequencing,200%,200%,fig_3b,2,15,1.1848
2021-11-22,ZA,230,Omicron BA.2,Community,1.050792400219793,2021-11-08,14,Changing diagnostics,Changing sequencing,50%,200%,fig_3b,2,15,1.1848
2021-11-22,ZA,230,Omicron BA.2,Community,1.050792400219793,2021-11-08,14,Changing diagnostics,Changing sequencing,100%,200%,fig_3b,2,15,1.1848
2021-11-22,ZA,230,Omicron BA.2,Community,1.050792400219793,2021-11-08,14,Changing diagnostics,Changing sequencing,150%,200%,fig_3b,2,15,1.1848
2021-11-22,ZA,230,Omicron BA.2,Community,1.050792400219793,2021-11-08,14,Changing diagnostics,Changing sequencing,200%,200%,fig_3b,2,15,1.1848
2021-11-22,ZA,231,Omicron BA.2,Community,1.5145715736096688,2021-11-08,14,Changing diagnostics,Changing sequencing,50%,200%,fig_3b,2,15,1.1848
2021-11-22,ZA,231,Omicron BA.2,Community,1.5145715736096688,2021-11-08,14,Changing diagnostics,Changing sequencing,100%,200%,fig_3b,2,15,1.1848
2021-11-22,ZA,231,Omicron BA.2,Community,1.514571573609669,2021-11-08,14,Changing diagnostics,Changing sequencing,150%,200%,fig_3b,2,15,1.1848
2021-11-22,ZA,231,Omicron BA.2,Community,1.5145715736096688,2021-11-08,14,Changing diagnostics,Changing sequencing,200%,200%,fig_3b,2,15,1.1848
2021-11-23,ZA,232,Omicron BA.2,Community,1.0351049215975063,2021-11-08,15,Changing diagnostics,Changing sequencing,50%,200%,fig_3b,2,15,1.1848
2021-11-23,ZA,232,Omicron BA.2,Community,1.0351049215975063,2021-11-08,15,Changing diagnostics,Changing sequencing,100%,200%,fig_3b,2,15,1.1848
2021-11-23,ZA,232,Omicron BA.2,Community,1.0351049215975063,2021-11-08,15,Changing diagnostics,Changing sequencing,150%,200%,fig_3b,2,15,1.1848
2021-11-23,ZA,232,Omicron BA.2,Community,1.0351049215975063,2021-11-08,15,Changing diagnostics,Changing sequencing,200%,200%,fig_3b,2,15,1.1848
2021-11-26,ZA,233,Omicron BA.2,Community,1.3218779350522245,2021-11-08,18,Changing diagnostics,Changing sequencing,50%,200%,fig_3b,2,15,1.1848
2021-11-26,ZA,233,Omicron BA.2,Community,1.3218779350522245,2021-11-08,18,Changing diagnostics,Changing sequencing,100%,200%,fig_3b,2,15,1.1848
2021-11-26,ZA,233,Omicron BA.2,Community,1.3218779350522247,2021-11-08,18,Changing diagnostics,Changing sequencing,150%,200%,fig_3b,2,15,1.1848
2021-11-26,ZA,233,Omicron BA.2,Community,1.3218779350522245,2021-11-08,18,Changing diagnostics,Changing sequencing,200%,200%,fig_3b,2,15,1.1848
2021-11-22,ZA,234,Omicron BA.2,Community,1.0687877610733292,2021-11-08,14,Changing diagnostics,Changing sequencing,50%,200%,fig_3b,2,15,1.1848
2021-11-22,ZA,234,Omicron BA.2,Community,1.0687877610733292,2021-11-08,14,Changing diagnostics,Changing sequencing,100%,200%,fig_3b,2,15,1.1848
2021-11-22,ZA,234,Omicron BA.2,Community,1.0687877610733294,2021-11-08,14,Changing diagnostics,Changing sequencing,150%,200%,fig_3b,2,15,1.1848
2021-11-22,ZA,234,Omicron BA.2,Community,1.0687877610733292,2021-11-08,14,Changing diagnostics,Changing sequencing,200%,200%,fig_3b,2,15,1.1848
2021-11-22,ZA,235,Omicron BA.2,Community,1.0318858818546852,2021-11-08,14,Changing diagnostics,Changing sequencing,50%,200%,fig_3b,2,15,1.1848
2021-11-22,ZA,235,Omicron BA.2,Community,1.0318858818546852,2021-11-08,14,Changing diagnostics,Changing sequencing,100%,200%,fig_3b,2,15,1.1848
2021-11-22,ZA,235,Omicron BA.2,Community,1.031885881854685,2021-11-08,14,Changing diagnostics,Changing sequencing,150%,200%,fig_3b,2,15,1.1848
2021-11-22,ZA,235,Omicron BA.2,Community,1.0318858818546852,2021-11-08,14,Changing diagnostics,Changing sequencing,200%,200%,fig_3b,2,15,1.1848
2021-11-25,ZA,236,Omicron BA.2,Community,1.3729571644029384,2021-11-08,17,Changing diagnostics,Changing sequencing,50%,200%,fig_3b,2,15,1.1848
2021-11-25,ZA,236,Omicron BA.2,Community,1.3729571644029384,2021-11-08,17,Changing diagnostics,Changing sequencing,100%,200%,fig_3b,2,15,1.1848
2021-11-25,ZA,236,Omicron BA.2,Community,1.3729571644029384,2021-11-08,17,Changing diagnostics,Changing sequencing,150%,200%,fig_3b,2,15,1.1848
2021-11-25,ZA,236,Omicron BA.2,Community,1.3729571644029384,2021-11-08,17,Changing diagnostics,Changing sequencing,200%,200%,fig_3b,2,15,1.1848
2021-11-22,ZA,237,Omicron BA.2,Community,1.5874641745353864,2021-11-08,14,Changing diagnostics,Changing sequencing,50%,200%,fig_3b,2,15,1.1848
2021-11-22,ZA,237,Omicron BA.2,Community,1.5874641745353864,2021-11-08,14,Changing diagnostics,Changing sequencing,100%,200%,fig_3b,2,15,1.1848
2021-11-22,ZA,237,Omicron BA.2,Community,1.5874641745353864,2021-11-08,14,Changing diagnostics,Changing sequencing,150%,200%,fig_3b,2,15,1.1848
2021-11-22,ZA,237,Omicron BA.2,Community,1.5874641745353864,2021-11-08,14,Changing diagnostics,Changing sequencing,200%,200%,fig_3b,2,15,1.1848
2021-11-26,ZA,238,Omicron BA.2,Community,1.0713656492925574,2021-11-08,18,Changing diagnostics,Changing sequencing,50%,200%,fig_3b,2,15,1.1848
2021-11-26,ZA,238,Omicron BA.2,Community,1.0713656492925574,2021-11-08,18,Changing diagnostics,Changing sequencing,100%,200%,fig_3b,2,15,1.1848
2021-11-26,ZA,238,Omicron BA.2,Community,1.0713656492925574,2021-11-08,18,Changing diagnostics,Changing sequencing,150%,200%,fig_3b,2,15,1.1848
2021-11-26,ZA,238,Omicron BA.2,Community,1.0713656492925574,2021-11-08,18,Changing diagnostics,Changing sequencing,200%,200%,fig_3b,2,15,1.1848
2021-11-22,ZA,239,Omicron BA.2,Community,1.2649144154390874,2021-11-08,14,Changing diagnostics,Changing sequencing,50%,200%,fig_3b,2,15,1.1848
2021-11-22,ZA,239,Omicron BA.2,Community,1.2649144154390874,2021-11-08,14,Changing diagnostics,Changing sequencing,100%,200%,fig_3b,2,15,1.1848
2021-11-22,ZA,239,Omicron BA.2,Community,1.2649144154390874,2021-11-08,14,Changing diagnostics,Changing sequencing,150%,200%,fig_3b,2,15,1.1848
2021-11-22,ZA,239,Omicron BA.2,Community,1.2649144154390874,2021-11-08,14,Changing diagnostics,Changing sequencing,200%,200%,fig_3b,2,15,1.1848
2021-11-26,ZA,24,Omicron BA.2,Community,1.2328001441206924,2021-11-08,18,Changing diagnostics,Changing sequencing,50%,200%,fig_3b,2,15,1.1848
2021-11-26,ZA,24,Omicron BA.2,Community,1.2328001441206924,2021-11-08,18,Changing diagnostics,Changing sequencing,100%,200%,fig_3b,2,15,1.1848
2021-11-26,ZA,24,Omicron BA.2,Community,1.2328001441206926,2021-11-08,18,Changing diagnostics,Changing sequencing,150%,200%,fig_3b,2,15,1.1848
2021-11-26,ZA,24,Omicron BA.2,Community,1.2328001441206924,2021-11-08,18,Changing diagnostics,Changing sequencing,200%,200%,fig_3b,2,15,1.1848
2021-11-18,ZA,240,Omicron BA.2,Community,1.1171073368178728,2021-11-08,10,Changing diagnostics,Changing sequencing,50%,200%,fig_3b,2,15,1.1848
2021-11-18,ZA,240,Omicron BA.2,Community,1.1171073368178728,2021-11-08,10,Changing diagnostics,Changing sequencing,100%,200%,fig_3b,2,15,1.1848
2021-11-18,ZA,240,Omicron BA.2,Community,1.1171073368178728,2021-11-08,10,Changing diagnostics,Changing sequencing,150%,200%,fig_3b,2,15,1.1848
2021-11-18,ZA,240,Omicron BA.2,Community,1.1171073368178728,2021-11-08,10,Changing diagnostics,Changing sequencing,200%,200%,fig_3b,2,15,1.1848
2021-11-26,ZA,241,Omicron BA.2,Community,1.0817023212777865,2021-11-08,18,Changing diagnostics,Changing sequencing,50%,200%,fig_3b,2,15,1.1848
2021-11-26,ZA,241,Omicron BA.2,Community,1.0817023212777865,2021-11-08,18,Changing diagnostics,Changing sequencing,100%,200%,fig_3b,2,15,1.1848
2021-11-26,ZA,241,Omicron BA.2,Community,1.0817023212777863,2021-11-08,18,Changing diagnostics,Changing sequencing,150%,200%,fig_3b,2,15,1.1848
2021-11-26,ZA,241,Omicron BA.2,Community,1.0817023212777865,2021-11-08,18,Changing diagnostics,Changing sequencing,200%,200%,fig_3b,2,15,1.1848
2021-11-29,ZA,242,Omicron BA.2,Community,1.110088856631783,2021-11-08,21,Changing diagnostics,Changing sequencing,50%,200%,fig_3b,2,15,1.1848
2021-11-29,ZA,242,Omicron BA.2,Community,1.110088856631783,2021-11-08,21,Changing diagnostics,Changing sequencing,100%,200%,fig_3b,2,15,1.1848
2021-11-29,ZA,242,Omicron BA.2,Community,1.1100888566317828,2021-11-08,21,Changing diagnostics,Changing sequencing,150%,200%,fig_3b,2,15,1.1848
2021-11-29,ZA,242,Omicron BA.2,Community,1.110088856631783,2021-11-08,21,Changing diagnostics,Changing sequencing,200%,200%,fig_3b,2,15,1.1848
2021-11-20,ZA,243,Omicron BA.2,Community,1.3962105863842724,2021-11-08,12,Changing diagnostics,Changing sequencing,50%,200%,fig_3b,2,15,1.1848
2021-11-20,ZA,243,Omicron BA.2,Community,1.3962105863842724,2021-11-08,12,Changing diagnostics,Changing sequencing,100%,200%,fig_3b,2,15,1.1848
2021-11-20,ZA,243,Omicron BA.2,Community,1.3962105863842726,2021-11-08,12,Changing diagnostics,Changing sequencing,150%,200%,fig_3b,2,15,1.1848
2021-11-20,ZA,243,Omicron BA.2,Community,1.3962105863842724,2021-11-08,12,Changing diagnostics,Changing sequencing,200%,200%,fig_3b,2,15,1.1848
2021-11-29,ZA,244,Omicron BA.2,Community,1.2017195479465435,2021-11-08,21,Changing diagnostics,Changing sequencing,50%,200%,fig_3b,2,15,1.1848
2021-11-29,ZA,244,Omicron BA.2,Community,1.2017195479465435,2021-11-08,21,Changing diagnostics,Changing sequencing,100%,200%,fig_3b,2,15,1.1848
2021-11-29,ZA,244,Omicron BA.2,Community,1.2017195479465435,2021-11-08,21,Changing diagnostics,Changing sequencing,150%,200%,fig_3b,2,15,1.1848
2021-11-29,ZA,244,Omicron BA.2,Community,1.2017195479465435,2021-11-08,21,Changing diagnostics,Changing sequencing,200%,200%,fig_3b,2,15,1.1848
2021-11-25,ZA,245,Omicron BA.2,Community,1.1247858801995099,2021-11-08,17,Changing diagnostics,Changing sequencing,50%,200%,fig_3b,2,15,1.1848
2021-11-25,ZA,245,Omicron BA.2,Community,1.1247858801995099,2021-11-08,17,Changing diagnostics,Changing sequencing,100%,200%,fig_3b,2,15,1.1848
2021-11-25,ZA,245,Omicron BA.2,Community,1.1247858801995099,2021-11-08,17,Changing diagnostics,Changing sequencing,150%,200%,fig_3b,2,15,1.1848
2021-11-25,ZA,245,Omicron BA.2,Community,1.1247858801995099,2021-11-08,17,Changing diagnostics,Changing sequencing,200%,200%,fig_3b,2,15,1.1848
2021-11-27,ZA,246,Omicron BA.2,Community,1.2086173870178538,2021-11-08,19,Changing diagnostics,Changing sequencing,50%,200%,fig_3b,2,15,1.1848
2021-11-27,ZA,246,Omicron BA.2,Community,1.2086173870178538,2021-11-08,19,Changing diagnostics,Changing sequencing,100%,200%,fig_3b,2,15,1.1848
2021-11-27,ZA,246,Omicron BA.2,Community,1.208617387017854,2021-11-08,19,Changing diagnostics,Changing sequencing,150%,200%,fig_3b,2,15,1.1848
2021-11-27,ZA,246,Omicron BA.2,Community,1.2086173870178538,2021-11-08,19,Changing diagnostics,Changing sequencing,200%,200%,fig_3b,2,15,1.1848
2021-11-22,ZA,247,Omicron BA.2,Community,1.0264189367852563,2021-11-08,14,Changing diagnostics,Changing sequencing,50%,200%,fig_3b,2,15,1.1848
2021-11-22,ZA,247,Omicron BA.2,Community,1.0264189367852563,2021-11-08,14,Changing diagnostics,Changing sequencing,100%,200%,fig_3b,2,15,1.1848
2021-11-22,ZA,247,Omicron BA.2,Community,1.0264189367852563,2021-11-08,14,Changing diagnostics,Changing sequencing,150%,200%,fig_3b,2,15,1.1848
2021-11-22,ZA,247,Omicron BA.2,Community,1.0264189367852563,2021-11-08,14,Changing diagnostics,Changing sequencing,200%,200%,fig_3b,2,15,1.1848
2021-11-21,ZA,248,Omicron BA.2,Community,1.0141135388910412,2021-11-08,13,Changing diagnostics,Changing sequencing,50%,200%,fig_3b,2,15,1.1848
2021-11-21,ZA,248,Omicron BA.2,Community,1.0141135388910412,2021-11-08,13,Changing diagnostics,Changing sequencing,100%,200%,fig_3b,2,15,1.1848
2021-11-21,ZA,248,Omicron BA.2,Community,1.014113538891041,2021-11-08,13,Changing diagnostics,Changing sequencing,150%,200%,fig_3b,2,15,1.1848
2021-11-21,ZA,248,Omicron BA.2,Community,1.0141135388910412,2021-11-08,13,Changing diagnostics,Changing sequencing,200%,200%,fig_3b,2,15,1.1848
2021-11-27,ZA,249,Omicron BA.2,Community,1.6219269597804358,2021-11-08,19,Changing diagnostics,Changing sequencing,50%,200%,fig_3b,2,15,1.1848
2021-11-27,ZA,249,Omicron BA.2,Community,1.6219269597804358,2021-11-08,19,Changing diagnostics,Changing sequencing,100%,200%,fig_3b,2,15,1.1848
2021-11-27,ZA,249,Omicron BA.2,Community,1.6219269597804358,2021-11-08,19,Changing diagnostics,Changing sequencing,150%,200%,fig_3b,2,15,1.1848
2021-11-27,ZA,249,Omicron BA.2,Community,1.6219269597804358,2021-11-08,19,Changing diagnostics,Changing sequencing,200%,200%,fig_3b,2,15,1.1848
2021-11-25,ZA,25,Omicron BA.2,Community,1.118848768137227,2021-11-08,17,Changing diagnostics,Changing sequencing,50%,200%,fig_3b,2,15,1.1848
2021-11-25,ZA,25,Omicron BA.2,Community,1.118848768137227,2021-11-08,17,Changing diagnostics,Changing sequencing,100%,200%,fig_3b,2,15,1.1848
2021-11-25,ZA,25,Omicron BA.2,Community,1.118848768137227,2021-11-08,17,Changing diagnostics,Changing sequencing,150%,200%,fig_3b,2,15,1.1848
2021-11-25,ZA,25,Omicron BA.2,Community,1.118848768137227,2021-11-08,17,Changing diagnostics,Changing sequencing,200%,200%,fig_3b,2,15,1.1848
2021-11-22,ZA,250,Omicron BA.2,Community,1.4829088500825607,2021-11-08,14,Changing diagnostics,Changing sequencing,50%,200%,fig_3b,2,15,1.1848
2021-11-22,ZA,250,Omicron BA.2,Community,1.4829088500825607,2021-11-08,14,Changing diagnostics,Changing sequencing,100%,200%,fig_3b,2,15,1.1848
2021-11-22,ZA,250,Omicron BA.2,Community,1.4829088500825607,2021-11-08,14,Changing diagnostics,Changing sequencing,150%,200%,fig_3b,2,15,1.1848
2021-11-22,ZA,250,Omicron BA.2,Community,1.4829088500825607,2021-11-08,14,Changing diagnostics,Changing sequencing,200%,200%,fig_3b,2,15,1.1848
2021-11-22,ZA,251,Omicron BA.2,Community,1.5737968118618142,2021-11-08,14,Changing diagnostics,Changing sequencing,50%,200%,fig_3b,2,15,1.1848
2021-11-22,ZA,251,Omicron BA.2,Community,1.5737968118618142,2021-11-08,14,Changing diagnostics,Changing sequencing,100%,200%,fig_3b,2,15,1.1848
2021-11-22,ZA,251,Omicron BA.2,Community,1.573796811861814,2021-11-08,14,Changing diagnostics,Changing sequencing,150%,200%,fig_3b,2,15,1.1848
2021-11-22,ZA,251,Omicron BA.2,Community,1.5737968118618142,2021-11-08,14,Changing diagnostics,Changing sequencing,200%,200%,fig_3b,2,15,1.1848
2021-11-21,ZA,252,Omicron BA.2,Community,1.2115862159901325,2021-11-08,13,Changing diagnostics,Changing sequencing,50%,200%,fig_3b,2,15,1.1848
2021-11-21,ZA,252,Omicron BA.2,Community,1.2115862159901325,2021-11-08,13,Changing diagnostics,Changing sequencing,100%,200%,fig_3b,2,15,1.1848
2021-11-21,ZA,252,Omicron BA.2,Community,1.2115862159901325,2021-11-08,13,Changing diagnostics,Changing sequencing,150%,200%,fig_3b,2,15,1.1848
2021-11-21,ZA,252,Omicron BA.2,Community,1.2115862159901325,2021-11-08,13,Changing diagnostics,Changing sequencing,200%,200%,fig_3b,2,15,1.1848
2021-11-21,ZA,253,Omicron BA.2,Community,1.1663501842317503,2021-11-08,13,Changing diagnostics,Changing sequencing,50%,200%,fig_3b,2,15,1.1848
2021-11-21,ZA,253,Omicron BA.2,Community,1.1663501842317503,2021-11-08,13,Changing diagnostics,Changing sequencing,100%,200%,fig_3b,2,15,1.1848
2021-11-21,ZA,253,Omicron BA.2,Community,1.1663501842317505,2021-11-08,13,Changing diagnostics,Changing sequencing,150%,200%,fig_3b,2,15,1.1848
2021-11-21,ZA,253,Omicron BA.2,Community,1.1663501842317503,2021-11-08,13,Changing diagnostics,Changing sequencing,200%,200%,fig_3b,2,15,1.1848
2021-11-23,ZA,254,Omicron BA.2,Community,1.017406732087752,2021-11-08,15,Changing diagnostics,Changing sequencing,50%,200%,fig_3b,2,15,1.1848
2021-11-23,ZA,254,Omicron BA.2,Community,1.017406732087752,2021-11-08,15,Changing diagnostics,Changing sequencing,100%,200%,fig_3b,2,15,1.1848
2021-11-23,ZA,254,Omicron BA.2,Community,1.017406732087752,2021-11-08,15,Changing diagnostics,Changing sequencing,150%,200%,fig_3b,2,15,1.1848
2021-11-23,ZA,254,Omicron BA.2,Community,1.017406732087752,2021-11-08,15,Changing diagnostics,Changing sequencing,200%,200%,fig_3b,2,15,1.1848
2021-11-22,ZA,255,Omicron BA.2,Community,1.0765325999216868,2021-11-08,14,Changing diagnostics,Changing sequencing,50%,200%,fig_3b,2,15,1.1848
2021-11-22,ZA,255,Omicron BA.2,Community,1.0765325999216868,2021-11-08,14,Changing diagnostics,Changing sequencing,100%,200%,fig_3b,2,15,1.1848
2021-11-22,ZA,255,Omicron BA.2,Community,1.0765325999216868,2021-11-08,14,Changing diagnostics,Changing sequencing,150%,200%,fig_3b,2,15,1.1848
2021-11-22,ZA,255,Omicron BA.2,Community,1.0765325999216868,2021-11-08,14,Changing diagnostics,Changing sequencing,200%,200%,fig_3b,2,15,1.1848
2021-11-25,ZA,256,Omicron BA.2,Community,1.3417873260759527,2021-11-08,17,Changing diagnostics,Changing sequencing,50%,200%,fig_3b,2,15,1.1848
2021-11-25,ZA,256,Omicron BA.2,Community,1.3417873260759527,2021-11-08,17,Changing diagnostics,Changing sequencing,100%,200%,fig_3b,2,15,1.1848
2021-11-25,ZA,256,Omicron BA.2,Community,1.3417873260759525,2021-11-08,17,Changing diagnostics,Changing sequencing,150%,200%,fig_3b,2,15,1.1848
2021-11-25,ZA,256,Omicron BA.2,Community,1.3417873260759527,2021-11-08,17,Changing diagnostics,Changing sequencing,200%,200%,fig_3b,2,15,1.1848
2021-11-26,ZA,257,Omicron BA.2,Community,1.581510813740035,2021-11-08,18,Changing diagnostics,Changing sequencing,50%,200%,fig_3b,2,15,1.1848
2021-11-26,ZA,257,Omicron BA.2,Community,1.581510813740035,2021-11-08,18,Changing diagnostics,Changing sequencing,100%,200%,fig_3b,2,15,1.1848
2021-11-26,ZA,257,Omicron BA.2,Community,1.5815108137400349,2021-11-08,18,Changing diagnostics,Changing sequencing,150%,200%,fig_3b,2,15,1.1848
2021-11-26,ZA,257,Omicron BA.2,Community,1.581510813740035,2021-11-08,18,Changing diagnostics,Changing sequencing,200%,200%,fig_3b,2,15,1.1848
2021-11-25,ZA,258,Omicron BA.2,Community,1.9159060624987165,2021-11-08,17,Changing diagnostics,Changing sequencing,50%,200%,fig_3b,2,15,1.1848
2021-11-25,ZA,258,Omicron BA.2,Community,1.9159060624987165,2021-11-08,17,Changing diagnostics,Changing sequencing,100%,200%,fig_3b,2,15,1.1848
2021-11-25,ZA,258,Omicron BA.2,Community,1.9159060624987163,2021-11-08,17,Changing diagnostics,Changing sequencing,150%,200%,fig_3b,2,15,1.1848
2021-11-25,ZA,258,Omicron BA.2,Community,1.9159060624987165,2021-11-08,17,Changing diagnostics,Changing sequencing,200%,200%,fig_3b,2,15,1.1848
2021-11-23,ZA,259,Omicron BA.2,Community,1.0829378662184632,2021-11-08,15,Changing diagnostics,Changing sequencing,50%,200%,fig_3b,2,15,1.1848
2021-11-23,ZA,259,Omicron BA.2,Community,1.0829378662184632,2021-11-08,15,Changing diagnostics,Changing sequencing,100%,200%,fig_3b,2,15,1.1848
2021-11-23,ZA,259,Omicron BA.2,Community,1.0829378662184632,2021-11-08,15,Changing diagnostics,Changing sequencing,150%,200%,fig_3b,2,15,1.1848
2021-11-23,ZA,259,Omicron BA.2,Community,1.0829378662184632,2021-11-08,15,Changing diagnostics,Changing sequencing,200%,200%,fig_3b,2,15,1.1848
2021-11-26,ZA,26,Omicron BA.2,Community,1.182940902780176,2021-11-08,18,Changing diagnostics,Changing sequencing,50%,200%,fig_3b,2,15,1.1848
2021-11-26,ZA,26,Omicron BA.2,Community,1.182940902780176,2021-11-08,18,Changing diagnostics,Changing sequencing,100%,200%,fig_3b,2,15,1.1848
2021-11-26,ZA,26,Omicron BA.2,Community,1.1829409027801758,2021-11-08,18,Changing diagnostics,Changing sequencing,150%,200%,fig_3b,2,15,1.1848
2021-11-26,ZA,26,Omicron BA.2,Community,1.182940902780176,2021-11-08,18,Changing diagnostics,Changing sequencing,200%,200%,fig_3b,2,15,1.1848
2021-11-21,ZA,260,Omicron BA.2,Community,1.1663501842317507,2021-11-08,13,Changing diagnostics,Changing sequencing,50%,200%,fig_3b,2,15,1.1848
2021-11-21,ZA,260,Omicron BA.2,Community,1.1663501842317507,2021-11-08,13,Changing diagnostics,Changing sequencing,100%,200%,fig_3b,2,15,1.1848
2021-11-21,ZA,260,Omicron BA.2,Community,1.1663501842317505,2021-11-08,13,Changing diagnostics,Changing sequencing,150%,200%,fig_3b,2,15,1.1848
2021-11-21,ZA,260,Omicron BA.2,Community,1.1663501842317507,2021-11-08,13,Changing diagnostics,Changing sequencing,200%,200%,fig_3b,2,15,1.1848
2021-11-25,ZA,261,Omicron BA.2,Community,1.6353775175558458,2021-11-08,17,Changing diagnostics,Changing sequencing,50%,200%,fig_3b,2,15,1.1848
2021-11-25,ZA,261,Omicron BA.2,Community,1.6353775175558458,2021-11-08,17,Changing diagnostics,Changing sequencing,100%,200%,fig_3b,2,15,1.1848
2021-11-25,ZA,261,Omicron BA.2,Community,1.635377517555846,2021-11-08,17,Changing diagnostics,Changing sequencing,150%,200%,fig_3b,2,15,1.1848
2021-11-25,ZA,261,Omicron BA.2,Community,1.6353775175558458,2021-11-08,17,Changing diagnostics,Changing sequencing,200%,200%,fig_3b,2,15,1.1848
2021-12-01,ZA,262,Omicron BA.2,Community,1.2734579498048149,2021-11-08,23,Changing diagnostics,Changing sequencing,50%,200%,fig_3b,2,15,1.1848
2021-12-01,ZA,262,Omicron BA.2,Community,1.2734579498048149,2021-11-08,23,Changing diagnostics,Changing sequencing,100%,200%,fig_3b,2,15,1.1848
2021-12-01,ZA,262,Omicron BA.2,Community,1.2734579498048153,2021-11-08,23,Changing diagnostics,Changing sequencing,150%,200%,fig_3b,2,15,1.1848
2021-12-01,ZA,262,Omicron BA.2,Community,1.2734579498048149,2021-11-08,23,Changing diagnostics,Changing sequencing,200%,200%,fig_3b,2,15,1.1848
2021-11-23,ZA,263,Omicron BA.2,Community,1.4007877832247213,2021-11-08,15,Changing diagnostics,Changing sequencing,50%,200%,fig_3b,2,15,1.1848
2021-11-23,ZA,263,Omicron BA.2,Community,1.4007877832247213,2021-11-08,15,Changing diagnostics,Changing sequencing,100%,200%,fig_3b,2,15,1.1848
2021-11-23,ZA,263,Omicron BA.2,Community,1.4007877832247213,2021-11-08,15,Changing diagnostics,Changing sequencing,150%,200%,fig_3b,2,15,1.1848
2021-11-23,ZA,263,Omicron BA.2,Community,1.4007877832247213,2021-11-08,15,Changing diagnostics,Changing sequencing,200%,200%,fig_3b,2,15,1.1848
2021-11-22,ZA,264,Omicron BA.2,Community,1.674935295646247,2021-11-08,14,Changing diagnostics,Changing sequencing,50%,200%,fig_3b,2,15,1.1848
2021-11-22,ZA,264,Omicron BA.2,Community,1.674935295646247,2021-11-08,14,Changing diagnostics,Changing sequencing,100%,200%,fig_3b,2,15,1.1848
2021-11-22,ZA,264,Omicron BA.2,Community,1.6749352956462473,2021-11-08,14,Changing diagnostics,Changing sequencing,150%,200%,fig_3b,2,15,1.1848
2021-11-22,ZA,264,Omicron BA.2,Community,1.674935295646247,2021-11-08,14,Changing diagnostics,Changing sequencing,200%,200%,fig_3b,2,15,1.1848
2021-11-23,ZA,265,Omicron BA.2,Community,1.0331916038126678,2021-11-08,15,Changing diagnostics,Changing sequencing,50%,200%,fig_3b,2,15,1.1848
2021-11-23,ZA,265,Omicron BA.2,Community,1.0331916038126678,2021-11-08,15,Changing diagnostics,Changing sequencing,100%,200%,fig_3b,2,15,1.1848
2021-11-23,ZA,265,Omicron BA.2,Community,1.033191603812668,2021-11-08,15,Changing diagnostics,Changing sequencing,150%,200%,fig_3b,2,15,1.1848
2021-11-23,ZA,265,Omicron BA.2,Community,1.0331916038126678,2021-11-08,15,Changing diagnostics,Changing sequencing,200%,200%,fig_3b,2,15,1.1848
2021-11-20,ZA,266,Omicron BA.2,Community,1.1666750857893233,2021-11-08,12,Changing diagnostics,Changing sequencing,50%,200%,fig_3b,2,15,1.1848
2021-11-20,ZA,266,Omicron BA.2,Community,1.1666750857893233,2021-11-08,12,Changing diagnostics,Changing sequencing,100%,200%,fig_3b,2,15,1.1848
2021-11-20,ZA,266,Omicron BA.2,Community,1.1666750857893233,2021-11-08,12,Changing diagnostics,Changing sequencing,150%,200%,fig_3b,2,15,1.1848
2021-11-20,ZA,266,Omicron BA.2,Community,1.1666750857893233,2021-11-08,12,Changing diagnostics,Changing sequencing,200%,200%,fig_3b,2,15,1.1848
2021-11-22,ZA,267,Omicron BA.2,Community,1.4013602527969145,2021-11-08,14,Changing diagnostics,Changing sequencing,50%,200%,fig_3b,2,15,1.1848
2021-11-22,ZA,267,Omicron BA.2,Community,1.4013602527969145,2021-11-08,14,Changing diagnostics,Changing sequencing,100%,200%,fig_3b,2,15,1.1848
2021-11-22,ZA,267,Omicron BA.2,Community,1.4013602527969145,2021-11-08,14,Changing diagnostics,Changing sequencing,150%,200%,fig_3b,2,15,1.1848
2021-11-22,ZA,267,Omicron BA.2,Community,1.4013602527969145,2021-11-08,14,Changing diagnostics,Changing sequencing,200%,200%,fig_3b,2,15,1.1848
2021-11-25,ZA,268,Omicron BA.2,Community,1.4916994056485977,2021-11-08,17,Changing diagnostics,Changing sequencing,50%,200%,fig_3b,2,15,1.1848
2021-11-25,ZA,268,Omicron BA.2,Community,1.4916994056485977,2021-11-08,17,Changing diagnostics,Changing sequencing,100%,200%,fig_3b,2,15,1.1848
2021-11-25,ZA,268,Omicron BA.2,Community,1.4916994056485977,2021-11-08,17,Changing diagnostics,Changing sequencing,150%,200%,fig_3b,2,15,1.1848
2021-11-25,ZA,268,Omicron BA.2,Community,1.4916994056485977,2021-11-08,17,Changing diagnostics,Changing sequencing,200%,200%,fig_3b,2,15,1.1848
2021-11-27,ZA,269,Omicron BA.2,Community,1.0401054950926136,2021-11-08,19,Changing diagnostics,Changing sequencing,50%,200%,fig_3b,2,15,1.1848
2021-11-27,ZA,269,Omicron BA.2,Community,1.0401054950926136,2021-11-08,19,Changing diagnostics,Changing sequencing,100%,200%,fig_3b,2,15,1.1848
2021-11-27,ZA,269,Omicron BA.2,Community,1.0401054950926139,2021-11-08,19,Changing diagnostics,Changing sequencing,150%,200%,fig_3b,2,15,1.1848
2021-11-27,ZA,269,Omicron BA.2,Community,1.0401054950926136,2021-11-08,19,Changing diagnostics,Changing sequencing,200%,200%,fig_3b,2,15,1.1848
2021-11-23,ZA,27,Omicron BA.2,Community,1.038692392444078,2021-11-08,15,Changing diagnostics,Changing sequencing,50%,200%,fig_3b,2,15,1.1848
2021-11-23,ZA,27,Omicron BA.2,Community,1.038692392444078,2021-11-08,15,Changing diagnostics,Changing sequencing,100%,200%,fig_3b,2,15,1.1848
2021-11-23,ZA,27,Omicron BA.2,Community,1.038692392444078,2021-11-08,15,Changing diagnostics,Changing sequencing,150%,200%,fig_3b,2,15,1.1848
2021-11-23,ZA,27,Omicron BA.2,Community,1.038692392444078,2021-11-08,15,Changing diagnostics,Changing sequencing,200%,200%,fig_3b,2,15,1.1848
2021-11-23,ZA,270,Omicron BA.2,Community,1.281444586395434,2021-11-08,15,Changing diagnostics,Changing sequencing,50%,200%,fig_3b,2,15,1.1848
2021-11-23,ZA,270,Omicron BA.2,Community,1.281444586395434,2021-11-08,15,Changing diagnostics,Changing sequencing,100%,200%,fig_3b,2,15,1.1848
2021-11-23,ZA,270,Omicron BA.2,Community,1.2814445863954338,2021-11-08,15,Changing diagnostics,Changing sequencing,150%,200%,fig_3b,2,15,1.1848
2021-11-23,ZA,270,Omicron BA.2,Community,1.281444586395434,2021-11-08,15,Changing diagnostics,Changing sequencing,200%,200%,fig_3b,2,15,1.1848
2021-11-23,ZA,271,Omicron BA.2,Community,1.3206676009846186,2021-11-08,15,Changing diagnostics,Changing sequencing,50%,200%,fig_3b,2,15,1.1848
2021-11-23,ZA,271,Omicron BA.2,Community,1.3206676009846186,2021-11-08,15,Changing diagnostics,Changing sequencing,100%,200%,fig_3b,2,15,1.1848
2021-11-23,ZA,271,Omicron BA.2,Community,1.3206676009846183,2021-11-08,15,Changing diagnostics,Changing sequencing,150%,200%,fig_3b,2,15,1.1848
2021-11-23,ZA,271,Omicron BA.2,Community,1.3206676009846186,2021-11-08,15,Changing diagnostics,Changing sequencing,200%,200%,fig_3b,2,15,1.1848
2021-11-22,ZA,272,Omicron BA.2,Community,1.1439582557779753,2021-11-08,14,Changing diagnostics,Changing sequencing,50%,200%,fig_3b,2,15,1.1848
2021-11-22,ZA,272,Omicron BA.2,Community,1.1439582557779753,2021-11-08,14,Changing diagnostics,Changing sequencing,100%,200%,fig_3b,2,15,1.1848
2021-11-22,ZA,272,Omicron BA.2,Community,1.1439582557779753,2021-11-08,14,Changing diagnostics,Changing sequencing,150%,200%,fig_3b,2,15,1.1848
2021-11-22,ZA,272,Omicron BA.2,Community,1.1439582557779753,2021-11-08,14,Changing diagnostics,Changing sequencing,200%,200%,fig_3b,2,15,1.1848
2021-11-21,ZA,273,Omicron BA.2,Community,1.1537362907606632,2021-11-08,13,Changing diagnostics,Changing sequencing,50%,200%,fig_3b,2,15,1.1848
2021-11-21,ZA,273,Omicron BA.2,Community,1.1537362907606632,2021-11-08,13,Changing diagnostics,Changing sequencing,100%,200%,fig_3b,2,15,1.1848
2021-11-21,ZA,273,Omicron BA.2,Community,1.153736290760663,2021-11-08,13,Changing diagnostics,Changing sequencing,150%,200%,fig_3b,2,15,1.1848
2021-11-21,ZA,273,Omicron BA.2,Community,1.1537362907606632,2021-11-08,13,Changing diagnostics,Changing sequencing,200%,200%,fig_3b,2,15,1.1848
2021-11-22,ZA,274,Omicron BA.2,Community,1.2596752597475516,2021-11-08,14,Changing diagnostics,Changing sequencing,50%,200%,fig_3b,2,15,1.1848
2021-11-22,ZA,274,Omicron BA.2,Community,1.2596752597475516,2021-11-08,14,Changing diagnostics,Changing sequencing,100%,200%,fig_3b,2,15,1.1848
2021-11-22,ZA,274,Omicron BA.2,Community,1.2596752597475516,2021-11-08,14,Changing diagnostics,Changing sequencing,150%,200%,fig_3b,2,15,1.1848
2021-11-22,ZA,274,Omicron BA.2,Community,1.2596752597475516,2021-11-08,14,Changing diagnostics,Changing sequencing,200%,200%,fig_3b,2,15,1.1848
2021-11-21,ZA,275,Omicron BA.2,Community,1.2824849965345204,2021-11-08,13,Changing diagnostics,Changing sequencing,50%,200%,fig_3b,2,15,1.1848
2021-11-21,ZA,275,Omicron BA.2,Community,1.2824849965345204,2021-11-08,13,Changing diagnostics,Changing sequencing,100%,200%,fig_3b,2,15,1.1848
2021-11-21,ZA,275,Omicron BA.2,Community,1.2824849965345202,2021-11-08,13,Changing diagnostics,Changing sequencing,150%,200%,fig_3b,2,15,1.1848
2021-11-21,ZA,275,Omicron BA.2,Community,1.2824849965345204,2021-11-08,13,Changing diagnostics,Changing sequencing,200%,200%,fig_3b,2,15,1.1848
2021-11-25,ZA,276,Omicron BA.2,Community,1.0858977961915566,2021-11-08,17,Changing diagnostics,Changing sequencing,50%,200%,fig_3b,2,15,1.1848
2021-11-25,ZA,276,Omicron BA.2,Community,1.0858977961915566,2021-11-08,17,Changing diagnostics,Changing sequencing,100%,200%,fig_3b,2,15,1.1848
2021-11-25,ZA,276,Omicron BA.2,Community,1.0858977961915566,2021-11-08,17,Changing diagnostics,Changing sequencing,150%,200%,fig_3b,2,15,1.1848
2021-11-25,ZA,276,Omicron BA.2,Community,1.0858977961915566,2021-11-08,17,Changing diagnostics,Changing sequencing,200%,200%,fig_3b,2,15,1.1848
2021-11-25,ZA,277,Omicron BA.2,Community,1.1610022637794362,2021-11-08,17,Changing diagnostics,Changing sequencing,50%,200%,fig_3b,2,15,1.1848
2021-11-25,ZA,277,Omicron BA.2,Community,1.1610022637794362,2021-11-08,17,Changing diagnostics,Changing sequencing,100%,200%,fig_3b,2,15,1.1848
2021-11-25,ZA,277,Omicron BA.2,Community,1.161002263779436,2021-11-08,17,Changing diagnostics,Changing sequencing,150%,200%,fig_3b,2,15,1.1848
2021-11-25,ZA,277,Omicron BA.2,Community,1.1610022637794362,2021-11-08,17,Changing diagnostics,Changing sequencing,200%,200%,fig_3b,2,15,1.1848
2021-11-29,ZA,278,Omicron BA.2,Community,1.0354268118567929,2021-11-08,21,Changing diagnostics,Changing sequencing,50%,200%,fig_3b,2,15,1.1848
2021-11-29,ZA,278,Omicron BA.2,Community,1.0354268118567929,2021-11-08,21,Changing diagnostics,Changing sequencing,100%,200%,fig_3b,2,15,1.1848
2021-11-29,ZA,278,Omicron BA.2,Community,1.035426811856793,2021-11-08,21,Changing diagnostics,Changing sequencing,150%,200%,fig_3b,2,15,1.1848
2021-11-29,ZA,278,Omicron BA.2,Community,1.0354268118567929,2021-11-08,21,Changing diagnostics,Changing sequencing,200%,200%,fig_3b,2,15,1.1848
2021-11-20,ZA,279,Omicron BA.2,Community,1.086214735045232,2021-11-08,12,Changing diagnostics,Changing sequencing,50%,200%,fig_3b,2,15,1.1848
2021-11-20,ZA,279,Omicron BA.2,Community,1.086214735045232,2021-11-08,12,Changing diagnostics,Changing sequencing,100%,200%,fig_3b,2,15,1.1848
2021-11-20,ZA,279,Omicron BA.2,Community,1.0862147350452325,2021-11-08,12,Changing diagnostics,Changing sequencing,150%,200%,fig_3b,2,15,1.1848
2021-11-20,ZA,279,Omicron BA.2,Community,1.086214735045232,2021-11-08,12,Changing diagnostics,Changing sequencing,200%,200%,fig_3b,2,15,1.1848
2021-11-26,ZA,28,Omicron BA.2,Community,1.1543630449386606,2021-11-08,18,Changing diagnostics,Changing sequencing,50%,200%,fig_3b,2,15,1.1848
2021-11-26,ZA,28,Omicron BA.2,Community,1.1543630449386606,2021-11-08,18,Changing diagnostics,Changing sequencing,100%,200%,fig_3b,2,15,1.1848
2021-11-26,ZA,28,Omicron BA.2,Community,1.1543630449386606,2021-11-08,18,Changing diagnostics,Changing sequencing,150%,200%,fig_3b,2,15,1.1848
2021-11-26,ZA,28,Omicron BA.2,Community,1.1543630449386606,2021-11-08,18,Changing diagnostics,Changing sequencing,200%,200%,fig_3b,2,15,1.1848
2021-11-25,ZA,280,Omicron BA.2,Community,1.526134655609839,2021-11-08,17,Changing diagnostics,Changing sequencing,50%,200%,fig_3b,2,15,1.1848
2021-11-25,ZA,280,Omicron BA.2,Community,1.526134655609839,2021-11-08,17,Changing diagnostics,Changing sequencing,100%,200%,fig_3b,2,15,1.1848
2021-11-25,ZA,280,Omicron BA.2,Community,1.526134655609839,2021-11-08,17,Changing diagnostics,Changing sequencing,150%,200%,fig_3b,2,15,1.1848
2021-11-25,ZA,280,Omicron BA.2,Community,1.526134655609839,2021-11-08,17,Changing diagnostics,Changing sequencing,200%,200%,fig_3b,2,15,1.1848
2021-11-21,ZA,281,Omicron BA.2,Community,1.2328993463378322,2021-11-08,13,Changing diagnostics,Changing sequencing,50%,200%,fig_3b,2,15,1.1848
2021-11-21,ZA,281,Omicron BA.2,Community,1.2328993463378322,2021-11-08,13,Changing diagnostics,Changing sequencing,100%,200%,fig_3b,2,15,1.1848
2021-11-21,ZA,281,Omicron BA.2,Community,1.2328993463378324,2021-11-08,13,Changing diagnostics,Changing sequencing,150%,200%,fig_3b,2,15,1.1848
2021-11-21,ZA,281,Omicron BA.2,Community,1.2328993463378322,2021-11-08,13,Changing diagnostics,Changing sequencing,200%,200%,fig_3b,2,15,1.1848
2021-11-22,ZA,282,Omicron BA.2,Community,1.2763038843337307,2021-11-08,14,Changing diagnostics,Changing sequencing,50%,200%,fig_3b,2,15,1.1848
2021-11-22,ZA,282,Omicron BA.2,Community,1.2763038843337307,2021-11-08,14,Changing diagnostics,Changing sequencing,100%,200%,fig_3b,2,15,1.1848
2021-11-22,ZA,282,Omicron BA.2,Community,1.2763038843337309,2021-11-08,14,Changing diagnostics,Changing sequencing,150%,200%,fig_3b,2,15,1.1848
2021-11-22,ZA,282,Omicron BA.2,Community,1.2763038843337307,2021-11-08,14,Changing diagnostics,Changing sequencing,200%,200%,fig_3b,2,15,1.1848
2021-11-22,ZA,283,Omicron BA.2,Community,1.1653704572999046,2021-11-08,14,Changing diagnostics,Changing sequencing,50%,200%,fig_3b,2,15,1.1848
2021-11-22,ZA,283,Omicron BA.2,Community,1.1653704572999046,2021-11-08,14,Changing diagnostics,Changing sequencing,100%,200%,fig_3b,2,15,1.1848
2021-11-22,ZA,283,Omicron BA.2,Community,1.1653704572999046,2021-11-08,14,Changing diagnostics,Changing sequencing,150%,200%,fig_3b,2,15,1.1848
2021-11-22,ZA,283,Omicron BA.2,Community,1.1653704572999046,2021-11-08,14,Changing diagnostics,Changing sequencing,200%,200%,fig_3b,2,15,1.1848
2021-11-23,ZA,284,Omicron BA.2,Community,1.0071226489942466,2021-11-08,15,Changing diagnostics,Changing sequencing,50%,200%,fig_3b,2,15,1.1848
2021-11-23,ZA,284,Omicron BA.2,Community,1.0071226489942466,2021-11-08,15,Changing diagnostics,Changing sequencing,100%,200%,fig_3b,2,15,1.1848
2021-11-23,ZA,284,Omicron BA.2,Community,1.0071226489942466,2021-11-08,15,Changing diagnostics,Changing sequencing,150%,200%,fig_3b,2,15,1.1848
2021-11-23,ZA,284,Omicron BA.2,Community,1.0071226489942466,2021-11-08,15,Changing diagnostics,Changing sequencing,200%,200%,fig_3b,2,15,1.1848
2021-11-25,ZA,285,Omicron BA.2,Community,1.1001468651410353,2021-11-08,17,Changing diagnostics,Changing sequencing,50%,200%,fig_3b,2,15,1.1848
2021-11-25,ZA,285,Omicron BA.2,Community,1.1001468651410353,2021-11-08,17,Changing diagnostics,Changing sequencing,100%,200%,fig_3b,2,15,1.1848
2021-11-25,ZA,285,Omicron BA.2,Community,1.1001468651410353,2021-11-08,17,Changing diagnostics,Changing sequencing,150%,200%,fig_3b,2,15,1.1848
2021-11-25,ZA,285,Omicron BA.2,Community,1.1001468651410353,2021-11-08,17,Changing diagnostics,Changing sequencing,200%,200%,fig_3b,2,15,1.1848
2021-11-22,ZA,286,Omicron BA.2,Community,1.0125237847337916,2021-11-08,14,Changing diagnostics,Changing sequencing,50%,200%,fig_3b,2,15,1.1848
2021-11-22,ZA,286,Omicron BA.2,Community,1.0125237847337916,2021-11-08,14,Changing diagnostics,Changing sequencing,100%,200%,fig_3b,2,15,1.1848
2021-11-22,ZA,286,Omicron BA.2,Community,1.0125237847337913,2021-11-08,14,Changing diagnostics,Changing sequencing,150%,200%,fig_3b,2,15,1.1848
2021-11-22,ZA,286,Omicron BA.2,Community,1.0125237847337916,2021-11-08,14,Changing diagnostics,Changing sequencing,200%,200%,fig_3b,2,15,1.1848
2021-11-22,ZA,287,Omicron BA.2,Community,1.0908833307289374,2021-11-08,14,Changing diagnostics,Changing sequencing,50%,200%,fig_3b,2,15,1.1848
2021-11-22,ZA,287,Omicron BA.2,Community,1.0908833307289374,2021-11-08,14,Changing diagnostics,Changing sequencing,100%,200%,fig_3b,2,15,1.1848
2021-11-22,ZA,287,Omicron BA.2,Community,1.0908833307289376,2021-11-08,14,Changing diagnostics,Changing sequencing,150%,200%,fig_3b,2,15,1.1848
2021-11-22,ZA,287,Omicron BA.2,Community,1.0908833307289374,2021-11-08,14,Changing diagnostics,Changing sequencing,200%,200%,fig_3b,2,15,1.1848
2021-11-22,ZA,288,Omicron BA.2,Community,1.0102458909548628,2021-11-08,14,Changing diagnostics,Changing sequencing,50%,200%,fig_3b,2,15,1.1848
2021-11-22,ZA,288,Omicron BA.2,Community,1.0102458909548628,2021-11-08,14,Changing diagnostics,Changing sequencing,100%,200%,fig_3b,2,15,1.1848
2021-11-22,ZA,288,Omicron BA.2,Community,1.0102458909548628,2021-11-08,14,Changing diagnostics,Changing sequencing,150%,200%,fig_3b,2,15,1.1848
2021-11-22,ZA,288,Omicron BA.2,Community,1.0102458909548628,2021-11-08,14,Changing diagnostics,Changing sequencing,200%,200%,fig_3b,2,15,1.1848
2021-11-29,ZA,289,Omicron BA.2,Community,1.1090707378393967,2021-11-08,21,Changing diagnostics,Changing sequencing,50%,200%,fig_3b,2,15,1.1848
2021-11-29,ZA,289,Omicron BA.2,Community,1.1090707378393967,2021-11-08,21,Changing diagnostics,Changing sequencing,100%,200%,fig_3b,2,15,1.1848
2021-11-29,ZA,289,Omicron BA.2,Community,1.109070737839397,2021-11-08,21,Changing diagnostics,Changing sequencing,150%,200%,fig_3b,2,15,1.1848
2021-11-29,ZA,289,Omicron BA.2,Community,1.1090707378393967,2021-11-08,21,Changing diagnostics,Changing sequencing,200%,200%,fig_3b,2,15,1.1848
2021-11-26,ZA,29,Omicron BA.2,Community,1.074709866699543,2021-11-08,18,Changing diagnostics,Changing sequencing,50%,200%,fig_3b,2,15,1.1848
2021-11-26,ZA,29,Omicron BA.2,Community,1.074709866699543,2021-11-08,18,Changing diagnostics,Changing sequencing,100%,200%,fig_3b,2,15,1.1848
2021-11-26,ZA,29,Omicron BA.2,Community,1.074709866699543,2021-11-08,18,Changing diagnostics,Changing sequencing,150%,200%,fig_3b,2,15,1.1848
2021-11-26,ZA,29,Omicron BA.2,Community,1.074709866699543,2021-11-08,18,Changing diagnostics,Changing sequencing,200%,200%,fig_3b,2,15,1.1848
2021-11-21,ZA,290,Omicron BA.2,Community,1.2255049949927121,2021-11-08,13,Changing diagnostics,Changing sequencing,50%,200%,fig_3b,2,15,1.1848
2021-11-21,ZA,290,Omicron BA.2,Community,1.2255049949927121,2021-11-08,13,Changing diagnostics,Changing sequencing,100%,200%,fig_3b,2,15,1.1848
2021-11-21,ZA,290,Omicron BA.2,Community,1.225504994992712,2021-11-08,13,Changing diagnostics,Changing sequencing,150%,200%,fig_3b,2,15,1.1848
2021-11-21,ZA,290,Omicron BA.2,Community,1.2255049949927121,2021-11-08,13,Changing diagnostics,Changing sequencing,200%,200%,fig_3b,2,15,1.1848
2021-11-21,ZA,291,Omicron BA.2,Community,1.2004946889724528,2021-11-08,13,Changing diagnostics,Changing sequencing,50%,200%,fig_3b,2,15,1.1848
2021-11-21,ZA,291,Omicron BA.2,Community,1.2004946889724528,2021-11-08,13,Changing diagnostics,Changing sequencing,100%,200%,fig_3b,2,15,1.1848
2021-11-21,ZA,291,Omicron BA.2,Community,1.2004946889724524,2021-11-08,13,Changing diagnostics,Changing sequencing,150%,200%,fig_3b,2,15,1.1848
2021-11-21,ZA,291,Omicron BA.2,Community,1.2004946889724528,2021-11-08,13,Changing diagnostics,Changing sequencing,200%,200%,fig_3b,2,15,1.1848
2021-11-21,ZA,292,Omicron BA.2,Community,1.2679137747661953,2021-11-08,13,Changing diagnostics,Changing sequencing,50%,200%,fig_3b,2,15,1.1848
2021-11-21,ZA,292,Omicron BA.2,Community,1.2679137747661953,2021-11-08,13,Changing diagnostics,Changing sequencing,100%,200%,fig_3b,2,15,1.1848
2021-11-21,ZA,292,Omicron BA.2,Community,1.2679137747661953,2021-11-08,13,Changing diagnostics,Changing sequencing,150%,200%,fig_3b,2,15,1.1848
2021-11-21,ZA,292,Omicron BA.2,Community,1.2679137747661953,2021-11-08,13,Changing diagnostics,Changing sequencing,200%,200%,fig_3b,2,15,1.1848
2021-11-20,ZA,293,Omicron BA.2,Community,1.2942941421084233,2021-11-08,12,Changing diagnostics,Changing sequencing,50%,200%,fig_3b,2,15,1.1848
2021-11-20,ZA,293,Omicron BA.2,Community,1.2942941421084233,2021-11-08,12,Changing diagnostics,Changing sequencing,100%,200%,fig_3b,2,15,1.1848
2021-11-20,ZA,293,Omicron BA.2,Community,1.2942941421084235,2021-11-08,12,Changing diagnostics,Changing sequencing,150%,200%,fig_3b,2,15,1.1848
2021-11-20,ZA,293,Omicron BA.2,Community,1.2942941421084233,2021-11-08,12,Changing diagnostics,Changing sequencing,200%,200%,fig_3b,2,15,1.1848
2021-11-27,ZA,294,Omicron BA.2,Community,1.821750182975569,2021-11-08,19,Changing diagnostics,Changing sequencing,50%,200%,fig_3b,2,15,1.1848
2021-11-27,ZA,294,Omicron BA.2,Community,1.821750182975569,2021-11-08,19,Changing diagnostics,Changing sequencing,100%,200%,fig_3b,2,15,1.1848
2021-11-27,ZA,294,Omicron BA.2,Community,1.8217501829755685,2021-11-08,19,Changing diagnostics,Changing sequencing,150%,200%,fig_3b,2,15,1.1848
2021-11-27,ZA,294,Omicron BA.2,Community,1.821750182975569,2021-11-08,19,Changing diagnostics,Changing sequencing,200%,200%,fig_3b,2,15,1.1848
2021-11-22,ZA,295,Omicron BA.2,Community,1.0687877610733296,2021-11-08,14,Changing diagnostics,Changing sequencing,50%,200%,fig_3b,2,15,1.1848
2021-11-22,ZA,295,Omicron BA.2,Community,1.0687877610733296,2021-11-08,14,Changing diagnostics,Changing sequencing,100%,200%,fig_3b,2,15,1.1848
2021-11-22,ZA,295,Omicron BA.2,Community,1.0687877610733294,2021-11-08,14,Changing diagnostics,Changing sequencing,150%,200%,fig_3b,2,15,1.1848
2021-11-22,ZA,295,Omicron BA.2,Community,1.0687877610733296,2021-11-08,14,Changing diagnostics,Changing sequencing,200%,200%,fig_3b,2,15,1.1848
2021-11-26,ZA,296,Omicron BA.2,Community,1.0880867363274862,2021-11-08,18,Changing diagnostics,Changing sequencing,50%,200%,fig_3b,2,15,1.1848
2021-11-26,ZA,296,Omicron BA.2,Community,1.0880867363274862,2021-11-08,18,Changing diagnostics,Changing sequencing,100%,200%,fig_3b,2,15,1.1848
2021-11-26,ZA,296,Omicron BA.2,Community,1.0880867363274864,2021-11-08,18,Changing diagnostics,Changing sequencing,150%,200%,fig_3b,2,15,1.1848
2021-11-26,ZA,296,Omicron BA.2,Community,1.0880867363274862,2021-11-08,18,Changing diagnostics,Changing sequencing,200%,200%,fig_3b,2,15,1.1848
2021-11-25,ZA,297,Omicron BA.2,Community,1.3569269618347743,2021-11-08,17,Changing diagnostics,Changing sequencing,50%,200%,fig_3b,2,15,1.1848
2021-11-25,ZA,297,Omicron BA.2,Community,1.3569269618347743,2021-11-08,17,Changing diagnostics,Changing sequencing,100%,200%,fig_3b,2,15,1.1848
2021-11-25,ZA,297,Omicron BA.2,Community,1.3569269618347746,2021-11-08,17,Changing diagnostics,Changing sequencing,150%,200%,fig_3b,2,15,1.1848
2021-11-25,ZA,297,Omicron BA.2,Community,1.3569269618347743,2021-11-08,17,Changing diagnostics,Changing sequencing,200%,200%,fig_3b,2,15,1.1848
2021-11-27,ZA,298,Omicron BA.2,Community,1.1188908464980996,2021-11-08,19,Changing diagnostics,Changing sequencing,50%,200%,fig_3b,2,15,1.1848
2021-11-27,ZA,298,Omicron BA.2,Community,1.1188908464980996,2021-11-08,19,Changing diagnostics,Changing sequencing,100%,200%,fig_3b,2,15,1.1848
2021-11-27,ZA,298,Omicron BA.2,Community,1.1188908464980998,2021-11-08,19,Changing diagnostics,Changing sequencing,150%,200%,fig_3b,2,15,1.1848
2021-11-27,ZA,298,Omicron BA.2,Community,1.1188908464980996,2021-11-08,19,Changing diagnostics,Changing sequencing,200%,200%,fig_3b,2,15,1.1848
2021-11-26,ZA,299,Omicron BA.2,Community,1.1154485151119162,2021-11-08,18,Changing diagnostics,Changing sequencing,50%,200%,fig_3b,2,15,1.1848
2021-11-26,ZA,299,Omicron BA.2,Community,1.1154485151119162,2021-11-08,18,Changing diagnostics,Changing sequencing,100%,200%,fig_3b,2,15,1.1848
2021-11-26,ZA,299,Omicron BA.2,Community,1.115448515111916,2021-11-08,18,Changing diagnostics,Changing sequencing,150%,200%,fig_3b,2,15,1.1848
2021-11-26,ZA,299,Omicron BA.2,Community,1.1154485151119162,2021-11-08,18,Changing diagnostics,Changing sequencing,200%,200%,fig_3b,2,15,1.1848
2021-11-22,ZA,3,Omicron BA.2,Community,1.2815430400252668,2021-11-08,14,Changing diagnostics,Changing sequencing,50%,200%,fig_3b,2,15,1.1848
2021-11-22,ZA,3,Omicron BA.2,Community,1.2815430400252668,2021-11-08,14,Changing diagnostics,Changing sequencing,100%,200%,fig_3b,2,15,1.1848
2021-11-22,ZA,3,Omicron BA.2,Community,1.2815430400252668,2021-11-08,14,Changing diagnostics,Changing sequencing,150%,200%,fig_3b,2,15,1.1848
2021-11-22,ZA,3,Omicron BA.2,Community,1.2815430400252668,2021-11-08,14,Changing diagnostics,Changing sequencing,200%,200%,fig_3b,2,15,1.1848
2021-11-26,ZA,30,Omicron BA.2,Community,1.1789886458446472,2021-11-08,18,Changing diagnostics,Changing sequencing,50%,200%,fig_3b,2,15,1.1848
2021-11-26,ZA,30,Omicron BA.2,Community,1.1789886458446472,2021-11-08,18,Changing diagnostics,Changing sequencing,100%,200%,fig_3b,2,15,1.1848
2021-11-26,ZA,30,Omicron BA.2,Community,1.1789886458446477,2021-11-08,18,Changing diagnostics,Changing sequencing,150%,200%,fig_3b,2,15,1.1848
2021-11-26,ZA,30,Omicron BA.2,Community,1.1789886458446472,2021-11-08,18,Changing diagnostics,Changing sequencing,200%,200%,fig_3b,2,15,1.1848
2021-11-25,ZA,300,Omicron BA.2,Community,1.0470097121836028,2021-11-08,17,Changing diagnostics,Changing sequencing,50%,200%,fig_3b,2,15,1.1848
2021-11-25,ZA,300,Omicron BA.2,Community,1.0470097121836028,2021-11-08,17,Changing diagnostics,Changing sequencing,100%,200%,fig_3b,2,15,1.1848
2021-11-25,ZA,300,Omicron BA.2,Community,1.0470097121836028,2021-11-08,17,Changing diagnostics,Changing sequencing,150%,200%,fig_3b,2,15,1.1848
2021-11-25,ZA,300,Omicron BA.2,Community,1.0470097121836028,2021-11-08,17,Changing diagnostics,Changing sequencing,200%,200%,fig_3b,2,15,1.1848
2021-11-26,ZA,301,Omicron BA.2,Community,1.2279358278923493,2021-11-08,18,Changing diagnostics,Changing sequencing,50%,200%,fig_3b,2,15,1.1848
2021-11-26,ZA,301,Omicron BA.2,Community,1.2279358278923493,2021-11-08,18,Changing diagnostics,Changing sequencing,100%,200%,fig_3b,2,15,1.1848
2021-11-26,ZA,301,Omicron BA.2,Community,1.2279358278923491,2021-11-08,18,Changing diagnostics,Changing sequencing,150%,200%,fig_3b,2,15,1.1848
2021-11-26,ZA,301,Omicron BA.2,Community,1.2279358278923493,2021-11-08,18,Changing diagnostics,Changing sequencing,200%,200%,fig_3b,2,15,1.1848
2021-11-23,ZA,302,Omicron BA.2,Community,1.2379166067903633,2021-11-08,15,Changing diagnostics,Changing sequencing,50%,200%,fig_3b,2,15,1.1848
2021-11-23,ZA,302,Omicron BA.2,Community,1.2379166067903633,2021-11-08,15,Changing diagnostics,Changing sequencing,100%,200%,fig_3b,2,15,1.1848
2021-11-23,ZA,302,Omicron BA.2,Community,1.2379166067903633,2021-11-08,15,Changing diagnostics,Changing sequencing,150%,200%,fig_3b,2,15,1.1848
2021-11-23,ZA,302,Omicron BA.2,Community,1.2379166067903633,2021-11-08,15,Changing diagnostics,Changing sequencing,200%,200%,fig_3b,2,15,1.1848
2021-11-18,ZA,303,Omicron BA.2,Community,1.0871598112985508,2021-11-08,10,Changing diagnostics,Changing sequencing,50%,200%,fig_3b,2,15,1.1848
2021-11-18,ZA,303,Omicron BA.2,Community,1.0871598112985508,2021-11-08,10,Changing diagnostics,Changing sequencing,100%,200%,fig_3b,2,15,1.1848
2021-11-18,ZA,303,Omicron BA.2,Community,1.0871598112985508,2021-11-08,10,Changing diagnostics,Changing sequencing,150%,200%,fig_3b,2,15,1.1848
2021-11-18,ZA,303,Omicron BA.2,Community,1.0871598112985508,2021-11-08,10,Changing diagnostics,Changing sequencing,200%,200%,fig_3b,2,15,1.1848
2021-11-27,ZA,304,Omicron BA.2,Community,1.0019626006365627,2021-11-08,19,Changing diagnostics,Changing sequencing,50%,200%,fig_3b,2,15,1.1848
2021-11-27,ZA,304,Omicron BA.2,Community,1.0019626006365627,2021-11-08,19,Changing diagnostics,Changing sequencing,100%,200%,fig_3b,2,15,1.1848
2021-11-27,ZA,304,Omicron BA.2,Community,1.0019626006365625,2021-11-08,19,Changing diagnostics,Changing sequencing,150%,200%,fig_3b,2,15,1.1848
2021-11-27,ZA,304,Omicron BA.2,Community,1.0019626006365627,2021-11-08,19,Changing diagnostics,Changing sequencing,200%,200%,fig_3b,2,15,1.1848
2021-11-28,ZA,305,Omicron BA.2,Community,1.0291478931346683,2021-11-08,20,Changing diagnostics,Changing sequencing,50%,200%,fig_3b,2,15,1.1848
2021-11-28,ZA,305,Omicron BA.2,Community,1.0291478931346683,2021-11-08,20,Changing diagnostics,Changing sequencing,100%,200%,fig_3b,2,15,1.1848
2021-11-28,ZA,305,Omicron BA.2,Community,1.0291478931346683,2021-11-08,20,Changing diagnostics,Changing sequencing,150%,200%,fig_3b,2,15,1.1848
2021-11-28,ZA,305,Omicron BA.2,Community,1.0291478931346683,2021-11-08,20,Changing diagnostics,Changing sequencing,200%,200%,fig_3b,2,15,1.1848
2021-11-22,ZA,306,Omicron BA.2,Community,1.3952099395938067,2021-11-08,14,Changing diagnostics,Changing sequencing,50%,200%,fig_3b,2,15,1.1848
2021-11-22,ZA,306,Omicron BA.2,Community,1.3952099395938067,2021-11-08,14,Changing diagnostics,Changing sequencing,100%,200%,fig_3b,2,15,1.1848
2021-11-22,ZA,306,Omicron BA.2,Community,1.3952099395938071,2021-11-08,14,Changing diagnostics,Changing sequencing,150%,200%,fig_3b,2,15,1.1848
2021-11-22,ZA,306,Omicron BA.2,Community,1.3952099395938067,2021-11-08,14,Changing diagnostics,Changing sequencing,200%,200%,fig_3b,2,15,1.1848
2021-11-25,ZA,307,Omicron BA.2,Community,1.40026787988944,2021-11-08,17,Changing diagnostics,Changing sequencing,50%,200%,fig_3b,2,15,1.1848
2021-11-25,ZA,307,Omicron BA.2,Community,1.40026787988944,2021-11-08,17,Changing diagnostics,Changing sequencing,100%,200%,fig_3b,2,15,1.1848
2021-11-25,ZA,307,Omicron BA.2,Community,1.4002678798894401,2021-11-08,17,Changing diagnostics,Changing sequencing,150%,200%,fig_3b,2,15,1.1848
2021-11-25,ZA,307,Omicron BA.2,Community,1.40026787988944,2021-11-08,17,Changing diagnostics,Changing sequencing,200%,200%,fig_3b,2,15,1.1848
2021-11-23,ZA,308,Omicron BA.2,Community,1.2309808298203244,2021-11-08,15,Changing diagnostics,Changing sequencing,50%,200%,fig_3b,2,15,1.1848
2021-11-23,ZA,308,Omicron BA.2,Community,1.2309808298203244,2021-11-08,15,Changing diagnostics,Changing sequencing,100%,200%,fig_3b,2,15,1.1848
2021-11-23,ZA,308,Omicron BA.2,Community,1.2309808298203246,2021-11-08,15,Changing diagnostics,Changing sequencing,150%,200%,fig_3b,2,15,1.1848
2021-11-23,ZA,308,Omicron BA.2,Community,1.2309808298203244,2021-11-08,15,Changing diagnostics,Changing sequencing,200%,200%,fig_3b,2,15,1.1848
2021-11-22,ZA,309,Omicron BA.2,Community,1.1845047650429055,2021-11-08,14,Changing diagnostics,Changing sequencing,50%,200%,fig_3b,2,15,1.1848
2021-11-22,ZA,309,Omicron BA.2,Community,1.1845047650429055,2021-11-08,14,Changing diagnostics,Changing sequencing,100%,200%,fig_3b,2,15,1.1848
2021-11-22,ZA,309,Omicron BA.2,Community,1.1845047650429057,2021-11-08,14,Changing diagnostics,Changing sequencing,150%,200%,fig_3b,2,15,1.1848
2021-11-22,ZA,309,Omicron BA.2,Community,1.1845047650429055,2021-11-08,14,Changing diagnostics,Changing sequencing,200%,200%,fig_3b,2,15,1.1848
2021-11-20,ZA,31,Omicron BA.2,Community,1.146336497129011,2021-11-08,12,Changing diagnostics,Changing sequencing,50%,200%,fig_3b,2,15,1.1848
2021-11-20,ZA,31,Omicron BA.2,Community,1.146336497129011,2021-11-08,12,Changing diagnostics,Changing sequencing,100%,200%,fig_3b,2,15,1.1848
2021-11-20,ZA,31,Omicron BA.2,Community,1.1463364971290113,2021-11-08,12,Changing diagnostics,Changing sequencing,150%,200%,fig_3b,2,15,1.1848
2021-11-20,ZA,31,Omicron BA.2,Community,1.146336497129011,2021-11-08,12,Changing diagnostics,Changing sequencing,200%,200%,fig_3b,2,15,1.1848
2021-11-22,ZA,310,Omicron BA.2,Community,1.1653704572999044,2021-11-08,14,Changing diagnostics,Changing sequencing,50%,200%,fig_3b,2,15,1.1848
2021-11-22,ZA,310,Omicron BA.2,Community,1.1653704572999044,2021-11-08,14,Changing diagnostics,Changing sequencing,100%,200%,fig_3b,2,15,1.1848
2021-11-22,ZA,310,Omicron BA.2,Community,1.1653704572999046,2021-11-08,14,Changing diagnostics,Changing sequencing,150%,200%,fig_3b,2,15,1.1848
2021-11-22,ZA,310,Omicron BA.2,Community,1.1653704572999044,2021-11-08,14,Changing diagnostics,Changing sequencing,200%,200%,fig_3b,2,15,1.1848
2021-11-22,ZA,311,Omicron BA.2,Community,1.1947552870480849,2021-11-08,14,Changing diagnostics,Changing sequencing,50%,200%,fig_3b,2,15,1.1848
2021-11-22,ZA,311,Omicron BA.2,Community,1.1947552870480849,2021-11-08,14,Changing diagnostics,Changing sequencing,100%,200%,fig_3b,2,15,1.1848
2021-11-22,ZA,311,Omicron BA.2,Community,1.1947552870480846,2021-11-08,14,Changing diagnostics,Changing sequencing,150%,200%,fig_3b,2,15,1.1848
2021-11-22,ZA,311,Omicron BA.2,Community,1.1947552870480849,2021-11-08,14,Changing diagnostics,Changing sequencing,200%,200%,fig_3b,2,15,1.1848
2021-11-26,ZA,312,Omicron BA.2,Community,1.1230490092187024,2021-11-08,18,Changing diagnostics,Changing sequencing,50%,200%,fig_3b,2,15,1.1848
2021-11-26,ZA,312,Omicron BA.2,Community,1.1230490092187024,2021-11-08,18,Changing diagnostics,Changing sequencing,100%,200%,fig_3b,2,15,1.1848
2021-11-26,ZA,312,Omicron BA.2,Community,1.1230490092187022,2021-11-08,18,Changing diagnostics,Changing sequencing,150%,200%,fig_3b,2,15,1.1848
2021-11-26,ZA,312,Omicron BA.2,Community,1.1230490092187024,2021-11-08,18,Changing diagnostics,Changing sequencing,200%,200%,fig_3b,2,15,1.1848
2021-11-25,ZA,313,Omicron BA.2,Community,1.2646048692662741,2021-11-08,17,Changing diagnostics,Changing sequencing,50%,200%,fig_3b,2,15,1.1848
2021-11-25,ZA,313,Omicron BA.2,Community,1.2646048692662741,2021-11-08,17,Changing diagnostics,Changing sequencing,100%,200%,fig_3b,2,15,1.1848
2021-11-25,ZA,313,Omicron BA.2,Community,1.2646048692662741,2021-11-08,17,Changing diagnostics,Changing sequencing,150%,200%,fig_3b,2,15,1.1848
2021-11-25,ZA,313,Omicron BA.2,Community,1.2646048692662741,2021-11-08,17,Changing diagnostics,Changing sequencing,200%,200%,fig_3b,2,15,1.1848
2021-11-26,ZA,314,Omicron BA.2,Community,1.0522124041434562,2021-11-08,18,Changing diagnostics,Changing sequencing,50%,200%,fig_3b,2,15,1.1848
2021-11-26,ZA,314,Omicron BA.2,Community,1.0522124041434562,2021-11-08,18,Changing diagnostics,Changing sequencing,100%,200%,fig_3b,2,15,1.1848
2021-11-26,ZA,314,Omicron BA.2,Community,1.0522124041434564,2021-11-08,18,Changing diagnostics,Changing sequencing,150%,200%,fig_3b,2,15,1.1848
2021-11-26,ZA,314,Omicron BA.2,Community,1.0522124041434562,2021-11-08,18,Changing diagnostics,Changing sequencing,200%,200%,fig_3b,2,15,1.1848
2021-11-22,ZA,315,Omicron BA.2,Community,1.2790373568684448,2021-11-08,14,Changing diagnostics,Changing sequencing,50%,200%,fig_3b,2,15,1.1848
2021-11-22,ZA,315,Omicron BA.2,Community,1.2790373568684448,2021-11-08,14,Changing diagnostics,Changing sequencing,100%,200%,fig_3b,2,15,1.1848
2021-11-22,ZA,315,Omicron BA.2,Community,1.279037356868445,2021-11-08,14,Changing diagnostics,Changing sequencing,150%,200%,fig_3b,2,15,1.1848
2021-11-22,ZA,315,Omicron BA.2,Community,1.2790373568684448,2021-11-08,14,Changing diagnostics,Changing sequencing,200%,200%,fig_3b,2,15,1.1848
2021-11-22,ZA,316,Omicron BA.2,Community,1.5446397714915274,2021-11-08,14,Changing diagnostics,Changing sequencing,50%,200%,fig_3b,2,15,1.1848
2021-11-22,ZA,316,Omicron BA.2,Community,1.5446397714915274,2021-11-08,14,Changing diagnostics,Changing sequencing,100%,200%,fig_3b,2,15,1.1848
2021-11-22,ZA,316,Omicron BA.2,Community,1.5446397714915272,2021-11-08,14,Changing diagnostics,Changing sequencing,150%,200%,fig_3b,2,15,1.1848
2021-11-22,ZA,316,Omicron BA.2,Community,1.5446397714915274,2021-11-08,14,Changing diagnostics,Changing sequencing,200%,200%,fig_3b,2,15,1.1848
2021-11-23,ZA,317,Omicron BA.2,Community,1.0879603254036636,2021-11-08,15,Changing diagnostics,Changing sequencing,50%,200%,fig_3b,2,15,1.1848
2021-11-23,ZA,317,Omicron BA.2,Community,1.0879603254036636,2021-11-08,15,Changing diagnostics,Changing sequencing,100%,200%,fig_3b,2,15,1.1848
2021-11-23,ZA,317,Omicron BA.2,Community,1.0879603254036634,2021-11-08,15,Changing diagnostics,Changing sequencing,150%,200%,fig_3b,2,15,1.1848
2021-11-23,ZA,317,Omicron BA.2,Community,1.0879603254036636,2021-11-08,15,Changing diagnostics,Changing sequencing,200%,200%,fig_3b,2,15,1.1848
2021-11-23,ZA,318,Omicron BA.2,Community,1.046345663583431,2021-11-08,15,Changing diagnostics,Changing sequencing,50%,200%,fig_3b,2,15,1.1848
2021-11-23,ZA,318,Omicron BA.2,Community,1.046345663583431,2021-11-08,15,Changing diagnostics,Changing sequencing,100%,200%,fig_3b,2,15,1.1848
2021-11-23,ZA,318,Omicron BA.2,Community,1.0463456635834312,2021-11-08,15,Changing diagnostics,Changing sequencing,150%,200%,fig_3b,2,15,1.1848
2021-11-23,ZA,318,Omicron BA.2,Community,1.046345663583431,2021-11-08,15,Changing diagnostics,Changing sequencing,200%,200%,fig_3b,2,15,1.1848
2021-11-28,ZA,319,Omicron BA.2,Community,1.2775530221290328,2021-11-08,20,Changing diagnostics,Changing sequencing,50%,200%,fig_3b,2,15,1.1848
2021-11-28,ZA,319,Omicron BA.2,Community,1.2775530221290328,2021-11-08,20,Changing diagnostics,Changing sequencing,100%,200%,fig_3b,2,15,1.1848
2021-11-28,ZA,319,Omicron BA.2,Community,1.277553022129033,2021-11-08,20,Changing diagnostics,Changing sequencing,150%,200%,fig_3b,2,15,1.1848
2021-11-28,ZA,319,Omicron BA.2,Community,1.2775530221290328,2021-11-08,20,Changing diagnostics,Changing sequencing,200%,200%,fig_3b,2,15,1.1848
2021-11-17,ZA,32,Omicron BA.2,Community,1.0534701728787854,2021-11-08,9,Changing diagnostics,Changing sequencing,50%,200%,fig_3b,2,15,1.1848
2021-11-17,ZA,32,Omicron BA.2,Community,1.0534701728787854,2021-11-08,9,Changing diagnostics,Changing sequencing,100%,200%,fig_3b,2,15,1.1848
2021-11-17,ZA,32,Omicron BA.2,Community,1.0534701728787856,2021-11-08,9,Changing diagnostics,Changing sequencing,150%,200%,fig_3b,2,15,1.1848
2021-11-17,ZA,32,Omicron BA.2,Community,1.0534701728787854,2021-11-08,9,Changing diagnostics,Changing sequencing,200%,200%,fig_3b,2,15,1.1848
2021-11-27,ZA,320,Omicron BA.2,Community,1.2735172372863584,2021-11-08,19,Changing diagnostics,Changing sequencing,50%,200%,fig_3b,2,15,1.1848
2021-11-27,ZA,320,Omicron BA.2,Community,1.2735172372863584,2021-11-08,19,Changing diagnostics,Changing sequencing,100%,200%,fig_3b,2,15,1.1848
2021-11-27,ZA,320,Omicron BA.2,Community,1.2735172372863581,2021-11-08,19,Changing diagnostics,Changing sequencing,150%,200%,fig_3b,2,15,1.1848
2021-11-27,ZA,320,Omicron BA.2,Community,1.2735172372863584,2021-11-08,19,Changing diagnostics,Changing sequencing,200%,200%,fig_3b,2,15,1.1848
2021-11-28,ZA,321,Omicron BA.2,Community,1.0454790261827405,2021-11-08,20,Changing diagnostics,Changing sequencing,50%,200%,fig_3b,2,15,1.1848
2021-11-28,ZA,321,Omicron BA.2,Community,1.0454790261827405,2021-11-08,20,Changing diagnostics,Changing sequencing,100%,200%,fig_3b,2,15,1.1848
2021-11-28,ZA,321,Omicron BA.2,Community,1.0454790261827405,2021-11-08,20,Changing diagnostics,Changing sequencing,150%,200%,fig_3b,2,15,1.1848
2021-11-28,ZA,321,Omicron BA.2,Community,1.0454790261827405,2021-11-08,20,Changing diagnostics,Changing sequencing,200%,200%,fig_3b,2,15,1.1848
2021-11-25,ZA,322,Omicron BA.2,Community,1.2079054490714716,2021-11-08,17,Changing diagnostics,Changing sequencing,50%,200%,fig_3b,2,15,1.1848
2021-11-25,ZA,322,Omicron BA.2,Community,1.2079054490714716,2021-11-08,17,Changing diagnostics,Changing sequencing,100%,200%,fig_3b,2,15,1.1848
2021-11-25,ZA,322,Omicron BA.2,Community,1.2079054490714716,2021-11-08,17,Changing diagnostics,Changing sequencing,150%,200%,fig_3b,2,15,1.1848
2021-11-25,ZA,322,Omicron BA.2,Community,1.2079054490714716,2021-11-08,17,Changing diagnostics,Changing sequencing,200%,200%,fig_3b,2,15,1.1848
2021-11-21,ZA,323,Omicron BA.2,Community,1.0225952948457375,2021-11-08,13,Changing diagnostics,Changing sequencing,50%,200%,fig_3b,2,15,1.1848
2021-11-21,ZA,323,Omicron BA.2,Community,1.0225952948457375,2021-11-08,13,Changing diagnostics,Changing sequencing,100%,200%,fig_3b,2,15,1.1848
2021-11-21,ZA,323,Omicron BA.2,Community,1.0225952948457375,2021-11-08,13,Changing diagnostics,Changing sequencing,150%,200%,fig_3b,2,15,1.1848
2021-11-21,ZA,323,Omicron BA.2,Community,1.0225952948457375,2021-11-08,13,Changing diagnostics,Changing sequencing,200%,200%,fig_3b,2,15,1.1848
2021-11-27,ZA,324,Omicron BA.2,Community,1.2931579814465637,2021-11-08,19,Changing diagnostics,Changing sequencing,50%,200%,fig_3b,2,15,1.1848
2021-11-27,ZA,324,Omicron BA.2,Community,1.2931579814465637,2021-11-08,19,Changing diagnostics,Changing sequencing,100%,200%,fig_3b,2,15,1.1848
2021-11-27,ZA,324,Omicron BA.2,Community,1.2931579814465644,2021-11-08,19,Changing diagnostics,Changing sequencing,150%,200%,fig_3b,2,15,1.1848
2021-11-27,ZA,324,Omicron BA.2,Community,1.2931579814465637,2021-11-08,19,Changing diagnostics,Changing sequencing,200%,200%,fig_3b,2,15,1.1848
2021-11-22,ZA,325,Omicron BA.2,Community,1.4671913830079528,2021-11-08,14,Changing diagnostics,Changing sequencing,50%,200%,fig_3b,2,15,1.1848
2021-11-22,ZA,325,Omicron BA.2,Community,1.4671913830079528,2021-11-08,14,Changing diagnostics,Changing sequencing,100%,200%,fig_3b,2,15,1.1848
2021-11-22,ZA,325,Omicron BA.2,Community,1.4671913830079528,2021-11-08,14,Changing diagnostics,Changing sequencing,150%,200%,fig_3b,2,15,1.1848
2021-11-22,ZA,325,Omicron BA.2,Community,1.4671913830079528,2021-11-08,14,Changing diagnostics,Changing sequencing,200%,200%,fig_3b,2,15,1.1848
2021-11-26,ZA,326,Omicron BA.2,Community,1.1184887127546306,2021-11-08,18,Changing diagnostics,Changing sequencing,50%,200%,fig_3b,2,15,1.1848
2021-11-26,ZA,326,Omicron BA.2,Community,1.1184887127546306,2021-11-08,18,Changing diagnostics,Changing sequencing,100%,200%,fig_3b,2,15,1.1848
2021-11-26,ZA,326,Omicron BA.2,Community,1.1184887127546308,2021-11-08,18,Changing diagnostics,Changing sequencing,150%,200%,fig_3b,2,15,1.1848
2021-11-26,ZA,326,Omicron BA.2,Community,1.1184887127546306,2021-11-08,18,Changing diagnostics,Changing sequencing,200%,200%,fig_3b,2,15,1.1848
2021-11-22,ZA,327,Omicron BA.2,Community,1.2170786460815854,2021-11-08,14,Changing diagnostics,Changing sequencing,50%,200%,fig_3b,2,15,1.1848
2021-11-22,ZA,327,Omicron BA.2,Community,1.2170786460815854,2021-11-08,14,Changing diagnostics,Changing sequencing,100%,200%,fig_3b,2,15,1.1848
2021-11-22,ZA,327,Omicron BA.2,Community,1.2170786460815854,2021-11-08,14,Changing diagnostics,Changing sequencing,150%,200%,fig_3b,2,15,1.1848
2021-11-22,ZA,327,Omicron BA.2,Community,1.2170786460815854,2021-11-08,14,Changing diagnostics,Changing sequencing,200%,200%,fig_3b,2,15,1.1848
2021-11-26,GB,328,Omicron BA.2,Community,1.5527644420890823,2021-11-08,18,Changing diagnostics,Changing sequencing,50%,200%,fig_3b,2,15,1.1848
2021-11-26,GB,328,Omicron BA.2,Community,1.5527644420890823,2021-11-08,18,Changing diagnostics,Changing sequencing,100%,200%,fig_3b,2,15,1.1848
2021-11-26,GB,328,Omicron BA.2,Community,1.5527644420890823,2021-11-08,18,Changing diagnostics,Changing sequencing,150%,200%,fig_3b,2,15,1.1848
2021-11-26,GB,328,Omicron BA.2,Community,1.5527644420890823,2021-11-08,18,Changing diagnostics,Changing sequencing,200%,200%,fig_3b,2,15,1.1848
2021-11-22,ZA,329,Omicron BA.2,Community,1.3368958588532331,2021-11-08,14,Changing diagnostics,Changing sequencing,50%,200%,fig_3b,2,15,1.1848
2021-11-22,ZA,329,Omicron BA.2,Community,1.3368958588532331,2021-11-08,14,Changing diagnostics,Changing sequencing,100%,200%,fig_3b,2,15,1.1848
2021-11-22,ZA,329,Omicron BA.2,Community,1.336895858853233,2021-11-08,14,Changing diagnostics,Changing sequencing,150%,200%,fig_3b,2,15,1.1848
2021-11-22,ZA,329,Omicron BA.2,Community,1.3368958588532331,2021-11-08,14,Changing diagnostics,Changing sequencing,200%,200%,fig_3b,2,15,1.1848
2021-11-22,ZA,33,Omicron BA.2,Community,1.1084231128266882,2021-11-08,14,Changing diagnostics,Changing sequencing,50%,200%,fig_3b,2,15,1.1848
2021-11-22,ZA,33,Omicron BA.2,Community,1.1084231128266882,2021-11-08,14,Changing diagnostics,Changing sequencing,100%,200%,fig_3b,2,15,1.1848
2021-11-22,ZA,33,Omicron BA.2,Community,1.1084231128266882,2021-11-08,14,Changing diagnostics,Changing sequencing,150%,200%,fig_3b,2,15,1.1848
2021-11-22,ZA,33,Omicron BA.2,Community,1.1084231128266882,2021-11-08,14,Changing diagnostics,Changing sequencing,200%,200%,fig_3b,2,15,1.1848
2021-11-20,ZA,330,Omicron BA.2,Community,1.020058446655646,2021-11-08,12,Changing diagnostics,Changing sequencing,50%,200%,fig_3b,2,15,1.1848
2021-11-20,ZA,330,Omicron BA.2,Community,1.020058446655646,2021-11-08,12,Changing diagnostics,Changing sequencing,100%,200%,fig_3b,2,15,1.1848
2021-11-20,ZA,330,Omicron BA.2,Community,1.0200584466556462,2021-11-08,12,Changing diagnostics,Changing sequencing,150%,200%,fig_3b,2,15,1.1848
2021-11-20,ZA,330,Omicron BA.2,Community,1.020058446655646,2021-11-08,12,Changing diagnostics,Changing sequencing,200%,200%,fig_3b,2,15,1.1848
2021-11-20,ZA,331,Omicron BA.2,Community,1.0001668599439124,2021-11-08,12,Changing diagnostics,Changing sequencing,50%,200%,fig_3b,2,15,1.1848
2021-11-20,ZA,331,Omicron BA.2,Community,1.0001668599439124,2021-11-08,12,Changing diagnostics,Changing sequencing,100%,200%,fig_3b,2,15,1.1848
2021-11-20,ZA,331,Omicron BA.2,Community,1.0001668599439124,2021-11-08,12,Changing diagnostics,Changing sequencing,150%,200%,fig_3b,2,15,1.1848
2021-11-20,ZA,331,Omicron BA.2,Community,1.0001668599439124,2021-11-08,12,Changing diagnostics,Changing sequencing,200%,200%,fig_3b,2,15,1.1848
2021-11-25,ZA,332,Omicron BA.2,Community,1.454295599656215,2021-11-08,17,Changing diagnostics,Changing sequencing,50%,200%,fig_3b,2,15,1.1848
2021-11-25,ZA,332,Omicron BA.2,Community,1.454295599656215,2021-11-08,17,Changing diagnostics,Changing sequencing,100%,200%,fig_3b,2,15,1.1848
2021-11-25,ZA,332,Omicron BA.2,Community,1.454295599656215,2021-11-08,17,Changing diagnostics,Changing sequencing,150%,200%,fig_3b,2,15,1.1848
2021-11-25,ZA,332,Omicron BA.2,Community,1.454295599656215,2021-11-08,17,Changing diagnostics,Changing sequencing,200%,200%,fig_3b,2,15,1.1848
2021-11-22,ZA,333,Omicron BA.2,Community,1.422544664940951,2021-11-08,14,Changing diagnostics,Changing sequencing,50%,200%,fig_3b,2,15,1.1848
2021-11-22,ZA,333,Omicron BA.2,Community,1.422544664940951,2021-11-08,14,Changing diagnostics,Changing sequencing,100%,200%,fig_3b,2,15,1.1848
2021-11-22,ZA,333,Omicron BA.2,Community,1.422544664940951,2021-11-08,14,Changing diagnostics,Changing sequencing,150%,200%,fig_3b,2,15,1.1848
2021-11-22,ZA,333,Omicron BA.2,Community,1.422544664940951,2021-11-08,14,Changing diagnostics,Changing sequencing,200%,200%,fig_3b,2,15,1.1848
2021-11-20,ZA,334,Omicron BA.2,Community,1.0314569963443923,2021-11-08,12,Changing diagnostics,Changing sequencing,50%,200%,fig_3b,2,15,1.1848
2021-11-20,ZA,334,Omicron BA.2,Community,1.0314569963443923,2021-11-08,12,Changing diagnostics,Changing sequencing,100%,200%,fig_3b,2,15,1.1848
2021-11-20,ZA,334,Omicron BA.2,Community,1.031456996344392,2021-11-08,12,Changing diagnostics,Changing sequencing,150%,200%,fig_3b,2,15,1.1848
2021-11-20,ZA,334,Omicron BA.2,Community,1.0314569963443923,2021-11-08,12,Changing diagnostics,Changing sequencing,200%,200%,fig_3b,2,15,1.1848
2021-11-22,ZA,335,Omicron BA.2,Community,1.7530670522635,2021-11-08,14,Changing diagnostics,Changing sequencing,50%,200%,fig_3b,2,15,1.1848
2021-11-22,ZA,335,Omicron BA.2,Community,1.7530670522635,2021-11-08,14,Changing diagnostics,Changing sequencing,100%,200%,fig_3b,2,15,1.1848
2021-11-22,ZA,335,Omicron BA.2,Community,1.7530670522635003,2021-11-08,14,Changing diagnostics,Changing sequencing,150%,200%,fig_3b,2,15,1.1848
2021-11-22,ZA,335,Omicron BA.2,Community,1.7530670522635,2021-11-08,14,Changing diagnostics,Changing sequencing,200%,200%,fig_3b,2,15,1.1848
2021-11-18,ZA,336,Omicron BA.2,Community,1.0692774759165098,2021-11-08,10,Changing diagnostics,Changing sequencing,50%,200%,fig_3b,2,15,1.1848
2021-11-18,ZA,336,Omicron BA.2,Community,1.0692774759165098,2021-11-08,10,Changing diagnostics,Changing sequencing,100%,200%,fig_3b,2,15,1.1848
2021-11-18,ZA,336,Omicron BA.2,Community,1.0692774759165096,2021-11-08,10,Changing diagnostics,Changing sequencing,150%,200%,fig_3b,2,15,1.1848
2021-11-18,ZA,336,Omicron BA.2,Community,1.0692774759165098,2021-11-08,10,Changing diagnostics,Changing sequencing,200%,200%,fig_3b,2,15,1.1848
2021-11-22,ZA,337,Omicron BA.2,Community,1.2942992451872672,2021-11-08,14,Changing diagnostics,Changing sequencing,50%,200%,fig_3b,2,15,1.1848
2021-11-22,ZA,337,Omicron BA.2,Community,1.2942992451872672,2021-11-08,14,Changing diagnostics,Changing sequencing,100%,200%,fig_3b,2,15,1.1848
2021-11-22,ZA,337,Omicron BA.2,Community,1.2942992451872672,2021-11-08,14,Changing diagnostics,Changing sequencing,150%,200%,fig_3b,2,15,1.1848
2021-11-22,ZA,337,Omicron BA.2,Community,1.2942992451872672,2021-11-08,14,Changing diagnostics,Changing sequencing,200%,200%,fig_3b,2,15,1.1848
2021-11-25,ZA,338,Omicron BA.2,Community,1.6211284486063666,2021-11-08,17,Changing diagnostics,Changing sequencing,50%,200%,fig_3b,2,15,1.1848
2021-11-25,ZA,338,Omicron BA.2,Community,1.6211284486063666,2021-11-08,17,Changing diagnostics,Changing sequencing,100%,200%,fig_3b,2,15,1.1848
2021-11-25,ZA,338,Omicron BA.2,Community,1.6211284486063666,2021-11-08,17,Changing diagnostics,Changing sequencing,150%,200%,fig_3b,2,15,1.1848
2021-11-25,ZA,338,Omicron BA.2,Community,1.6211284486063666,2021-11-08,17,Changing diagnostics,Changing sequencing,200%,200%,fig_3b,2,15,1.1848
2021-11-22,ZA,339,Omicron BA.2,Community,1.350563221526805,2021-11-08,14,Changing diagnostics,Changing sequencing,50%,200%,fig_3b,2,15,1.1848
2021-11-22,ZA,339,Omicron BA.2,Community,1.350563221526805,2021-11-08,14,Changing diagnostics,Changing sequencing,100%,200%,fig_3b,2,15,1.1848
2021-11-22,ZA,339,Omicron BA.2,Community,1.3505632215268053,2021-11-08,14,Changing diagnostics,Changing sequencing,150%,200%,fig_3b,2,15,1.1848
2021-11-22,ZA,339,Omicron BA.2,Community,1.350563221526805,2021-11-08,14,Changing diagnostics,Changing sequencing,200%,200%,fig_3b,2,15,1.1848
2021-11-22,ZA,34,Omicron BA.2,Community,1.0075124184201483,2021-11-08,14,Changing diagnostics,Changing sequencing,50%,200%,fig_3b,2,15,1.1848
2021-11-22,ZA,34,Omicron BA.2,Community,1.0075124184201483,2021-11-08,14,Changing diagnostics,Changing sequencing,100%,200%,fig_3b,2,15,1.1848
2021-11-22,ZA,34,Omicron BA.2,Community,1.0075124184201483,2021-11-08,14,Changing diagnostics,Changing sequencing,150%,200%,fig_3b,2,15,1.1848
2021-11-22,ZA,34,Omicron BA.2,Community,1.0075124184201483,2021-11-08,14,Changing diagnostics,Changing sequencing,200%,200%,fig_3b,2,15,1.1848
2021-11-22,ZA,340,Omicron BA.2,Community,1.1312020506159746,2021-11-08,14,Changing diagnostics,Changing sequencing,50%,200%,fig_3b,2,15,1.1848
2021-11-22,ZA,340,Omicron BA.2,Community,1.1312020506159746,2021-11-08,14,Changing diagnostics,Changing sequencing,100%,200%,fig_3b,2,15,1.1848
2021-11-22,ZA,340,Omicron BA.2,Community,1.1312020506159746,2021-11-08,14,Changing diagnostics,Changing sequencing,150%,200%,fig_3b,2,15,1.1848
2021-11-22,ZA,340,Omicron BA.2,Community,1.1312020506159746,2021-11-08,14,Changing diagnostics,Changing sequencing,200%,200%,fig_3b,2,15,1.1848
2021-11-20,ZA,341,Omicron BA.2,Community,1.0073188911211648,2021-11-08,12,Changing diagnostics,Changing sequencing,50%,200%,fig_3b,2,15,1.1848
2021-11-20,ZA,341,Omicron BA.2,Community,1.0073188911211648,2021-11-08,12,Changing diagnostics,Changing sequencing,100%,200%,fig_3b,2,15,1.1848
2021-11-20,ZA,341,Omicron BA.2,Community,1.0073188911211652,2021-11-08,12,Changing diagnostics,Changing sequencing,150%,200%,fig_3b,2,15,1.1848
2021-11-20,ZA,341,Omicron BA.2,Community,1.0073188911211648,2021-11-08,12,Changing diagnostics,Changing sequencing,200%,200%,fig_3b,2,15,1.1848
2021-11-22,ZA,342,Omicron BA.2,Community,1.318672708621804,2021-11-08,14,Changing diagnostics,Changing sequencing,50%,200%,fig_3b,2,15,1.1848
2021-11-22,ZA,342,Omicron BA.2,Community,1.318672708621804,2021-11-08,14,Changing diagnostics,Changing sequencing,100%,200%,fig_3b,2,15,1.1848
2021-11-22,ZA,342,Omicron BA.2,Community,1.318672708621804,2021-11-08,14,Changing diagnostics,Changing sequencing,150%,200%,fig_3b,2,15,1.1848
2021-11-22,ZA,342,Omicron BA.2,Community,1.318672708621804,2021-11-08,14,Changing diagnostics,Changing sequencing,200%,200%,fig_3b,2,15,1.1848
2021-11-23,ZA,343,Omicron BA.2,Community,1.0279299799043629,2021-11-08,15,Changing diagnostics,Changing sequencing,50%,200%,fig_3b,2,15,1.1848
2021-11-23,ZA,343,Omicron BA.2,Community,1.0279299799043629,2021-11-08,15,Changing diagnostics,Changing sequencing,100%,200%,fig_3b,2,15,1.1848
2021-11-23,ZA,343,Omicron BA.2,Community,1.0279299799043626,2021-11-08,15,Changing diagnostics,Changing sequencing,150%,200%,fig_3b,2,15,1.1848
2021-11-23,ZA,343,Omicron BA.2,Community,1.0279299799043629,2021-11-08,15,Changing diagnostics,Changing sequencing,200%,200%,fig_3b,2,15,1.1848
2021-11-22,ZA,344,Omicron BA.2,Community,1.1225460542560461,2021-11-08,14,Changing diagnostics,Changing sequencing,50%,200%,fig_3b,2,15,1.1848
2021-11-22,ZA,344,Omicron BA.2,Community,1.1225460542560461,2021-11-08,14,Changing diagnostics,Changing sequencing,100%,200%,fig_3b,2,15,1.1848
2021-11-22,ZA,344,Omicron BA.2,Community,1.1225460542560457,2021-11-08,14,Changing diagnostics,Changing sequencing,150%,200%,fig_3b,2,15,1.1848
2021-11-22,ZA,344,Omicron BA.2,Community,1.1225460542560461,2021-11-08,14,Changing diagnostics,Changing sequencing,200%,200%,fig_3b,2,15,1.1848
2021-11-25,ZA,345,Omicron BA.2,Community,1.0250423975531562,2021-11-08,17,Changing diagnostics,Changing sequencing,50%,200%,fig_3b,2,15,1.1848
2021-11-25,ZA,345,Omicron BA.2,Community,1.0250423975531562,2021-11-08,17,Changing diagnostics,Changing sequencing,100%,200%,fig_3b,2,15,1.1848
2021-11-25,ZA,345,Omicron BA.2,Community,1.025042397553156,2021-11-08,17,Changing diagnostics,Changing sequencing,150%,200%,fig_3b,2,15,1.1848
2021-11-25,ZA,345,Omicron BA.2,Community,1.0250423975531562,2021-11-08,17,Changing diagnostics,Changing sequencing,200%,200%,fig_3b,2,15,1.1848
2021-11-28,ZA,346,Omicron BA.2,Community,1.0896017365231467,2021-11-08,20,Changing diagnostics,Changing sequencing,50%,200%,fig_3b,2,15,1.1848
2021-11-28,ZA,346,Omicron BA.2,Community,1.0896017365231467,2021-11-08,20,Changing diagnostics,Changing sequencing,100%,200%,fig_3b,2,15,1.1848
2021-11-28,ZA,346,Omicron BA.2,Community,1.0896017365231467,2021-11-08,20,Changing diagnostics,Changing sequencing,150%,200%,fig_3b,2,15,1.1848
2021-11-28,ZA,346,Omicron BA.2,Community,1.0896017365231467,2021-11-08,20,Changing diagnostics,Changing sequencing,200%,200%,fig_3b,2,15,1.1848
2021-11-27,ZA,347,Omicron BA.2,Community,1.2775023158116174,2021-11-08,19,Changing diagnostics,Changing sequencing,50%,200%,fig_3b,2,15,1.1848
2021-11-27,ZA,347,Omicron BA.2,Community,1.2775023158116174,2021-11-08,19,Changing diagnostics,Changing sequencing,100%,200%,fig_3b,2,15,1.1848
2021-11-27,ZA,347,Omicron BA.2,Community,1.2775023158116174,2021-11-08,19,Changing diagnostics,Changing sequencing,150%,200%,fig_3b,2,15,1.1848
2021-11-27,ZA,347,Omicron BA.2,Community,1.2775023158116174,2021-11-08,19,Changing diagnostics,Changing sequencing,200%,200%,fig_3b,2,15,1.1848
2021-11-23,ZA,348,Omicron BA.2,Community,1.1522956359188508,2021-11-08,15,Changing diagnostics,Changing sequencing,50%,200%,fig_3b,2,15,1.1848
2021-11-23,ZA,348,Omicron BA.2,Community,1.1522956359188508,2021-11-08,15,Changing diagnostics,Changing sequencing,100%,200%,fig_3b,2,15,1.1848
2021-11-23,ZA,348,Omicron BA.2,Community,1.1522956359188503,2021-11-08,15,Changing diagnostics,Changing sequencing,150%,200%,fig_3b,2,15,1.1848
2021-11-23,ZA,348,Omicron BA.2,Community,1.1522956359188508,2021-11-08,15,Changing diagnostics,Changing sequencing,200%,200%,fig_3b,2,15,1.1848
2021-11-22,ZA,349,Omicron BA.2,Community,1.0239132536284345,2021-11-08,14,Changing diagnostics,Changing sequencing,50%,200%,fig_3b,2,15,1.1848
2021-11-22,ZA,349,Omicron BA.2,Community,1.0239132536284345,2021-11-08,14,Changing diagnostics,Changing sequencing,100%,200%,fig_3b,2,15,1.1848
2021-11-22,ZA,349,Omicron BA.2,Community,1.0239132536284348,2021-11-08,14,Changing diagnostics,Changing sequencing,150%,200%,fig_3b,2,15,1.1848
2021-11-22,ZA,349,Omicron BA.2,Community,1.0239132536284345,2021-11-08,14,Changing diagnostics,Changing sequencing,200%,200%,fig_3b,2,15,1.1848
2021-11-22,ZA,35,Omicron BA.2,Community,1.6366666801602454,2021-11-08,14,Changing diagnostics,Changing sequencing,50%,200%,fig_3b,2,15,1.1848
2021-11-22,ZA,35,Omicron BA.2,Community,1.6366666801602454,2021-11-08,14,Changing diagnostics,Changing sequencing,100%,200%,fig_3b,2,15,1.1848
2021-11-22,ZA,35,Omicron BA.2,Community,1.6366666801602454,2021-11-08,14,Changing diagnostics,Changing sequencing,150%,200%,fig_3b,2,15,1.1848
2021-11-22,ZA,35,Omicron BA.2,Community,1.6366666801602454,2021-11-08,14,Changing diagnostics,Changing sequencing,200%,200%,fig_3b,2,15,1.1848
2021-11-20,ZA,350,Omicron BA.2,Community,1.3410058457348542,2021-11-08,12,Changing diagnostics,Changing sequencing,50%,200%,fig_3b,2,15,1.1848
2021-11-20,ZA,350,Omicron BA.2,Community,1.3410058457348542,2021-11-08,12,Changing diagnostics,Changing sequencing,100%,200%,fig_3b,2,15,1.1848
2021-11-20,ZA,350,Omicron BA.2,Community,1.3410058457348544,2021-11-08,12,Changing diagnostics,Changing sequencing,150%,200%,fig_3b,2,15,1.1848
2021-11-20,ZA,350,Omicron BA.2,Community,1.3410058457348542,2021-11-08,12,Changing diagnostics,Changing sequencing,200%,200%,fig_3b,2,15,1.1848
2021-11-23,ZA,351,Omicron BA.2,Community,1.1771687671217481,2021-11-08,15,Changing diagnostics,Changing sequencing,50%,200%,fig_3b,2,15,1.1848
2021-11-23,ZA,351,Omicron BA.2,Community,1.1771687671217481,2021-11-08,15,Changing diagnostics,Changing sequencing,100%,200%,fig_3b,2,15,1.1848
2021-11-23,ZA,351,Omicron BA.2,Community,1.1771687671217483,2021-11-08,15,Changing diagnostics,Changing sequencing,150%,200%,fig_3b,2,15,1.1848
2021-11-23,ZA,351,Omicron BA.2,Community,1.1771687671217481,2021-11-08,15,Changing diagnostics,Changing sequencing,200%,200%,fig_3b,2,15,1.1848
2021-11-22,ZA,352,Omicron BA.2,Community,1.0870109113047586,2021-11-08,14,Changing diagnostics,Changing sequencing,50%,200%,fig_3b,2,15,1.1848
2021-11-22,ZA,352,Omicron BA.2,Community,1.0870109113047586,2021-11-08,14,Changing diagnostics,Changing sequencing,100%,200%,fig_3b,2,15,1.1848
2021-11-22,ZA,352,Omicron BA.2,Community,1.0870109113047588,2021-11-08,14,Changing diagnostics,Changing sequencing,150%,200%,fig_3b,2,15,1.1848
2021-11-22,ZA,352,Omicron BA.2,Community,1.0870109113047586,2021-11-08,14,Changing diagnostics,Changing sequencing,200%,200%,fig_3b,2,15,1.1848
2021-11-22,ZA,353,Omicron BA.2,Community,1.0378084056798995,2021-11-08,14,Changing diagnostics,Changing sequencing,50%,200%,fig_3b,2,15,1.1848
2021-11-22,ZA,353,Omicron BA.2,Community,1.0378084056798995,2021-11-08,14,Changing diagnostics,Changing sequencing,100%,200%,fig_3b,2,15,1.1848
2021-11-22,ZA,353,Omicron BA.2,Community,1.0378084056798993,2021-11-08,14,Changing diagnostics,Changing sequencing,150%,200%,fig_3b,2,15,1.1848
2021-11-22,ZA,353,Omicron BA.2,Community,1.0378084056798995,2021-11-08,14,Changing diagnostics,Changing sequencing,200%,200%,fig_3b,2,15,1.1848
2021-11-22,ZA,354,Omicron BA.2,Community,1.2384908476035148,2021-11-08,14,Changing diagnostics,Changing sequencing,50%,200%,fig_3b,2,15,1.1848
2021-11-22,ZA,354,Omicron BA.2,Community,1.2384908476035148,2021-11-08,14,Changing diagnostics,Changing sequencing,100%,200%,fig_3b,2,15,1.1848
2021-11-22,ZA,354,Omicron BA.2,Community,1.2384908476035148,2021-11-08,14,Changing diagnostics,Changing sequencing,150%,200%,fig_3b,2,15,1.1848
2021-11-22,ZA,354,Omicron BA.2,Community,1.2384908476035148,2021-11-08,14,Changing diagnostics,Changing sequencing,200%,200%,fig_3b,2,15,1.1848
2021-11-22,ZA,355,Omicron BA.2,Community,1.3384903844984828,2021-11-08,14,Changing diagnostics,Changing sequencing,50%,200%,fig_3b,2,15,1.1848
2021-11-22,ZA,355,Omicron BA.2,Community,1.3384903844984828,2021-11-08,14,Changing diagnostics,Changing sequencing,100%,200%,fig_3b,2,15,1.1848
2021-11-22,ZA,355,Omicron BA.2,Community,1.3384903844984828,2021-11-08,14,Changing diagnostics,Changing sequencing,150%,200%,fig_3b,2,15,1.1848
2021-11-22,ZA,355,Omicron BA.2,Community,1.3384903844984828,2021-11-08,14,Changing diagnostics,Changing sequencing,200%,200%,fig_3b,2,15,1.1848
2021-11-25,ZA,356,Omicron BA.2,Community,1.364645207515742,2021-11-08,17,Changing diagnostics,Changing sequencing,50%,200%,fig_3b,2,15,1.1848
2021-11-25,ZA,356,Omicron BA.2,Community,1.364645207515742,2021-11-08,17,Changing diagnostics,Changing sequencing,100%,200%,fig_3b,2,15,1.1848
2021-11-25,ZA,356,Omicron BA.2,Community,1.364645207515742,2021-11-08,17,Changing diagnostics,Changing sequencing,150%,200%,fig_3b,2,15,1.1848
2021-11-25,ZA,356,Omicron BA.2,Community,1.364645207515742,2021-11-08,17,Changing diagnostics,Changing sequencing,200%,200%,fig_3b,2,15,1.1848
2021-11-25,ZA,357,Omicron BA.2,Community,1.1200361905496834,2021-11-08,17,Changing diagnostics,Changing sequencing,50%,200%,fig_3b,2,15,1.1848
2021-11-25,ZA,357,Omicron BA.2,Community,1.1200361905496834,2021-11-08,17,Changing diagnostics,Changing sequencing,100%,200%,fig_3b,2,15,1.1848
2021-11-25,ZA,357,Omicron BA.2,Community,1.1200361905496834,2021-11-08,17,Changing diagnostics,Changing sequencing,150%,200%,fig_3b,2,15,1.1848
2021-11-25,ZA,357,Omicron BA.2,Community,1.1200361905496834,2021-11-08,17,Changing diagnostics,Changing sequencing,200%,200%,fig_3b,2,15,1.1848
2021-11-20,ZA,358,Omicron BA.2,Community,1.1850021656810332,2021-11-08,12,Changing diagnostics,Changing sequencing,50%,200%,fig_3b,2,15,1.1848
2021-11-20,ZA,358,Omicron BA.2,Community,1.1850021656810332,2021-11-08,12,Changing diagnostics,Changing sequencing,100%,200%,fig_3b,2,15,1.1848
2021-11-20,ZA,358,Omicron BA.2,Community,1.1850021656810328,2021-11-08,12,Changing diagnostics,Changing sequencing,150%,200%,fig_3b,2,15,1.1848
2021-11-20,ZA,358,Omicron BA.2,Community,1.1850021656810332,2021-11-08,12,Changing diagnostics,Changing sequencing,200%,200%,fig_3b,2,15,1.1848
2021-11-22,ZA,359,Omicron BA.2,Community,1.5186717824117406,2021-11-08,14,Changing diagnostics,Changing sequencing,50%,200%,fig_3b,2,15,1.1848
2021-11-22,ZA,359,Omicron BA.2,Community,1.5186717824117406,2021-11-08,14,Changing diagnostics,Changing sequencing,100%,200%,fig_3b,2,15,1.1848
2021-11-22,ZA,359,Omicron BA.2,Community,1.5186717824117408,2021-11-08,14,Changing diagnostics,Changing sequencing,150%,200%,fig_3b,2,15,1.1848
2021-11-22,ZA,359,Omicron BA.2,Community,1.5186717824117406,2021-11-08,14,Changing diagnostics,Changing sequencing,200%,200%,fig_3b,2,15,1.1848
2021-11-22,ZA,36,Omicron BA.2,Community,1.132340997505439,2021-11-08,14,Changing diagnostics,Changing sequencing,50%,200%,fig_3b,2,15,1.1848
2021-11-22,ZA,36,Omicron BA.2,Community,1.132340997505439,2021-11-08,14,Changing diagnostics,Changing sequencing,100%,200%,fig_3b,2,15,1.1848
2021-11-22,ZA,36,Omicron BA.2,Community,1.132340997505439,2021-11-08,14,Changing diagnostics,Changing sequencing,150%,200%,fig_3b,2,15,1.1848
2021-11-22,ZA,36,Omicron BA.2,Community,1.132340997505439,2021-11-08,14,Changing diagnostics,Changing sequencing,200%,200%,fig_3b,2,15,1.1848
2021-11-27,ZA,360,Omicron BA.2,Community,1.8288663946278172,2021-11-08,19,Changing diagnostics,Changing sequencing,50%,200%,fig_3b,2,15,1.1848
2021-11-27,ZA,360,Omicron BA.2,Community,1.8288663946278172,2021-11-08,19,Changing diagnostics,Changing sequencing,100%,200%,fig_3b,2,15,1.1848
2021-11-27,ZA,360,Omicron BA.2,Community,1.8288663946278172,2021-11-08,19,Changing diagnostics,Changing sequencing,150%,200%,fig_3b,2,15,1.1848
2021-11-27,ZA,360,Omicron BA.2,Community,1.8288663946278172,2021-11-08,19,Changing diagnostics,Changing sequencing,200%,200%,fig_3b,2,15,1.1848
2021-11-27,ZA,361,Omicron BA.2,Community,1.114398744742086,2021-11-08,19,Changing diagnostics,Changing sequencing,50%,200%,fig_3b,2,15,1.1848
2021-11-27,ZA,361,Omicron BA.2,Community,1.114398744742086,2021-11-08,19,Changing diagnostics,Changing sequencing,100%,200%,fig_3b,2,15,1.1848
2021-11-27,ZA,361,Omicron BA.2,Community,1.114398744742086,2021-11-08,19,Changing diagnostics,Changing sequencing,150%,200%,fig_3b,2,15,1.1848
2021-11-27,ZA,361,Omicron BA.2,Community,1.114398744742086,2021-11-08,19,Changing diagnostics,Changing sequencing,200%,200%,fig_3b,2,15,1.1848
2021-11-27,ZA,362,Omicron BA.2,Community,1.2874650121247648,2021-11-08,19,Changing diagnostics,Changing sequencing,50%,200%,fig_3b,2,15,1.1848
2021-11-27,ZA,362,Omicron BA.2,Community,1.2874650121247648,2021-11-08,19,Changing diagnostics,Changing sequencing,100%,200%,fig_3b,2,15,1.1848
2021-11-27,ZA,362,Omicron BA.2,Community,1.2874650121247653,2021-11-08,19,Changing diagnostics,Changing sequencing,150%,200%,fig_3b,2,15,1.1848
2021-11-27,ZA,362,Omicron BA.2,Community,1.2874650121247648,2021-11-08,19,Changing diagnostics,Changing sequencing,200%,200%,fig_3b,2,15,1.1848
2021-11-26,ZA,363,Omicron BA.2,Community,1.1315615626183027,2021-11-08,18,Changing diagnostics,Changing sequencing,50%,200%,fig_3b,2,15,1.1848
2021-11-26,ZA,363,Omicron BA.2,Community,1.1315615626183027,2021-11-08,18,Changing diagnostics,Changing sequencing,100%,200%,fig_3b,2,15,1.1848
2021-11-26,ZA,363,Omicron BA.2,Community,1.1315615626183027,2021-11-08,18,Changing diagnostics,Changing sequencing,150%,200%,fig_3b,2,15,1.1848
2021-11-26,ZA,363,Omicron BA.2,Community,1.1315615626183027,2021-11-08,18,Changing diagnostics,Changing sequencing,200%,200%,fig_3b,2,15,1.1848
2021-11-25,ZA,364,Omicron BA.2,Community,1.0520562574365435,2021-11-08,17,Changing diagnostics,Changing sequencing,50%,200%,fig_3b,2,15,1.1848
2021-11-25,ZA,364,Omicron BA.2,Community,1.0520562574365435,2021-11-08,17,Changing diagnostics,Changing sequencing,100%,200%,fig_3b,2,15,1.1848
2021-11-25,ZA,364,Omicron BA.2,Community,1.0520562574365433,2021-11-08,17,Changing diagnostics,Changing sequencing,150%,200%,fig_3b,2,15,1.1848
2021-11-25,ZA,364,Omicron BA.2,Community,1.0520562574365435,2021-11-08,17,Changing diagnostics,Changing sequencing,200%,200%,fig_3b,2,15,1.1848
2021-11-25,ZA,365,Omicron BA.2,Community,1.2013746258029603,2021-11-08,17,Changing diagnostics,Changing sequencing,50%,200%,fig_3b,2,15,1.1848
2021-11-25,ZA,365,Omicron BA.2,Community,1.2013746258029603,2021-11-08,17,Changing diagnostics,Changing sequencing,100%,200%,fig_3b,2,15,1.1848
2021-11-25,ZA,365,Omicron BA.2,Community,1.20137462580296,2021-11-08,17,Changing diagnostics,Changing sequencing,150%,200%,fig_3b,2,15,1.1848
2021-11-25,ZA,365,Omicron BA.2,Community,1.2013746258029603,2021-11-08,17,Changing diagnostics,Changing sequencing,200%,200%,fig_3b,2,15,1.1848
2021-11-23,ZA,366,Omicron BA.2,Community,1.0429973574599638,2021-11-08,15,Changing diagnostics,Changing sequencing,50%,200%,fig_3b,2,15,1.1848
2021-11-23,ZA,366,Omicron BA.2,Community,1.0429973574599638,2021-11-08,15,Changing diagnostics,Changing sequencing,100%,200%,fig_3b,2,15,1.1848
2021-11-23,ZA,366,Omicron BA.2,Community,1.042997357459964,2021-11-08,15,Changing diagnostics,Changing sequencing,150%,200%,fig_3b,2,15,1.1848
2021-11-23,ZA,366,Omicron BA.2,Community,1.0429973574599638,2021-11-08,15,Changing diagnostics,Changing sequencing,200%,200%,fig_3b,2,15,1.1848
2021-11-23,ZA,367,Omicron BA.2,Community,1.293641987273778,2021-11-08,15,Changing diagnostics,Changing sequencing,50%,200%,fig_3b,2,15,1.1848
2021-11-23,ZA,367,Omicron BA.2,Community,1.293641987273778,2021-11-08,15,Changing diagnostics,Changing sequencing,100%,200%,fig_3b,2,15,1.1848
2021-11-23,ZA,367,Omicron BA.2,Community,1.2936419872737783,2021-11-08,15,Changing diagnostics,Changing sequencing,150%,200%,fig_3b,2,15,1.1848
2021-11-23,ZA,367,Omicron BA.2,Community,1.293641987273778,2021-11-08,15,Changing diagnostics,Changing sequencing,200%,200%,fig_3b,2,15,1.1848
2021-11-25,ZA,368,Omicron BA.2,Community,1.4531081772437586,2021-11-08,17,Changing diagnostics,Changing sequencing,50%,200%,fig_3b,2,15,1.1848
2021-11-25,ZA,368,Omicron BA.2,Community,1.4531081772437586,2021-11-08,17,Changing diagnostics,Changing sequencing,100%,200%,fig_3b,2,15,1.1848
2021-11-25,ZA,368,Omicron BA.2,Community,1.4531081772437586,2021-11-08,17,Changing diagnostics,Changing sequencing,150%,200%,fig_3b,2,15,1.1848
2021-11-25,ZA,368,Omicron BA.2,Community,1.4531081772437586,2021-11-08,17,Changing diagnostics,Changing sequencing,200%,200%,fig_3b,2,15,1.1848
2021-11-25,ZA,369,Omicron BA.2,Community,1.0618524923393102,2021-11-08,17,Changing diagnostics,Changing sequencing,50%,200%,fig_3b,2,15,1.1848
2021-11-25,ZA,369,Omicron BA.2,Community,1.0618524923393102,2021-11-08,17,Changing diagnostics,Changing sequencing,100%,200%,fig_3b,2,15,1.1848
2021-11-25,ZA,369,Omicron BA.2,Community,1.0618524923393102,2021-11-08,17,Changing diagnostics,Changing sequencing,150%,200%,fig_3b,2,15,1.1848
2021-11-25,ZA,369,Omicron BA.2,Community,1.0618524923393102,2021-11-08,17,Changing diagnostics,Changing sequencing,200%,200%,fig_3b,2,15,1.1848
2021-11-22,ZA,37,Omicron BA.2,Community,1.0421364038598642,2021-11-08,14,Changing diagnostics,Changing sequencing,50%,200%,fig_3b,2,15,1.1848
2021-11-22,ZA,37,Omicron BA.2,Community,1.0421364038598642,2021-11-08,14,Changing diagnostics,Changing sequencing,100%,200%,fig_3b,2,15,1.1848
2021-11-22,ZA,37,Omicron BA.2,Community,1.0421364038598642,2021-11-08,14,Changing diagnostics,Changing sequencing,150%,200%,fig_3b,2,15,1.1848
2021-11-22,ZA,37,Omicron BA.2,Community,1.0421364038598642,2021-11-08,14,Changing diagnostics,Changing sequencing,200%,200%,fig_3b,2,15,1.1848
2021-11-25,ZA,370,Omicron BA.2,Community,1.271135692534785,2021-11-08,17,Changing diagnostics,Changing sequencing,50%,200%,fig_3b,2,15,1.1848
2021-11-25,ZA,370,Omicron BA.2,Community,1.271135692534785,2021-11-08,17,Changing diagnostics,Changing sequencing,100%,200%,fig_3b,2,15,1.1848
2021-11-25,ZA,370,Omicron BA.2,Community,1.2711356925347852,2021-11-08,17,Changing diagnostics,Changing sequencing,150%,200%,fig_3b,2,15,1.1848
2021-11-25,ZA,370,Omicron BA.2,Community,1.271135692534785,2021-11-08,17,Changing diagnostics,Changing sequencing,200%,200%,fig_3b,2,15,1.1848
2021-11-25,ZA,371,Omicron BA.2,Community,1.4474679207845895,2021-11-08,17,Changing diagnostics,Changing sequencing,50%,200%,fig_3b,2,15,1.1848
2021-11-25,ZA,371,Omicron BA.2,Community,1.4474679207845895,2021-11-08,17,Changing diagnostics,Changing sequencing,100%,200%,fig_3b,2,15,1.1848
2021-11-25,ZA,371,Omicron BA.2,Community,1.4474679207845895,2021-11-08,17,Changing diagnostics,Changing sequencing,150%,200%,fig_3b,2,15,1.1848
2021-11-25,ZA,371,Omicron BA.2,Community,1.4474679207845895,2021-11-08,17,Changing diagnostics,Changing sequencing,200%,200%,fig_3b,2,15,1.1848
2021-11-23,ZA,372,Omicron BA.2,Community,1.0623697000314518,2021-11-08,15,Changing diagnostics,Changing sequencing,50%,200%,fig_3b,2,15,1.1848
2021-11-23,ZA,372,Omicron BA.2,Community,1.0623697000314518,2021-11-08,15,Changing diagnostics,Changing sequencing,100%,200%,fig_3b,2,15,1.1848
2021-11-23,ZA,372,Omicron BA.2,Community,1.0623697000314516,2021-11-08,15,Changing diagnostics,Changing sequencing,150%,200%,fig_3b,2,15,1.1848
2021-11-23,ZA,372,Omicron BA.2,Community,1.0623697000314518,2021-11-08,15,Changing diagnostics,Changing sequencing,200%,200%,fig_3b,2,15,1.1848
2021-11-25,ZA,373,Omicron BA.2,Community,1.185047567631682,2021-11-08,17,Changing diagnostics,Changing sequencing,50%,200%,fig_3b,2,15,1.1848
2021-11-25,ZA,373,Omicron BA.2,Community,1.185047567631682,2021-11-08,17,Changing diagnostics,Changing sequencing,100%,200%,fig_3b,2,15,1.1848
2021-11-25,ZA,373,Omicron BA.2,Community,1.1850475676316818,2021-11-08,17,Changing diagnostics,Changing sequencing,150%,200%,fig_3b,2,15,1.1848
2021-11-25,ZA,373,Omicron BA.2,Community,1.185047567631682,2021-11-08,17,Changing diagnostics,Changing sequencing,200%,200%,fig_3b,2,15,1.1848
2021-11-27,ZA,374,Omicron BA.2,Community,1.1602271477825652,2021-11-08,19,Changing diagnostics,Changing sequencing,50%,200%,fig_3b,2,15,1.1848
2021-11-27,ZA,374,Omicron BA.2,Community,1.1602271477825652,2021-11-08,19,Changing diagnostics,Changing sequencing,100%,200%,fig_3b,2,15,1.1848
2021-11-27,ZA,374,Omicron BA.2,Community,1.1602271477825652,2021-11-08,19,Changing diagnostics,Changing sequencing,150%,200%,fig_3b,2,15,1.1848
2021-11-27,ZA,374,Omicron BA.2,Community,1.1602271477825652,2021-11-08,19,Changing diagnostics,Changing sequencing,200%,200%,fig_3b,2,15,1.1848
2021-11-27,GB,375,Omicron BA.2,Community,1.2441426009853653,2021-11-08,19,Changing diagnostics,Changing sequencing,50%,200%,fig_3b,2,15,1.1848
2021-11-27,GB,375,Omicron BA.2,Community,1.2441426009853653,2021-11-08,19,Changing diagnostics,Changing sequencing,100%,200%,fig_3b,2,15,1.1848
2021-11-27,GB,375,Omicron BA.2,Community,1.2441426009853653,2021-11-08,19,Changing diagnostics,Changing sequencing,150%,200%,fig_3b,2,15,1.1848
2021-11-27,GB,375,Omicron BA.2,Community,1.2441426009853653,2021-11-08,19,Changing diagnostics,Changing sequencing,200%,200%,fig_3b,2,15,1.1848
2021-11-25,ZA,376,Omicron BA.2,Community,1.414516948838919,2021-11-08,17,Changing diagnostics,Changing sequencing,50%,200%,fig_3b,2,15,1.1848
2021-11-25,ZA,376,Omicron BA.2,Community,1.414516948838919,2021-11-08,17,Changing diagnostics,Changing sequencing,100%,200%,fig_3b,2,15,1.1848
2021-11-25,ZA,376,Omicron BA.2,Community,1.4145169488389189,2021-11-08,17,Changing diagnostics,Changing sequencing,150%,200%,fig_3b,2,15,1.1848
2021-11-25,ZA,376,Omicron BA.2,Community,1.414516948838919,2021-11-08,17,Changing diagnostics,Changing sequencing,200%,200%,fig_3b,2,15,1.1848
2021-11-23,ZA,377,Omicron BA.2,Community,1.098722737943379,2021-11-08,15,Changing diagnostics,Changing sequencing,50%,200%,fig_3b,2,15,1.1848
2021-11-23,ZA,377,Omicron BA.2,Community,1.098722737943379,2021-11-08,15,Changing diagnostics,Changing sequencing,100%,200%,fig_3b,2,15,1.1848
2021-11-23,ZA,377,Omicron BA.2,Community,1.0987227379433788,2021-11-08,15,Changing diagnostics,Changing sequencing,150%,200%,fig_3b,2,15,1.1848
2021-11-23,ZA,377,Omicron BA.2,Community,1.098722737943379,2021-11-08,15,Changing diagnostics,Changing sequencing,200%,200%,fig_3b,2,15,1.1848
2021-11-23,ZA,378,Omicron BA.2,Community,1.2156742875416182,2021-11-08,15,Changing diagnostics,Changing sequencing,50%,200%,fig_3b,2,15,1.1848
2021-11-23,ZA,378,Omicron BA.2,Community,1.2156742875416182,2021-11-08,15,Changing diagnostics,Changing sequencing,100%,200%,fig_3b,2,15,1.1848
2021-11-23,ZA,378,Omicron BA.2,Community,1.2156742875416184,2021-11-08,15,Changing diagnostics,Changing sequencing,150%,200%,fig_3b,2,15,1.1848
2021-11-23,ZA,378,Omicron BA.2,Community,1.2156742875416182,2021-11-08,15,Changing diagnostics,Changing sequencing,200%,200%,fig_3b,2,15,1.1848
2021-11-22,ZA,379,Omicron BA.2,Community,1.5298334619284912,2021-11-08,14,Changing diagnostics,Changing sequencing,50%,200%,fig_3b,2,15,1.1848
2021-11-22,ZA,379,Omicron BA.2,Community,1.5298334619284912,2021-11-08,14,Changing diagnostics,Changing sequencing,100%,200%,fig_3b,2,15,1.1848
2021-11-22,ZA,379,Omicron BA.2,Community,1.5298334619284912,2021-11-08,14,Changing diagnostics,Changing sequencing,150%,200%,fig_3b,2,15,1.1848
2021-11-22,ZA,379,Omicron BA.2,Community,1.5298334619284912,2021-11-08,14,Changing diagnostics,Changing sequencing,200%,200%,fig_3b,2,15,1.1848
2021-11-22,ZA,38,Omicron BA.2,Community,1.1665094041893689,2021-11-08,14,Changing diagnostics,Changing sequencing,50%,200%,fig_3b,2,15,1.1848
2021-11-22,ZA,38,Omicron BA.2,Community,1.1665094041893689,2021-11-08,14,Changing diagnostics,Changing sequencing,100%,200%,fig_3b,2,15,1.1848
2021-11-22,ZA,38,Omicron BA.2,Community,1.1665094041893693,2021-11-08,14,Changing diagnostics,Changing sequencing,150%,200%,fig_3b,2,15,1.1848
2021-11-22,ZA,38,Omicron BA.2,Community,1.1665094041893689,2021-11-08,14,Changing diagnostics,Changing sequencing,200%,200%,fig_3b,2,15,1.1848
2021-11-26,ZA,380,Omicron BA.2,Community,1.2404006382274786,2021-11-08,18,Changing diagnostics,Changing sequencing,50%,200%,fig_3b,2,15,1.1848
2021-11-26,ZA,380,Omicron BA.2,Community,1.2404006382274786,2021-11-08,18,Changing diagnostics,Changing sequencing,100%,200%,fig_3b,2,15,1.1848
2021-11-26,ZA,380,Omicron BA.2,Community,1.2404006382274786,2021-11-08,18,Changing diagnostics,Changing sequencing,150%,200%,fig_3b,2,15,1.1848
2021-11-26,ZA,380,Omicron BA.2,Community,1.2404006382274786,2021-11-08,18,Changing diagnostics,Changing sequencing,200%,200%,fig_3b,2,15,1.1848
2021-11-25,ZA,381,Omicron BA.2,Community,1.1194424793434552,2021-11-08,17,Changing diagnostics,Changing sequencing,50%,200%,fig_3b,2,15,1.1848
2021-11-25,ZA,381,Omicron BA.2,Community,1.1194424793434552,2021-11-08,17,Changing diagnostics,Changing sequencing,100%,200%,fig_3b,2,15,1.1848
2021-11-25,ZA,381,Omicron BA.2,Community,1.1194424793434554,2021-11-08,17,Changing diagnostics,Changing sequencing,150%,200%,fig_3b,2,15,1.1848
2021-11-25,ZA,381,Omicron BA.2,Community,1.1194424793434552,2021-11-08,17,Changing diagnostics,Changing sequencing,200%,200%,fig_3b,2,15,1.1848
2021-11-17,ZA,382,Omicron BA.2,Community,1.0739594310488496,2021-11-08,9,Changing diagnostics,Changing sequencing,50%,200%,fig_3b,2,15,1.1848
2021-11-17,ZA,382,Omicron BA.2,Community,1.0739594310488496,2021-11-08,9,Changing diagnostics,Changing sequencing,100%,200%,fig_3b,2,15,1.1848
2021-11-17,ZA,382,Omicron BA.2,Community,1.0739594310488496,2021-11-08,9,Changing diagnostics,Changing sequencing,150%,200%,fig_3b,2,15,1.1848
2021-11-17,ZA,382,Omicron BA.2,Community,1.0739594310488496,2021-11-08,9,Changing diagnostics,Changing sequencing,200%,200%,fig_3b,2,15,1.1848
2021-11-21,ZA,383,Omicron BA.2,Community,1.0317294935661803,2021-11-08,13,Changing diagnostics,Changing sequencing,50%,200%,fig_3b,2,15,1.1848
2021-11-21,ZA,383,Omicron BA.2,Community,1.0317294935661803,2021-11-08,13,Changing diagnostics,Changing sequencing,100%,200%,fig_3b,2,15,1.1848
2021-11-21,ZA,383,Omicron BA.2,Community,1.0317294935661803,2021-11-08,13,Changing diagnostics,Changing sequencing,150%,200%,fig_3b,2,15,1.1848
2021-11-21,ZA,383,Omicron BA.2,Community,1.0317294935661803,2021-11-08,13,Changing diagnostics,Changing sequencing,200%,200%,fig_3b,2,15,1.1848
2021-11-23,ZA,384,Omicron BA.2,Community,1.2084993458484747,2021-11-08,15,Changing diagnostics,Changing sequencing,50%,200%,fig_3b,2,15,1.1848
2021-11-23,ZA,384,Omicron BA.2,Community,1.2084993458484747,2021-11-08,15,Changing diagnostics,Changing sequencing,100%,200%,fig_3b,2,15,1.1848
2021-11-23,ZA,384,Omicron BA.2,Community,1.2084993458484747,2021-11-08,15,Changing diagnostics,Changing sequencing,150%,200%,fig_3b,2,15,1.1848
2021-11-23,ZA,384,Omicron BA.2,Community,1.2084993458484747,2021-11-08,15,Changing diagnostics,Changing sequencing,200%,200%,fig_3b,2,15,1.1848
2021-11-23,ZA,385,Omicron BA.2,Community,1.032952439089563,2021-11-08,15,Changing diagnostics,Changing sequencing,50%,200%,fig_3b,2,15,1.1848
2021-11-23,ZA,385,Omicron BA.2,Community,1.032952439089563,2021-11-08,15,Changing diagnostics,Changing sequencing,100%,200%,fig_3b,2,15,1.1848
2021-11-23,ZA,385,Omicron BA.2,Community,1.0329524390895632,2021-11-08,15,Changing diagnostics,Changing sequencing,150%,200%,fig_3b,2,15,1.1848
2021-11-23,ZA,385,Omicron BA.2,Community,1.032952439089563,2021-11-08,15,Changing diagnostics,Changing sequencing,200%,200%,fig_3b,2,15,1.1848
2021-11-25,ZA,386,Omicron BA.2,Community,1.4035332915236955,2021-11-08,17,Changing diagnostics,Changing sequencing,50%,200%,fig_3b,2,15,1.1848
2021-11-25,ZA,386,Omicron BA.2,Community,1.4035332915236955,2021-11-08,17,Changing diagnostics,Changing sequencing,100%,200%,fig_3b,2,15,1.1848
2021-11-25,ZA,386,Omicron BA.2,Community,1.4035332915236953,2021-11-08,17,Changing diagnostics,Changing sequencing,150%,200%,fig_3b,2,15,1.1848
2021-11-25,ZA,386,Omicron BA.2,Community,1.4035332915236955,2021-11-08,17,Changing diagnostics,Changing sequencing,200%,200%,fig_3b,2,15,1.1848
2021-11-21,ZA,387,Omicron BA.2,Community,1.0275973560497897,2021-11-08,13,Changing diagnostics,Changing sequencing,50%,200%,fig_3b,2,15,1.1848
2021-11-21,ZA,387,Omicron BA.2,Community,1.0275973560497897,2021-11-08,13,Changing diagnostics,Changing sequencing,100%,200%,fig_3b,2,15,1.1848
2021-11-21,ZA,387,Omicron BA.2,Community,1.0275973560497895,2021-11-08,13,Changing diagnostics,Changing sequencing,150%,200%,fig_3b,2,15,1.1848
2021-11-21,ZA,387,Omicron BA.2,Community,1.0275973560497897,2021-11-08,13,Changing diagnostics,Changing sequencing,200%,200%,fig_3b,2,15,1.1848
2021-11-23,ZA,388,Omicron BA.2,Community,1.151817306472641,2021-11-08,15,Changing diagnostics,Changing sequencing,50%,200%,fig_3b,2,15,1.1848
2021-11-23,ZA,388,Omicron BA.2,Community,1.151817306472641,2021-11-08,15,Changing diagnostics,Changing sequencing,100%,200%,fig_3b,2,15,1.1848
2021-11-23,ZA,388,Omicron BA.2,Community,1.151817306472641,2021-11-08,15,Changing diagnostics,Changing sequencing,150%,200%,fig_3b,2,15,1.1848
2021-11-23,ZA,388,Omicron BA.2,Community,1.151817306472641,2021-11-08,15,Changing diagnostics,Changing sequencing,200%,200%,fig_3b,2,15,1.1848
2021-11-22,ZA,389,Omicron BA.2,Community,1.1940719189144062,2021-11-08,14,Changing diagnostics,Changing sequencing,50%,200%,fig_3b,2,15,1.1848
2021-11-22,ZA,389,Omicron BA.2,Community,1.1940719189144062,2021-11-08,14,Changing diagnostics,Changing sequencing,100%,200%,fig_3b,2,15,1.1848
2021-11-22,ZA,389,Omicron BA.2,Community,1.194071918914406,2021-11-08,14,Changing diagnostics,Changing sequencing,150%,200%,fig_3b,2,15,1.1848
2021-11-22,ZA,389,Omicron BA.2,Community,1.1940719189144062,2021-11-08,14,Changing diagnostics,Changing sequencing,200%,200%,fig_3b,2,15,1.1848
2021-11-20,ZA,39,Omicron BA.2,Community,1.0189409417842001,2021-11-08,12,Changing diagnostics,Changing sequencing,50%,200%,fig_3b,2,15,1.1848
2021-11-20,ZA,39,Omicron BA.2,Community,1.0189409417842001,2021-11-08,12,Changing diagnostics,Changing sequencing,100%,200%,fig_3b,2,15,1.1848
2021-11-20,ZA,39,Omicron BA.2,Community,1.0189409417842004,2021-11-08,12,Changing diagnostics,Changing sequencing,150%,200%,fig_3b,2,15,1.1848
2021-11-20,ZA,39,Omicron BA.2,Community,1.0189409417842001,2021-11-08,12,Changing diagnostics,Changing sequencing,200%,200%,fig_3b,2,15,1.1848
2021-11-25,ZA,390,Omicron BA.2,Community,1.0977720203161223,2021-11-08,17,Changing diagnostics,Changing sequencing,50%,200%,fig_3b,2,15,1.1848
2021-11-25,ZA,390,Omicron BA.2,Community,1.0977720203161223,2021-11-08,17,Changing diagnostics,Changing sequencing,100%,200%,fig_3b,2,15,1.1848
2021-11-25,ZA,390,Omicron BA.2,Community,1.0977720203161225,2021-11-08,17,Changing diagnostics,Changing sequencing,150%,200%,fig_3b,2,15,1.1848
2021-11-25,ZA,390,Omicron BA.2,Community,1.0977720203161223,2021-11-08,17,Changing diagnostics,Changing sequencing,200%,200%,fig_3b,2,15,1.1848
2021-11-26,ZA,391,Omicron BA.2,Community,1.1528429461173035,2021-11-08,18,Changing diagnostics,Changing sequencing,50%,200%,fig_3b,2,15,1.1848
2021-11-26,ZA,391,Omicron BA.2,Community,1.1528429461173035,2021-11-08,18,Changing diagnostics,Changing sequencing,100%,200%,fig_3b,2,15,1.1848
2021-11-26,ZA,391,Omicron BA.2,Community,1.1528429461173033,2021-11-08,18,Changing diagnostics,Changing sequencing,150%,200%,fig_3b,2,15,1.1848
2021-11-26,ZA,391,Omicron BA.2,Community,1.1528429461173035,2021-11-08,18,Changing diagnostics,Changing sequencing,200%,200%,fig_3b,2,15,1.1848
2021-11-22,ZA,392,Omicron BA.2,Community,1.3740255274497706,2021-11-08,14,Changing diagnostics,Changing sequencing,50%,200%,fig_3b,2,15,1.1848
2021-11-22,ZA,392,Omicron BA.2,Community,1.3740255274497706,2021-11-08,14,Changing diagnostics,Changing sequencing,100%,200%,fig_3b,2,15,1.1848
2021-11-22,ZA,392,Omicron BA.2,Community,1.3740255274497701,2021-11-08,14,Changing diagnostics,Changing sequencing,150%,200%,fig_3b,2,15,1.1848
2021-11-22,ZA,392,Omicron BA.2,Community,1.3740255274497706,2021-11-08,14,Changing diagnostics,Changing sequencing,200%,200%,fig_3b,2,15,1.1848
2021-11-25,ZA,393,Omicron BA.2,Community,1.7864770195409476,2021-11-08,17,Changing diagnostics,Changing sequencing,50%,200%,fig_3b,2,15,1.1848
2021-11-25,ZA,393,Omicron BA.2,Community,1.7864770195409476,2021-11-08,17,Changing diagnostics,Changing sequencing,100%,200%,fig_3b,2,15,1.1848
2021-11-25,ZA,393,Omicron BA.2,Community,1.7864770195409478,2021-11-08,17,Changing diagnostics,Changing sequencing,150%,200%,fig_3b,2,15,1.1848
2021-11-25,ZA,393,Omicron BA.2,Community,1.7864770195409476,2021-11-08,17,Changing diagnostics,Changing sequencing,200%,200%,fig_3b,2,15,1.1848
2021-11-25,ZA,394,Omicron BA.2,Community,1.0001065268915674,2021-11-08,17,Changing diagnostics,Changing sequencing,50%,200%,fig_3b,2,15,1.1848
2021-11-25,ZA,394,Omicron BA.2,Community,1.0001065268915674,2021-11-08,17,Changing diagnostics,Changing sequencing,100%,200%,fig_3b,2,15,1.1848
2021-11-25,ZA,394,Omicron BA.2,Community,1.0001065268915672,2021-11-08,17,Changing diagnostics,Changing sequencing,150%,200%,fig_3b,2,15,1.1848
2021-11-25,ZA,394,Omicron BA.2,Community,1.0001065268915674,2021-11-08,17,Changing diagnostics,Changing sequencing,200%,200%,fig_3b,2,15,1.1848
2021-11-22,ZA,395,Omicron BA.2,Community,1.18883276322287,2021-11-08,14,Changing diagnostics,Changing sequencing,50%,200%,fig_3b,2,15,1.1848
2021-11-22,ZA,395,Omicron BA.2,Community,1.18883276322287,2021-11-08,14,Changing diagnostics,Changing sequencing,100%,200%,fig_3b,2,15,1.1848
2021-11-22,ZA,395,Omicron BA.2,Community,1.18883276322287,2021-11-08,14,Changing diagnostics,Changing sequencing,150%,200%,fig_3b,2,15,1.1848
2021-11-22,ZA,395,Omicron BA.2,Community,1.18883276322287,2021-11-08,14,Changing diagnostics,Changing sequencing,200%,200%,fig_3b,2,15,1.1848
2021-11-22,ZA,396,Omicron BA.2,Community,1.1993110746059417,2021-11-08,14,Changing diagnostics,Changing sequencing,50%,200%,fig_3b,2,15,1.1848
2021-11-22,ZA,396,Omicron BA.2,Community,1.1993110746059417,2021-11-08,14,Changing diagnostics,Changing sequencing,100%,200%,fig_3b,2,15,1.1848
2021-11-22,ZA,396,Omicron BA.2,Community,1.1993110746059419,2021-11-08,14,Changing diagnostics,Changing sequencing,150%,200%,fig_3b,2,15,1.1848
2021-11-22,ZA,396,Omicron BA.2,Community,1.1993110746059417,2021-11-08,14,Changing diagnostics,Changing sequencing,200%,200%,fig_3b,2,15,1.1848
2021-11-27,ZA,397,Omicron BA.2,Community,1.3355706028939636,2021-11-08,19,Changing diagnostics,Changing sequencing,50%,200%,fig_3b,2,15,1.1848
2021-11-27,ZA,397,Omicron BA.2,Community,1.3355706028939636,2021-11-08,19,Changing diagnostics,Changing sequencing,100%,200%,fig_3b,2,15,1.1848
2021-11-27,ZA,397,Omicron BA.2,Community,1.3355706028939636,2021-11-08,19,Changing diagnostics,Changing sequencing,150%,200%,fig_3b,2,15,1.1848
2021-11-27,ZA,397,Omicron BA.2,Community,1.3355706028939636,2021-11-08,19,Changing diagnostics,Changing sequencing,200%,200%,fig_3b,2,15,1.1848
2021-11-21,ZA,398,Omicron BA.2,Community,1.1228539998486908,2021-11-08,13,Changing diagnostics,Changing sequencing,50%,200%,fig_3b,2,15,1.1848
2021-11-21,ZA,398,Omicron BA.2,Community,1.1228539998486908,2021-11-08,13,Changing diagnostics,Changing sequencing,100%,200%,fig_3b,2,15,1.1848
2021-11-21,ZA,398,Omicron BA.2,Community,1.122853999848691,2021-11-08,13,Changing diagnostics,Changing sequencing,150%,200%,fig_3b,2,15,1.1848
2021-11-21,ZA,398,Omicron BA.2,Community,1.1228539998486908,2021-11-08,13,Changing diagnostics,Changing sequencing,200%,200%,fig_3b,2,15,1.1848
2021-11-25,ZA,399,Omicron BA.2,Community,1.210280293896385,2021-11-08,17,Changing diagnostics,Changing sequencing,50%,200%,fig_3b,2,15,1.1848
2021-11-25,ZA,399,Omicron BA.2,Community,1.210280293896385,2021-11-08,17,Changing diagnostics,Changing sequencing,100%,200%,fig_3b,2,15,1.1848
2021-11-25,ZA,399,Omicron BA.2,Community,1.2102802938963846,2021-11-08,17,Changing diagnostics,Changing sequencing,150%,200%,fig_3b,2,15,1.1848
2021-11-25,ZA,399,Omicron BA.2,Community,1.210280293896385,2021-11-08,17,Changing diagnostics,Changing sequencing,200%,200%,fig_3b,2,15,1.1848
2021-11-18,ZA,4,Omicron BA.2,Community,1.1125828905163926,2021-11-08,10,Changing diagnostics,Changing sequencing,50%,200%,fig_3b,2,15,1.1848
2021-11-18,ZA,4,Omicron BA.2,Community,1.1125828905163926,2021-11-08,10,Changing diagnostics,Changing sequencing,100%,200%,fig_3b,2,15,1.1848
2021-11-18,ZA,4,Omicron BA.2,Community,1.1125828905163926,2021-11-08,10,Changing diagnostics,Changing sequencing,150%,200%,fig_3b,2,15,1.1848
2021-11-18,ZA,4,Omicron BA.2,Community,1.1125828905163926,2021-11-08,10,Changing diagnostics,Changing sequencing,200%,200%,fig_3b,2,15,1.1848
2021-11-21,ZA,40,Omicron BA.2,Community,1.0299896461908578,2021-11-08,13,Changing diagnostics,Changing sequencing,50%,200%,fig_3b,2,15,1.1848
2021-11-21,ZA,40,Omicron BA.2,Community,1.0299896461908578,2021-11-08,13,Changing diagnostics,Changing sequencing,100%,200%,fig_3b,2,15,1.1848
2021-11-21,ZA,40,Omicron BA.2,Community,1.029989646190858,2021-11-08,13,Changing diagnostics,Changing sequencing,150%,200%,fig_3b,2,15,1.1848
2021-11-21,ZA,40,Omicron BA.2,Community,1.0299896461908578,2021-11-08,13,Changing diagnostics,Changing sequencing,200%,200%,fig_3b,2,15,1.1848
2021-11-20,ZA,400,Omicron BA.2,Community,1.2017647387527188,2021-11-08,12,Changing diagnostics,Changing sequencing,50%,200%,fig_3b,2,15,1.1848
2021-11-20,ZA,400,Omicron BA.2,Community,1.2017647387527188,2021-11-08,12,Changing diagnostics,Changing sequencing,100%,200%,fig_3b,2,15,1.1848
2021-11-20,ZA,400,Omicron BA.2,Community,1.2017647387527188,2021-11-08,12,Changing diagnostics,Changing sequencing,150%,200%,fig_3b,2,15,1.1848
2021-11-20,ZA,400,Omicron BA.2,Community,1.2017647387527188,2021-11-08,12,Changing diagnostics,Changing sequencing,200%,200%,fig_3b,2,15,1.1848
2021-11-22,ZA,401,Omicron BA.2,Community,1.1699262448577623,2021-11-08,14,Changing diagnostics,Changing sequencing,50%,200%,fig_3b,2,15,1.1848
2021-11-22,ZA,401,Omicron BA.2,Community,1.1699262448577623,2021-11-08,14,Changing diagnostics,Changing sequencing,100%,200%,fig_3b,2,15,1.1848
2021-11-22,ZA,401,Omicron BA.2,Community,1.169926244857762,2021-11-08,14,Changing diagnostics,Changing sequencing,150%,200%,fig_3b,2,15,1.1848
2021-11-22,ZA,401,Omicron BA.2,Community,1.1699262448577623,2021-11-08,14,Changing diagnostics,Changing sequencing,200%,200%,fig_3b,2,15,1.1848
2021-11-23,ZA,402,Omicron BA.2,Community,1.2247625470196,2021-11-08,15,Changing diagnostics,Changing sequencing,50%,200%,fig_3b,2,15,1.1848
2021-11-23,ZA,402,Omicron BA.2,Community,1.2247625470196,2021-11-08,15,Changing diagnostics,Changing sequencing,100%,200%,fig_3b,2,15,1.1848
2021-11-23,ZA,402,Omicron BA.2,Community,1.2247625470196004,2021-11-08,15,Changing diagnostics,Changing sequencing,150%,200%,fig_3b,2,15,1.1848
2021-11-23,ZA,402,Omicron BA.2,Community,1.2247625470196,2021-11-08,15,Changing diagnostics,Changing sequencing,200%,200%,fig_3b,2,15,1.1848
2021-11-23,ZA,403,Omicron BA.2,Community,1.3022519173055502,2021-11-08,15,Changing diagnostics,Changing sequencing,50%,200%,fig_3b,2,15,1.1848
2021-11-23,ZA,403,Omicron BA.2,Community,1.3022519173055502,2021-11-08,15,Changing diagnostics,Changing sequencing,100%,200%,fig_3b,2,15,1.1848
2021-11-23,ZA,403,Omicron BA.2,Community,1.3022519173055502,2021-11-08,15,Changing diagnostics,Changing sequencing,150%,200%,fig_3b,2,15,1.1848
2021-11-23,ZA,403,Omicron BA.2,Community,1.3022519173055502,2021-11-08,15,Changing diagnostics,Changing sequencing,200%,200%,fig_3b,2,15,1.1848
2021-11-23,ZA,404,Omicron BA.2,Community,1.1073326679751512,2021-11-08,15,Changing diagnostics,Changing sequencing,50%,200%,fig_3b,2,15,1.1848
2021-11-23,ZA,404,Omicron BA.2,Community,1.1073326679751512,2021-11-08,15,Changing diagnostics,Changing sequencing,100%,200%,fig_3b,2,15,1.1848
2021-11-23,ZA,404,Omicron BA.2,Community,1.107332667975151,2021-11-08,15,Changing diagnostics,Changing sequencing,150%,200%,fig_3b,2,15,1.1848
2021-11-23,ZA,404,Omicron BA.2,Community,1.1073326679751512,2021-11-08,15,Changing diagnostics,Changing sequencing,200%,200%,fig_3b,2,15,1.1848
2021-11-27,ZA,405,Omicron BA.2,Community,1.1078518300220175,2021-11-08,19,Changing diagnostics,Changing sequencing,50%,200%,fig_3b,2,15,1.1848
2021-11-27,ZA,405,Omicron BA.2,Community,1.1078518300220175,2021-11-08,19,Changing diagnostics,Changing sequencing,100%,200%,fig_3b,2,15,1.1848
2021-11-27,ZA,405,Omicron BA.2,Community,1.1078518300220177,2021-11-08,19,Changing diagnostics,Changing sequencing,150%,200%,fig_3b,2,15,1.1848
2021-11-27,ZA,405,Omicron BA.2,Community,1.1078518300220175,2021-11-08,19,Changing diagnostics,Changing sequencing,200%,200%,fig_3b,2,15,1.1848
2021-11-26,ZA,406,Omicron BA.2,Community,1.1482826496532317,2021-11-08,18,Changing diagnostics,Changing sequencing,50%,200%,fig_3b,2,15,1.1848
2021-11-26,ZA,406,Omicron BA.2,Community,1.1482826496532317,2021-11-08,18,Changing diagnostics,Changing sequencing,100%,200%,fig_3b,2,15,1.1848
2021-11-26,ZA,406,Omicron BA.2,Community,1.1482826496532317,2021-11-08,18,Changing diagnostics,Changing sequencing,150%,200%,fig_3b,2,15,1.1848
2021-11-26,ZA,406,Omicron BA.2,Community,1.1482826496532317,2021-11-08,18,Changing diagnostics,Changing sequencing,200%,200%,fig_3b,2,15,1.1848
2021-11-22,ZA,407,Omicron BA.2,Community,1.479264220036275,2021-11-08,14,Changing diagnostics,Changing sequencing,50%,200%,fig_3b,2,15,1.1848
2021-11-22,ZA,407,Omicron BA.2,Community,1.479264220036275,2021-11-08,14,Changing diagnostics,Changing sequencing,100%,200%,fig_3b,2,15,1.1848
2021-11-22,ZA,407,Omicron BA.2,Community,1.479264220036275,2021-11-08,14,Changing diagnostics,Changing sequencing,150%,200%,fig_3b,2,15,1.1848
2021-11-22,ZA,407,Omicron BA.2,Community,1.479264220036275,2021-11-08,14,Changing diagnostics,Changing sequencing,200%,200%,fig_3b,2,15,1.1848
2021-11-22,ZA,408,Omicron BA.2,Community,2.003863157323546,2021-11-08,14,Changing diagnostics,Changing sequencing,50%,200%,fig_3b,2,15,1.1848
2021-11-22,ZA,408,Omicron BA.2,Community,2.003863157323546,2021-11-08,14,Changing diagnostics,Changing sequencing,100%,200%,fig_3b,2,15,1.1848
2021-11-22,ZA,408,Omicron BA.2,Community,2.003863157323546,2021-11-08,14,Changing diagnostics,Changing sequencing,150%,200%,fig_3b,2,15,1.1848
2021-11-22,ZA,408,Omicron BA.2,Community,2.003863157323546,2021-11-08,14,Changing diagnostics,Changing sequencing,200%,200%,fig_3b,2,15,1.1848
2021-11-27,ZA,409,Omicron BA.2,Community,1.2937272783787435,2021-11-08,19,Changing diagnostics,Changing sequencing,50%,200%,fig_3b,2,15,1.1848
2021-11-27,ZA,409,Omicron BA.2,Community,1.2937272783787435,2021-11-08,19,Changing diagnostics,Changing sequencing,100%,200%,fig_3b,2,15,1.1848
2021-11-27,ZA,409,Omicron BA.2,Community,1.2937272783787437,2021-11-08,19,Changing diagnostics,Changing sequencing,150%,200%,fig_3b,2,15,1.1848
2021-11-27,ZA,409,Omicron BA.2,Community,1.2937272783787435,2021-11-08,19,Changing diagnostics,Changing sequencing,200%,200%,fig_3b,2,15,1.1848
2021-11-23,ZA,41,Omicron BA.2,Community,1.2862278808575298,2021-11-08,15,Changing diagnostics,Changing sequencing,50%,200%,fig_3b,2,15,1.1848
2021-11-23,ZA,41,Omicron BA.2,Community,1.2862278808575298,2021-11-08,15,Changing diagnostics,Changing sequencing,100%,200%,fig_3b,2,15,1.1848
2021-11-23,ZA,41,Omicron BA.2,Community,1.2862278808575298,2021-11-08,15,Changing diagnostics,Changing sequencing,150%,200%,fig_3b,2,15,1.1848
2021-11-23,ZA,41,Omicron BA.2,Community,1.2862278808575298,2021-11-08,15,Changing diagnostics,Changing sequencing,200%,200%,fig_3b,2,15,1.1848
2021-11-25,ZA,410,Omicron BA.2,Community,1.8547538082572015,2021-11-08,17,Changing diagnostics,Changing sequencing,50%,200%,fig_3b,2,15,1.1848
2021-11-25,ZA,410,Omicron BA.2,Community,1.8547538082572015,2021-11-08,17,Changing diagnostics,Changing sequencing,100%,200%,fig_3b,2,15,1.1848
2021-11-25,ZA,410,Omicron BA.2,Community,1.8547538082572022,2021-11-08,17,Changing diagnostics,Changing sequencing,150%,200%,fig_3b,2,15,1.1848
2021-11-25,ZA,410,Omicron BA.2,Community,1.8547538082572015,2021-11-08,17,Changing diagnostics,Changing sequencing,200%,200%,fig_3b,2,15,1.1848
2021-11-22,ZA,411,Omicron BA.2,Community,1.0061456821527912,2021-11-08,14,Changing diagnostics,Changing sequencing,50%,200%,fig_3b,2,15,1.1848
2021-11-22,ZA,411,Omicron BA.2,Community,1.0061456821527912,2021-11-08,14,Changing diagnostics,Changing sequencing,100%,200%,fig_3b,2,15,1.1848
2021-11-22,ZA,411,Omicron BA.2,Community,1.006145682152791,2021-11-08,14,Changing diagnostics,Changing sequencing,150%,200%,fig_3b,2,15,1.1848
2021-11-22,ZA,411,Omicron BA.2,Community,1.0061456821527912,2021-11-08,14,Changing diagnostics,Changing sequencing,200%,200%,fig_3b,2,15,1.1848
2021-11-25,ZA,412,Omicron BA.2,Community,1.2530275007448222,2021-11-08,17,Changing diagnostics,Changing sequencing,50%,200%,fig_3b,2,15,1.1848
2021-11-25,ZA,412,Omicron BA.2,Community,1.2530275007448222,2021-11-08,17,Changing diagnostics,Changing sequencing,100%,200%,fig_3b,2,15,1.1848
2021-11-25,ZA,412,Omicron BA.2,Community,1.253027500744822,2021-11-08,17,Changing diagnostics,Changing sequencing,150%,200%,fig_3b,2,15,1.1848
2021-11-25,ZA,412,Omicron BA.2,Community,1.2530275007448222,2021-11-08,17,Changing diagnostics,Changing sequencing,200%,200%,fig_3b,2,15,1.1848
2021-11-22,ZA,413,Omicron BA.2,Community,1.2644588366833014,2021-11-08,14,Changing diagnostics,Changing sequencing,50%,200%,fig_3b,2,15,1.1848
2021-11-22,ZA,413,Omicron BA.2,Community,1.2644588366833014,2021-11-08,14,Changing diagnostics,Changing sequencing,100%,200%,fig_3b,2,15,1.1848
2021-11-22,ZA,413,Omicron BA.2,Community,1.2644588366833014,2021-11-08,14,Changing diagnostics,Changing sequencing,150%,200%,fig_3b,2,15,1.1848
2021-11-22,ZA,413,Omicron BA.2,Community,1.2644588366833014,2021-11-08,14,Changing diagnostics,Changing sequencing,200%,200%,fig_3b,2,15,1.1848
2021-11-22,ZA,414,Omicron BA.2,Community,1.2252790636857287,2021-11-08,14,Changing diagnostics,Changing sequencing,50%,200%,fig_3b,2,15,1.1848
2021-11-22,ZA,414,Omicron BA.2,Community,1.2252790636857287,2021-11-08,14,Changing diagnostics,Changing sequencing,100%,200%,fig_3b,2,15,1.1848
2021-11-22,ZA,414,Omicron BA.2,Community,1.2252790636857287,2021-11-08,14,Changing diagnostics,Changing sequencing,150%,200%,fig_3b,2,15,1.1848
2021-11-22,ZA,414,Omicron BA.2,Community,1.2252790636857287,2021-11-08,14,Changing diagnostics,Changing sequencing,200%,200%,fig_3b,2,15,1.1848
2021-11-26,ZA,415,Omicron BA.2,Community,1.0658932935356713,2021-11-08,18,Changing diagnostics,Changing sequencing,50%,200%,fig_3b,2,15,1.1848
2021-11-26,ZA,415,Omicron BA.2,Community,1.0658932935356713,2021-11-08,18,Changing diagnostics,Changing sequencing,100%,200%,fig_3b,2,15,1.1848
2021-11-26,ZA,415,Omicron BA.2,Community,1.0658932935356713,2021-11-08,18,Changing diagnostics,Changing sequencing,150%,200%,fig_3b,2,15,1.1848
2021-11-26,ZA,415,Omicron BA.2,Community,1.0658932935356713,2021-11-08,18,Changing diagnostics,Changing sequencing,200%,200%,fig_3b,2,15,1.1848
2021-11-21,ZA,416,Omicron BA.2,Community,1.008459034921243,2021-11-08,13,Changing diagnostics,Changing sequencing,50%,200%,fig_3b,2,15,1.1848
2021-11-21,ZA,416,Omicron BA.2,Community,1.008459034921243,2021-11-08,13,Changing diagnostics,Changing sequencing,100%,200%,fig_3b,2,15,1.1848
2021-11-21,ZA,416,Omicron BA.2,Community,1.0084590349212432,2021-11-08,13,Changing diagnostics,Changing sequencing,150%,200%,fig_3b,2,15,1.1848
2021-11-21,ZA,416,Omicron BA.2,Community,1.008459034921243,2021-11-08,13,Changing diagnostics,Changing sequencing,200%,200%,fig_3b,2,15,1.1848
2021-11-25,ZA,417,Omicron BA.2,Community,1.2494652335074523,2021-11-08,17,Changing diagnostics,Changing sequencing,50%,200%,fig_3b,2,15,1.1848
2021-11-25,ZA,417,Omicron BA.2,Community,1.2494652335074523,2021-11-08,17,Changing diagnostics,Changing sequencing,100%,200%,fig_3b,2,15,1.1848
2021-11-25,ZA,417,Omicron BA.2,Community,1.2494652335074523,2021-11-08,17,Changing diagnostics,Changing sequencing,150%,200%,fig_3b,2,15,1.1848
2021-11-25,ZA,417,Omicron BA.2,Community,1.2494652335074523,2021-11-08,17,Changing diagnostics,Changing sequencing,200%,200%,fig_3b,2,15,1.1848
2021-11-22,ZA,418,Omicron BA.2,Community,1.8977133072254704,2021-11-08,14,Changing diagnostics,Changing sequencing,50%,200%,fig_3b,2,15,1.1848
2021-11-22,ZA,418,Omicron BA.2,Community,1.8977133072254704,2021-11-08,14,Changing diagnostics,Changing sequencing,100%,200%,fig_3b,2,15,1.1848
2021-11-22,ZA,418,Omicron BA.2,Community,1.89771330722547,2021-11-08,14,Changing diagnostics,Changing sequencing,150%,200%,fig_3b,2,15,1.1848
2021-11-22,ZA,418,Omicron BA.2,Community,1.8977133072254704,2021-11-08,14,Changing diagnostics,Changing sequencing,200%,200%,fig_3b,2,15,1.1848
2021-11-22,ZA,419,Omicron BA.2,Community,1.2179898035931567,2021-11-08,14,Changing diagnostics,Changing sequencing,50%,200%,fig_3b,2,15,1.1848
2021-11-22,ZA,419,Omicron BA.2,Community,1.2179898035931567,2021-11-08,14,Changing diagnostics,Changing sequencing,100%,200%,fig_3b,2,15,1.1848
2021-11-22,ZA,419,Omicron BA.2,Community,1.217989803593157,2021-11-08,14,Changing diagnostics,Changing sequencing,150%,200%,fig_3b,2,15,1.1848
2021-11-22,ZA,419,Omicron BA.2,Community,1.2179898035931567,2021-11-08,14,Changing diagnostics,Changing sequencing,200%,200%,fig_3b,2,15,1.1848
2021-11-23,ZA,42,Omicron BA.2,Community,1.222610064511657,2021-11-08,15,Changing diagnostics,Changing sequencing,50%,200%,fig_3b,2,15,1.1848
2021-11-23,ZA,42,Omicron BA.2,Community,1.222610064511657,2021-11-08,15,Changing diagnostics,Changing sequencing,100%,200%,fig_3b,2,15,1.1848
2021-11-23,ZA,42,Omicron BA.2,Community,1.222610064511657,2021-11-08,15,Changing diagnostics,Changing sequencing,150%,200%,fig_3b,2,15,1.1848
2021-11-23,ZA,42,Omicron BA.2,Community,1.222610064511657,2021-11-08,15,Changing diagnostics,Changing sequencing,200%,200%,fig_3b,2,15,1.1848
2021-11-29,ZA,420,Omicron BA.2,Community,1.117555061109282,2021-11-08,21,Changing diagnostics,Changing sequencing,50%,200%,fig_3b,2,15,1.1848
2021-11-29,ZA,420,Omicron BA.2,Community,1.117555061109282,2021-11-08,21,Changing diagnostics,Changing sequencing,100%,200%,fig_3b,2,15,1.1848
2021-11-29,ZA,420,Omicron BA.2,Community,1.117555061109282,2021-11-08,21,Changing diagnostics,Changing sequencing,150%,200%,fig_3b,2,15,1.1848
2021-11-29,ZA,420,Omicron BA.2,Community,1.117555061109282,2021-11-08,21,Changing diagnostics,Changing sequencing,200%,200%,fig_3b,2,15,1.1848
2021-11-29,ZA,421,Omicron BA.2,Community,1.1460623872960964,2021-11-08,21,Changing diagnostics,Changing sequencing,50%,200%,fig_3b,2,15,1.1848
2021-11-29,ZA,421,Omicron BA.2,Community,1.1460623872960964,2021-11-08,21,Changing diagnostics,Changing sequencing,100%,200%,fig_3b,2,15,1.1848
2021-11-29,ZA,421,Omicron BA.2,Community,1.1460623872960964,2021-11-08,21,Changing diagnostics,Changing sequencing,150%,200%,fig_3b,2,15,1.1848
2021-11-29,ZA,421,Omicron BA.2,Community,1.1460623872960964,2021-11-08,21,Changing diagnostics,Changing sequencing,200%,200%,fig_3b,2,15,1.1848
2021-11-25,ZA,422,Omicron BA.2,Community,1.0568059470863695,2021-11-08,17,Changing diagnostics,Changing sequencing,50%,200%,fig_3b,2,15,1.1848
2021-11-25,ZA,422,Omicron BA.2,Community,1.0568059470863695,2021-11-08,17,Changing diagnostics,Changing sequencing,100%,200%,fig_3b,2,15,1.1848
2021-11-25,ZA,422,Omicron BA.2,Community,1.0568059470863695,2021-11-08,17,Changing diagnostics,Changing sequencing,150%,200%,fig_3b,2,15,1.1848
2021-11-25,ZA,422,Omicron BA.2,Community,1.0568059470863695,2021-11-08,17,Changing diagnostics,Changing sequencing,200%,200%,fig_3b,2,15,1.1848
2021-11-23,ZA,423,Omicron BA.2,Community,1.4055710776868169,2021-11-08,15,Changing diagnostics,Changing sequencing,50%,200%,fig_3b,2,15,1.1848
2021-11-23,ZA,423,Omicron BA.2,Community,1.4055710776868169,2021-11-08,15,Changing diagnostics,Changing sequencing,100%,200%,fig_3b,2,15,1.1848
2021-11-23,ZA,423,Omicron BA.2,Community,1.405571077686817,2021-11-08,15,Changing diagnostics,Changing sequencing,150%,200%,fig_3b,2,15,1.1848
2021-11-23,ZA,423,Omicron BA.2,Community,1.4055710776868169,2021-11-08,15,Changing diagnostics,Changing sequencing,200%,200%,fig_3b,2,15,1.1848
2021-11-27,ZA,424,Omicron BA.2,Community,1.0409594404908835,2021-11-08,19,Changing diagnostics,Changing sequencing,50%,200%,fig_3b,2,15,1.1848
2021-11-27,ZA,424,Omicron BA.2,Community,1.0409594404908835,2021-11-08,19,Changing diagnostics,Changing sequencing,100%,200%,fig_3b,2,15,1.1848
2021-11-27,ZA,424,Omicron BA.2,Community,1.0409594404908835,2021-11-08,19,Changing diagnostics,Changing sequencing,150%,200%,fig_3b,2,15,1.1848
2021-11-27,ZA,424,Omicron BA.2,Community,1.0409594404908835,2021-11-08,19,Changing diagnostics,Changing sequencing,200%,200%,fig_3b,2,15,1.1848
2021-11-22,ZA,425,Omicron BA.2,Community,1.2665089410843375,2021-11-08,14,Changing diagnostics,Changing sequencing,50%,200%,fig_3b,2,15,1.1848
2021-11-22,ZA,425,Omicron BA.2,Community,1.2665089410843375,2021-11-08,14,Changing diagnostics,Changing sequencing,100%,200%,fig_3b,2,15,1.1848
2021-11-22,ZA,425,Omicron BA.2,Community,1.2665089410843373,2021-11-08,14,Changing diagnostics,Changing sequencing,150%,200%,fig_3b,2,15,1.1848
2021-11-22,ZA,425,Omicron BA.2,Community,1.2665089410843375,2021-11-08,14,Changing diagnostics,Changing sequencing,200%,200%,fig_3b,2,15,1.1848
2021-11-25,ZA,426,Omicron BA.2,Community,1.368504330356226,2021-11-08,17,Changing diagnostics,Changing sequencing,50%,200%,fig_3b,2,15,1.1848
2021-11-25,ZA,426,Omicron BA.2,Community,1.368504330356226,2021-11-08,17,Changing diagnostics,Changing sequencing,100%,200%,fig_3b,2,15,1.1848
2021-11-25,ZA,426,Omicron BA.2,Community,1.368504330356226,2021-11-08,17,Changing diagnostics,Changing sequencing,150%,200%,fig_3b,2,15,1.1848
2021-11-25,ZA,426,Omicron BA.2,Community,1.368504330356226,2021-11-08,17,Changing diagnostics,Changing sequencing,200%,200%,fig_3b,2,15,1.1848
2021-11-26,ZA,427,Omicron BA.2,Community,1.214558958264406,2021-11-08,18,Changing diagnostics,Changing sequencing,50%,200%,fig_3b,2,15,1.1848
2021-11-26,ZA,427,Omicron BA.2,Community,1.214558958264406,2021-11-08,18,Changing diagnostics,Changing sequencing,100%,200%,fig_3b,2,15,1.1848
2021-11-26,ZA,427,Omicron BA.2,Community,1.2145589582644059,2021-11-08,18,Changing diagnostics,Changing sequencing,150%,200%,fig_3b,2,15,1.1848
2021-11-26,ZA,427,Omicron BA.2,Community,1.214558958264406,2021-11-08,18,Changing diagnostics,Changing sequencing,200%,200%,fig_3b,2,15,1.1848
2021-11-21,ZA,428,Omicron BA.2,Community,1.1841836198288054,2021-11-08,13,Changing diagnostics,Changing sequencing,50%,200%,fig_3b,2,15,1.1848
2021-11-21,ZA,428,Omicron BA.2,Community,1.1841836198288054,2021-11-08,13,Changing diagnostics,Changing sequencing,100%,200%,fig_3b,2,15,1.1848
2021-11-21,ZA,428,Omicron BA.2,Community,1.1841836198288052,2021-11-08,13,Changing diagnostics,Changing sequencing,150%,200%,fig_3b,2,15,1.1848
2021-11-21,ZA,428,Omicron BA.2,Community,1.1841836198288054,2021-11-08,13,Changing diagnostics,Changing sequencing,200%,200%,fig_3b,2,15,1.1848
2021-11-21,ZA,429,Omicron BA.2,Community,1.2522551483882935,2021-11-08,13,Changing diagnostics,Changing sequencing,50%,200%,fig_3b,2,15,1.1848
2021-11-21,ZA,429,Omicron BA.2,Community,1.2522551483882935,2021-11-08,13,Changing diagnostics,Changing sequencing,100%,200%,fig_3b,2,15,1.1848
2021-11-21,ZA,429,Omicron BA.2,Community,1.2522551483882938,2021-11-08,13,Changing diagnostics,Changing sequencing,150%,200%,fig_3b,2,15,1.1848
2021-11-21,ZA,429,Omicron BA.2,Community,1.2522551483882935,2021-11-08,13,Changing diagnostics,Changing sequencing,200%,200%,fig_3b,2,15,1.1848
2021-11-23,ZA,43,Omicron BA.2,Community,1.228350017866172,2021-11-08,15,Changing diagnostics,Changing sequencing,50%,200%,fig_3b,2,15,1.1848
2021-11-23,ZA,43,Omicron BA.2,Community,1.228350017866172,2021-11-08,15,Changing diagnostics,Changing sequencing,100%,200%,fig_3b,2,15,1.1848
2021-11-23,ZA,43,Omicron BA.2,Community,1.2283500178661722,2021-11-08,15,Changing diagnostics,Changing sequencing,150%,200%,fig_3b,2,15,1.1848
2021-11-23,ZA,43,Omicron BA.2,Community,1.228350017866172,2021-11-08,15,Changing diagnostics,Changing sequencing,200%,200%,fig_3b,2,15,1.1848
2021-11-22,ZA,430,Omicron BA.2,Community,1.226418010575193,2021-11-08,14,Changing diagnostics,Changing sequencing,50%,200%,fig_3b,2,15,1.1848
2021-11-22,ZA,430,Omicron BA.2,Community,1.226418010575193,2021-11-08,14,Changing diagnostics,Changing sequencing,100%,200%,fig_3b,2,15,1.1848
2021-11-22,ZA,430,Omicron BA.2,Community,1.2264180105751927,2021-11-08,14,Changing diagnostics,Changing sequencing,150%,200%,fig_3b,2,15,1.1848
2021-11-22,ZA,430,Omicron BA.2,Community,1.226418010575193,2021-11-08,14,Changing diagnostics,Changing sequencing,200%,200%,fig_3b,2,15,1.1848
2021-11-28,ZA,431,Omicron BA.2,Community,1.1191123804521197,2021-11-08,20,Changing diagnostics,Changing sequencing,50%,200%,fig_3b,2,15,1.1848
2021-11-28,ZA,431,Omicron BA.2,Community,1.1191123804521197,2021-11-08,20,Changing diagnostics,Changing sequencing,100%,200%,fig_3b,2,15,1.1848
2021-11-28,ZA,431,Omicron BA.2,Community,1.1191123804521197,2021-11-08,20,Changing diagnostics,Changing sequencing,150%,200%,fig_3b,2,15,1.1848
2021-11-28,ZA,431,Omicron BA.2,Community,1.1191123804521197,2021-11-08,20,Changing diagnostics,Changing sequencing,200%,200%,fig_3b,2,15,1.1848
2021-11-22,ZA,432,Omicron BA.2,Community,1.4908814783088105,2021-11-08,14,Changing diagnostics,Changing sequencing,50%,200%,fig_3b,2,15,1.1848
2021-11-22,ZA,432,Omicron BA.2,Community,1.4908814783088105,2021-11-08,14,Changing diagnostics,Changing sequencing,100%,200%,fig_3b,2,15,1.1848
2021-11-22,ZA,432,Omicron BA.2,Community,1.490881478308811,2021-11-08,14,Changing diagnostics,Changing sequencing,150%,200%,fig_3b,2,15,1.1848
2021-11-22,ZA,432,Omicron BA.2,Community,1.4908814783088105,2021-11-08,14,Changing diagnostics,Changing sequencing,200%,200%,fig_3b,2,15,1.1848
2021-11-28,ZA,433,Omicron BA.2,Community,1.0904612698414664,2021-11-08,20,Changing diagnostics,Changing sequencing,50%,200%,fig_3b,2,15,1.1848
2021-11-28,ZA,433,Omicron BA.2,Community,1.0904612698414664,2021-11-08,20,Changing diagnostics,Changing sequencing,100%,200%,fig_3b,2,15,1.1848
2021-11-28,ZA,433,Omicron BA.2,Community,1.0904612698414664,2021-11-08,20,Changing diagnostics,Changing sequencing,150%,200%,fig_3b,2,15,1.1848
2021-11-28,ZA,433,Omicron BA.2,Community,1.0904612698414664,2021-11-08,20,Changing diagnostics,Changing sequencing,200%,200%,fig_3b,2,15,1.1848
2021-11-25,ZA,434,Omicron BA.2,Community,1.4703258022243793,2021-11-08,17,Changing diagnostics,Changing sequencing,50%,200%,fig_3b,2,15,1.1848
2021-11-25,ZA,434,Omicron BA.2,Community,1.4703258022243793,2021-11-08,17,Changing diagnostics,Changing sequencing,100%,200%,fig_3b,2,15,1.1848
2021-11-25,ZA,434,Omicron BA.2,Community,1.4703258022243788,2021-11-08,17,Changing diagnostics,Changing sequencing,150%,200%,fig_3b,2,15,1.1848
2021-11-25,ZA,434,Omicron BA.2,Community,1.4703258022243793,2021-11-08,17,Changing diagnostics,Changing sequencing,200%,200%,fig_3b,2,15,1.1848
2021-11-23,ZA,435,Omicron BA.2,Community,1.1037451971285794,2021-11-08,15,Changing diagnostics,Changing sequencing,50%,200%,fig_3b,2,15,1.1848
2021-11-23,ZA,435,Omicron BA.2,Community,1.1037451971285794,2021-11-08,15,Changing diagnostics,Changing sequencing,100%,200%,fig_3b,2,15,1.1848
2021-11-23,ZA,435,Omicron BA.2,Community,1.1037451971285792,2021-11-08,15,Changing diagnostics,Changing sequencing,150%,200%,fig_3b,2,15,1.1848
2021-11-23,ZA,435,Omicron BA.2,Community,1.1037451971285794,2021-11-08,15,Changing diagnostics,Changing sequencing,200%,200%,fig_3b,2,15,1.1848
2021-11-26,ZA,436,Omicron BA.2,Community,1.4526064336889442,2021-11-08,18,Changing diagnostics,Changing sequencing,50%,200%,fig_3b,2,15,1.1848
2021-11-26,ZA,436,Omicron BA.2,Community,1.4526064336889442,2021-11-08,18,Changing diagnostics,Changing sequencing,100%,200%,fig_3b,2,15,1.1848
2021-11-26,ZA,436,Omicron BA.2,Community,1.4526064336889442,2021-11-08,18,Changing diagnostics,Changing sequencing,150%,200%,fig_3b,2,15,1.1848
2021-11-26,ZA,436,Omicron BA.2,Community,1.4526064336889442,2021-11-08,18,Changing diagnostics,Changing sequencing,200%,200%,fig_3b,2,15,1.1848
2021-11-25,ZA,437,Omicron BA.2,Community,1.165158242223034,2021-11-08,17,Changing diagnostics,Changing sequencing,50%,200%,fig_3b,2,15,1.1848
2021-11-25,ZA,437,Omicron BA.2,Community,1.165158242223034,2021-11-08,17,Changing diagnostics,Changing sequencing,100%,200%,fig_3b,2,15,1.1848
2021-11-25,ZA,437,Omicron BA.2,Community,1.165158242223034,2021-11-08,17,Changing diagnostics,Changing sequencing,150%,200%,fig_3b,2,15,1.1848
2021-11-25,ZA,437,Omicron BA.2,Community,1.165158242223034,2021-11-08,17,Changing diagnostics,Changing sequencing,200%,200%,fig_3b,2,15,1.1848
2021-11-20,ZA,438,Omicron BA.2,Community,1.0676641541792335,2021-11-08,12,Changing diagnostics,Changing sequencing,50%,200%,fig_3b,2,15,1.1848
2021-11-20,ZA,438,Omicron BA.2,Community,1.0676641541792335,2021-11-08,12,Changing diagnostics,Changing sequencing,100%,200%,fig_3b,2,15,1.1848
2021-11-20,ZA,438,Omicron BA.2,Community,1.067664154179233,2021-11-08,12,Changing diagnostics,Changing sequencing,150%,200%,fig_3b,2,15,1.1848
2021-11-20,ZA,438,Omicron BA.2,Community,1.0676641541792335,2021-11-08,12,Changing diagnostics,Changing sequencing,200%,200%,fig_3b,2,15,1.1848
2021-11-27,ZA,439,Omicron BA.2,Community,1.4124256887382454,2021-11-08,19,Changing diagnostics,Changing sequencing,50%,200%,fig_3b,2,15,1.1848
2021-11-27,ZA,439,Omicron BA.2,Community,1.4124256887382454,2021-11-08,19,Changing diagnostics,Changing sequencing,100%,200%,fig_3b,2,15,1.1848
2021-11-27,ZA,439,Omicron BA.2,Community,1.4124256887382454,2021-11-08,19,Changing diagnostics,Changing sequencing,150%,200%,fig_3b,2,15,1.1848
2021-11-27,ZA,439,Omicron BA.2,Community,1.4124256887382454,2021-11-08,19,Changing diagnostics,Changing sequencing,200%,200%,fig_3b,2,15,1.1848
2021-11-25,ZA,44,Omicron BA.2,Community,1.1722827766977737,2021-11-08,17,Changing diagnostics,Changing sequencing,50%,200%,fig_3b,2,15,1.1848
2021-11-25,ZA,44,Omicron BA.2,Community,1.1722827766977737,2021-11-08,17,Changing diagnostics,Changing sequencing,100%,200%,fig_3b,2,15,1.1848
2021-11-25,ZA,44,Omicron BA.2,Community,1.172282776697774,2021-11-08,17,Changing diagnostics,Changing sequencing,150%,200%,fig_3b,2,15,1.1848
2021-11-25,ZA,44,Omicron BA.2,Community,1.1722827766977737,2021-11-08,17,Changing diagnostics,Changing sequencing,200%,200%,fig_3b,2,15,1.1848
2021-11-26,ZA,440,Omicron BA.2,Community,1.0744058469352717,2021-11-08,18,Changing diagnostics,Changing sequencing,50%,200%,fig_3b,2,15,1.1848
2021-11-26,ZA,440,Omicron BA.2,Community,1.0744058469352717,2021-11-08,18,Changing diagnostics,Changing sequencing,100%,200%,fig_3b,2,15,1.1848
2021-11-26,ZA,440,Omicron BA.2,Community,1.0744058469352715,2021-11-08,18,Changing diagnostics,Changing sequencing,150%,200%,fig_3b,2,15,1.1848
2021-11-26,ZA,440,Omicron BA.2,Community,1.0744058469352717,2021-11-08,18,Changing diagnostics,Changing sequencing,200%,200%,fig_3b,2,15,1.1848
2021-11-28,ZA,441,Omicron BA.2,Community,1.105359847359006,2021-11-08,20,Changing diagnostics,Changing sequencing,50%,200%,fig_3b,2,15,1.1848
2021-11-28,ZA,441,Omicron BA.2,Community,1.105359847359006,2021-11-08,20,Changing diagnostics,Changing sequencing,100%,200%,fig_3b,2,15,1.1848
2021-11-28,ZA,441,Omicron BA.2,Community,1.1053598473590058,2021-11-08,20,Changing diagnostics,Changing sequencing,150%,200%,fig_3b,2,15,1.1848
2021-11-28,ZA,441,Omicron BA.2,Community,1.105359847359006,2021-11-08,20,Changing diagnostics,Changing sequencing,200%,200%,fig_3b,2,15,1.1848
2021-11-22,ZA,442,Omicron BA.2,Community,1.2580807341023015,2021-11-08,14,Changing diagnostics,Changing sequencing,50%,200%,fig_3b,2,15,1.1848
2021-11-22,ZA,442,Omicron BA.2,Community,1.2580807341023015,2021-11-08,14,Changing diagnostics,Changing sequencing,100%,200%,fig_3b,2,15,1.1848
2021-11-22,ZA,442,Omicron BA.2,Community,1.2580807341023017,2021-11-08,14,Changing diagnostics,Changing sequencing,150%,200%,fig_3b,2,15,1.1848
2021-11-22,ZA,442,Omicron BA.2,Community,1.2580807341023015,2021-11-08,14,Changing diagnostics,Changing sequencing,200%,200%,fig_3b,2,15,1.1848
2021-11-23,ZA,443,Omicron BA.2,Community,1.3751971578525093,2021-11-08,15,Changing diagnostics,Changing sequencing,50%,200%,fig_3b,2,15,1.1848
2021-11-23,ZA,443,Omicron BA.2,Community,1.3751971578525093,2021-11-08,15,Changing diagnostics,Changing sequencing,100%,200%,fig_3b,2,15,1.1848
2021-11-23,ZA,443,Omicron BA.2,Community,1.3751971578525093,2021-11-08,15,Changing diagnostics,Changing sequencing,150%,200%,fig_3b,2,15,1.1848
2021-11-23,ZA,443,Omicron BA.2,Community,1.3751971578525093,2021-11-08,15,Changing diagnostics,Changing sequencing,200%,200%,fig_3b,2,15,1.1848
2021-11-21,ZA,444,Omicron BA.2,Community,1.0473881199440818,2021-11-08,13,Changing diagnostics,Changing sequencing,50%,200%,fig_3b,2,15,1.1848
2021-11-21,ZA,444,Omicron BA.2,Community,1.0473881199440818,2021-11-08,13,Changing diagnostics,Changing sequencing,100%,200%,fig_3b,2,15,1.1848
2021-11-21,ZA,444,Omicron BA.2,Community,1.0473881199440818,2021-11-08,13,Changing diagnostics,Changing sequencing,150%,200%,fig_3b,2,15,1.1848
2021-11-21,ZA,444,Omicron BA.2,Community,1.0473881199440818,2021-11-08,13,Changing diagnostics,Changing sequencing,200%,200%,fig_3b,2,15,1.1848
2021-11-22,ZA,445,Omicron BA.2,Community,1.4558019141133098,2021-11-08,14,Changing diagnostics,Changing sequencing,50%,200%,fig_3b,2,15,1.1848
2021-11-22,ZA,445,Omicron BA.2,Community,1.4558019141133098,2021-11-08,14,Changing diagnostics,Changing sequencing,100%,200%,fig_3b,2,15,1.1848
2021-11-22,ZA,445,Omicron BA.2,Community,1.4558019141133096,2021-11-08,14,Changing diagnostics,Changing sequencing,150%,200%,fig_3b,2,15,1.1848
2021-11-22,ZA,445,Omicron BA.2,Community,1.4558019141133098,2021-11-08,14,Changing diagnostics,Changing sequencing,200%,200%,fig_3b,2,15,1.1848
2021-11-21,ZA,446,Omicron BA.2,Community,1.4044917937290033,2021-11-08,13,Changing diagnostics,Changing sequencing,50%,200%,fig_3b,2,15,1.1848
2021-11-21,ZA,446,Omicron BA.2,Community,1.4044917937290033,2021-11-08,13,Changing diagnostics,Changing sequencing,100%,200%,fig_3b,2,15,1.1848
2021-11-21,ZA,446,Omicron BA.2,Community,1.4044917937290036,2021-11-08,13,Changing diagnostics,Changing sequencing,150%,200%,fig_3b,2,15,1.1848
2021-11-21,ZA,446,Omicron BA.2,Community,1.4044917937290033,2021-11-08,13,Changing diagnostics,Changing sequencing,200%,200%,fig_3b,2,15,1.1848
2021-11-28,ZA,447,Omicron BA.2,Community,1.1638081130047389,2021-11-08,20,Changing diagnostics,Changing sequencing,50%,200%,fig_3b,2,15,1.1848
2021-11-28,ZA,447,Omicron BA.2,Community,1.1638081130047389,2021-11-08,20,Changing diagnostics,Changing sequencing,100%,200%,fig_3b,2,15,1.1848
2021-11-28,ZA,447,Omicron BA.2,Community,1.163808113004739,2021-11-08,20,Changing diagnostics,Changing sequencing,150%,200%,fig_3b,2,15,1.1848
2021-11-28,ZA,447,Omicron BA.2,Community,1.1638081130047389,2021-11-08,20,Changing diagnostics,Changing sequencing,200%,200%,fig_3b,2,15,1.1848
2021-11-22,ZA,448,Omicron BA.2,Community,1.0161684147800771,2021-11-08,14,Changing diagnostics,Changing sequencing,50%,200%,fig_3b,2,15,1.1848
2021-11-22,ZA,448,Omicron BA.2,Community,1.0161684147800771,2021-11-08,14,Changing diagnostics,Changing sequencing,100%,200%,fig_3b,2,15,1.1848
2021-11-22,ZA,448,Omicron BA.2,Community,1.0161684147800771,2021-11-08,14,Changing diagnostics,Changing sequencing,150%,200%,fig_3b,2,15,1.1848
2021-11-22,ZA,448,Omicron BA.2,Community,1.0161684147800771,2021-11-08,14,Changing diagnostics,Changing sequencing,200%,200%,fig_3b,2,15,1.1848
2021-11-22,ZA,449,Omicron BA.2,Community,1.499765264046633,2021-11-08,14,Changing diagnostics,Changing sequencing,50%,200%,fig_3b,2,15,1.1848
2021-11-22,ZA,449,Omicron BA.2,Community,1.499765264046633,2021-11-08,14,Changing diagnostics,Changing sequencing,100%,200%,fig_3b,2,15,1.1848
2021-11-22,ZA,449,Omicron BA.2,Community,1.499765264046633,2021-11-08,14,Changing diagnostics,Changing sequencing,150%,200%,fig_3b,2,15,1.1848
2021-11-22,ZA,449,Omicron BA.2,Community,1.499765264046633,2021-11-08,14,Changing diagnostics,Changing sequencing,200%,200%,fig_3b,2,15,1.1848
2021-12-01,ZA,45,Omicron BA.2,Community,1.4075868340755602,2021-11-08,23,Changing diagnostics,Changing sequencing,50%,200%,fig_3b,2,15,1.1848
2021-12-01,ZA,45,Omicron BA.2,Community,1.4075868340755602,2021-11-08,23,Changing diagnostics,Changing sequencing,100%,200%,fig_3b,2,15,1.1848
2021-12-01,ZA,45,Omicron BA.2,Community,1.40758683407556,2021-11-08,23,Changing diagnostics,Changing sequencing,150%,200%,fig_3b,2,15,1.1848
2021-12-01,ZA,45,Omicron BA.2,Community,1.4075868340755602,2021-11-08,23,Changing diagnostics,Changing sequencing,200%,200%,fig_3b,2,15,1.1848
2021-11-21,ZA,450,Omicron BA.2,Community,1.0336868218634179,2021-11-08,13,Changing diagnostics,Changing sequencing,50%,200%,fig_3b,2,15,1.1848
2021-11-21,ZA,450,Omicron BA.2,Community,1.0336868218634179,2021-11-08,13,Changing diagnostics,Changing sequencing,100%,200%,fig_3b,2,15,1.1848
2021-11-21,ZA,450,Omicron BA.2,Community,1.0336868218634179,2021-11-08,13,Changing diagnostics,Changing sequencing,150%,200%,fig_3b,2,15,1.1848
2021-11-21,ZA,450,Omicron BA.2,Community,1.0336868218634179,2021-11-08,13,Changing diagnostics,Changing sequencing,200%,200%,fig_3b,2,15,1.1848
2021-11-21,ZA,451,Omicron BA.2,Community,1.0689187312136965,2021-11-08,13,Changing diagnostics,Changing sequencing,50%,200%,fig_3b,2,15,1.1848
2021-11-21,ZA,451,Omicron BA.2,Community,1.0689187312136965,2021-11-08,13,Changing diagnostics,Changing sequencing,100%,200%,fig_3b,2,15,1.1848
2021-11-21,ZA,451,Omicron BA.2,Community,1.0689187312136963,2021-11-08,13,Changing diagnostics,Changing sequencing,150%,200%,fig_3b,2,15,1.1848
2021-11-21,ZA,451,Omicron BA.2,Community,1.0689187312136965,2021-11-08,13,Changing diagnostics,Changing sequencing,200%,200%,fig_3b,2,15,1.1848
2021-11-21,ZA,452,Omicron BA.2,Community,1.137642702538931,2021-11-08,13,Changing diagnostics,Changing sequencing,50%,200%,fig_3b,2,15,1.1848
2021-11-21,ZA,452,Omicron BA.2,Community,1.137642702538931,2021-11-08,13,Changing diagnostics,Changing sequencing,100%,200%,fig_3b,2,15,1.1848
2021-11-21,ZA,452,Omicron BA.2,Community,1.137642702538931,2021-11-08,13,Changing diagnostics,Changing sequencing,150%,200%,fig_3b,2,15,1.1848
2021-11-21,ZA,452,Omicron BA.2,Community,1.137642702538931,2021-11-08,13,Changing diagnostics,Changing sequencing,200%,200%,fig_3b,2,15,1.1848
2021-11-26,ZA,453,Omicron BA.2,Community,1.191149436415505,2021-11-08,18,Changing diagnostics,Changing sequencing,50%,200%,fig_3b,2,15,1.1848
2021-11-26,ZA,453,Omicron BA.2,Community,1.191149436415505,2021-11-08,18,Changing diagnostics,Changing sequencing,100%,200%,fig_3b,2,15,1.1848
2021-11-26,ZA,453,Omicron BA.2,Community,1.1911494364155049,2021-11-08,18,Changing diagnostics,Changing sequencing,150%,200%,fig_3b,2,15,1.1848
2021-11-26,ZA,453,Omicron BA.2,Community,1.191149436415505,2021-11-08,18,Changing diagnostics,Changing sequencing,200%,200%,fig_3b,2,15,1.1848
2021-11-22,ZA,454,Omicron BA.2,Community,1.0583094496902574,2021-11-08,14,Changing diagnostics,Changing sequencing,50%,200%,fig_3b,2,15,1.1848
2021-11-22,ZA,454,Omicron BA.2,Community,1.0583094496902574,2021-11-08,14,Changing diagnostics,Changing sequencing,100%,200%,fig_3b,2,15,1.1848
2021-11-22,ZA,454,Omicron BA.2,Community,1.0583094496902576,2021-11-08,14,Changing diagnostics,Changing sequencing,150%,200%,fig_3b,2,15,1.1848
2021-11-22,ZA,454,Omicron BA.2,Community,1.0583094496902574,2021-11-08,14,Changing diagnostics,Changing sequencing,200%,200%,fig_3b,2,15,1.1848
2021-11-22,ZA,455,Omicron BA.2,Community,1.0817717556132227,2021-11-08,14,Changing diagnostics,Changing sequencing,50%,200%,fig_3b,2,15,1.1848
2021-11-22,ZA,455,Omicron BA.2,Community,1.0817717556132227,2021-11-08,14,Changing diagnostics,Changing sequencing,100%,200%,fig_3b,2,15,1.1848
2021-11-22,ZA,455,Omicron BA.2,Community,1.081771755613223,2021-11-08,14,Changing diagnostics,Changing sequencing,150%,200%,fig_3b,2,15,1.1848
2021-11-22,ZA,455,Omicron BA.2,Community,1.0817717556132227,2021-11-08,14,Changing diagnostics,Changing sequencing,200%,200%,fig_3b,2,15,1.1848
2021-11-27,ZA,456,Omicron BA.2,Community,1.7212692744458218,2021-11-08,19,Changing diagnostics,Changing sequencing,50%,200%,fig_3b,2,15,1.1848
2021-11-27,ZA,456,Omicron BA.2,Community,1.7212692744458218,2021-11-08,19,Changing diagnostics,Changing sequencing,100%,200%,fig_3b,2,15,1.1848
2021-11-27,ZA,456,Omicron BA.2,Community,1.7212692744458222,2021-11-08,19,Changing diagnostics,Changing sequencing,150%,200%,fig_3b,2,15,1.1848
2021-11-27,ZA,456,Omicron BA.2,Community,1.7212692744458218,2021-11-08,19,Changing diagnostics,Changing sequencing,200%,200%,fig_3b,2,15,1.1848
2021-11-22,ZA,457,Omicron BA.2,Community,1.4125219323136644,2021-11-08,14,Changing diagnostics,Changing sequencing,50%,200%,fig_3b,2,15,1.1848
2021-11-22,ZA,457,Omicron BA.2,Community,1.4125219323136644,2021-11-08,14,Changing diagnostics,Changing sequencing,100%,200%,fig_3b,2,15,1.1848
2021-11-22,ZA,457,Omicron BA.2,Community,1.4125219323136649,2021-11-08,14,Changing diagnostics,Changing sequencing,150%,200%,fig_3b,2,15,1.1848
2021-11-22,ZA,457,Omicron BA.2,Community,1.4125219323136644,2021-11-08,14,Changing diagnostics,Changing sequencing,200%,200%,fig_3b,2,15,1.1848
2021-11-22,ZA,458,Omicron BA.2,Community,1.492248214576168,2021-11-08,14,Changing diagnostics,Changing sequencing,50%,200%,fig_3b,2,15,1.1848
2021-11-22,ZA,458,Omicron BA.2,Community,1.492248214576168,2021-11-08,14,Changing diagnostics,Changing sequencing,100%,200%,fig_3b,2,15,1.1848
2021-11-22,ZA,458,Omicron BA.2,Community,1.4922482145761677,2021-11-08,14,Changing diagnostics,Changing sequencing,150%,200%,fig_3b,2,15,1.1848
2021-11-22,ZA,458,Omicron BA.2,Community,1.492248214576168,2021-11-08,14,Changing diagnostics,Changing sequencing,200%,200%,fig_3b,2,15,1.1848
2021-11-26,ZA,459,Omicron BA.2,Community,1.1972298317009338,2021-11-08,18,Changing diagnostics,Changing sequencing,50%,200%,fig_3b,2,15,1.1848
2021-11-26,ZA,459,Omicron BA.2,Community,1.1972298317009338,2021-11-08,18,Changing diagnostics,Changing sequencing,100%,200%,fig_3b,2,15,1.1848
2021-11-26,ZA,459,Omicron BA.2,Community,1.197229831700934,2021-11-08,18,Changing diagnostics,Changing sequencing,150%,200%,fig_3b,2,15,1.1848
2021-11-26,ZA,459,Omicron BA.2,Community,1.1972298317009338,2021-11-08,18,Changing diagnostics,Changing sequencing,200%,200%,fig_3b,2,15,1.1848
2021-11-25,ZA,46,Omicron BA.2,Community,1.0743204276701044,2021-11-08,17,Changing diagnostics,Changing sequencing,50%,200%,fig_3b,2,15,1.1848
2021-11-25,ZA,46,Omicron BA.2,Community,1.0743204276701044,2021-11-08,17,Changing diagnostics,Changing sequencing,100%,200%,fig_3b,2,15,1.1848
2021-11-25,ZA,46,Omicron BA.2,Community,1.0743204276701048,2021-11-08,17,Changing diagnostics,Changing sequencing,150%,200%,fig_3b,2,15,1.1848
2021-11-25,ZA,46,Omicron BA.2,Community,1.0743204276701044,2021-11-08,17,Changing diagnostics,Changing sequencing,200%,200%,fig_3b,2,15,1.1848
2021-11-21,ZA,460,Omicron BA.2,Community,1.181791329687737,2021-11-08,13,Changing diagnostics,Changing sequencing,50%,200%,fig_3b,2,15,1.1848
2021-11-21,ZA,460,Omicron BA.2,Community,1.181791329687737,2021-11-08,13,Changing diagnostics,Changing sequencing,100%,200%,fig_3b,2,15,1.1848
2021-11-21,ZA,460,Omicron BA.2,Community,1.181791329687737,2021-11-08,13,Changing diagnostics,Changing sequencing,150%,200%,fig_3b,2,15,1.1848
2021-11-21,ZA,460,Omicron BA.2,Community,1.181791329687737,2021-11-08,13,Changing diagnostics,Changing sequencing,200%,200%,fig_3b,2,15,1.1848
2021-11-25,ZA,461,Omicron BA.2,Community,1.2337318865424027,2021-11-08,17,Changing diagnostics,Changing sequencing,50%,200%,fig_3b,2,15,1.1848
2021-11-25,ZA,461,Omicron BA.2,Community,1.2337318865424027,2021-11-08,17,Changing diagnostics,Changing sequencing,100%,200%,fig_3b,2,15,1.1848
2021-11-25,ZA,461,Omicron BA.2,Community,1.2337318865424025,2021-11-08,17,Changing diagnostics,Changing sequencing,150%,200%,fig_3b,2,15,1.1848
2021-11-25,ZA,461,Omicron BA.2,Community,1.2337318865424027,2021-11-08,17,Changing diagnostics,Changing sequencing,200%,200%,fig_3b,2,15,1.1848
2021-11-25,ZA,462,Omicron BA.2,Community,1.152987162495354,2021-11-08,17,Changing diagnostics,Changing sequencing,50%,200%,fig_3b,2,15,1.1848
2021-11-25,ZA,462,Omicron BA.2,Community,1.152987162495354,2021-11-08,17,Changing diagnostics,Changing sequencing,100%,200%,fig_3b,2,15,1.1848
2021-11-25,ZA,462,Omicron BA.2,Community,1.1529871624953543,2021-11-08,17,Changing diagnostics,Changing sequencing,150%,200%,fig_3b,2,15,1.1848
2021-11-25,ZA,462,Omicron BA.2,Community,1.152987162495354,2021-11-08,17,Changing diagnostics,Changing sequencing,200%,200%,fig_3b,2,15,1.1848
2021-11-26,ZA,463,Omicron BA.2,Community,1.0780540841065291,2021-11-08,18,Changing diagnostics,Changing sequencing,50%,200%,fig_3b,2,15,1.1848
2021-11-26,ZA,463,Omicron BA.2,Community,1.0780540841065291,2021-11-08,18,Changing diagnostics,Changing sequencing,100%,200%,fig_3b,2,15,1.1848
2021-11-26,ZA,463,Omicron BA.2,Community,1.0780540841065291,2021-11-08,18,Changing diagnostics,Changing sequencing,150%,200%,fig_3b,2,15,1.1848
2021-11-26,ZA,463,Omicron BA.2,Community,1.0780540841065291,2021-11-08,18,Changing diagnostics,Changing sequencing,200%,200%,fig_3b,2,15,1.1848
2021-12-03,ZA,464,Omicron BA.2,Community,1.9844431785336052,2021-11-08,25,Changing diagnostics,Changing sequencing,50%,200%,fig_3b,2,15,1.1848
2021-12-03,ZA,464,Omicron BA.2,Community,1.9844431785336052,2021-11-08,25,Changing diagnostics,Changing sequencing,100%,200%,fig_3b,2,15,1.1848
2021-12-03,ZA,464,Omicron BA.2,Community,1.984443178533605,2021-11-08,25,Changing diagnostics,Changing sequencing,150%,200%,fig_3b,2,15,1.1848
2021-12-03,ZA,464,Omicron BA.2,Community,1.9844431785336052,2021-11-08,25,Changing diagnostics,Changing sequencing,200%,200%,fig_3b,2,15,1.1848
2021-11-26,ZA,465,Omicron BA.2,Community,1.1765564877304757,2021-11-08,18,Changing diagnostics,Changing sequencing,50%,200%,fig_3b,2,15,1.1848
2021-11-26,ZA,465,Omicron BA.2,Community,1.1765564877304757,2021-11-08,18,Changing diagnostics,Changing sequencing,100%,200%,fig_3b,2,15,1.1848
2021-11-26,ZA,465,Omicron BA.2,Community,1.1765564877304757,2021-11-08,18,Changing diagnostics,Changing sequencing,150%,200%,fig_3b,2,15,1.1848
2021-11-26,ZA,465,Omicron BA.2,Community,1.1765564877304757,2021-11-08,18,Changing diagnostics,Changing sequencing,200%,200%,fig_3b,2,15,1.1848
2021-11-29,ZA,466,Omicron BA.2,Community,1.258734200320172,2021-11-08,21,Changing diagnostics,Changing sequencing,50%,200%,fig_3b,2,15,1.1848
2021-11-29,ZA,466,Omicron BA.2,Community,1.258734200320172,2021-11-08,21,Changing diagnostics,Changing sequencing,100%,200%,fig_3b,2,15,1.1848
2021-11-29,ZA,466,Omicron BA.2,Community,1.2587342003201725,2021-11-08,21,Changing diagnostics,Changing sequencing,150%,200%,fig_3b,2,15,1.1848
2021-11-29,ZA,466,Omicron BA.2,Community,1.258734200320172,2021-11-08,21,Changing diagnostics,Changing sequencing,200%,200%,fig_3b,2,15,1.1848
2021-11-25,ZA,467,Omicron BA.2,Community,1.3892842225742166,2021-11-08,17,Changing diagnostics,Changing sequencing,50%,200%,fig_3b,2,15,1.1848
2021-11-25,ZA,467,Omicron BA.2,Community,1.3892842225742166,2021-11-08,17,Changing diagnostics,Changing sequencing,100%,200%,fig_3b,2,15,1.1848
2021-11-25,ZA,467,Omicron BA.2,Community,1.3892842225742166,2021-11-08,17,Changing diagnostics,Changing sequencing,150%,200%,fig_3b,2,15,1.1848
2021-11-25,ZA,467,Omicron BA.2,Community,1.3892842225742166,2021-11-08,17,Changing diagnostics,Changing sequencing,200%,200%,fig_3b,2,15,1.1848
2021-11-22,ZA,468,Omicron BA.2,Community,1.1927051826470487,2021-11-08,14,Changing diagnostics,Changing sequencing,50%,200%,fig_3b,2,15,1.1848
2021-11-22,ZA,468,Omicron BA.2,Community,1.1927051826470487,2021-11-08,14,Changing diagnostics,Changing sequencing,100%,200%,fig_3b,2,15,1.1848
2021-11-22,ZA,468,Omicron BA.2,Community,1.192705182647049,2021-11-08,14,Changing diagnostics,Changing sequencing,150%,200%,fig_3b,2,15,1.1848
2021-11-22,ZA,468,Omicron BA.2,Community,1.1927051826470487,2021-11-08,14,Changing diagnostics,Changing sequencing,200%,200%,fig_3b,2,15,1.1848
2021-11-25,ZA,469,Omicron BA.2,Community,1.1200361905496834,2021-11-08,17,Changing diagnostics,Changing sequencing,50%,200%,fig_3b,2,15,1.1848
2021-11-25,ZA,469,Omicron BA.2,Community,1.1200361905496834,2021-11-08,17,Changing diagnostics,Changing sequencing,100%,200%,fig_3b,2,15,1.1848
2021-11-25,ZA,469,Omicron BA.2,Community,1.1200361905496834,2021-11-08,17,Changing diagnostics,Changing sequencing,150%,200%,fig_3b,2,15,1.1848
2021-11-25,ZA,469,Omicron BA.2,Community,1.1200361905496834,2021-11-08,17,Changing diagnostics,Changing sequencing,200%,200%,fig_3b,2,15,1.1848
2021-11-23,ZA,47,Omicron BA.2,Community,1.0621305353083468,2021-11-08,15,Changing diagnostics,Changing sequencing,50%,200%,fig_3b,2,15,1.1848
2021-11-23,ZA,47,Omicron BA.2,Community,1.0621305353083468,2021-11-08,15,Changing diagnostics,Changing sequencing,100%,200%,fig_3b,2,15,1.1848
2021-11-23,ZA,47,Omicron BA.2,Community,1.062130535308347,2021-11-08,15,Changing diagnostics,Changing sequencing,150%,200%,fig_3b,2,15,1.1848
2021-11-23,ZA,47,Omicron BA.2,Community,1.0621305353083468,2021-11-08,15,Changing diagnostics,Changing sequencing,200%,200%,fig_3b,2,15,1.1848
2021-11-29,ZA,470,Omicron BA.2,Community,1.0646128839051983,2021-11-08,21,Changing diagnostics,Changing sequencing,50%,200%,fig_3b,2,15,1.1848
2021-11-29,ZA,470,Omicron BA.2,Community,1.0646128839051983,2021-11-08,21,Changing diagnostics,Changing sequencing,100%,200%,fig_3b,2,15,1.1848
2021-11-29,ZA,470,Omicron BA.2,Community,1.0646128839051983,2021-11-08,21,Changing diagnostics,Changing sequencing,150%,200%,fig_3b,2,15,1.1848
2021-11-29,ZA,470,Omicron BA.2,Community,1.0646128839051983,2021-11-08,21,Changing diagnostics,Changing sequencing,200%,200%,fig_3b,2,15,1.1848
2021-11-25,ZA,471,Omicron BA.2,Community,1.4174855048700608,2021-11-08,17,Changing diagnostics,Changing sequencing,50%,200%,fig_3b,2,15,1.1848
2021-11-25,ZA,471,Omicron BA.2,Community,1.4174855048700608,2021-11-08,17,Changing diagnostics,Changing sequencing,100%,200%,fig_3b,2,15,1.1848
2021-11-25,ZA,471,Omicron BA.2,Community,1.4174855048700608,2021-11-08,17,Changing diagnostics,Changing sequencing,150%,200%,fig_3b,2,15,1.1848
2021-11-25,ZA,471,Omicron BA.2,Community,1.4174855048700608,2021-11-08,17,Changing diagnostics,Changing sequencing,200%,200%,fig_3b,2,15,1.1848
2021-11-23,ZA,472,Omicron BA.2,Community,1.2675730324553565,2021-11-08,15,Changing diagnostics,Changing sequencing,50%,200%,fig_3b,2,15,1.1848
2021-11-23,ZA,472,Omicron BA.2,Community,1.2675730324553565,2021-11-08,15,Changing diagnostics,Changing sequencing,100%,200%,fig_3b,2,15,1.1848
2021-11-23,ZA,472,Omicron BA.2,Community,1.2675730324553565,2021-11-08,15,Changing diagnostics,Changing sequencing,150%,200%,fig_3b,2,15,1.1848
2021-11-23,ZA,472,Omicron BA.2,Community,1.2675730324553565,2021-11-08,15,Changing diagnostics,Changing sequencing,200%,200%,fig_3b,2,15,1.1848
2021-11-27,ZA,473,Omicron BA.2,Community,1.0059476791618216,2021-11-08,19,Changing diagnostics,Changing sequencing,50%,200%,fig_3b,2,15,1.1848
2021-11-27,ZA,473,Omicron BA.2,Community,1.0059476791618216,2021-11-08,19,Changing diagnostics,Changing sequencing,100%,200%,fig_3b,2,15,1.1848
2021-11-27,ZA,473,Omicron BA.2,Community,1.0059476791618216,2021-11-08,19,Changing diagnostics,Changing sequencing,150%,200%,fig_3b,2,15,1.1848
2021-11-27,ZA,473,Omicron BA.2,Community,1.0059476791618216,2021-11-08,19,Changing diagnostics,Changing sequencing,200%,200%,fig_3b,2,15,1.1848
2021-11-25,ZA,474,Omicron BA.2,Community,1.689405237322621,2021-11-08,17,Changing diagnostics,Changing sequencing,50%,200%,fig_3b,2,15,1.1848
2021-11-25,ZA,474,Omicron BA.2,Community,1.689405237322621,2021-11-08,17,Changing diagnostics,Changing sequencing,100%,200%,fig_3b,2,15,1.1848
2021-11-25,ZA,474,Omicron BA.2,Community,1.6894052373226207,2021-11-08,17,Changing diagnostics,Changing sequencing,150%,200%,fig_3b,2,15,1.1848
2021-11-25,ZA,474,Omicron BA.2,Community,1.689405237322621,2021-11-08,17,Changing diagnostics,Changing sequencing,200%,200%,fig_3b,2,15,1.1848
2021-11-22,ZA,475,Omicron BA.2,Community,1.4036381465758434,2021-11-08,14,Changing diagnostics,Changing sequencing,50%,200%,fig_3b,2,15,1.1848
2021-11-22,ZA,475,Omicron BA.2,Community,1.4036381465758434,2021-11-08,14,Changing diagnostics,Changing sequencing,100%,200%,fig_3b,2,15,1.1848
2021-11-22,ZA,475,Omicron BA.2,Community,1.4036381465758432,2021-11-08,14,Changing diagnostics,Changing sequencing,150%,200%,fig_3b,2,15,1.1848
2021-11-22,ZA,475,Omicron BA.2,Community,1.4036381465758434,2021-11-08,14,Changing diagnostics,Changing sequencing,200%,200%,fig_3b,2,15,1.1848
2021-11-22,ZA,476,Omicron BA.2,Community,1.1626369847651905,2021-11-08,14,Changing diagnostics,Changing sequencing,50%,200%,fig_3b,2,15,1.1848
2021-11-22,ZA,476,Omicron BA.2,Community,1.1626369847651905,2021-11-08,14,Changing diagnostics,Changing sequencing,100%,200%,fig_3b,2,15,1.1848
2021-11-22,ZA,476,Omicron BA.2,Community,1.1626369847651903,2021-11-08,14,Changing diagnostics,Changing sequencing,150%,200%,fig_3b,2,15,1.1848
2021-11-22,ZA,476,Omicron BA.2,Community,1.1626369847651905,2021-11-08,14,Changing diagnostics,Changing sequencing,200%,200%,fig_3b,2,15,1.1848
2021-11-22,ZA,477,Omicron BA.2,Community,1.125735105546546,2021-11-08,14,Changing diagnostics,Changing sequencing,50%,200%,fig_3b,2,15,1.1848
2021-11-22,ZA,477,Omicron BA.2,Community,1.125735105546546,2021-11-08,14,Changing diagnostics,Changing sequencing,100%,200%,fig_3b,2,15,1.1848
2021-11-22,ZA,477,Omicron BA.2,Community,1.125735105546546,2021-11-08,14,Changing diagnostics,Changing sequencing,150%,200%,fig_3b,2,15,1.1848
2021-11-22,ZA,477,Omicron BA.2,Community,1.125735105546546,2021-11-08,14,Changing diagnostics,Changing sequencing,200%,200%,fig_3b,2,15,1.1848
2021-11-22,ZA,478,Omicron BA.2,Community,1.0972614333099378,2021-11-08,14,Changing diagnostics,Changing sequencing,50%,200%,fig_3b,2,15,1.1848
2021-11-22,ZA,478,Omicron BA.2,Community,1.0972614333099378,2021-11-08,14,Changing diagnostics,Changing sequencing,100%,200%,fig_3b,2,15,1.1848
2021-11-22,ZA,478,Omicron BA.2,Community,1.0972614333099378,2021-11-08,14,Changing diagnostics,Changing sequencing,150%,200%,fig_3b,2,15,1.1848
2021-11-22,ZA,478,Omicron BA.2,Community,1.0972614333099378,2021-11-08,14,Changing diagnostics,Changing sequencing,200%,200%,fig_3b,2,15,1.1848
2021-11-25,ZA,479,Omicron BA.2,Community,1.2464966774763109,2021-11-08,17,Changing diagnostics,Changing sequencing,50%,200%,fig_3b,2,15,1.1848
2021-11-25,ZA,479,Omicron BA.2,Community,1.2464966774763109,2021-11-08,17,Changing diagnostics,Changing sequencing,100%,200%,fig_3b,2,15,1.1848
2021-11-25,ZA,479,Omicron BA.2,Community,1.2464966774763109,2021-11-08,17,Changing diagnostics,Changing sequencing,150%,200%,fig_3b,2,15,1.1848
2021-11-25,ZA,479,Omicron BA.2,Community,1.2464966774763109,2021-11-08,17,Changing diagnostics,Changing sequencing,200%,200%,fig_3b,2,15,1.1848
2021-11-23,ZA,48,Omicron BA.2,Community,1.0547164288920985,2021-11-08,15,Changing diagnostics,Changing sequencing,50%,200%,fig_3b,2,15,1.1848
2021-11-23,ZA,48,Omicron BA.2,Community,1.0547164288920985,2021-11-08,15,Changing diagnostics,Changing sequencing,100%,200%,fig_3b,2,15,1.1848
2021-11-23,ZA,48,Omicron BA.2,Community,1.0547164288920987,2021-11-08,15,Changing diagnostics,Changing sequencing,150%,200%,fig_3b,2,15,1.1848
2021-11-23,ZA,48,Omicron BA.2,Community,1.0547164288920985,2021-11-08,15,Changing diagnostics,Changing sequencing,200%,200%,fig_3b,2,15,1.1848
2021-11-25,ZA,480,Omicron BA.2,Community,1.2420438434295986,2021-11-08,17,Changing diagnostics,Changing sequencing,50%,200%,fig_3b,2,15,1.1848
2021-11-25,ZA,480,Omicron BA.2,Community,1.2420438434295986,2021-11-08,17,Changing diagnostics,Changing sequencing,100%,200%,fig_3b,2,15,1.1848
2021-11-25,ZA,480,Omicron BA.2,Community,1.2420438434295988,2021-11-08,17,Changing diagnostics,Changing sequencing,150%,200%,fig_3b,2,15,1.1848
2021-11-25,ZA,480,Omicron BA.2,Community,1.2420438434295986,2021-11-08,17,Changing diagnostics,Changing sequencing,200%,200%,fig_3b,2,15,1.1848
2021-11-25,ZA,481,Omicron BA.2,Community,1.316851455414364,2021-11-08,17,Changing diagnostics,Changing sequencing,50%,200%,fig_3b,2,15,1.1848
2021-11-25,ZA,481,Omicron BA.2,Community,1.316851455414364,2021-11-08,17,Changing diagnostics,Changing sequencing,100%,200%,fig_3b,2,15,1.1848
2021-11-25,ZA,481,Omicron BA.2,Community,1.3168514554143642,2021-11-08,17,Changing diagnostics,Changing sequencing,150%,200%,fig_3b,2,15,1.1848
2021-11-25,ZA,481,Omicron BA.2,Community,1.316851455414364,2021-11-08,17,Changing diagnostics,Changing sequencing,200%,200%,fig_3b,2,15,1.1848
2021-11-25,ZA,482,Omicron BA.2,Community,1.2188891063866951,2021-11-08,17,Changing diagnostics,Changing sequencing,50%,200%,fig_3b,2,15,1.1848
2021-11-25,ZA,482,Omicron BA.2,Community,1.2188891063866951,2021-11-08,17,Changing diagnostics,Changing sequencing,100%,200%,fig_3b,2,15,1.1848
2021-11-25,ZA,482,Omicron BA.2,Community,1.218889106386695,2021-11-08,17,Changing diagnostics,Changing sequencing,150%,200%,fig_3b,2,15,1.1848
2021-11-25,ZA,482,Omicron BA.2,Community,1.2188891063866951,2021-11-08,17,Changing diagnostics,Changing sequencing,200%,200%,fig_3b,2,15,1.1848
2021-11-23,ZA,483,Omicron BA.2,Community,1.0293649682429915,2021-11-08,15,Changing diagnostics,Changing sequencing,50%,200%,fig_3b,2,15,1.1848
2021-11-23,ZA,483,Omicron BA.2,Community,1.0293649682429915,2021-11-08,15,Changing diagnostics,Changing sequencing,100%,200%,fig_3b,2,15,1.1848
2021-11-23,ZA,483,Omicron BA.2,Community,1.0293649682429915,2021-11-08,15,Changing diagnostics,Changing sequencing,150%,200%,fig_3b,2,15,1.1848
2021-11-23,ZA,483,Omicron BA.2,Community,1.0293649682429915,2021-11-08,15,Changing diagnostics,Changing sequencing,200%,200%,fig_3b,2,15,1.1848
2021-11-25,ZA,484,Omicron BA.2,Community,1.1984060697718188,2021-11-08,17,Changing diagnostics,Changing sequencing,50%,200%,fig_3b,2,15,1.1848
2021-11-25,ZA,484,Omicron BA.2,Community,1.1984060697718188,2021-11-08,17,Changing diagnostics,Changing sequencing,100%,200%,fig_3b,2,15,1.1848
2021-11-25,ZA,484,Omicron BA.2,Community,1.1984060697718188,2021-11-08,17,Changing diagnostics,Changing sequencing,150%,200%,fig_3b,2,15,1.1848
2021-11-25,ZA,484,Omicron BA.2,Community,1.1984060697718188,2021-11-08,17,Changing diagnostics,Changing sequencing,200%,200%,fig_3b,2,15,1.1848
2021-11-20,ZA,485,Omicron BA.2,Community,1.0298924895243682,2021-11-08,12,Changing diagnostics,Changing sequencing,50%,200%,fig_3b,2,15,1.1848
2021-11-20,ZA,485,Omicron BA.2,Community,1.0298924895243682,2021-11-08,12,Changing diagnostics,Changing sequencing,100%,200%,fig_3b,2,15,1.1848
2021-11-20,ZA,485,Omicron BA.2,Community,1.0298924895243682,2021-11-08,12,Changing diagnostics,Changing sequencing,150%,200%,fig_3b,2,15,1.1848
2021-11-20,ZA,485,Omicron BA.2,Community,1.0298924895243682,2021-11-08,12,Changing diagnostics,Changing sequencing,200%,200%,fig_3b,2,15,1.1848
2021-11-20,ZA,486,Omicron BA.2,Community,1.3848120366955263,2021-11-08,12,Changing diagnostics,Changing sequencing,50%,200%,fig_3b,2,15,1.1848
2021-11-20,ZA,486,Omicron BA.2,Community,1.3848120366955263,2021-11-08,12,Changing diagnostics,Changing sequencing,100%,200%,fig_3b,2,15,1.1848
2021-11-20,ZA,486,Omicron BA.2,Community,1.3848120366955263,2021-11-08,12,Changing diagnostics,Changing sequencing,150%,200%,fig_3b,2,15,1.1848
2021-11-20,ZA,486,Omicron BA.2,Community,1.3848120366955263,2021-11-08,12,Changing diagnostics,Changing sequencing,200%,200%,fig_3b,2,15,1.1848
2021-11-22,ZA,487,Omicron BA.2,Community,1.7075091766849273,2021-11-08,14,Changing diagnostics,Changing sequencing,50%,200%,fig_3b,2,15,1.1848
2021-11-22,ZA,487,Omicron BA.2,Community,1.7075091766849273,2021-11-08,14,Changing diagnostics,Changing sequencing,100%,200%,fig_3b,2,15,1.1848
2021-11-22,ZA,487,Omicron BA.2,Community,1.7075091766849269,2021-11-08,14,Changing diagnostics,Changing sequencing,150%,200%,fig_3b,2,15,1.1848
2021-11-22,ZA,487,Omicron BA.2,Community,1.7075091766849273,2021-11-08,14,Changing diagnostics,Changing sequencing,200%,200%,fig_3b,2,15,1.1848
2021-11-29,ZA,488,Omicron BA.2,Community,1.2244575343098358,2021-11-08,21,Changing diagnostics,Changing sequencing,50%,200%,fig_3b,2,15,1.1848
2021-11-29,ZA,488,Omicron BA.2,Community,1.2244575343098358,2021-11-08,21,Changing diagnostics,Changing sequencing,100%,200%,fig_3b,2,15,1.1848
2021-11-29,ZA,488,Omicron BA.2,Community,1.2244575343098358,2021-11-08,21,Changing diagnostics,Changing sequencing,150%,200%,fig_3b,2,15,1.1848
2021-11-29,ZA,488,Omicron BA.2,Community,1.2244575343098358,2021-11-08,21,Changing diagnostics,Changing sequencing,200%,200%,fig_3b,2,15,1.1848
2021-11-26,ZA,489,Omicron BA.2,Community,1.200270029343648,2021-11-08,18,Changing diagnostics,Changing sequencing,50%,200%,fig_3b,2,15,1.1848
2021-11-26,ZA,489,Omicron BA.2,Community,1.200270029343648,2021-11-08,18,Changing diagnostics,Changing sequencing,100%,200%,fig_3b,2,15,1.1848
2021-11-26,ZA,489,Omicron BA.2,Community,1.200270029343648,2021-11-08,18,Changing diagnostics,Changing sequencing,150%,200%,fig_3b,2,15,1.1848
2021-11-26,ZA,489,Omicron BA.2,Community,1.200270029343648,2021-11-08,18,Changing diagnostics,Changing sequencing,200%,200%,fig_3b,2,15,1.1848
2021-11-25,ZA,49,Omicron BA.2,Community,1.4106578259984353,2021-11-08,17,Changing diagnostics,Changing sequencing,50%,200%,fig_3b,2,15,1.1848
2021-11-25,ZA,49,Omicron BA.2,Community,1.4106578259984353,2021-11-08,17,Changing diagnostics,Changing sequencing,100%,200%,fig_3b,2,15,1.1848
2021-11-25,ZA,49,Omicron BA.2,Community,1.4106578259984353,2021-11-08,17,Changing diagnostics,Changing sequencing,150%,200%,fig_3b,2,15,1.1848
2021-11-25,ZA,49,Omicron BA.2,Community,1.4106578259984353,2021-11-08,17,Changing diagnostics,Changing sequencing,200%,200%,fig_3b,2,15,1.1848
2021-11-23,ZA,490,Omicron BA.2,Community,1.1310099755625245,2021-11-08,15,Changing diagnostics,Changing sequencing,50%,200%,fig_3b,2,15,1.1848
2021-11-23,ZA,490,Omicron BA.2,Community,1.1310099755625245,2021-11-08,15,Changing diagnostics,Changing sequencing,100%,200%,fig_3b,2,15,1.1848
2021-11-23,ZA,490,Omicron BA.2,Community,1.1310099755625247,2021-11-08,15,Changing diagnostics,Changing sequencing,150%,200%,fig_3b,2,15,1.1848
2021-11-23,ZA,490,Omicron BA.2,Community,1.1310099755625245,2021-11-08,15,Changing diagnostics,Changing sequencing,200%,200%,fig_3b,2,15,1.1848
2021-11-22,ZA,491,Omicron BA.2,Community,1.1059174296698666,2021-11-08,14,Changing diagnostics,Changing sequencing,50%,200%,fig_3b,2,15,1.1848
2021-11-22,ZA,491,Omicron BA.2,Community,1.1059174296698666,2021-11-08,14,Changing diagnostics,Changing sequencing,100%,200%,fig_3b,2,15,1.1848
2021-11-22,ZA,491,Omicron BA.2,Community,1.1059174296698666,2021-11-08,14,Changing diagnostics,Changing sequencing,150%,200%,fig_3b,2,15,1.1848
2021-11-22,ZA,491,Omicron BA.2,Community,1.1059174296698666,2021-11-08,14,Changing diagnostics,Changing sequencing,200%,200%,fig_3b,2,15,1.1848
2021-11-25,ZA,492,Omicron BA.2,Community,1.1725796323008877,2021-11-08,17,Changing diagnostics,Changing sequencing,50%,200%,fig_3b,2,15,1.1848
2021-11-25,ZA,492,Omicron BA.2,Community,1.1725796323008877,2021-11-08,17,Changing diagnostics,Changing sequencing,100%,200%,fig_3b,2,15,1.1848
2021-11-25,ZA,492,Omicron BA.2,Community,1.172579632300888,2021-11-08,17,Changing diagnostics,Changing sequencing,150%,200%,fig_3b,2,15,1.1848
2021-11-25,ZA,492,Omicron BA.2,Community,1.1725796323008877,2021-11-08,17,Changing diagnostics,Changing sequencing,200%,200%,fig_3b,2,15,1.1848
2021-11-21,ZA,493,Omicron BA.2,Community,1.0845773575915982,2021-11-08,13,Changing diagnostics,Changing sequencing,50%,200%,fig_3b,2,15,1.1848
2021-11-21,ZA,493,Omicron BA.2,Community,1.0845773575915982,2021-11-08,13,Changing diagnostics,Changing sequencing,100%,200%,fig_3b,2,15,1.1848
2021-11-21,ZA,493,Omicron BA.2,Community,1.084577357591598,2021-11-08,13,Changing diagnostics,Changing sequencing,150%,200%,fig_3b,2,15,1.1848
2021-11-21,ZA,493,Omicron BA.2,Community,1.0845773575915982,2021-11-08,13,Changing diagnostics,Changing sequencing,200%,200%,fig_3b,2,15,1.1848
2021-11-27,ZA,494,Omicron BA.2,Community,1.0321353380420955,2021-11-08,19,Changing diagnostics,Changing sequencing,50%,200%,fig_3b,2,15,1.1848
2021-11-27,ZA,494,Omicron BA.2,Community,1.0321353380420955,2021-11-08,19,Changing diagnostics,Changing sequencing,100%,200%,fig_3b,2,15,1.1848
2021-11-27,ZA,494,Omicron BA.2,Community,1.0321353380420955,2021-11-08,19,Changing diagnostics,Changing sequencing,150%,200%,fig_3b,2,15,1.1848
2021-11-27,ZA,494,Omicron BA.2,Community,1.0321353380420955,2021-11-08,19,Changing diagnostics,Changing sequencing,200%,200%,fig_3b,2,15,1.1848
2021-11-22,ZA,495,Omicron BA.2,Community,1.4022714103084861,2021-11-08,14,Changing diagnostics,Changing sequencing,50%,200%,fig_3b,2,15,1.1848
2021-11-22,ZA,495,Omicron BA.2,Community,1.4022714103084861,2021-11-08,14,Changing diagnostics,Changing sequencing,100%,200%,fig_3b,2,15,1.1848
2021-11-22,ZA,495,Omicron BA.2,Community,1.4022714103084861,2021-11-08,14,Changing diagnostics,Changing sequencing,150%,200%,fig_3b,2,15,1.1848
2021-11-22,ZA,495,Omicron BA.2,Community,1.4022714103084861,2021-11-08,14,Changing diagnostics,Changing sequencing,200%,200%,fig_3b,2,15,1.1848
2021-11-25,ZA,496,Omicron BA.2,Community,1.1841570008223397,2021-11-08,17,Changing diagnostics,Changing sequencing,50%,200%,fig_3b,2,15,1.1848
2021-11-25,ZA,496,Omicron BA.2,Community,1.1841570008223397,2021-11-08,17,Changing diagnostics,Changing sequencing,100%,200%,fig_3b,2,15,1.1848
2021-11-25,ZA,496,Omicron BA.2,Community,1.1841570008223397,2021-11-08,17,Changing diagnostics,Changing sequencing,150%,200%,fig_3b,2,15,1.1848
2021-11-25,ZA,496,Omicron BA.2,Community,1.1841570008223397,2021-11-08,17,Changing diagnostics,Changing sequencing,200%,200%,fig_3b,2,15,1.1848
2021-11-23,ZA,497,Omicron BA.2,Community,1.1212042219152285,2021-11-08,15,Changing diagnostics,Changing sequencing,50%,200%,fig_3b,2,15,1.1848
2021-11-23,ZA,497,Omicron BA.2,Community,1.1212042219152285,2021-11-08,15,Changing diagnostics,Changing sequencing,100%,200%,fig_3b,2,15,1.1848
2021-11-23,ZA,497,Omicron BA.2,Community,1.1212042219152287,2021-11-08,15,Changing diagnostics,Changing sequencing,150%,200%,fig_3b,2,15,1.1848
2021-11-23,ZA,497,Omicron BA.2,Community,1.1212042219152285,2021-11-08,15,Changing diagnostics,Changing sequencing,200%,200%,fig_3b,2,15,1.1848
2021-11-22,ZA,498,Omicron BA.2,Community,1.545095350247313,2021-11-08,14,Changing diagnostics,Changing sequencing,50%,200%,fig_3b,2,15,1.1848
2021-11-22,ZA,498,Omicron BA.2,Community,1.545095350247313,2021-11-08,14,Changing diagnostics,Changing sequencing,100%,200%,fig_3b,2,15,1.1848
2021-11-22,ZA,498,Omicron BA.2,Community,1.545095350247313,2021-11-08,14,Changing diagnostics,Changing sequencing,150%,200%,fig_3b,2,15,1.1848
2021-11-22,ZA,498,Omicron BA.2,Community,1.545095350247313,2021-11-08,14,Changing diagnostics,Changing sequencing,200%,200%,fig_3b,2,15,1.1848
2021-11-22,ZA,499,Omicron BA.2,Community,1.0277856730526134,2021-11-08,14,Changing diagnostics,Changing sequencing,50%,200%,fig_3b,2,15,1.1848
2021-11-22,ZA,499,Omicron BA.2,Community,1.0277856730526134,2021-11-08,14,Changing diagnostics,Changing sequencing,100%,200%,fig_3b,2,15,1.1848
2021-11-22,ZA,499,Omicron BA.2,Community,1.0277856730526136,2021-11-08,14,Changing diagnostics,Changing sequencing,150%,200%,fig_3b,2,15,1.1848
2021-11-22,ZA,499,Omicron BA.2,Community,1.0277856730526134,2021-11-08,14,Changing diagnostics,Changing sequencing,200%,200%,fig_3b,2,15,1.1848
2021-11-20,ZA,5,Omicron BA.2,Community,1.0766041931507986,2021-11-08,12,Changing diagnostics,Changing sequencing,50%,200%,fig_3b,2,15,1.1848
2021-11-20,ZA,5,Omicron BA.2,Community,1.0766041931507986,2021-11-08,12,Changing diagnostics,Changing sequencing,100%,200%,fig_3b,2,15,1.1848
2021-11-20,ZA,5,Omicron BA.2,Community,1.0766041931507988,2021-11-08,12,Changing diagnostics,Changing sequencing,150%,200%,fig_3b,2,15,1.1848
2021-11-20,ZA,5,Omicron BA.2,Community,1.0766041931507986,2021-11-08,12,Changing diagnostics,Changing sequencing,200%,200%,fig_3b,2,15,1.1848
2021-11-22,ZA,50,Omicron BA.2,Community,1.5567126085198495,2021-11-08,14,Changing diagnostics,Changing sequencing,50%,200%,fig_3b,2,15,1.1848
2021-11-22,ZA,50,Omicron BA.2,Community,1.5567126085198495,2021-11-08,14,Changing diagnostics,Changing sequencing,100%,200%,fig_3b,2,15,1.1848
2021-11-22,ZA,50,Omicron BA.2,Community,1.556712608519849,2021-11-08,14,Changing diagnostics,Changing sequencing,150%,200%,fig_3b,2,15,1.1848
2021-11-22,ZA,50,Omicron BA.2,Community,1.5567126085198495,2021-11-08,14,Changing diagnostics,Changing sequencing,200%,200%,fig_3b,2,15,1.1848
2021-11-26,ZA,500,Omicron BA.2,Community,1.1017676257197013,2021-11-08,18,Changing diagnostics,Changing sequencing,50%,200%,fig_3b,2,15,1.1848
2021-11-26,ZA,500,Omicron BA.2,Community,1.1017676257197013,2021-11-08,18,Changing diagnostics,Changing sequencing,100%,200%,fig_3b,2,15,1.1848
2021-11-26,ZA,500,Omicron BA.2,Community,1.1017676257197013,2021-11-08,18,Changing diagnostics,Changing sequencing,150%,200%,fig_3b,2,15,1.1848
2021-11-26,ZA,500,Omicron BA.2,Community,1.1017676257197013,2021-11-08,18,Changing diagnostics,Changing sequencing,200%,200%,fig_3b,2,15,1.1848
2021-11-22,ZA,501,Omicron BA.2,Community,1.4897425314193464,2021-11-08,14,Changing diagnostics,Changing sequencing,50%,200%,fig_3b,2,15,1.1848
2021-11-22,ZA,501,Omicron BA.2,Community,1.4897425314193464,2021-11-08,14,Changing diagnostics,Changing sequencing,100%,200%,fig_3b,2,15,1.1848
2021-11-22,ZA,501,Omicron BA.2,Community,1.4897425314193464,2021-11-08,14,Changing diagnostics,Changing sequencing,150%,200%,fig_3b,2,15,1.1848
2021-11-22,ZA,501,Omicron BA.2,Community,1.4897425314193464,2021-11-08,14,Changing diagnostics,Changing sequencing,200%,200%,fig_3b,2,15,1.1848
2021-11-25,ZA,502,Omicron BA.2,Community,1.306461509305369,2021-11-08,17,Changing diagnostics,Changing sequencing,50%,200%,fig_3b,2,15,1.1848
2021-11-25,ZA,502,Omicron BA.2,Community,1.306461509305369,2021-11-08,17,Changing diagnostics,Changing sequencing,100%,200%,fig_3b,2,15,1.1848
2021-11-25,ZA,502,Omicron BA.2,Community,1.3064615093053693,2021-11-08,17,Changing diagnostics,Changing sequencing,150%,200%,fig_3b,2,15,1.1848
2021-11-25,ZA,502,Omicron BA.2,Community,1.306461509305369,2021-11-08,17,Changing diagnostics,Changing sequencing,200%,200%,fig_3b,2,15,1.1848
2021-11-22,ZA,503,Omicron BA.2,Community,1.1466917283126898,2021-11-08,14,Changing diagnostics,Changing sequencing,50%,200%,fig_3b,2,15,1.1848
2021-11-22,ZA,503,Omicron BA.2,Community,1.1466917283126898,2021-11-08,14,Changing diagnostics,Changing sequencing,100%,200%,fig_3b,2,15,1.1848
2021-11-22,ZA,503,Omicron BA.2,Community,1.1466917283126898,2021-11-08,14,Changing diagnostics,Changing sequencing,150%,200%,fig_3b,2,15,1.1848
2021-11-22,ZA,503,Omicron BA.2,Community,1.1466917283126898,2021-11-08,14,Changing diagnostics,Changing sequencing,200%,200%,fig_3b,2,15,1.1848
2021-11-22,ZA,504,Omicron BA.2,Community,1.049197874574543,2021-11-08,14,Changing diagnostics,Changing sequencing,50%,200%,fig_3b,2,15,1.1848
2021-11-22,ZA,504,Omicron BA.2,Community,1.049197874574543,2021-11-08,14,Changing diagnostics,Changing sequencing,100%,200%,fig_3b,2,15,1.1848
2021-11-22,ZA,504,Omicron BA.2,Community,1.0491978745745425,2021-11-08,14,Changing diagnostics,Changing sequencing,150%,200%,fig_3b,2,15,1.1848
2021-11-22,ZA,504,Omicron BA.2,Community,1.049197874574543,2021-11-08,14,Changing diagnostics,Changing sequencing,200%,200%,fig_3b,2,15,1.1848
2021-11-26,ZA,505,Omicron BA.2,Community,1.0771420248137147,2021-11-08,18,Changing diagnostics,Changing sequencing,50%,200%,fig_3b,2,15,1.1848
2021-11-26,ZA,505,Omicron BA.2,Community,1.0771420248137147,2021-11-08,18,Changing diagnostics,Changing sequencing,100%,200%,fig_3b,2,15,1.1848
2021-11-26,ZA,505,Omicron BA.2,Community,1.0771420248137147,2021-11-08,18,Changing diagnostics,Changing sequencing,150%,200%,fig_3b,2,15,1.1848
2021-11-26,ZA,505,Omicron BA.2,Community,1.0771420248137147,2021-11-08,18,Changing diagnostics,Changing sequencing,200%,200%,fig_3b,2,15,1.1848
2021-11-27,ZA,506,Omicron BA.2,Community,1.2359436397624874,2021-11-08,19,Changing diagnostics,Changing sequencing,50%,200%,fig_3b,2,15,1.1848
2021-11-27,ZA,506,Omicron BA.2,Community,1.2359436397624874,2021-11-08,19,Changing diagnostics,Changing sequencing,100%,200%,fig_3b,2,15,1.1848
2021-11-27,ZA,506,Omicron BA.2,Community,1.235943639762487,2021-11-08,19,Changing diagnostics,Changing sequencing,150%,200%,fig_3b,2,15,1.1848
2021-11-27,ZA,506,Omicron BA.2,Community,1.2359436397624874,2021-11-08,19,Changing diagnostics,Changing sequencing,200%,200%,fig_3b,2,15,1.1848
2021-11-25,ZA,507,Omicron BA.2,Community,1.3195231558423919,2021-11-08,17,Changing diagnostics,Changing sequencing,50%,200%,fig_3b,2,15,1.1848
2021-11-25,ZA,507,Omicron BA.2,Community,1.3195231558423919,2021-11-08,17,Changing diagnostics,Changing sequencing,100%,200%,fig_3b,2,15,1.1848
2021-11-25,ZA,507,Omicron BA.2,Community,1.3195231558423914,2021-11-08,17,Changing diagnostics,Changing sequencing,150%,200%,fig_3b,2,15,1.1848
2021-11-25,ZA,507,Omicron BA.2,Community,1.3195231558423919,2021-11-08,17,Changing diagnostics,Changing sequencing,200%,200%,fig_3b,2,15,1.1848
2021-11-23,ZA,508,Omicron BA.2,Community,1.0614130411390326,2021-11-08,15,Changing diagnostics,Changing sequencing,50%,200%,fig_3b,2,15,1.1848
2021-11-23,ZA,508,Omicron BA.2,Community,1.0614130411390326,2021-11-08,15,Changing diagnostics,Changing sequencing,100%,200%,fig_3b,2,15,1.1848
2021-11-23,ZA,508,Omicron BA.2,Community,1.0614130411390326,2021-11-08,15,Changing diagnostics,Changing sequencing,150%,200%,fig_3b,2,15,1.1848
2021-11-23,ZA,508,Omicron BA.2,Community,1.0614130411390326,2021-11-08,15,Changing diagnostics,Changing sequencing,200%,200%,fig_3b,2,15,1.1848
2021-11-21,ZA,509,Omicron BA.2,Community,1.1517789624634256,2021-11-08,13,Changing diagnostics,Changing sequencing,50%,200%,fig_3b,2,15,1.1848
2021-11-21,ZA,509,Omicron BA.2,Community,1.1517789624634256,2021-11-08,13,Changing diagnostics,Changing sequencing,100%,200%,fig_3b,2,15,1.1848
2021-11-21,ZA,509,Omicron BA.2,Community,1.1517789624634256,2021-11-08,13,Changing diagnostics,Changing sequencing,150%,200%,fig_3b,2,15,1.1848
2021-11-21,ZA,509,Omicron BA.2,Community,1.1517789624634256,2021-11-08,13,Changing diagnostics,Changing sequencing,200%,200%,fig_3b,2,15,1.1848
2021-11-25,ZA,51,Omicron BA.2,Community,1.24857466669811,2021-11-08,17,Changing diagnostics,Changing sequencing,50%,200%,fig_3b,2,15,1.1848
2021-11-25,ZA,51,Omicron BA.2,Community,1.24857466669811,2021-11-08,17,Changing diagnostics,Changing sequencing,100%,200%,fig_3b,2,15,1.1848
2021-11-25,ZA,51,Omicron BA.2,Community,1.2485746666981101,2021-11-08,17,Changing diagnostics,Changing sequencing,150%,200%,fig_3b,2,15,1.1848
2021-11-25,ZA,51,Omicron BA.2,Community,1.24857466669811,2021-11-08,17,Changing diagnostics,Changing sequencing,200%,200%,fig_3b,2,15,1.1848
2021-11-25,ZA,510,Omicron BA.2,Community,1.1707984986822029,2021-11-08,17,Changing diagnostics,Changing sequencing,50%,200%,fig_3b,2,15,1.1848
2021-11-25,ZA,510,Omicron BA.2,Community,1.1707984986822029,2021-11-08,17,Changing diagnostics,Changing sequencing,100%,200%,fig_3b,2,15,1.1848
2021-11-25,ZA,510,Omicron BA.2,Community,1.1707984986822029,2021-11-08,17,Changing diagnostics,Changing sequencing,150%,200%,fig_3b,2,15,1.1848
2021-11-25,ZA,510,Omicron BA.2,Community,1.1707984986822029,2021-11-08,17,Changing diagnostics,Changing sequencing,200%,200%,fig_3b,2,15,1.1848
2021-11-22,ZA,511,Omicron BA.2,Community,1.236896321958265,2021-11-08,14,Changing diagnostics,Changing sequencing,50%,200%,fig_3b,2,15,1.1848
2021-11-22,ZA,511,Omicron BA.2,Community,1.236896321958265,2021-11-08,14,Changing diagnostics,Changing sequencing,100%,200%,fig_3b,2,15,1.1848
2021-11-22,ZA,511,Omicron BA.2,Community,1.236896321958265,2021-11-08,14,Changing diagnostics,Changing sequencing,150%,200%,fig_3b,2,15,1.1848
2021-11-22,ZA,511,Omicron BA.2,Community,1.236896321958265,2021-11-08,14,Changing diagnostics,Changing sequencing,200%,200%,fig_3b,2,15,1.1848
2021-11-26,ZA,512,Omicron BA.2,Community,1.2568177054981362,2021-11-08,18,Changing diagnostics,Changing sequencing,50%,200%,fig_3b,2,15,1.1848
2021-11-26,ZA,512,Omicron BA.2,Community,1.2568177054981362,2021-11-08,18,Changing diagnostics,Changing sequencing,100%,200%,fig_3b,2,15,1.1848
2021-11-26,ZA,512,Omicron BA.2,Community,1.2568177054981362,2021-11-08,18,Changing diagnostics,Changing sequencing,150%,200%,fig_3b,2,15,1.1848
2021-11-26,ZA,512,Omicron BA.2,Community,1.2568177054981362,2021-11-08,18,Changing diagnostics,Changing sequencing,200%,200%,fig_3b,2,15,1.1848
2021-11-25,ZA,52,Omicron BA.2,Community,1.0113870398099052,2021-11-08,17,Changing diagnostics,Changing sequencing,50%,200%,fig_3b,2,15,1.1848
2021-11-25,ZA,52,Omicron BA.2,Community,1.0113870398099052,2021-11-08,17,Changing diagnostics,Changing sequencing,100%,200%,fig_3b,2,15,1.1848
2021-11-25,ZA,52,Omicron BA.2,Community,1.011387039809905,2021-11-08,17,Changing diagnostics,Changing sequencing,150%,200%,fig_3b,2,15,1.1848
2021-11-25,ZA,52,Omicron BA.2,Community,1.0113870398099052,2021-11-08,17,Changing diagnostics,Changing sequencing,200%,200%,fig_3b,2,15,1.1848
2021-11-22,ZA,53,Omicron BA.2,Community,1.0425919826156496,2021-11-08,14,Changing diagnostics,Changing sequencing,50%,200%,fig_3b,2,15,1.1848
2021-11-22,ZA,53,Omicron BA.2,Community,1.0425919826156496,2021-11-08,14,Changing diagnostics,Changing sequencing,100%,200%,fig_3b,2,15,1.1848
2021-11-22,ZA,53,Omicron BA.2,Community,1.0425919826156496,2021-11-08,14,Changing diagnostics,Changing sequencing,150%,200%,fig_3b,2,15,1.1848
2021-11-22,ZA,53,Omicron BA.2,Community,1.0425919826156496,2021-11-08,14,Changing diagnostics,Changing sequencing,200%,200%,fig_3b,2,15,1.1848
2021-11-21,ZA,54,Omicron BA.2,Community,1.2307245371186792,2021-11-08,13,Changing diagnostics,Changing sequencing,50%,200%,fig_3b,2,15,1.1848
2021-11-21,ZA,54,Omicron BA.2,Community,1.2307245371186792,2021-11-08,13,Changing diagnostics,Changing sequencing,100%,200%,fig_3b,2,15,1.1848
2021-11-21,ZA,54,Omicron BA.2,Community,1.2307245371186792,2021-11-08,13,Changing diagnostics,Changing sequencing,150%,200%,fig_3b,2,15,1.1848
2021-11-21,ZA,54,Omicron BA.2,Community,1.2307245371186792,2021-11-08,13,Changing diagnostics,Changing sequencing,200%,200%,fig_3b,2,15,1.1848
2021-11-22,ZA,55,Omicron BA.2,Community,1.3380348057426976,2021-11-08,14,Changing diagnostics,Changing sequencing,50%,200%,fig_3b,2,15,1.1848
2021-11-22,ZA,55,Omicron BA.2,Community,1.3380348057426976,2021-11-08,14,Changing diagnostics,Changing sequencing,100%,200%,fig_3b,2,15,1.1848
2021-11-22,ZA,55,Omicron BA.2,Community,1.3380348057426976,2021-11-08,14,Changing diagnostics,Changing sequencing,150%,200%,fig_3b,2,15,1.1848
2021-11-22,ZA,55,Omicron BA.2,Community,1.3380348057426976,2021-11-08,14,Changing diagnostics,Changing sequencing,200%,200%,fig_3b,2,15,1.1848
2021-11-22,ZA,56,Omicron BA.2,Community,1.2603586278812302,2021-11-08,14,Changing diagnostics,Changing sequencing,50%,200%,fig_3b,2,15,1.1848
2021-11-22,ZA,56,Omicron BA.2,Community,1.2603586278812302,2021-11-08,14,Changing diagnostics,Changing sequencing,100%,200%,fig_3b,2,15,1.1848
2021-11-22,ZA,56,Omicron BA.2,Community,1.2603586278812302,2021-11-08,14,Changing diagnostics,Changing sequencing,150%,200%,fig_3b,2,15,1.1848
2021-11-22,ZA,56,Omicron BA.2,Community,1.2603586278812302,2021-11-08,14,Changing diagnostics,Changing sequencing,200%,200%,fig_3b,2,15,1.1848
2021-11-26,ZA,57,Omicron BA.2,Community,1.2556016264410501,2021-11-08,18,Changing diagnostics,Changing sequencing,50%,200%,fig_3b,2,15,1.1848
2021-11-26,ZA,57,Omicron BA.2,Community,1.2556016264410501,2021-11-08,18,Changing diagnostics,Changing sequencing,100%,200%,fig_3b,2,15,1.1848
2021-11-26,ZA,57,Omicron BA.2,Community,1.2556016264410503,2021-11-08,18,Changing diagnostics,Changing sequencing,150%,200%,fig_3b,2,15,1.1848
2021-11-26,ZA,57,Omicron BA.2,Community,1.2556016264410501,2021-11-08,18,Changing diagnostics,Changing sequencing,200%,200%,fig_3b,2,15,1.1848
2021-11-23,ZA,58,Omicron BA.2,Community,1.2477223604376597,2021-11-08,15,Changing diagnostics,Changing sequencing,50%,200%,fig_3b,2,15,1.1848
2021-11-23,ZA,58,Omicron BA.2,Community,1.2477223604376597,2021-11-08,15,Changing diagnostics,Changing sequencing,100%,200%,fig_3b,2,15,1.1848
2021-11-23,ZA,58,Omicron BA.2,Community,1.2477223604376593,2021-11-08,15,Changing diagnostics,Changing sequencing,150%,200%,fig_3b,2,15,1.1848
2021-11-23,ZA,58,Omicron BA.2,Community,1.2477223604376597,2021-11-08,15,Changing diagnostics,Changing sequencing,200%,200%,fig_3b,2,15,1.1848
2021-11-22,ZA,59,Omicron BA.2,Community,1.623910474998245,2021-11-08,14,Changing diagnostics,Changing sequencing,50%,200%,fig_3b,2,15,1.1848
2021-11-22,ZA,59,Omicron BA.2,Community,1.623910474998245,2021-11-08,14,Changing diagnostics,Changing sequencing,100%,200%,fig_3b,2,15,1.1848
2021-11-22,ZA,59,Omicron BA.2,Community,1.6239104749982451,2021-11-08,14,Changing diagnostics,Changing sequencing,150%,200%,fig_3b,2,15,1.1848
2021-11-22,ZA,59,Omicron BA.2,Community,1.623910474998245,2021-11-08,14,Changing diagnostics,Changing sequencing,200%,200%,fig_3b,2,15,1.1848
2021-11-22,ZA,6,Omicron BA.2,Community,1.1373523638190821,2021-11-08,14,Changing diagnostics,Changing sequencing,50%,200%,fig_3b,2,15,1.1848
2021-11-22,ZA,6,Omicron BA.2,Community,1.1373523638190821,2021-11-08,14,Changing diagnostics,Changing sequencing,100%,200%,fig_3b,2,15,1.1848
2021-11-22,ZA,6,Omicron BA.2,Community,1.1373523638190823,2021-11-08,14,Changing diagnostics,Changing sequencing,150%,200%,fig_3b,2,15,1.1848
2021-11-22,ZA,6,Omicron BA.2,Community,1.1373523638190821,2021-11-08,14,Changing diagnostics,Changing sequencing,200%,200%,fig_3b,2,15,1.1848
2021-11-22,ZA,60,Omicron BA.2,Community,1.2412243201382296,2021-11-08,14,Changing diagnostics,Changing sequencing,50%,200%,fig_3b,2,15,1.1848
2021-11-22,ZA,60,Omicron BA.2,Community,1.2412243201382296,2021-11-08,14,Changing diagnostics,Changing sequencing,100%,200%,fig_3b,2,15,1.1848
2021-11-22,ZA,60,Omicron BA.2,Community,1.2412243201382294,2021-11-08,14,Changing diagnostics,Changing sequencing,150%,200%,fig_3b,2,15,1.1848
2021-11-22,ZA,60,Omicron BA.2,Community,1.2412243201382296,2021-11-08,14,Changing diagnostics,Changing sequencing,200%,200%,fig_3b,2,15,1.1848
2021-11-23,ZA,61,Omicron BA.2,Community,1.1522956359188503,2021-11-08,15,Changing diagnostics,Changing sequencing,50%,200%,fig_3b,2,15,1.1848
2021-11-23,ZA,61,Omicron BA.2,Community,1.1522956359188503,2021-11-08,15,Changing diagnostics,Changing sequencing,100%,200%,fig_3b,2,15,1.1848
2021-11-23,ZA,61,Omicron BA.2,Community,1.1522956359188505,2021-11-08,15,Changing diagnostics,Changing sequencing,150%,200%,fig_3b,2,15,1.1848
2021-11-23,ZA,61,Omicron BA.2,Community,1.1522956359188503,2021-11-08,15,Changing diagnostics,Changing sequencing,200%,200%,fig_3b,2,15,1.1848
2021-11-25,ZA,62,Omicron BA.2,Community,1.7466983687236515,2021-11-08,17,Changing diagnostics,Changing sequencing,50%,200%,fig_3b,2,15,1.1848
2021-11-25,ZA,62,Omicron BA.2,Community,1.7466983687236515,2021-11-08,17,Changing diagnostics,Changing sequencing,100%,200%,fig_3b,2,15,1.1848
2021-11-25,ZA,62,Omicron BA.2,Community,1.7466983687236517,2021-11-08,17,Changing diagnostics,Changing sequencing,150%,200%,fig_3b,2,15,1.1848
2021-11-25,ZA,62,Omicron BA.2,Community,1.7466983687236515,2021-11-08,17,Changing diagnostics,Changing sequencing,200%,200%,fig_3b,2,15,1.1848
2021-11-25,ZA,63,Omicron BA.2,Community,1.5258378000067252,2021-11-08,17,Changing diagnostics,Changing sequencing,50%,200%,fig_3b,2,15,1.1848
2021-11-25,ZA,63,Omicron BA.2,Community,1.5258378000067252,2021-11-08,17,Changing diagnostics,Changing sequencing,100%,200%,fig_3b,2,15,1.1848
2021-11-25,ZA,63,Omicron BA.2,Community,1.525837800006725,2021-11-08,17,Changing diagnostics,Changing sequencing,150%,200%,fig_3b,2,15,1.1848
2021-11-25,ZA,63,Omicron BA.2,Community,1.5258378000067252,2021-11-08,17,Changing diagnostics,Changing sequencing,200%,200%,fig_3b,2,15,1.1848
2021-11-23,ZA,64,Omicron BA.2,Community,1.1061368443596273,2021-11-08,15,Changing diagnostics,Changing sequencing,50%,200%,fig_3b,2,15,1.1848
2021-11-23,ZA,64,Omicron BA.2,Community,1.1061368443596273,2021-11-08,15,Changing diagnostics,Changing sequencing,100%,200%,fig_3b,2,15,1.1848
2021-11-23,ZA,64,Omicron BA.2,Community,1.1061368443596271,2021-11-08,15,Changing diagnostics,Changing sequencing,150%,200%,fig_3b,2,15,1.1848
2021-11-23,ZA,64,Omicron BA.2,Community,1.1061368443596273,2021-11-08,15,Changing diagnostics,Changing sequencing,200%,200%,fig_3b,2,15,1.1848
2021-11-18,ZA,65,Omicron BA.2,Community,1.012183272588306,2021-11-08,10,Changing diagnostics,Changing sequencing,50%,200%,fig_3b,2,15,1.1848
2021-11-18,ZA,65,Omicron BA.2,Community,1.012183272588306,2021-11-08,10,Changing diagnostics,Changing sequencing,100%,200%,fig_3b,2,15,1.1848
2021-11-18,ZA,65,Omicron BA.2,Community,1.0121832725883058,2021-11-08,10,Changing diagnostics,Changing sequencing,150%,200%,fig_3b,2,15,1.1848
2021-11-18,ZA,65,Omicron BA.2,Community,1.012183272588306,2021-11-08,10,Changing diagnostics,Changing sequencing,200%,200%,fig_3b,2,15,1.1848
2021-11-20,ZA,66,Omicron BA.2,Community,1.6342391240022096,2021-11-08,12,Changing diagnostics,Changing sequencing,50%,200%,fig_3b,2,15,1.1848
2021-11-20,ZA,66,Omicron BA.2,Community,1.6342391240022096,2021-11-08,12,Changing diagnostics,Changing sequencing,100%,200%,fig_3b,2,15,1.1848
2021-11-20,ZA,66,Omicron BA.2,Community,1.6342391240022092,2021-11-08,12,Changing diagnostics,Changing sequencing,150%,200%,fig_3b,2,15,1.1848
2021-11-20,ZA,66,Omicron BA.2,Community,1.6342391240022096,2021-11-08,12,Changing diagnostics,Changing sequencing,200%,200%,fig_3b,2,15,1.1848
2021-11-25,ZA,67,Omicron BA.2,Community,1.0621493479424244,2021-11-08,17,Changing diagnostics,Changing sequencing,50%,200%,fig_3b,2,15,1.1848
2021-11-25,ZA,67,Omicron BA.2,Community,1.0621493479424244,2021-11-08,17,Changing diagnostics,Changing sequencing,100%,200%,fig_3b,2,15,1.1848
2021-11-25,ZA,67,Omicron BA.2,Community,1.0621493479424244,2021-11-08,17,Changing diagnostics,Changing sequencing,150%,200%,fig_3b,2,15,1.1848
2021-11-25,ZA,67,Omicron BA.2,Community,1.0621493479424244,2021-11-08,17,Changing diagnostics,Changing sequencing,200%,200%,fig_3b,2,15,1.1848
2021-11-22,ZA,68,Omicron BA.2,Community,1.7198098030911413,2021-11-08,14,Changing diagnostics,Changing sequencing,50%,200%,fig_3b,2,15,1.1848
2021-11-22,ZA,68,Omicron BA.2,Community,1.7198098030911413,2021-11-08,14,Changing diagnostics,Changing sequencing,100%,200%,fig_3b,2,15,1.1848
2021-11-22,ZA,68,Omicron BA.2,Community,1.7198098030911415,2021-11-08,14,Changing diagnostics,Changing sequencing,150%,200%,fig_3b,2,15,1.1848
2021-11-22,ZA,68,Omicron BA.2,Community,1.7198098030911413,2021-11-08,14,Changing diagnostics,Changing sequencing,200%,200%,fig_3b,2,15,1.1848
2021-11-25,ZA,69,Omicron BA.2,Community,1.1589242745576371,2021-11-08,17,Changing diagnostics,Changing sequencing,50%,200%,fig_3b,2,15,1.1848
2021-11-25,ZA,69,Omicron BA.2,Community,1.1589242745576371,2021-11-08,17,Changing diagnostics,Changing sequencing,100%,200%,fig_3b,2,15,1.1848
2021-11-25,ZA,69,Omicron BA.2,Community,1.158924274557637,2021-11-08,17,Changing diagnostics,Changing sequencing,150%,200%,fig_3b,2,15,1.1848
2021-11-25,ZA,69,Omicron BA.2,Community,1.1589242745576371,2021-11-08,17,Changing diagnostics,Changing sequencing,200%,200%,fig_3b,2,15,1.1848
2021-11-22,ZA,7,Omicron BA.2,Community,1.054437030266079,2021-11-08,14,Changing diagnostics,Changing sequencing,50%,200%,fig_3b,2,15,1.1848
2021-11-22,ZA,7,Omicron BA.2,Community,1.054437030266079,2021-11-08,14,Changing diagnostics,Changing sequencing,100%,200%,fig_3b,2,15,1.1848
2021-11-22,ZA,7,Omicron BA.2,Community,1.0544370302660784,2021-11-08,14,Changing diagnostics,Changing sequencing,150%,200%,fig_3b,2,15,1.1848
2021-11-22,ZA,7,Omicron BA.2,Community,1.054437030266079,2021-11-08,14,Changing diagnostics,Changing sequencing,200%,200%,fig_3b,2,15,1.1848
2021-11-27,ZA,70,Omicron BA.2,Community,1.3967700231032991,2021-11-08,19,Changing diagnostics,Changing sequencing,50%,200%,fig_3b,2,15,1.1848
2021-11-27,ZA,70,Omicron BA.2,Community,1.3967700231032991,2021-11-08,19,Changing diagnostics,Changing sequencing,100%,200%,fig_3b,2,15,1.1848
2021-11-27,ZA,70,Omicron BA.2,Community,1.3967700231032996,2021-11-08,19,Changing diagnostics,Changing sequencing,150%,200%,fig_3b,2,15,1.1848
2021-11-27,ZA,70,Omicron BA.2,Community,1.3967700231032991,2021-11-08,19,Changing diagnostics,Changing sequencing,200%,200%,fig_3b,2,15,1.1848
2021-11-22,ZA,71,Omicron BA.2,Community,1.6175323724172441,2021-11-08,14,Changing diagnostics,Changing sequencing,50%,200%,fig_3b,2,15,1.1848
2021-11-22,ZA,71,Omicron BA.2,Community,1.6175323724172441,2021-11-08,14,Changing diagnostics,Changing sequencing,100%,200%,fig_3b,2,15,1.1848
2021-11-22,ZA,71,Omicron BA.2,Community,1.6175323724172448,2021-11-08,14,Changing diagnostics,Changing sequencing,150%,200%,fig_3b,2,15,1.1848
2021-11-22,ZA,71,Omicron BA.2,Community,1.6175323724172441,2021-11-08,14,Changing diagnostics,Changing sequencing,200%,200%,fig_3b,2,15,1.1848
2021-11-20,ZA,72,Omicron BA.2,Community,1.3320658067632887,2021-11-08,12,Changing diagnostics,Changing sequencing,50%,200%,fig_3b,2,15,1.1848
2021-11-20,ZA,72,Omicron BA.2,Community,1.3320658067632887,2021-11-08,12,Changing diagnostics,Changing sequencing,100%,200%,fig_3b,2,15,1.1848
2021-11-20,ZA,72,Omicron BA.2,Community,1.3320658067632887,2021-11-08,12,Changing diagnostics,Changing sequencing,150%,200%,fig_3b,2,15,1.1848
2021-11-20,ZA,72,Omicron BA.2,Community,1.3320658067632887,2021-11-08,12,Changing diagnostics,Changing sequencing,200%,200%,fig_3b,2,15,1.1848
2021-11-18,ZA,73,Omicron BA.2,Community,1.1031030982656722,2021-11-08,10,Changing diagnostics,Changing sequencing,50%,200%,fig_3b,2,15,1.1848
2021-11-18,ZA,73,Omicron BA.2,Community,1.1031030982656722,2021-11-08,10,Changing diagnostics,Changing sequencing,100%,200%,fig_3b,2,15,1.1848
2021-11-18,ZA,73,Omicron BA.2,Community,1.1031030982656718,2021-11-08,10,Changing diagnostics,Changing sequencing,150%,200%,fig_3b,2,15,1.1848
2021-11-18,ZA,73,Omicron BA.2,Community,1.1031030982656722,2021-11-08,10,Changing diagnostics,Changing sequencing,200%,200%,fig_3b,2,15,1.1848
2021-11-20,ZA,74,Omicron BA.2,Community,1.0846502282252082,2021-11-08,12,Changing diagnostics,Changing sequencing,50%,200%,fig_3b,2,15,1.1848
2021-11-20,ZA,74,Omicron BA.2,Community,1.0846502282252082,2021-11-08,12,Changing diagnostics,Changing sequencing,100%,200%,fig_3b,2,15,1.1848
2021-11-20,ZA,74,Omicron BA.2,Community,1.084650228225208,2021-11-08,12,Changing diagnostics,Changing sequencing,150%,200%,fig_3b,2,15,1.1848
2021-11-20,ZA,74,Omicron BA.2,Community,1.0846502282252082,2021-11-08,12,Changing diagnostics,Changing sequencing,200%,200%,fig_3b,2,15,1.1848
2021-11-28,ZA,75,Omicron BA.2,Community,1.013962804511022,2021-11-08,20,Changing diagnostics,Changing sequencing,50%,200%,fig_3b,2,15,1.1848
2021-11-28,ZA,75,Omicron BA.2,Community,1.013962804511022,2021-11-08,20,Changing diagnostics,Changing sequencing,100%,200%,fig_3b,2,15,1.1848
2021-11-28,ZA,75,Omicron BA.2,Community,1.0139628045110218,2021-11-08,20,Changing diagnostics,Changing sequencing,150%,200%,fig_3b,2,15,1.1848
2021-11-28,ZA,75,Omicron BA.2,Community,1.013962804511022,2021-11-08,20,Changing diagnostics,Changing sequencing,200%,200%,fig_3b,2,15,1.1848
2021-11-22,ZA,76,Omicron BA.2,Community,1.4940705295993109,2021-11-08,14,Changing diagnostics,Changing sequencing,50%,200%,fig_3b,2,15,1.1848
2021-11-22,ZA,76,Omicron BA.2,Community,1.4940705295993109,2021-11-08,14,Changing diagnostics,Changing sequencing,100%,200%,fig_3b,2,15,1.1848
2021-11-22,ZA,76,Omicron BA.2,Community,1.4940705295993109,2021-11-08,14,Changing diagnostics,Changing sequencing,150%,200%,fig_3b,2,15,1.1848
2021-11-22,ZA,76,Omicron BA.2,Community,1.4940705295993109,2021-11-08,14,Changing diagnostics,Changing sequencing,200%,200%,fig_3b,2,15,1.1848
2021-11-25,ZA,77,Omicron BA.2,Community,1.1633771086043494,2021-11-08,17,Changing diagnostics,Changing sequencing,50%,200%,fig_3b,2,15,1.1848
2021-11-25,ZA,77,Omicron BA.2,Community,1.1633771086043494,2021-11-08,17,Changing diagnostics,Changing sequencing,100%,200%,fig_3b,2,15,1.1848
2021-11-25,ZA,77,Omicron BA.2,Community,1.163377108604349,2021-11-08,17,Changing diagnostics,Changing sequencing,150%,200%,fig_3b,2,15,1.1848
2021-11-25,ZA,77,Omicron BA.2,Community,1.1633771086043494,2021-11-08,17,Changing diagnostics,Changing sequencing,200%,200%,fig_3b,2,15,1.1848
2021-11-23,ZA,78,Omicron BA.2,Community,1.2022810630477505,2021-11-08,15,Changing diagnostics,Changing sequencing,50%,200%,fig_3b,2,15,1.1848
2021-11-23,ZA,78,Omicron BA.2,Community,1.2022810630477505,2021-11-08,15,Changing diagnostics,Changing sequencing,100%,200%,fig_3b,2,15,1.1848
2021-11-23,ZA,78,Omicron BA.2,Community,1.2022810630477503,2021-11-08,15,Changing diagnostics,Changing sequencing,150%,200%,fig_3b,2,15,1.1848
2021-11-23,ZA,78,Omicron BA.2,Community,1.2022810630477505,2021-11-08,15,Changing diagnostics,Changing sequencing,200%,200%,fig_3b,2,15,1.1848
2021-11-25,ZA,79,Omicron BA.2,Community,1.0443380117555754,2021-11-08,17,Changing diagnostics,Changing sequencing,50%,200%,fig_3b,2,15,1.1848
2021-11-25,ZA,79,Omicron BA.2,Community,1.0443380117555754,2021-11-08,17,Changing diagnostics,Changing sequencing,100%,200%,fig_3b,2,15,1.1848
2021-11-25,ZA,79,Omicron BA.2,Community,1.0443380117555756,2021-11-08,17,Changing diagnostics,Changing sequencing,150%,200%,fig_3b,2,15,1.1848
2021-11-25,ZA,79,Omicron BA.2,Community,1.0443380117555754,2021-11-08,17,Changing diagnostics,Changing sequencing,200%,200%,fig_3b,2,15,1.1848
2021-11-27,ZA,8,Omicron BA.2,Community,1.1946696121794471,2021-11-08,19,Changing diagnostics,Changing sequencing,50%,200%,fig_3b,2,15,1.1848
2021-11-27,ZA,8,Omicron BA.2,Community,1.1946696121794471,2021-11-08,19,Changing diagnostics,Changing sequencing,100%,200%,fig_3b,2,15,1.1848
2021-11-27,ZA,8,Omicron BA.2,Community,1.1946696121794473,2021-11-08,19,Changing diagnostics,Changing sequencing,150%,200%,fig_3b,2,15,1.1848
2021-11-27,ZA,8,Omicron BA.2,Community,1.1946696121794471,2021-11-08,19,Changing diagnostics,Changing sequencing,200%,200%,fig_3b,2,15,1.1848
2021-11-25,ZA,80,Omicron BA.2,Community,1.3257571235077885,2021-11-08,17,Changing diagnostics,Changing sequencing,50%,200%,fig_3b,2,15,1.1848
2021-11-25,ZA,80,Omicron BA.2,Community,1.3257571235077885,2021-11-08,17,Changing diagnostics,Changing sequencing,100%,200%,fig_3b,2,15,1.1848
2021-11-25,ZA,80,Omicron BA.2,Community,1.325757123507789,2021-11-08,17,Changing diagnostics,Changing sequencing,150%,200%,fig_3b,2,15,1.1848
2021-11-25,ZA,80,Omicron BA.2,Community,1.3257571235077885,2021-11-08,17,Changing diagnostics,Changing sequencing,200%,200%,fig_3b,2,15,1.1848
2021-11-26,ZA,81,Omicron BA.2,Community,1.3884582634276699,2021-11-08,18,Changing diagnostics,Changing sequencing,50%,200%,fig_3b,2,15,1.1848
2021-11-26,ZA,81,Omicron BA.2,Community,1.3884582634276699,2021-11-08,18,Changing diagnostics,Changing sequencing,100%,200%,fig_3b,2,15,1.1848
2021-11-26,ZA,81,Omicron BA.2,Community,1.3884582634276699,2021-11-08,18,Changing diagnostics,Changing sequencing,150%,200%,fig_3b,2,15,1.1848
2021-11-26,ZA,81,Omicron BA.2,Community,1.3884582634276699,2021-11-08,18,Changing diagnostics,Changing sequencing,200%,200%,fig_3b,2,15,1.1848
2021-11-25,ZA,82,Omicron BA.2,Community,1.254511778760393,2021-11-08,17,Changing diagnostics,Changing sequencing,50%,200%,fig_3b,2,15,1.1848
2021-11-25,ZA,82,Omicron BA.2,Community,1.254511778760393,2021-11-08,17,Changing diagnostics,Changing sequencing,100%,200%,fig_3b,2,15,1.1848
2021-11-25,ZA,82,Omicron BA.2,Community,1.254511778760393,2021-11-08,17,Changing diagnostics,Changing sequencing,150%,200%,fig_3b,2,15,1.1848
2021-11-25,ZA,82,Omicron BA.2,Community,1.254511778760393,2021-11-08,17,Changing diagnostics,Changing sequencing,200%,200%,fig_3b,2,15,1.1848
2021-11-20,ZA,83,Omicron BA.2,Community,1.2326078732046202,2021-11-08,12,Changing diagnostics,Changing sequencing,50%,200%,fig_3b,2,15,1.1848
2021-11-20,ZA,83,Omicron BA.2,Community,1.2326078732046202,2021-11-08,12,Changing diagnostics,Changing sequencing,100%,200%,fig_3b,2,15,1.1848
2021-11-20,ZA,83,Omicron BA.2,Community,1.2326078732046202,2021-11-08,12,Changing diagnostics,Changing sequencing,150%,200%,fig_3b,2,15,1.1848
2021-11-20,ZA,83,Omicron BA.2,Community,1.2326078732046202,2021-11-08,12,Changing diagnostics,Changing sequencing,200%,200%,fig_3b,2,15,1.1848
2021-11-28,ZA,84,Omicron BA.2,Community,1.1234100470437178,2021-11-08,20,Changing diagnostics,Changing sequencing,50%,200%,fig_3b,2,15,1.1848
2021-11-28,ZA,84,Omicron BA.2,Community,1.1234100470437178,2021-11-08,20,Changing diagnostics,Changing sequencing,100%,200%,fig_3b,2,15,1.1848
2021-11-28,ZA,84,Omicron BA.2,Community,1.1234100470437176,2021-11-08,20,Changing diagnostics,Changing sequencing,150%,200%,fig_3b,2,15,1.1848
2021-11-28,ZA,84,Omicron BA.2,Community,1.1234100470437178,2021-11-08,20,Changing diagnostics,Changing sequencing,200%,200%,fig_3b,2,15,1.1848
2021-11-25,ZA,85,Omicron BA.2,Community,1.1143959340905147,2021-11-08,17,Changing diagnostics,Changing sequencing,50%,200%,fig_3b,2,15,1.1848
2021-11-25,ZA,85,Omicron BA.2,Community,1.1143959340905147,2021-11-08,17,Changing diagnostics,Changing sequencing,100%,200%,fig_3b,2,15,1.1848
2021-11-25,ZA,85,Omicron BA.2,Community,1.1143959340905145,2021-11-08,17,Changing diagnostics,Changing sequencing,150%,200%,fig_3b,2,15,1.1848
2021-11-25,ZA,85,Omicron BA.2,Community,1.1143959340905147,2021-11-08,17,Changing diagnostics,Changing sequencing,200%,200%,fig_3b,2,15,1.1848
2021-11-23,ZA,86,Omicron BA.2,Community,1.0451498399679073,2021-11-08,15,Changing diagnostics,Changing sequencing,50%,200%,fig_3b,2,15,1.1848
2021-11-23,ZA,86,Omicron BA.2,Community,1.0451498399679073,2021-11-08,15,Changing diagnostics,Changing sequencing,100%,200%,fig_3b,2,15,1.1848
2021-11-23,ZA,86,Omicron BA.2,Community,1.0451498399679073,2021-11-08,15,Changing diagnostics,Changing sequencing,150%,200%,fig_3b,2,15,1.1848
2021-11-23,ZA,86,Omicron BA.2,Community,1.0451498399679073,2021-11-08,15,Changing diagnostics,Changing sequencing,200%,200%,fig_3b,2,15,1.1848
2021-11-22,ZA,87,Omicron BA.2,Community,1.11571237291926,2021-11-08,14,Changing diagnostics,Changing sequencing,50%,200%,fig_3b,2,15,1.1848
2021-11-22,ZA,87,Omicron BA.2,Community,1.11571237291926,2021-11-08,14,Changing diagnostics,Changing sequencing,100%,200%,fig_3b,2,15,1.1848
2021-11-22,ZA,87,Omicron BA.2,Community,1.1157123729192602,2021-11-08,14,Changing diagnostics,Changing sequencing,150%,200%,fig_3b,2,15,1.1848
2021-11-22,ZA,87,Omicron BA.2,Community,1.11571237291926,2021-11-08,14,Changing diagnostics,Changing sequencing,200%,200%,fig_3b,2,15,1.1848
2021-11-21,ZA,88,Omicron BA.2,Community,1.050650333772811,2021-11-08,13,Changing diagnostics,Changing sequencing,50%,200%,fig_3b,2,15,1.1848
2021-11-21,ZA,88,Omicron BA.2,Community,1.050650333772811,2021-11-08,13,Changing diagnostics,Changing sequencing,100%,200%,fig_3b,2,15,1.1848
2021-11-21,ZA,88,Omicron BA.2,Community,1.050650333772811,2021-11-08,13,Changing diagnostics,Changing sequencing,150%,200%,fig_3b,2,15,1.1848
2021-11-21,ZA,88,Omicron BA.2,Community,1.050650333772811,2021-11-08,13,Changing diagnostics,Changing sequencing,200%,200%,fig_3b,2,15,1.1848
2021-11-22,ZA,89,Omicron BA.2,Community,1.7774405156980373,2021-11-08,14,Changing diagnostics,Changing sequencing,50%,200%,fig_3b,2,15,1.1848
2021-11-22,ZA,89,Omicron BA.2,Community,1.7774405156980373,2021-11-08,14,Changing diagnostics,Changing sequencing,100%,200%,fig_3b,2,15,1.1848
2021-11-22,ZA,89,Omicron BA.2,Community,1.777440515698037,2021-11-08,14,Changing diagnostics,Changing sequencing,150%,200%,fig_3b,2,15,1.1848
2021-11-22,ZA,89,Omicron BA.2,Community,1.7774405156980373,2021-11-08,14,Changing diagnostics,Changing sequencing,200%,200%,fig_3b,2,15,1.1848
2021-11-25,ZA,9,Omicron BA.2,Community,1.1360663931178474,2021-11-08,17,Changing diagnostics,Changing sequencing,50%,200%,fig_3b,2,15,1.1848
2021-11-25,ZA,9,Omicron BA.2,Community,1.1360663931178474,2021-11-08,17,Changing diagnostics,Changing sequencing,100%,200%,fig_3b,2,15,1.1848
2021-11-25,ZA,9,Omicron BA.2,Community,1.1360663931178476,2021-11-08,17,Changing diagnostics,Changing sequencing,150%,200%,fig_3b,2,15,1.1848
2021-11-25,ZA,9,Omicron BA.2,Community,1.1360663931178474,2021-11-08,17,Changing diagnostics,Changing sequencing,200%,200%,fig_3b,2,15,1.1848
2021-11-23,ZA,90,Omicron BA.2,Community,1.5990553386785875,2021-11-08,15,Changing diagnostics,Changing sequencing,50%,200%,fig_3b,2,15,1.1848
2021-11-23,ZA,90,Omicron BA.2,Community,1.5990553386785875,2021-11-08,15,Changing diagnostics,Changing sequencing,100%,200%,fig_3b,2,15,1.1848
2021-11-23,ZA,90,Omicron BA.2,Community,1.5990553386785877,2021-11-08,15,Changing diagnostics,Changing sequencing,150%,200%,fig_3b,2,15,1.1848
2021-11-23,ZA,90,Omicron BA.2,Community,1.5990553386785875,2021-11-08,15,Changing diagnostics,Changing sequencing,200%,200%,fig_3b,2,15,1.1848
2021-11-27,ZA,91,Omicron BA.2,Community,1.2074787931534943,2021-11-08,19,Changing diagnostics,Changing sequencing,50%,200%,fig_3b,2,15,1.1848
2021-11-27,ZA,91,Omicron BA.2,Community,1.2074787931534943,2021-11-08,19,Changing diagnostics,Changing sequencing,100%,200%,fig_3b,2,15,1.1848
2021-11-27,ZA,91,Omicron BA.2,Community,1.2074787931534943,2021-11-08,19,Changing diagnostics,Changing sequencing,150%,200%,fig_3b,2,15,1.1848
2021-11-27,ZA,91,Omicron BA.2,Community,1.2074787931534943,2021-11-08,19,Changing diagnostics,Changing sequencing,200%,200%,fig_3b,2,15,1.1848
2021-11-20,ZA,92,Omicron BA.2,Community,1.0448670548017407,2021-11-08,12,Changing diagnostics,Changing sequencing,50%,200%,fig_3b,2,15,1.1848
2021-11-20,ZA,92,Omicron BA.2,Community,1.0448670548017407,2021-11-08,12,Changing diagnostics,Changing sequencing,100%,200%,fig_3b,2,15,1.1848
2021-11-20,ZA,92,Omicron BA.2,Community,1.0448670548017407,2021-11-08,12,Changing diagnostics,Changing sequencing,150%,200%,fig_3b,2,15,1.1848
2021-11-20,ZA,92,Omicron BA.2,Community,1.0448670548017407,2021-11-08,12,Changing diagnostics,Changing sequencing,200%,200%,fig_3b,2,15,1.1848
2021-11-25,ZA,93,Omicron BA.2,Community,1.3055709424960267,2021-11-08,17,Changing diagnostics,Changing sequencing,50%,200%,fig_3b,2,15,1.1848
2021-11-25,ZA,93,Omicron BA.2,Community,1.3055709424960267,2021-11-08,17,Changing diagnostics,Changing sequencing,100%,200%,fig_3b,2,15,1.1848
2021-11-25,ZA,93,Omicron BA.2,Community,1.3055709424960267,2021-11-08,17,Changing diagnostics,Changing sequencing,150%,200%,fig_3b,2,15,1.1848
2021-11-25,ZA,93,Omicron BA.2,Community,1.3055709424960267,2021-11-08,17,Changing diagnostics,Changing sequencing,200%,200%,fig_3b,2,15,1.1848
2021-11-22,ZA,94,Omicron BA.2,Community,1.2751649374442664,2021-11-08,14,Changing diagnostics,Changing sequencing,50%,200%,fig_3b,2,15,1.1848
2021-11-22,ZA,94,Omicron BA.2,Community,1.2751649374442664,2021-11-08,14,Changing diagnostics,Changing sequencing,100%,200%,fig_3b,2,15,1.1848
2021-11-22,ZA,94,Omicron BA.2,Community,1.2751649374442662,2021-11-08,14,Changing diagnostics,Changing sequencing,150%,200%,fig_3b,2,15,1.1848
2021-11-22,ZA,94,Omicron BA.2,Community,1.2751649374442664,2021-11-08,14,Changing diagnostics,Changing sequencing,200%,200%,fig_3b,2,15,1.1848
2021-11-23,ZA,95,Omicron BA.2,Community,1.2596805965928985,2021-11-08,15,Changing diagnostics,Changing sequencing,50%,200%,fig_3b,2,15,1.1848
2021-11-23,ZA,95,Omicron BA.2,Community,1.2596805965928985,2021-11-08,15,Changing diagnostics,Changing sequencing,100%,200%,fig_3b,2,15,1.1848
2021-11-23,ZA,95,Omicron BA.2,Community,1.2596805965928985,2021-11-08,15,Changing diagnostics,Changing sequencing,150%,200%,fig_3b,2,15,1.1848
2021-11-23,ZA,95,Omicron BA.2,Community,1.2596805965928985,2021-11-08,15,Changing diagnostics,Changing sequencing,200%,200%,fig_3b,2,15,1.1848
2021-11-25,ZA,96,Omicron BA.2,Community,1.5863963430420112,2021-11-08,17,Changing diagnostics,Changing sequencing,50%,200%,fig_3b,2,15,1.1848
2021-11-25,ZA,96,Omicron BA.2,Community,1.5863963430420112,2021-11-08,17,Changing diagnostics,Changing sequencing,100%,200%,fig_3b,2,15,1.1848
2021-11-25,ZA,96,Omicron BA.2,Community,1.5863963430420112,2021-11-08,17,Changing diagnostics,Changing sequencing,150%,200%,fig_3b,2,15,1.1848
2021-11-25,ZA,96,Omicron BA.2,Community,1.5863963430420112,2021-11-08,17,Changing diagnostics,Changing sequencing,200%,200%,fig_3b,2,15,1.1848
2021-11-22,ZA,97,Omicron BA.2,Community,1.5022709472034543,2021-11-08,14,Changing diagnostics,Changing sequencing,50%,200%,fig_3b,2,15,1.1848
2021-11-22,ZA,97,Omicron BA.2,Community,1.5022709472034543,2021-11-08,14,Changing diagnostics,Changing sequencing,100%,200%,fig_3b,2,15,1.1848
2021-11-22,ZA,97,Omicron BA.2,Community,1.5022709472034543,2021-11-08,14,Changing diagnostics,Changing sequencing,150%,200%,fig_3b,2,15,1.1848
2021-11-22,ZA,97,Omicron BA.2,Community,1.5022709472034543,2021-11-08,14,Changing diagnostics,Changing sequencing,200%,200%,fig_3b,2,15,1.1848
2021-11-23,ZA,98,Omicron BA.2,Community,1.2192617583881904,2021-11-08,15,Changing diagnostics,Changing sequencing,50%,200%,fig_3b,2,15,1.1848
2021-11-23,ZA,98,Omicron BA.2,Community,1.2192617583881904,2021-11-08,15,Changing diagnostics,Changing sequencing,100%,200%,fig_3b,2,15,1.1848
2021-11-23,ZA,98,Omicron BA.2,Community,1.2192617583881902,2021-11-08,15,Changing diagnostics,Changing sequencing,150%,200%,fig_3b,2,15,1.1848
2021-11-23,ZA,98,Omicron BA.2,Community,1.2192617583881904,2021-11-08,15,Changing diagnostics,Changing sequencing,200%,200%,fig_3b,2,15,1.1848
2021-11-23,ZA,99,Omicron BA.2,Community,1.7590565384356882,2021-11-08,15,Changing diagnostics,Changing sequencing,50%,200%,fig_3b,2,15,1.1848
2021-11-23,ZA,99,Omicron BA.2,Community,1.7590565384356882,2021-11-08,15,Changing diagnostics,Changing sequencing,100%,200%,fig_3b,2,15,1.1848
2021-11-23,ZA,99,Omicron BA.2,Community,1.7590565384356884,2021-11-08,15,Changing diagnostics,Changing sequencing,150%,200%,fig_3b,2,15,1.1848
2021-11-23,ZA,99,Omicron BA.2,Community,1.7590565384356882,2021-11-08,15,Changing diagnostics,Changing sequencing,200%,200%,fig_3b,2,15,1.1848
